{"aucroc": 0.5156841783173857, "aucpr": 0.0368159811038639, "dataset": "01_ALOI", "method": "soft", "test_ratio": 0.030333333333333334, "train_ratio": 0.030333333333333334, "labeled_anomalies": 1.0, "loe_loss": [53.03660202026367, 39.633544921875, 40.32211685180664, 38.50649642944336, 40.50242614746094, 40.34059524536133, 39.20392990112305, 40.54642868041992, 42.77847671508789, 32.286537170410156, 41.57612228393555, 41.728065490722656, 40.356597900390625, 37.20634841918945, 42.98271560668945, 38.324851989746094, 39.44923400878906, 40.558631896972656, 37.64847183227539, 39.25834655761719, 37.081199645996094, 38.14812088012695, 37.760704040527344, 35.30617141723633, 29.7880916595459, 35.788299560546875, 36.607460021972656, 39.19816207885742, 37.82741165161133, 38.23081588745117, 38.56043243408203, 38.93662643432617, 34.92458724975586, 36.551246643066406, 36.203147888183594, 36.96547317504883, 31.20499610900879, 37.290802001953125, 37.00438690185547, 34.57417297363281, 38.42692184448242, 33.65616989135742, 35.296531677246094, 36.87148666381836, 37.858665466308594, 36.91875076293945, 25.322134017944336, 35.89231491088867, 39.06563186645508, 35.45410919189453, 35.03408432006836, 33.881553649902344, 37.96323013305664, 35.03753662109375, 37.499881744384766, 36.491058349609375, 35.132850646972656, 32.19707107543945, 34.47857666015625, 34.843406677246094, 35.38966369628906, 36.485198974609375, 35.1888542175293, 38.137447357177734, 33.361507415771484, 34.01542282104492, 36.67185974121094, 36.01493453979492, 34.92900848388672, 32.82339096069336, 38.1999626159668, 33.35476303100586, 33.230098724365234, 32.938987731933594, 33.71613693237305, 37.500877380371094, 36.472774505615234, 32.89748001098633, 36.4014778137207, 37.310585021972656, 32.70388412475586, 32.946861267089844, 33.433963775634766, 32.348690032958984, 34.49139404296875, 34.86543655395508, 33.53123092651367, 35.001468658447266, 36.52342224121094, 34.217552185058594, 34.128238677978516, 34.58146667480469, 34.888526916503906, 32.226375579833984, 33.63386154174805, 31.80246925354004, 36.134159088134766, 34.156089782714844, 31.509889602661133, 32.45744705200195, 37.55019760131836, 32.6819953918457, 33.182762145996094, 38.810272216796875, 24.419212341308594, 34.17060089111328, 32.96793746948242, 31.769773483276367, 35.0587043762207, 33.892982482910156, 32.44795608520508, 31.13943862915039, 30.272207260131836, 33.815433502197266, 34.50851821899414, 32.12928771972656, 34.55161666870117, 31.772205352783203, 33.677371978759766, 30.605052947998047]}