{"aucroc": 0.5115579161299341, "aucpr": 0.03667682692615376, "dataset": "01_ALOI", "method": "refine", "test_ratio": 0.030333333333333334, "train_ratio": 0.007583333333333333, "labeled_anomalies": 0.25, "loe_loss": [61.764163970947266, 52.03232192993164, 57.18171691894531, 48.98665237426758, 50.54670333862305, 46.15715408325195, 42.90492630004883, 42.73749542236328, 53.6386604309082, 41.83567810058594, 50.59296798706055, 59.96324157714844, 52.70600891113281, 45.211570739746094, 40.86713790893555, 41.71467208862305, 42.423587799072266, 43.41347122192383, 42.3110466003418, 40.89379119873047, 39.654273986816406, 40.19730758666992, 43.009952545166016, 44.12593078613281, 46.65656661987305, 45.58824157714844, 45.41166687011719, 40.15352249145508, 51.26944351196289, 39.8426513671875, 43.222755432128906, 40.93838882446289, 44.09379196166992, 42.30491638183594, 42.811424255371094, 41.15467834472656, 38.35810470581055, 41.371761322021484, 44.52766418457031, 47.99504852294922, 42.24755859375, 41.73504638671875, 38.83322525024414, 40.01179885864258, 39.610206604003906, 40.43773651123047, 38.954830169677734, 43.305419921875, 40.1938591003418, 40.53566360473633, 41.978919982910156, 41.04330062866211, 44.365543365478516, 42.466087341308594, 37.24584197998047, 39.78567886352539, 38.5101318359375, 44.228065490722656, 43.17399215698242, 40.32737350463867, 40.96463394165039, 35.5340461730957, 36.676761627197266, 38.23360824584961, 44.19415283203125, 46.61150360107422, 36.25303649902344, 37.828590393066406, 43.43722152709961, 38.58510208129883, 39.843841552734375, 47.33963394165039, 39.11429977416992, 36.054561614990234, 39.84877395629883, 42.317684173583984, 41.94522476196289, 42.64219665527344, 38.06959915161133, 37.97826385498047, 35.439273834228516, 37.46697235107422, 43.757286071777344, 38.114288330078125, 37.697669982910156, 38.811798095703125, 39.11627197265625, 46.860389709472656, 34.856712341308594, 38.25220489501953, 36.65769577026367, 40.32522964477539, 40.911949157714844, 37.35597610473633, 37.88715744018555, 41.605438232421875, 43.81001281738281, 46.52515411376953, 41.06878662109375, 37.6750373840332, 43.060604095458984, 35.429039001464844, 36.91606521606445, 37.49625015258789, 38.94538497924805, 34.98850631713867, 36.84642791748047, 34.167816162109375, 41.674312591552734, 37.54236602783203, 36.31879425048828, 37.49351119995117, 39.27183532714844, 38.433868408203125, 35.10728073120117, 36.774723052978516, 40.621707916259766, 34.24135208129883, 34.56898880004883, 40.23175811767578]}