{"aucroc": 0.5114933193310642, "aucpr": 0.03667690196688256, "dataset": "01_ALOI", "method": "refine", "test_ratio": 0.030333333333333334, "train_ratio": 0.015166666666666667, "labeled_anomalies": 0.5, "loe_loss": [58.825382232666016, 49.67869567871094, 52.45142364501953, 47.73823928833008, 49.09294891357422, 44.589019775390625, 41.71842956542969, 40.780487060546875, 50.887332916259766, 40.933475494384766, 48.1689338684082, 53.21569061279297, 49.75727844238281, 43.56894302368164, 39.996315002441406, 40.17453384399414, 40.64966583251953, 41.46189498901367, 39.6889533996582, 39.19746780395508, 38.8651123046875, 39.32380676269531, 41.814510345458984, 42.12705993652344, 44.89325714111328, 42.727569580078125, 42.98619842529297, 38.789615631103516, 48.04130554199219, 38.84423065185547, 41.665977478027344, 39.099918365478516, 41.80454635620117, 40.71670913696289, 41.02632522583008, 39.22108840942383, 37.31178665161133, 39.66628646850586, 41.951316833496094, 45.77998352050781, 40.18447494506836, 40.349082946777344, 37.28411102294922, 38.372432708740234, 38.73649215698242, 38.79291534423828, 38.04731369018555, 41.10228729248047, 38.65379333496094, 39.406124114990234, 40.06132888793945, 39.72987747192383, 41.650753021240234, 40.044219970703125, 36.47847366333008, 38.73232650756836, 37.330421447753906, 42.025306701660156, 41.36443328857422, 38.88027572631836, 38.926631927490234, 34.65220642089844, 35.69740676879883, 37.1879768371582, 42.782691955566406, 44.757667541503906, 35.39018249511719, 37.10063934326172, 40.24376678466797, 37.52564239501953, 38.83849334716797, 45.340232849121094, 37.322471618652344, 35.14347839355469, 38.15434265136719, 38.95730209350586, 39.87776565551758, 38.79221725463867, 36.97834396362305, 36.44264221191406, 34.692604064941406, 36.238216400146484, 41.782405853271484, 36.69224166870117, 36.315765380859375, 37.39434051513672, 37.569007873535156, 41.700904846191406, 33.71705627441406, 34.63542556762695, 35.57769775390625, 39.04989242553711, 38.10978317260742, 36.3909797668457, 36.206485748291016, 39.93095397949219, 38.14988708496094, 43.438026428222656, 39.79996109008789, 36.101070404052734, 40.228763580322266, 34.6650390625, 35.52820587158203, 36.06380081176758, 37.76190185546875, 33.63777160644531, 35.783912658691406, 33.14893341064453, 40.099822998046875, 36.33285140991211, 34.81572341918945, 35.68584442138672, 37.59574890136719, 34.75487518310547, 33.57006072998047, 35.442405700683594, 37.9763069152832, 32.58632278442383, 33.48277282714844, 38.2722053527832]}