{"aucroc": 0.5102217823427861, "aucpr": 0.036584132410523065, "dataset": "01_ALOI", "method": "refine", "test_ratio": 0.030333333333333334, "train_ratio": 0.030333333333333334, "labeled_anomalies": 1.0, "loe_loss": [56.66328811645508, 46.50157928466797, 47.84743881225586, 45.732967376708984, 46.75074005126953, 42.27768325805664, 39.68252182006836, 38.911155700683594, 46.73078918457031, 39.41575622558594, 44.22072219848633, 47.113929748535156, 44.93128967285156, 41.376136779785156, 38.38755798339844, 38.45075225830078, 37.556060791015625, 38.56723403930664, 37.70539474487305, 37.668392181396484, 37.368995666503906, 38.22838592529297, 39.81159210205078, 39.39905548095703, 41.943843841552734, 40.731876373291016, 39.27986145019531, 37.042083740234375, 42.941837310791016, 36.96892547607422, 39.27216339111328, 36.827369689941406, 39.83631896972656, 38.18174743652344, 38.716670989990234, 37.78131103515625, 35.970359802246094, 37.3836784362793, 38.41555404663086, 43.238616943359375, 38.24007034301758, 38.35842514038086, 35.797603607177734, 36.56890869140625, 37.15089797973633, 37.08871078491211, 36.54075622558594, 38.412391662597656, 36.616607666015625, 37.40484619140625, 37.29995346069336, 37.46487808227539, 37.54859924316406, 36.69352722167969, 35.0733757019043, 36.93278503417969, 35.287254333496094, 39.2523078918457, 38.59288024902344, 36.7360725402832, 35.6802978515625, 33.21672439575195, 34.22151565551758, 35.50688934326172, 40.30262756347656, 41.29039764404297, 33.797119140625, 35.6539306640625, 37.87542724609375, 35.75215148925781, 36.88545608520508, 41.84566879272461, 35.26263427734375, 33.56724548339844, 35.94633102416992, 36.132347106933594, 36.96709442138672, 35.37458801269531, 34.99142837524414, 34.67741775512695, 33.42997741699219, 34.3982048034668, 38.94188690185547, 34.53301239013672, 34.207763671875, 35.431732177734375, 35.09661865234375, 37.926048278808594, 32.54425048828125, 32.63027572631836, 33.96744155883789, 36.96864318847656, 34.79859161376953, 34.64278030395508, 33.76305389404297, 36.99008560180664, 34.27895736694336, 40.13699722290039, 37.405235290527344, 34.39097595214844, 36.35279846191406, 33.4528923034668, 33.59278106689453, 34.13504409790039, 35.79827117919922, 31.909021377563477, 34.18782424926758, 31.497379302978516, 37.119468688964844, 34.22386932373047, 33.04999923706055, 33.12303161621094, 35.31486511230469, 32.26206588745117, 31.2047176361084, 33.664676666259766, 34.04024124145508, 30.753129959106445, 31.686079025268555, 35.73592758178711]}