{"aucroc": 0.5105383444331537, "aucpr": 0.03659184107793184, "dataset": "01_ALOI", "method": "refine", "test_ratio": 0.030333333333333334, "train_ratio": 0.02275, "labeled_anomalies": 0.75, "loe_loss": [57.65913772583008, 47.97539520263672, 49.885986328125, 46.679195404052734, 47.72637176513672, 43.249244689941406, 40.620521545410156, 39.718017578125, 48.75708770751953, 40.160945892333984, 46.000083923339844, 49.35161590576172, 46.89839553833008, 42.4211540222168, 39.18501281738281, 39.18159866333008, 38.887447357177734, 39.9938850402832, 38.60005187988281, 38.38506317138672, 38.08211135864258, 38.760963439941406, 40.802757263183594, 40.42242431640625, 43.21714782714844, 41.68833923339844, 40.6534423828125, 37.829124450683594, 45.239219665527344, 37.90581512451172, 40.32486343383789, 37.87749481201172, 40.755367279052734, 39.40943908691406, 39.86833572387695, 38.43885803222656, 36.5711669921875, 38.41796875, 39.88602066040039, 44.33182144165039, 39.13664627075195, 39.312950134277344, 36.50340270996094, 37.2203483581543, 37.92548370361328, 37.8497200012207, 37.241058349609375, 39.75791931152344, 37.54085922241211, 38.33362579345703, 38.599220275878906, 38.557098388671875, 38.94087600708008, 38.20250701904297, 35.76646041870117, 37.72522735595703, 36.16776657104492, 40.466304779052734, 39.81427764892578, 37.73090362548828, 37.05705261230469, 33.92802047729492, 34.940834045410156, 36.266841888427734, 41.54737091064453, 42.991859436035156, 34.58477783203125, 36.37531280517578, 38.83259963989258, 36.54609680175781, 37.82316207885742, 43.52109146118164, 35.95213317871094, 34.35501480102539, 36.81155014038086, 37.14849853515625, 38.37554931640625, 36.8956413269043, 35.990455627441406, 35.55117416381836, 34.04778289794922, 35.31955337524414, 40.242156982421875, 35.231834411621094, 35.12705612182617, 36.34669494628906, 36.014427185058594, 39.778778076171875, 33.12161636352539, 33.50120162963867, 34.64897155761719, 37.88084030151367, 36.29424285888672, 35.4448356628418, 34.552921295166016, 38.31875991821289, 35.89009094238281, 41.763614654541016, 38.57225036621094, 35.1467170715332, 37.896976470947266, 34.02604675292969, 34.373321533203125, 35.05593490600586, 36.69310760498047, 32.732627868652344, 34.97087478637695, 32.187923431396484, 38.634056091308594, 35.1463623046875, 33.878631591796875, 33.978675842285156, 36.426944732666016, 33.232208251953125, 32.16917037963867, 34.44297790527344, 35.569400787353516, 31.606813430786133, 32.576812744140625, 36.85273742675781]}