{"aucroc": 0.5181010807686641, "aucpr": 0.03693848326606851, "dataset": "01_ALOI", "method": "soft", "test_ratio": 0.030333333333333334, "train_ratio": 0.007583333333333333, "labeled_anomalies": 0.25, "loe_loss": [62.00555419921875, 58.67707824707031, 44.78965759277344, 49.11594772338867, 46.84245300292969, 46.237510681152344, 44.99344253540039, 45.621315002441406, 52.678958892822266, 43.5941276550293, 50.442626953125, 49.023826599121094, 51.443267822265625, 42.480010986328125, 50.724464416503906, 42.14224624633789, 43.119449615478516, 46.700531005859375, 43.529762268066406, 45.34199905395508, 41.4740104675293, 42.423824310302734, 45.19027328491211, 41.274208068847656, 51.976051330566406, 39.22262191772461, 42.366188049316406, 47.04865646362305, 42.050811767578125, 42.18754959106445, 50.68069076538086, 47.08723831176758, 41.06853103637695, 52.65814208984375, 40.74358367919922, 50.90354537963867, 42.44036865234375, 40.374908447265625, 42.08504867553711, 42.540584564208984, 42.35673141479492, 43.88748550415039, 38.38414764404297, 41.58751678466797, 42.76121139526367, 41.86082077026367, 39.987266540527344, 42.97309875488281, 46.28868103027344, 48.200706481933594, 39.83405685424805, 40.19470977783203, 42.925968170166016, 42.72812271118164, 41.29118728637695, 43.01191711425781, 39.25632858276367, 38.04159927368164, 39.26416015625, 38.07045364379883, 43.44336700439453, 41.7803955078125, 41.58208465576172, 44.63621520996094, 42.75602722167969, 37.72216033935547, 41.66920852661133, 40.36980056762695, 38.68280029296875, 37.33971405029297, 43.493980407714844, 36.94340896606445, 38.81120681762695, 35.664031982421875, 39.89893341064453, 51.475807189941406, 42.75834655761719, 37.85386657714844, 42.53125, 43.23771667480469, 36.73491668701172, 38.82678985595703, 39.47128677368164, 35.23157501220703, 40.321475982666016, 39.06605529785156, 40.74355697631836, 39.54489517211914, 42.38993835449219, 38.229530334472656, 42.566993713378906, 39.78761672973633, 41.111549377441406, 38.681941986083984, 40.16139602661133, 36.2665901184082, 40.284263610839844, 41.69355010986328, 35.76716613769531, 37.592166900634766, 47.35002899169922, 40.38158416748047, 38.390892028808594, 46.034976959228516, 38.77085494995117, 39.89744567871094, 38.4074821472168, 38.530643463134766, 38.98274612426758, 40.68077087402344, 37.24888610839844, 36.31410217285156, 34.75327682495117, 38.8289794921875, 39.225791931152344, 36.56922912597656, 39.223472595214844, 42.42356872558594, 39.73924255371094, 35.21385192871094]}