{"aucroc": 0.5170660209505173, "aucpr": 0.03687725090799556, "dataset": "01_ALOI", "method": "soft", "test_ratio": 0.030333333333333334, "train_ratio": 0.015166666666666667, "labeled_anomalies": 0.5, "loe_loss": [57.960662841796875, 44.978050231933594, 42.92417526245117, 42.60695266723633, 43.48448944091797, 43.686161041259766, 42.040428161621094, 43.533294677734375, 48.9271354675293, 34.718475341796875, 46.2301139831543, 46.201351165771484, 46.37514114379883, 39.96485137939453, 47.69738006591797, 40.611934661865234, 41.578285217285156, 44.25404357910156, 40.90329360961914, 42.7998046875, 39.928436279296875, 40.577064514160156, 41.00244903564453, 38.08015823364258, 35.49681091308594, 37.83243179321289, 39.04092788696289, 43.814735412597656, 40.27035903930664, 40.57284164428711, 44.795467376708984, 43.38331604003906, 38.921173095703125, 44.04478454589844, 38.65317153930664, 42.62887954711914, 34.640289306640625, 39.26152038574219, 39.96669387817383, 38.64976119995117, 40.835880279541016, 38.37516784667969, 37.113128662109375, 39.698463439941406, 40.69153594970703, 39.924720764160156, 27.960920333862305, 39.58687210083008, 43.52173614501953, 42.18426513671875, 37.344627380371094, 36.907081604003906, 41.104103088378906, 39.04273986816406, 39.89089584350586, 40.14837646484375, 37.10880661010742, 34.94346618652344, 37.51609802246094, 36.907737731933594, 39.36640548706055, 39.854278564453125, 38.813655853271484, 41.25929260253906, 38.49478530883789, 35.8729248046875, 39.86872100830078, 38.8034553527832, 37.24882888793945, 35.56721496582031, 41.545509338378906, 35.703067779541016, 36.774253845214844, 34.6424674987793, 37.56851577758789, 45.21299362182617, 39.970733642578125, 35.74757766723633, 39.859466552734375, 41.14916229248047, 35.07366943359375, 36.25926208496094, 36.427513122558594, 34.11699295043945, 38.310264587402344, 37.24577331542969, 37.73151397705078, 37.67530059814453, 40.22464370727539, 36.78327560424805, 38.744598388671875, 37.9444580078125, 38.55702209472656, 35.27069854736328, 37.12715530395508, 34.67947769165039, 38.58163070678711, 38.353233337402344, 34.26047897338867, 35.60602569580078, 43.57818603515625, 36.94094467163086, 36.085670471191406, 43.14592361450195, 28.969301223754883, 37.27346420288086, 36.363826751708984, 35.855010986328125, 37.467994689941406, 37.637184143066406, 35.52983474731445, 34.37208557128906, 33.099647521972656, 36.68025207519531, 36.972190856933594, 35.01546096801758, 37.534934997558594, 37.67287063598633, 37.51620864868164, 33.46950149536133]}