{"aucroc": 0.6898975, "aucpr": 0.200631590897222, "dataset": "02_annthyroid", "method": "soft", "test_ratio": 0.07407407407407407, "train_ratio": 0.07407407407407407, "labeled_anomalies": 1.0, "loe_loss": [9.24484920501709, 8.862874031066895, 8.32516860961914, 8.568721771240234, 8.087236404418945, 8.02318000793457, 7.729984760284424, 7.5122504234313965, 7.478971004486084, 7.3234171867370605, 7.285656452178955, 7.050797462463379, 7.140088081359863, 6.898721218109131, 7.233376979827881, 7.164838790893555, 7.192577838897705, 7.14633846282959, 6.084953784942627, 6.9473443031311035, 6.714956760406494, 6.637876510620117, 6.742184162139893, 6.5333333015441895, 6.527111053466797, 6.714206218719482, 6.66011905670166, 6.820687294006348, 6.630959510803223, 6.575182914733887, 6.833625793457031, 6.135531425476074, 6.269306182861328, 6.38554573059082, 6.711869239807129, 6.5376458168029785, 5.788922309875488, 6.573779106140137, 6.393382549285889, 6.556379795074463, 6.431831359863281, 6.089363098144531, 6.289597511291504, 6.352651596069336, 6.611907005310059, 6.613837242126465, 6.361727237701416, 6.271150588989258, 5.582891941070557, 6.3190202713012695, 6.167901515960693, 5.933108329772949, 5.664705753326416, 6.3148722648620605, 6.680447101593018, 5.836487293243408, 6.220470428466797, 6.021965026855469, 6.500829219818115, 5.986547470092773, 6.161046504974365, 6.67055606842041, 6.096286773681641, 6.305861473083496, 6.363701343536377, 5.771769046783447, 6.12155818939209, 6.2157301902771, 6.119308948516846, 6.198716640472412, 6.345812797546387, 5.86466646194458, 5.945411682128906, 6.0272088050842285, 5.765990734100342, 6.210803031921387, 6.354889869689941, 5.794889450073242, 4.768543720245361, 5.932772636413574, 6.058311462402344, 6.433689594268799, 5.475932598114014, 6.078792095184326, 6.0854644775390625, 6.096423625946045, 5.765133380889893, 5.869648456573486, 6.13530158996582, 6.240971565246582, 6.007448196411133, 6.102836608886719, 6.226280212402344, 5.8217315673828125, 5.813716888427734, 5.583297252655029, 5.647665500640869, 5.467687606811523, 6.120799541473389, 6.208069324493408, 5.743396282196045, 5.823792457580566, 6.262833118438721, 6.216838836669922, 6.256896495819092, 6.115610122680664, 6.286779403686523, 6.0059919357299805, 5.146864891052246, 5.536709308624268, 5.770878314971924, 5.08856201171875, 5.648375988006592, 6.071563243865967, 5.719776630401611, 5.24656867980957, 4.909964084625244, 6.037081718444824, 5.707700729370117, 4.9572529792785645]}