{"aucroc": 0.6910312499999999, "aucpr": 0.20185648361379468, "dataset": "02_annthyroid", "method": "soft", "test_ratio": 0.07407407407407407, "train_ratio": 0.05555555555555555, "labeled_anomalies": 0.75, "loe_loss": [9.605339050292969, 9.161239624023438, 8.776005744934082, 8.944031715393066, 8.337794303894043, 8.442896842956543, 8.14829158782959, 7.767236232757568, 7.742620468139648, 7.629389762878418, 7.596153736114502, 7.302311897277832, 7.412689685821533, 7.195353031158447, 7.61505651473999, 7.4586639404296875, 7.50100040435791, 7.478190898895264, 6.3734564781188965, 7.2000226974487305, 6.927297592163086, 6.917026519775391, 7.026604652404785, 6.803806304931641, 6.866260528564453, 6.954371929168701, 6.919657230377197, 7.145424842834473, 6.910940170288086, 6.82603645324707, 7.2402849197387695, 6.3917236328125, 6.505585670471191, 6.703402042388916, 7.007057189941406, 6.836986064910889, 6.196622848510742, 6.869088172912598, 6.6471848487854, 6.903007984161377, 6.7715606689453125, 6.350915431976318, 6.57796049118042, 6.641381740570068, 7.072327613830566, 6.996866226196289, 6.626874923706055, 6.579657077789307, 5.901878833770752, 6.61226749420166, 6.509116172790527, 6.299117088317871, 6.009261131286621, 6.7484822273254395, 7.069716453552246, 6.166772365570068, 6.512938499450684, 6.309311866760254, 6.840676307678223, 6.360405445098877, 6.492092132568359, 6.961544036865234, 6.423507213592529, 6.6628804206848145, 6.669848918914795, 6.15054178237915, 6.4110260009765625, 6.5935235023498535, 6.501242160797119, 6.605474948883057, 6.618465423583984, 6.147491931915283, 6.210041522979736, 6.350313663482666, 6.072468280792236, 6.488985061645508, 6.713994979858398, 6.094993591308594, 5.201064109802246, 6.268110275268555, 6.336779594421387, 6.7822699546813965, 5.852348804473877, 6.396189212799072, 6.370579242706299, 6.422904968261719, 6.066829681396484, 6.151425838470459, 6.470898151397705, 6.544323921203613, 6.347615718841553, 6.37412691116333, 6.685768127441406, 6.147954940795898, 6.08280611038208, 5.9953155517578125, 6.038110733032227, 5.823742389678955, 6.509184837341309, 6.587965488433838, 6.028233528137207, 6.1766557693481445, 6.668013095855713, 6.5011515617370605, 6.657886505126953, 6.5402913093566895, 6.600851058959961, 6.397294998168945, 5.560789585113525, 5.906187057495117, 6.117000579833984, 5.440417289733887, 5.974704265594482, 6.399358749389648, 6.095168113708496, 5.6244916915893555, 5.2935285568237305, 6.358989238739014, 6.13911771774292, 5.3979411125183105]}