{"aucroc": 0.687965625, "aucpr": 0.20196736668774498, "dataset": "02_annthyroid", "method": "refine", "test_ratio": 0.07407407407407407, "train_ratio": 0.05555555555555555, "labeled_anomalies": 0.75, "loe_loss": [12.179719924926758, 10.91244125366211, 10.872532844543457, 9.807028770446777, 9.207771301269531, 9.30440902709961, 8.790794372558594, 9.193842887878418, 8.516986846923828, 8.891140937805176, 7.8974199295043945, 7.993718147277832, 8.245826721191406, 7.912229061126709, 7.995355606079102, 8.219091415405273, 8.04746150970459, 7.951530456542969, 7.867344379425049, 7.7408366203308105, 8.629447937011719, 7.664092063903809, 7.745719909667969, 7.652947902679443, 7.461742877960205, 7.3010382652282715, 7.343339443206787, 7.684312343597412, 7.678987979888916, 7.533779621124268, 7.741137504577637, 7.391976833343506, 7.452876567840576, 7.5506181716918945, 7.152438640594482, 7.345241546630859, 7.072414398193359, 7.049426078796387, 7.165262699127197, 7.260185241699219, 7.275812149047852, 6.8713908195495605, 7.60493278503418, 7.001990795135498, 7.120565414428711, 6.938567161560059, 6.922180652618408, 7.201910495758057, 7.036651611328125, 7.416938781738281, 7.005733013153076, 7.099220275878906, 7.201900959014893, 7.384619235992432, 6.954085350036621, 6.505067825317383, 6.868442058563232, 6.68764066696167, 7.139279842376709, 6.9872636795043945, 6.881682395935059, 7.484045028686523, 7.152270317077637, 7.307331562042236, 6.933009147644043, 7.113887786865234, 6.908695697784424, 6.660839557647705, 6.742570877075195, 6.753123760223389, 7.038512706756592, 6.7211833000183105, 6.789912223815918, 7.063472747802734, 6.783267021179199, 7.009520053863525, 6.868209362030029, 6.710371017456055, 7.057759761810303, 7.201340198516846, 7.127033710479736, 6.691620349884033, 6.95996618270874, 6.904326915740967, 6.773375988006592, 6.898634910583496, 7.407822608947754, 6.572787761688232, 6.783438682556152, 6.616542816162109, 6.925905704498291, 6.417684555053711, 6.602630615234375, 6.581961631774902, 6.58546781539917, 6.72951602935791, 6.768697261810303, 6.56654167175293, 6.721350193023682, 6.606573581695557, 6.663414001464844, 7.129888534545898, 6.784642219543457, 7.127608299255371, 6.744571208953857, 6.587741374969482, 6.8657121658325195, 6.533374786376953, 6.423910140991211, 6.721067428588867, 7.005836009979248, 7.22881555557251, 6.112204551696777, 6.824690818786621, 7.0499114990234375, 7.343539237976074, 6.507234573364258, 7.272426605224609, 6.90826940536499, 6.376774311065674]}