{"aucroc": 0.6873218750000001, "aucpr": 0.20131910542785886, "dataset": "02_annthyroid", "method": "refine", "test_ratio": 0.07407407407407407, "train_ratio": 0.07407407407407407, "labeled_anomalies": 1.0, "loe_loss": [11.878223419189453, 10.606842994689941, 10.50102424621582, 9.547280311584473, 8.956771850585938, 9.074092864990234, 8.556676864624023, 8.948467254638672, 8.28079605102539, 8.565180778503418, 7.710835933685303, 7.803473949432373, 8.027063369750977, 7.715004920959473, 7.749054431915283, 7.983809947967529, 7.835451602935791, 7.719932556152344, 7.602897644042969, 7.527891635894775, 8.28121566772461, 7.435929298400879, 7.512251377105713, 7.393793106079102, 7.261315822601318, 7.090595245361328, 7.1303582191467285, 7.403528690338135, 7.44900369644165, 7.269524574279785, 7.438863277435303, 7.176746845245361, 7.201171875, 7.271834850311279, 6.967645645141602, 7.091538906097412, 6.869452476501465, 6.845369815826416, 6.943521499633789, 7.015528678894043, 7.0930304527282715, 6.664366722106934, 7.30338191986084, 6.780178546905518, 6.881374359130859, 6.639479637145996, 6.731185436248779, 6.985352516174316, 6.839159965515137, 7.13403844833374, 6.805067539215088, 6.8112263679504395, 6.9993720054626465, 7.078367710113525, 6.739560127258301, 6.318073272705078, 6.668260097503662, 6.488687515258789, 6.9083757400512695, 6.658169746398926, 6.665572166442871, 7.2047343254089355, 6.905857086181641, 7.044406414031982, 6.678369522094727, 6.8302202224731445, 6.701708793640137, 6.448585510253906, 6.51080846786499, 6.5356574058532715, 6.782573223114014, 6.483673095703125, 6.552343845367432, 6.800148010253906, 6.537199974060059, 6.729861736297607, 6.6357855796813965, 6.455269813537598, 6.771058559417725, 6.876689434051514, 6.8309831619262695, 6.434580326080322, 6.731003284454346, 6.679493427276611, 6.551618576049805, 6.644964694976807, 7.09898567199707, 6.321737766265869, 6.566793918609619, 6.344024181365967, 6.725882530212402, 6.194779872894287, 6.344631195068359, 6.35549783706665, 6.335433006286621, 6.466667652130127, 6.4920783042907715, 6.268553733825684, 6.471463680267334, 6.3659443855285645, 6.444265842437744, 6.838194847106934, 6.5298943519592285, 6.882297515869141, 6.492372512817383, 6.369305610656738, 6.617841720581055, 6.301943778991699, 6.1600799560546875, 6.489598751068115, 6.739649772644043, 6.948767185211182, 5.890501976013184, 6.512042045593262, 6.725808620452881, 6.947845458984375, 6.232845783233643, 7.023241996765137, 6.6542158126831055, 6.150312900543213]}