{"aucroc": 0.777906221899509, "aucpr": 0.27126421170874637, "dataset": "03_backdoor", "method": "refine", "test_ratio": 0.023666666666666666, "train_ratio": 0.0035499999999999998, "labeled_anomalies": 0.15, "loe_loss": [297.2177429199219, 299.95709228515625, 292.8621520996094, 282.0372314453125, 268.122314453125, 285.2856750488281, 308.4386291503906, 277.3974304199219, 320.12921142578125, 278.53997802734375, 268.0589294433594, 265.83929443359375, 264.7897644042969, 259.21746826171875, 308.77935791015625, 279.31561279296875, 261.15771484375, 256.035888671875, 309.39263916015625, 272.0041198730469, 289.94171142578125, 283.8882141113281, 258.990234375, 263.8121337890625, 258.81414794921875, 270.5302429199219, 296.3637390136719, 262.3100891113281, 264.8088684082031, 244.69618225097656, 243.29405212402344, 274.3198547363281, 268.9587707519531, 253.93487548828125, 239.08050537109375, 251.82864379882812, 357.626708984375, 249.55685424804688, 267.2824401855469, 231.3092041015625, 224.9091796875, 238.572509765625, 265.2926025390625, 234.02890014648438, 239.61688232421875, 241.76034545898438, 253.84503173828125, 220.3498992919922, 242.8463134765625, 246.4761962890625, 217.48464965820312, 220.7165985107422, 222.1820068359375, 214.26815795898438, 230.78929138183594, 256.931396484375, 241.9063262939453, 215.99661254882812, 209.6010284423828, 205.81875610351562, 217.84689331054688, 202.69021606445312, 329.596435546875, 217.45883178710938, 279.75360107421875, 208.92665100097656, 202.2516632080078, 194.25106811523438, 243.4810791015625, 201.0864715576172, 204.1031494140625, 244.66294860839844, 196.8115692138672, 208.00387573242188, 197.07119750976562, 207.7791290283203, 208.3625030517578, 218.4149627685547, 198.98085021972656, 189.91940307617188, 208.36032104492188, 189.2899169921875, 200.70152282714844, 214.24795532226562, 195.91751098632812, 190.0901641845703, 203.84056091308594, 236.8970947265625, 191.62490844726562, 250.99685668945312, 215.4468994140625, 197.7066192626953, 182.88951110839844, 180.90481567382812, 181.5099639892578, 191.56260681152344, 188.56617736816406, 200.33387756347656, 193.18777465820312, 184.72149658203125, 221.81036376953125, 193.34634399414062, 180.261474609375, 178.8777313232422, 174.54254150390625, 186.564697265625, 193.26364135742188, 214.76766967773438, 187.24746704101562, 184.75384521484375, 182.83090209960938, 188.88536071777344, 169.82176208496094, 238.1667022705078, 281.1981201171875, 186.32325744628906, 225.96827697753906, 240.4322052001953, 172.3502655029297, 202.37777709960938]}