{"aucroc": 0.7807558220610792, "aucpr": 0.27182487359265406, "dataset": "03_backdoor", "method": "refine", "test_ratio": 0.023666666666666666, "train_ratio": 0.01775, "labeled_anomalies": 0.75, "loe_loss": [287.0890197753906, 270.7665100097656, 266.08404541015625, 262.7951965332031, 260.00640869140625, 273.60906982421875, 266.34033203125, 265.7868347167969, 261.9090576171875, 267.2648620605469, 261.1466369628906, 260.43499755859375, 259.5774230957031, 253.42269897460938, 263.495361328125, 257.416748046875, 256.4563903808594, 253.56253051757812, 265.12982177734375, 261.8239440917969, 252.6417694091797, 261.07220458984375, 254.14796447753906, 256.8434753417969, 254.90399169921875, 250.3567657470703, 251.26962280273438, 255.12303161621094, 249.73944091796875, 243.74908447265625, 244.25140380859375, 255.18685913085938, 250.02699279785156, 250.68179321289062, 241.94146728515625, 249.93238830566406, 298.82958984375, 240.84600830078125, 243.60853576660156, 238.84616088867188, 232.91043090820312, 241.4947967529297, 237.5172882080078, 237.1527099609375, 242.10365295410156, 244.4083251953125, 226.615234375, 227.1292724609375, 229.80531311035156, 240.6153564453125, 224.11949157714844, 223.87753295898438, 226.12313842773438, 219.2644805908203, 219.11668395996094, 230.4888916015625, 230.3629608154297, 218.91563415527344, 214.8557891845703, 211.71905517578125, 221.8936309814453, 204.1879425048828, 267.557373046875, 217.66595458984375, 230.61782836914062, 202.1271514892578, 196.54910278320312, 193.02667236328125, 199.4739990234375, 194.79937744140625, 194.47171020507812, 197.0550537109375, 188.67115783691406, 197.97991943359375, 189.62872314453125, 194.5541534423828, 197.84719848632812, 188.9729461669922, 189.09841918945312, 181.13279724121094, 192.22377014160156, 179.21896362304688, 186.875, 183.24093627929688, 180.75540161132812, 180.270263671875, 179.57371520996094, 201.3069305419922, 178.49427795410156, 203.86932373046875, 196.2982177734375, 179.54270935058594, 167.2307891845703, 167.73013305664062, 166.44705200195312, 174.96861267089844, 167.0723114013672, 173.93150329589844, 165.56040954589844, 168.98326110839844, 178.60467529296875, 177.8397216796875, 164.00962829589844, 163.30029296875, 159.3506317138672, 160.08070373535156, 151.3936004638672, 145.58653259277344, 164.95762634277344, 161.06997680664062, 156.18301391601562, 159.13194274902344, 146.64236450195312, 165.8542022705078, 164.95016479492188, 159.21536254882812, 157.13345336914062, 165.81076049804688, 150.08924865722656, 149.3188018798828]}