{"aucroc": 0.9817322530864198, "aucpr": 0.9624581385567794, "dataset": "04_breastw", "method": "soft", "test_ratio": 0.36, "train_ratio": 0.27, "labeled_anomalies": 0.75, "loe_loss": [9.668600082397461, 9.14491081237793, 8.432283401489258, 8.18030834197998, 7.903891086578369, 7.1679582595825195, 7.384787082672119, 6.594366073608398, 6.191312789916992, 6.156045913696289, 5.632439613342285, 5.843515396118164, 5.709305763244629, 5.286801815032959, 6.228402614593506, 5.599277496337891, 4.953601837158203, 5.5378499031066895, 5.641203880310059, 5.640326976776123, 5.3005595207214355, 5.148871898651123, 5.058107376098633, 5.677764892578125, 4.54646110534668, 5.096290111541748, 5.0026679039001465, 4.327742576599121, 5.264142990112305, 4.870633602142334, 5.481168270111084, 4.0926713943481445, 5.201632022857666, 5.342588424682617, 3.837796926498413, 3.8371849060058594, 4.3234148025512695, 4.2073822021484375, 4.2753777503967285, 4.933693885803223, 5.373034954071045, 3.732980966567993, 4.194886207580566, 3.707598924636841, 3.957570791244507, 4.318324089050293, 3.9971230030059814, 3.8399720191955566, 3.0976691246032715, 3.35832142829895, 3.665224075317383, 3.849701404571533, 2.9515275955200195, 4.123596668243408, 3.508728265762329, 4.063590049743652, 3.8812942504882812, 2.901649236679077, 2.5816314220428467, 3.7244045734405518, 3.0823628902435303, 2.8992583751678467, 2.2156288623809814, 3.615067481994629, 2.611754894256592, 3.144550323486328, 3.103337049484253, 3.739518165588379, 2.3510000705718994, 3.714986801147461, 2.307145118713379, 2.214324951171875, 3.257786273956299, 2.3902699947357178, 3.00781512260437, 2.157991647720337, 2.0673775672912598, 2.356684446334839, 2.6048648357391357, 1.8763011693954468, 2.1271047592163086, 1.7918779850006104, 1.2319262027740479, 2.1275103092193604, 2.9073948860168457, 1.3043965101242065, 1.8533811569213867, 2.638840675354004, 1.4455171823501587, 1.299694299697876, 1.5153855085372925, 1.5411944389343262, 1.43955659866333, 0.5415542125701904, 0.7634533643722534, 1.4536364078521729, 2.64025616645813, 2.5300076007843018, 1.344756007194519, 0.673175573348999, 0.4493063986301422, 1.114576816558838, 0.1610429435968399, 0.5497251152992249, 0.24795985221862793, -0.44861260056495667]}