{"aucroc": 0.9611625514403291, "aucpr": 0.9158760823786833, "dataset": "04_breastw", "method": "blind", "test_ratio": 0.36, "train_ratio": 0.09, "labeled_anomalies": 0.25}