{"aucroc": 0.9726176697530864, "aucpr": 0.9390361612415281, "dataset": "04_breastw", "method": "refine", "test_ratio": 0.36, "train_ratio": 0.09, "labeled_anomalies": 0.25, "loe_loss": [15.320992469787598, 15.774249076843262, 14.703019142150879, 13.906355857849121, 14.206480979919434, 14.122013092041016, 13.164533615112305, 12.756160736083984, 12.847206115722656, 11.949613571166992, 12.012372016906738, 12.549050331115723, 12.280230522155762, 11.685735702514648, 11.815125465393066, 11.344482421875, 11.743356704711914, 11.396587371826172, 11.12092399597168, 10.904533386230469, 10.880474090576172, 11.25227165222168, 11.135364532470703, 11.104719161987305, 11.166749954223633, 10.552352905273438, 10.691365242004395, 10.313386917114258, 10.53601360321045, 11.048609733581543, 10.781596183776855, 10.64144515991211, 10.336491584777832, 10.272818565368652, 11.154759407043457, 11.21950912475586, 10.801316261291504, 9.927558898925781, 10.874799728393555, 9.436631202697754, 10.000551223754883, 10.390527725219727, 9.624114036560059, 10.160138130187988, 9.806058883666992, 10.47869873046875, 10.388975143432617, 10.229077339172363, 9.813881874084473, 9.423368453979492, 9.810929298400879, 9.786284446716309, 10.449058532714844, 9.844426155090332, 10.007957458496094, 9.80035400390625, 8.948136329650879, 9.82502555847168, 10.64114761352539, 9.497274398803711, 9.70068359375, 9.924617767333984, 10.227686882019043, 9.70032787322998, 9.460897445678711, 10.045326232910156, 9.253125190734863, 9.382668495178223, 9.084372520446777, 8.91404914855957, 9.238250732421875, 9.265814781188965, 9.318646430969238, 9.172449111938477, 8.880884170532227, 9.284316062927246, 8.42263412475586, 9.261460304260254, 9.534360885620117, 8.83251953125, 8.524956703186035, 9.387129783630371, 8.757128715515137, 9.457036972045898, 9.037208557128906, 8.55140495300293, 8.232095718383789, 9.535537719726562, 8.69873332977295, 8.392516136169434, 8.876925468444824, 8.92360782623291, 8.630054473876953, 8.818257331848145, 8.816861152648926, 8.703592300415039, 8.748642921447754, 8.718071937561035, 8.424139976501465, 8.119831085205078, 8.891149520874023, 8.485794067382812, 8.456672668457031, 8.841021537780762, 8.976263046264648, 8.422489166259766, 8.78093433380127, 8.764683723449707, 8.473409652709961, 8.489046096801758, 8.58621597290039, 8.57657241821289, 8.11596965789795, 8.73681640625, 8.854856491088867, 8.58655071258545, 7.752645492553711, 8.639945030212402, 8.605599403381348, 8.220388412475586]}