{"aucroc": 0.9780189043209877, "aucpr": 0.9575872153547774, "dataset": "04_breastw", "method": "soft", "test_ratio": 0.36, "train_ratio": 0.18, "labeled_anomalies": 0.5, "loe_loss": [11.039609909057617, 10.54748249053955, 10.643430709838867, 10.767158508300781, 10.395928382873535, 9.955446243286133, 9.45272159576416, 8.986330032348633, 9.367648124694824, 8.728580474853516, 8.651944160461426, 8.855499267578125, 8.371807098388672, 8.772330284118652, 8.55276870727539, 8.748869895935059, 8.07745361328125, 7.968086242675781, 8.208391189575195, 7.991407871246338, 8.064209938049316, 7.31112003326416, 7.824741840362549, 7.496387958526611, 7.726301670074463, 7.751765727996826, 7.671961784362793, 7.447222709655762, 7.569121837615967, 7.433860778808594, 7.5243988037109375, 8.071087837219238, 7.017031669616699, 7.452482223510742, 7.717578411102295, 7.4110493659973145, 6.6960930824279785, 7.079412460327148, 8.059688568115234, 7.5684051513671875, 5.974687576293945, 6.591902732849121, 6.420895099639893, 6.241760730743408, 7.145871162414551, 6.523488998413086, 6.6738128662109375, 6.616569995880127, 7.862848281860352, 6.526124954223633, 7.788854122161865, 6.128474235534668, 5.670013427734375, 6.672135353088379, 6.683383941650391, 6.95406436920166, 6.822592735290527, 6.453549385070801, 5.985014915466309, 6.677664756774902, 6.879918098449707, 6.191126823425293, 6.333568096160889, 5.840473651885986, 5.58825159072876, 5.653746128082275, 7.0167622566223145, 6.530601978302002, 6.256791114807129, 6.639822483062744, 6.544133186340332, 5.183294296264648, 6.461001396179199, 6.295007228851318, 5.3348517417907715, 5.6443023681640625, 5.9134416580200195, 6.313325881958008, 7.193457126617432, 6.049636363983154, 6.4262495040893555, 5.5290141105651855, 5.383007526397705, 5.631707191467285, 6.199498653411865, 6.366918087005615, 5.398228645324707, 6.591497898101807, 4.308943271636963, 5.770791530609131, 7.287252902984619, 4.973609447479248, 5.312957286834717, 5.729005813598633, 4.714068412780762, 5.520968437194824, 5.547189712524414, 5.785868167877197, 4.384469985961914, 4.912816524505615, 5.012936592102051, 5.821789741516113, 4.8445563316345215, 6.0301618576049805, 6.272663116455078, 5.104832649230957, 4.594909191131592, 4.6596856117248535, 5.742908954620361, 4.1042890548706055, 4.087047100067139, 4.339136600494385, 4.418190002441406, 6.654862403869629, 5.605764389038086, 5.8333210945129395, 6.738730430603027, 5.63549280166626, 5.8400654792785645, 3.9965217113494873]}