{"aucroc": 0.9738811728395061, "aucpr": 0.9464770014934153, "dataset": "04_breastw", "method": "soft", "test_ratio": 0.36, "train_ratio": 0.09, "labeled_anomalies": 0.25, "loe_loss": [14.083833694458008, 13.309879302978516, 13.615997314453125, 13.83442497253418, 13.379371643066406, 12.974111557006836, 12.267308235168457, 11.553363800048828, 12.242603302001953, 11.428215980529785, 11.368297576904297, 11.627861976623535, 11.07654094696045, 11.670222282409668, 11.455734252929688, 11.566534042358398, 10.937010765075684, 10.985312461853027, 10.937211990356445, 10.638214111328125, 10.843709945678711, 10.034395217895508, 10.748947143554688, 10.334383010864258, 10.570563316345215, 10.884919166564941, 10.512290000915527, 10.362568855285645, 10.70610523223877, 10.445638656616211, 10.445074081420898, 10.851449966430664, 9.847043991088867, 10.343055725097656, 11.026291847229004, 10.634443283081055, 9.796850204467773, 9.963996887207031, 10.714550971984863, 10.528264999389648, 9.114846229553223, 9.705846786499023, 9.371476173400879, 9.548683166503906, 10.170753479003906, 9.689746856689453, 9.944327354431152, 9.55846118927002, 10.64892864227295, 9.625650405883789, 10.463067054748535, 9.199777603149414, 8.905628204345703, 9.667885780334473, 9.781837463378906, 9.703256607055664, 9.752870559692383, 9.514172554016113, 9.14639663696289, 9.785930633544922, 10.055575370788574, 9.402681350708008, 9.390496253967285, 9.183443069458008, 8.662580490112305, 8.752119064331055, 9.551715850830078, 9.291732788085938, 9.166839599609375, 9.485143661499023, 9.411656379699707, 8.387737274169922, 9.19146728515625, 9.032546997070312, 8.47296142578125, 8.486425399780273, 8.832707405090332, 9.341018676757812, 9.240499496459961, 9.251173973083496, 8.860098838806152, 8.820365905761719, 8.471742630004883, 8.626928329467773, 8.437804222106934, 8.501742362976074, 8.186037063598633, 8.768887519836426, 7.528929710388184, 8.46019172668457, 9.12286376953125, 7.949028968811035, 8.425056457519531, 7.919721603393555, 7.899625301361084, 8.211305618286133, 8.283422470092773, 7.745792388916016, 7.751587390899658, 7.9961442947387695, 7.663153648376465, 8.312859535217285, 7.589344024658203, 8.486005783081055, 7.988524913787842, 7.721316814422607, 7.384297847747803, 7.438539028167725, 7.884781837463379, 7.187586307525635, 7.324657917022705, 7.376768589019775, 7.383209705352783, 8.21696949005127, 8.141782760620117, 7.419629096984863, 8.33154296875, 7.755773067474365, 8.358376502990723, 7.1165876388549805]}