{"aucroc": 0.7200362447209145, "aucpr": 0.266706607373917, "dataset": "05_campaign", "method": "soft", "test_ratio": 0.11033333333333334, "train_ratio": 0.01655, "labeled_anomalies": 0.15, "loe_loss": [119.56790161132812, 117.0943832397461, 116.12622833251953, 110.79708862304688, 110.90728759765625, 110.25257873535156, 115.19065856933594, 109.55945587158203, 112.0917739868164, 108.07572937011719, 100.45914459228516, 109.7855224609375, 107.63336944580078, 107.81632995605469, 107.8013916015625, 105.06039428710938, 104.74813079833984, 106.12999725341797, 105.87154388427734, 104.91567993164062, 104.0793685913086, 105.28335571289062, 101.21063232421875, 102.53717803955078, 103.29022216796875, 98.71406555175781, 99.41861724853516, 102.78092193603516, 99.73082733154297, 101.37399291992188, 100.62797546386719, 100.12902069091797, 94.19013977050781, 99.27349853515625, 97.97340393066406, 96.0075912475586, 92.50666046142578, 98.50213623046875, 97.24451446533203, 91.74954223632812, 96.93331146240234, 87.76387786865234, 93.55915069580078, 86.7355728149414, 90.7144546508789, 92.86190032958984, 90.30664825439453, 90.45855712890625, 89.68891906738281, 90.2762222290039, 90.99065399169922, 87.95316314697266, 87.9537582397461, 92.18572998046875, 90.53145599365234, 89.55440521240234, 86.1085205078125, 91.4521484375, 87.4084243774414, 90.92265319824219, 87.27084350585938, 87.88340759277344, 90.73332977294922, 86.99063873291016, 82.2780532836914, 89.10516357421875, 85.88753509521484, 88.3751449584961, 89.30345916748047, 85.70245361328125, 87.9444351196289, 87.76598358154297, 90.45875549316406, 87.2998275756836, 87.79278564453125, 85.25629425048828, 86.9254379272461, 86.67377471923828, 86.66439056396484, 87.35618591308594, 87.42655944824219, 89.58885192871094, 87.62039947509766, 87.2882080078125, 88.7013168334961, 88.820068359375, 83.90087890625, 86.71063232421875, 85.14054870605469, 86.77214050292969, 86.77133178710938, 83.92588806152344, 88.12498474121094, 84.72896575927734, 86.05508422851562, 86.09999084472656, 86.92755889892578, 87.91622161865234, 85.78202056884766, 86.69099426269531, 84.14877319335938, 85.81331634521484, 84.48422241210938, 81.01806640625, 83.07054901123047, 86.62876892089844, 87.94078063964844, 82.9112777709961, 84.77928161621094, 85.5926742553711, 84.83810424804688, 85.02666473388672, 86.75613403320312, 85.24224853515625, 83.94622802734375, 84.64596557617188, 84.31705474853516, 87.18080139160156, 86.40206909179688, 84.4207534790039]}