{"aucroc": 0.954337344823659, "aucpr": 0.6297339112603982, "dataset": "06_cardio", "method": "refine", "test_ratio": 0.09636363636363636, "train_ratio": 0.014454545454545453, "labeled_anomalies": 0.15, "loe_loss": [47.738319396972656, 42.824588775634766, 41.75056076049805, 41.150291442871094, 43.79054260253906, 40.239593505859375, 39.5838508605957, 40.31157684326172, 39.6104621887207, 38.166568756103516, 39.2205924987793, 37.97400665283203, 37.65983581542969, 37.38822937011719, 38.05926513671875, 39.20979309082031, 37.738380432128906, 38.3583984375, 37.017555236816406, 36.27618408203125, 37.43059539794922, 36.46950912475586, 36.48483657836914, 36.702293395996094, 34.25046920776367, 35.874691009521484, 36.047210693359375, 36.10261154174805, 36.41265869140625, 34.55538558959961, 34.82712936401367, 34.36913299560547, 34.98616027832031, 35.425472259521484, 35.79159927368164, 34.242286682128906, 35.138057708740234, 33.9882926940918, 35.245643615722656, 33.94377136230469, 35.735931396484375, 34.13127899169922, 34.17821502685547, 33.52457046508789, 33.46192932128906, 33.53543472290039, 33.78868103027344, 32.99135208129883, 33.389930725097656, 34.546791076660156, 34.245426177978516, 34.69791030883789, 33.815452575683594, 33.44306945800781, 33.60533905029297, 35.028663635253906, 33.712066650390625, 33.24250411987305, 33.33992004394531, 33.392242431640625, 33.5515251159668, 32.890052795410156, 33.57823944091797, 32.85445022583008, 32.95586395263672, 31.951688766479492, 32.45014190673828, 31.984237670898438, 33.91928482055664, 33.89167404174805, 31.90243148803711, 31.770734786987305, 31.929845809936523, 32.858123779296875, 32.942535400390625, 31.347694396972656, 32.64116668701172, 32.139827728271484, 32.889854431152344, 32.4306755065918, 32.9063606262207, 32.06517028808594, 31.20159912109375, 32.54420471191406, 32.218204498291016, 32.22427749633789, 32.00062561035156, 32.33280563354492, 31.577571868896484, 31.62906265258789, 32.58905792236328, 32.09501647949219, 31.4807186126709, 31.269609451293945, 32.319271087646484, 31.74237632751465, 32.636802673339844, 31.465129852294922, 31.58096694946289, 31.722347259521484, 31.315271377563477, 30.787921905517578, 30.56963539123535, 30.190134048461914, 32.771873474121094, 31.4554386138916, 31.57050132751465, 30.793704986572266, 31.453929901123047, 30.697154998779297, 29.999269485473633, 31.32150650024414, 31.059438705444336, 32.13441848754883, 29.915359497070312, 31.654129028320312, 31.60915756225586, 30.449159622192383, 31.689125061035156, 30.92588996887207]}