{"aucroc": 0.9522113814965263, "aucpr": 0.6287683495553367, "dataset": "06_cardio", "method": "refine", "test_ratio": 0.09636363636363636, "train_ratio": 0.04818181818181818, "labeled_anomalies": 0.5, "loe_loss": [44.15223693847656, 40.103824615478516, 38.924827575683594, 38.741424560546875, 39.78562927246094, 37.346527099609375, 37.17241668701172, 37.62671661376953, 36.76668930053711, 35.69097137451172, 36.1278076171875, 35.46208953857422, 34.94230651855469, 35.01541519165039, 35.0704345703125, 36.10317611694336, 35.290260314941406, 35.72356033325195, 34.32759094238281, 33.87248992919922, 34.60145568847656, 34.27644348144531, 34.225791931152344, 34.04151916503906, 31.96417236328125, 33.67827606201172, 33.391685485839844, 33.38325500488281, 33.65414810180664, 32.53992462158203, 32.59271240234375, 32.143959045410156, 32.42718505859375, 32.60039520263672, 33.1402587890625, 32.07624816894531, 32.79279327392578, 31.613006591796875, 32.646629333496094, 31.49451446533203, 32.60255432128906, 31.795330047607422, 31.77164077758789, 31.330944061279297, 31.234853744506836, 31.271522521972656, 31.400972366333008, 30.781381607055664, 31.00092887878418, 31.76540184020996, 31.66283416748047, 32.07278060913086, 31.393659591674805, 30.9137020111084, 31.122480392456055, 32.3498420715332, 31.604419708251953, 30.873332977294922, 31.08574104309082, 31.00566864013672, 30.93321990966797, 30.420276641845703, 30.82320213317871, 30.60235023498535, 30.64580726623535, 29.77937889099121, 30.23760223388672, 29.688404083251953, 31.40501594543457, 31.356121063232422, 30.063325881958008, 29.994075775146484, 29.759685516357422, 30.63136863708496, 30.60309410095215, 29.452922821044922, 30.30702781677246, 30.00829315185547, 30.711549758911133, 30.401809692382812, 30.49786376953125, 29.90740203857422, 29.411226272583008, 30.2468318939209, 30.08731460571289, 30.059999465942383, 29.76169204711914, 30.219467163085938, 29.491334915161133, 29.534217834472656, 29.647502899169922, 29.954837799072266, 29.335371017456055, 29.026342391967773, 30.05099868774414, 29.725364685058594, 30.29804801940918, 28.947589874267578, 29.442127227783203, 29.554840087890625, 29.228118896484375, 28.832000732421875, 28.798952102661133, 28.403539657592773, 30.390474319458008, 29.143993377685547, 29.524425506591797, 28.896728515625, 29.12578582763672, 28.71295928955078, 28.104747772216797, 29.643070220947266, 29.109092712402344, 30.09458351135254, 28.150680541992188, 29.550804138183594, 29.28162384033203, 28.562631607055664, 29.26696014404297, 29.07087516784668]}