{"aucroc": 0.9429102919403212, "aucpr": 0.6161891808396752, "dataset": "06_cardio", "method": "soft", "test_ratio": 0.09636363636363636, "train_ratio": 0.07227272727272727, "labeled_anomalies": 0.75, "loe_loss": [41.731082916259766, 36.537540435791016, 34.651885986328125, 34.434757232666016, 35.14826965332031, 36.05674362182617, 34.38768005371094, 33.78893280029297, 33.874210357666016, 34.31161880493164, 32.761531829833984, 32.541603088378906, 31.929292678833008, 33.32477569580078, 32.40403747558594, 31.85877799987793, 32.261451721191406, 30.784778594970703, 31.860931396484375, 31.63753890991211, 31.361591339111328, 30.91725730895996, 30.38402557373047, 30.07278823852539, 30.496322631835938, 31.22820281982422, 30.42685890197754, 30.555360794067383, 29.896265029907227, 29.515605926513672, 30.391420364379883, 29.6251163482666, 30.05683135986328, 29.58201789855957, 29.30756950378418, 29.362993240356445, 30.294246673583984, 28.441333770751953, 29.646961212158203, 29.57217025756836, 29.708887100219727, 29.311237335205078, 28.91769790649414, 28.94029426574707, 29.446317672729492, 28.3017635345459, 28.71619987487793, 28.773784637451172, 29.394256591796875, 29.561689376831055, 29.54561424255371, 28.378171920776367, 28.995718002319336, 29.57744789123535, 28.952564239501953, 28.872102737426758, 28.616193771362305, 28.639816284179688, 27.835851669311523, 28.431297302246094, 28.384845733642578, 28.89286231994629, 27.702390670776367, 28.123355865478516, 28.81839942932129, 27.272846221923828, 27.808032989501953, 28.72488784790039, 28.307998657226562, 28.440135955810547, 27.224149703979492, 27.463375091552734, 28.98398208618164, 26.871549606323242, 26.88546371459961, 26.959442138671875, 28.218101501464844, 27.27235221862793, 27.69571876525879, 28.076396942138672, 27.204681396484375, 27.64373779296875, 28.557287216186523, 26.784805297851562, 27.263626098632812, 27.60236167907715, 27.188817977905273, 27.094619750976562, 27.624340057373047, 27.602460861206055, 27.378128051757812, 26.458431243896484, 27.571130752563477, 27.455448150634766, 26.78242301940918, 26.507553100585938, 27.469839096069336, 27.042282104492188, 28.18256950378418, 27.275842666625977, 26.714805603027344, 26.897031784057617, 27.312273025512695, 27.121721267700195, 26.808666229248047, 26.392215728759766, 26.578542709350586, 26.623218536376953, 25.98936653137207, 26.59189224243164, 27.390134811401367, 26.098007202148438, 26.688199996948242, 26.349266052246094, 26.10333251953125, 26.721450805664062, 26.264816284179688, 26.5577392578125, 26.2059268951416, 24.918594360351562]}