{"aucroc": 0.9539956721460842, "aucpr": 0.6292954216058464, "dataset": "06_cardio", "method": "refine", "test_ratio": 0.09636363636363636, "train_ratio": 0.02409090909090909, "labeled_anomalies": 0.25, "loe_loss": [46.724098205566406, 42.236507415771484, 41.132835388183594, 40.63923263549805, 42.82633590698242, 39.548728942871094, 39.02499008178711, 39.69713592529297, 38.80970764160156, 37.4976806640625, 38.377418518066406, 37.288944244384766, 36.810298919677734, 36.77433776855469, 37.310577392578125, 38.457157135009766, 37.2299690246582, 37.70671081542969, 36.278289794921875, 35.666786193847656, 36.736114501953125, 35.98487854003906, 36.03675079345703, 36.097503662109375, 33.756378173828125, 35.385963439941406, 35.437137603759766, 35.53419494628906, 35.825462341308594, 34.159339904785156, 34.37562561035156, 33.91434860229492, 34.38062286376953, 34.76271438598633, 35.173091888427734, 33.64913558959961, 34.51560974121094, 33.39104461669922, 34.57726287841797, 33.289031982421875, 34.968421936035156, 33.49650955200195, 33.47060775756836, 32.86183547973633, 32.81389617919922, 32.733951568603516, 32.906494140625, 32.234458923339844, 32.65404510498047, 33.53450012207031, 33.446563720703125, 33.88405227661133, 32.99055480957031, 32.63870620727539, 32.801822662353516, 34.2288932800293, 33.06194305419922, 32.5328369140625, 32.60194396972656, 32.68208312988281, 32.78280258178711, 32.08159637451172, 32.72225570678711, 32.21234130859375, 32.22095489501953, 31.29262924194336, 31.682897567749023, 31.272489547729492, 33.14229965209961, 33.13533401489258, 31.368440628051758, 31.210229873657227, 31.261329650878906, 32.11578369140625, 32.206974029541016, 30.751911163330078, 31.878047943115234, 31.47661590576172, 32.189849853515625, 31.803590774536133, 32.137081146240234, 31.380413055419922, 30.601484298706055, 31.887950897216797, 31.613426208496094, 31.45881462097168, 31.29664421081543, 31.576175689697266, 30.89581298828125, 30.94929313659668, 31.764854431152344, 31.293251037597656, 30.81061363220215, 30.57346534729004, 31.638418197631836, 31.11931800842285, 31.983272552490234, 30.637710571289062, 30.962692260742188, 31.07895278930664, 30.51263999938965, 30.229202270507812, 29.975318908691406, 29.692556381225586, 32.09203338623047, 30.753582000732422, 30.902246475219727, 30.069833755493164, 30.83030891418457, 30.115846633911133, 29.41715431213379, 30.754575729370117, 30.479631423950195, 31.481264114379883, 29.346445083618164, 31.031259536743164, 30.916841506958008, 29.841629028320312, 31.040735244750977, 30.249340057373047]}