{"aucroc": 0.9501081963478988, "aucpr": 0.625766203724642, "dataset": "06_cardio", "method": "soft", "test_ratio": 0.09636363636363636, "train_ratio": 0.02409090909090909, "labeled_anomalies": 0.25, "loe_loss": [47.681339263916016, 41.20634078979492, 39.88001251220703, 39.05825424194336, 39.76690673828125, 40.74784851074219, 39.01614761352539, 38.458248138427734, 38.47184371948242, 38.64573669433594, 37.33334732055664, 37.23622131347656, 35.401390075683594, 37.236534118652344, 36.635719299316406, 35.46612548828125, 36.08872985839844, 34.48231887817383, 36.17951202392578, 35.56473922729492, 34.963279724121094, 34.18135070800781, 34.484375, 33.20794677734375, 34.4066162109375, 36.002254486083984, 35.13309097290039, 34.43727111816406, 33.67775344848633, 33.44639205932617, 34.515316009521484, 33.60414123535156, 33.58536911010742, 33.301143646240234, 32.75569152832031, 33.42842102050781, 34.767982482910156, 33.056941986083984, 33.22339630126953, 32.924285888671875, 33.03713607788086, 33.04014205932617, 32.973304748535156, 32.656829833984375, 33.62175369262695, 31.658720016479492, 33.17365264892578, 32.791114807128906, 33.37063980102539, 34.10145568847656, 33.181617736816406, 31.593088150024414, 32.18327713012695, 32.939414978027344, 32.76707077026367, 32.062278747558594, 32.81916427612305, 32.853515625, 31.04922103881836, 31.81137466430664, 31.867088317871094, 32.3277587890625, 32.26456069946289, 31.624767303466797, 32.713905334472656, 30.734920501708984, 31.084489822387695, 32.335296630859375, 32.58811950683594, 31.86589241027832, 30.911319732666016, 31.199207305908203, 33.13789749145508, 30.472637176513672, 30.39678955078125, 30.527856826782227, 32.3067741394043, 30.75873565673828, 31.628551483154297, 31.780771255493164, 30.83332061767578, 30.953731536865234, 31.994951248168945, 29.6434326171875, 30.912933349609375, 31.389095306396484, 30.570117950439453, 30.95600128173828, 30.826736450195312, 30.827341079711914, 31.176362991333008, 29.83271026611328, 31.035396575927734, 30.733556747436523, 30.942861557006836, 30.136484146118164, 31.567304611206055, 30.50774574279785, 32.442623138427734, 30.70687484741211, 29.98708724975586, 30.032672882080078, 30.607755661010742, 31.156469345092773, 30.65264320373535, 29.951068878173828, 30.12990951538086, 30.146198272705078, 29.483348846435547, 29.53179168701172, 31.269359588623047, 29.75753402709961, 30.120445251464844, 30.356155395507812, 30.020797729492188, 30.194416046142578, 30.106246948242188, 29.653648376464844, 29.65519905090332, 28.35153579711914]}