{"aucroc": 0.9517861888310998, "aucpr": 0.6304808882821168, "dataset": "06_cardio", "method": "refine", "test_ratio": 0.09636363636363636, "train_ratio": 0.07227272727272727, "labeled_anomalies": 0.75, "loe_loss": [42.5970573425293, 38.60633087158203, 37.46610641479492, 37.374454498291016, 37.93247985839844, 35.86271667480469, 35.89610290527344, 36.24528884887695, 35.37882614135742, 34.38174057006836, 34.68872833251953, 34.135677337646484, 33.60376739501953, 33.7021598815918, 33.78639221191406, 34.613128662109375, 33.95721435546875, 34.39424514770508, 32.97415542602539, 32.70602798461914, 33.365089416503906, 33.15913391113281, 33.02745819091797, 32.63507080078125, 30.75723648071289, 32.44224166870117, 32.019107818603516, 32.09617614746094, 32.208797454833984, 31.27283477783203, 31.344745635986328, 30.956022262573242, 31.121633529663086, 31.20643424987793, 31.75401496887207, 30.832534790039062, 31.52396011352539, 30.412656784057617, 31.25193977355957, 30.20138931274414, 31.01487159729004, 30.536060333251953, 30.464073181152344, 30.067562103271484, 30.077146530151367, 30.052135467529297, 30.209613800048828, 29.545351028442383, 29.767250061035156, 30.464717864990234, 30.38081932067871, 30.722116470336914, 30.07929039001465, 29.69318389892578, 29.826400756835938, 30.90553092956543, 30.38104820251465, 29.578161239624023, 29.814285278320312, 29.737478256225586, 29.749326705932617, 29.321414947509766, 29.54827880859375, 29.4130859375, 29.466718673706055, 28.67612648010254, 29.075632095336914, 28.559879302978516, 29.879356384277344, 29.991287231445312, 28.861373901367188, 28.932571411132812, 28.564802169799805, 29.408424377441406, 29.492433547973633, 28.358152389526367, 29.18425178527832, 28.828350067138672, 29.503040313720703, 29.216445922851562, 29.291542053222656, 28.734798431396484, 28.246654510498047, 29.035633087158203, 28.92951202392578, 28.81841468811035, 28.5518856048584, 29.076175689697266, 28.257863998413086, 28.25766944885254, 28.467819213867188, 28.66621208190918, 28.259864807128906, 27.910890579223633, 28.846426010131836, 28.516033172607422, 29.019128799438477, 27.649642944335938, 28.19877815246582, 28.45309066772461, 28.094873428344727, 27.728038787841797, 27.721832275390625, 27.357158660888672, 28.975149154663086, 28.03531265258789, 28.36970329284668, 27.757675170898438, 27.910236358642578, 27.44504165649414, 27.0096492767334, 28.580181121826172, 27.849843978881836, 28.813215255737305, 27.000713348388672, 28.314777374267578, 28.085622787475586, 27.495168685913086, 27.93268394470215, 27.98731231689453]}