{"aucroc": 0.9462586841805549, "aucpr": 0.627901556044118, "dataset": "06_cardio", "method": "soft", "test_ratio": 0.09636363636363636, "train_ratio": 0.09636363636363636, "labeled_anomalies": 1.0, "loe_loss": [39.59602355957031, 34.869510650634766, 32.999202728271484, 32.74509048461914, 33.458106994628906, 34.29378890991211, 32.75206756591797, 32.10844421386719, 32.16385269165039, 32.736236572265625, 31.138025283813477, 30.8647403717041, 30.513893127441406, 31.74335289001465, 30.81378936767578, 30.349613189697266, 30.562883377075195, 29.164371490478516, 30.114524841308594, 29.920421600341797, 29.63487434387207, 29.351680755615234, 28.637235641479492, 28.58529281616211, 28.912424087524414, 29.50248146057129, 28.770490646362305, 29.047237396240234, 28.37369728088379, 27.93502426147461, 28.79749870300293, 28.175493240356445, 28.544458389282227, 28.146892547607422, 27.884239196777344, 27.847532272338867, 28.75235939025879, 26.916505813598633, 28.233306884765625, 28.272113800048828, 28.326366424560547, 27.95286750793457, 27.522497177124023, 27.550336837768555, 28.004837036132812, 27.00017547607422, 27.227022171020508, 27.38432502746582, 27.9547061920166, 28.039169311523438, 28.109230041503906, 27.059104919433594, 27.697294235229492, 28.195846557617188, 27.5301570892334, 27.569149017333984, 27.200836181640625, 27.20709991455078, 26.632797241210938, 27.10276222229004, 27.01296615600586, 27.591182708740234, 26.205381393432617, 26.836990356445312, 27.29392433166504, 25.968841552734375, 26.563405990600586, 27.378713607788086, 26.694643020629883, 27.054216384887695, 25.928791046142578, 26.271493911743164, 27.520801544189453, 25.648372650146484, 25.574371337890625, 25.66131019592285, 26.855960845947266, 25.923654556274414, 26.33597183227539, 26.791778564453125, 25.972877502441406, 26.456823348999023, 27.263296127319336, 25.66878890991211, 25.99643898010254, 26.30503273010254, 25.931522369384766, 25.673538208007812, 26.389820098876953, 26.361068725585938, 26.02553367614746, 25.291292190551758, 26.28510856628418, 26.320491790771484, 25.565715789794922, 25.263004302978516, 26.09734535217285, 25.797075271606445, 26.549270629882812, 25.881277084350586, 25.439912796020508, 25.690481185913086, 26.116443634033203, 25.83437728881836, 25.575271606445312, 25.244281768798828, 25.222152709960938, 25.375507354736328, 24.696842193603516, 25.363489151000977, 26.12655258178711, 24.646263122558594, 25.533479690551758, 25.051362991333008, 24.784833908081055, 25.348201751708984, 24.94999122619629, 25.38972282409668, 24.902217864990234, 23.674015045166016]}