{"aucroc": 0.6591327561327562, "aucpr": 0.4211941056594801, "dataset": "07_Cardiotocography", "method": "refine", "test_ratio": 0.2204724409448819, "train_ratio": 0.11023622047244094, "labeled_anomalies": 0.5, "loe_loss": [40.835182189941406, 36.02626419067383, 34.115081787109375, 34.7376708984375, 33.71090316772461, 33.4445686340332, 33.25265121459961, 33.05660629272461, 32.464054107666016, 31.97577476501465, 31.494333267211914, 31.13324737548828, 32.0296630859375, 32.293418884277344, 31.42383575439453, 32.44794464111328, 31.253076553344727, 31.311119079589844, 30.403287887573242, 30.845426559448242, 31.39537239074707, 30.4947452545166, 30.73726463317871, 30.223628997802734, 29.9129695892334, 30.70482635498047, 30.791582107543945, 29.568561553955078, 29.35750961303711, 28.669113159179688, 29.227497100830078, 29.767372131347656, 28.724498748779297, 29.284420013427734, 29.550159454345703, 29.086612701416016, 29.39995574951172, 28.77495574951172, 28.784317016601562, 28.878644943237305, 28.684616088867188, 29.30526351928711, 28.746793746948242, 29.09565544128418, 28.69818687438965, 28.1727352142334, 27.771930694580078, 28.68535804748535, 28.447479248046875, 27.9677734375, 28.3189754486084, 28.556415557861328, 28.098495483398438, 27.653749465942383, 28.158082962036133, 27.368087768554688, 28.484970092773438, 28.373592376708984, 27.65009880065918, 28.008142471313477, 27.81791877746582, 28.324663162231445, 27.65780258178711, 27.581066131591797, 28.558168411254883, 27.07632064819336, 27.92550277709961, 27.419994354248047, 28.042348861694336, 27.741741180419922, 27.340728759765625, 27.5352783203125, 27.232681274414062, 27.174884796142578, 26.974489212036133, 27.076183319091797, 27.078433990478516, 26.54978370666504, 27.072742462158203, 26.497859954833984, 27.976890563964844, 27.367340087890625, 26.675025939941406, 26.840938568115234, 26.69818878173828, 26.581050872802734, 26.384174346923828, 26.42547035217285, 26.508262634277344, 26.998027801513672, 26.570663452148438, 26.500947952270508, 26.57909393310547, 26.071535110473633, 26.69179916381836, 26.45204734802246, 26.045236587524414, 26.776763916015625, 27.27787208557129, 26.357646942138672, 26.185274124145508, 26.745859146118164, 25.886995315551758, 26.530059814453125, 26.760555267333984, 26.22756576538086, 26.231292724609375, 26.320405960083008, 26.964115142822266, 26.2825984954834, 26.675922393798828, 25.436275482177734, 26.53373908996582, 26.293514251708984, 26.998939514160156, 26.527732849121094, 25.270538330078125, 25.934776306152344, 25.401514053344727, 25.518142700195312]}