{"aucroc": 0.6381443001443001, "aucpr": 0.40962148600288756, "dataset": "07_Cardiotocography", "method": "refine", "test_ratio": 0.2204724409448819, "train_ratio": 0.2204724409448819, "labeled_anomalies": 1.0, "loe_loss": [34.790531158447266, 30.658527374267578, 28.951641082763672, 29.417095184326172, 28.67936134338379, 28.129920959472656, 28.083555221557617, 27.997806549072266, 27.50252342224121, 27.063720703125, 26.693763732910156, 26.559608459472656, 27.0181884765625, 27.33011817932129, 26.5595645904541, 27.33533477783203, 26.516681671142578, 26.450843811035156, 25.83778953552246, 26.06708335876465, 26.23671531677246, 25.996437072753906, 25.69100570678711, 25.4964542388916, 25.480255126953125, 25.817794799804688, 25.73464584350586, 25.10652732849121, 24.96898078918457, 24.570777893066406, 24.854969024658203, 25.059675216674805, 24.48473358154297, 24.839111328125, 24.98271369934082, 24.62639808654785, 25.02107810974121, 24.424423217773438, 24.562925338745117, 24.390390396118164, 24.479772567749023, 24.870330810546875, 24.27638053894043, 24.608882904052734, 24.39214324951172, 23.943897247314453, 23.70041847229004, 24.40826988220215, 24.172264099121094, 23.845073699951172, 24.098297119140625, 24.358142852783203, 23.96075439453125, 23.5609130859375, 23.8763427734375, 23.35106658935547, 24.09796142578125, 24.122024536132812, 23.43546485900879, 23.860824584960938, 23.725894927978516, 24.029781341552734, 23.510984420776367, 23.444168090820312, 24.156150817871094, 22.982330322265625, 23.1790771484375, 23.35101890563965, 23.727275848388672, 23.483577728271484, 23.076072692871094, 23.250202178955078, 23.22472381591797, 23.064781188964844, 22.802133560180664, 23.015323638916016, 23.025474548339844, 22.62651252746582, 22.91527557373047, 22.469938278198242, 23.66866683959961, 23.194019317626953, 22.569862365722656, 22.764869689941406, 22.756181716918945, 22.555734634399414, 22.363189697265625, 22.26348876953125, 22.510299682617188, 22.798625946044922, 22.634441375732422, 22.320892333984375, 22.437313079833984, 22.132118225097656, 22.75596046447754, 22.501541137695312, 22.087650299072266, 22.752309799194336, 23.13390350341797, 22.322731018066406, 22.24900245666504, 22.401288986206055, 21.88707733154297, 22.507226943969727, 22.654415130615234, 22.233089447021484, 22.122913360595703, 22.128231048583984, 22.536148071289062, 22.0960750579834, 22.570650100708008, 21.51127815246582, 22.375226974487305, 22.216825485229492, 22.691471099853516, 22.516109466552734, 21.31511878967285, 21.950897216796875, 21.524913787841797, 21.61097526550293]}