{"aucroc": 0.7049408369408369, "aucpr": 0.451744302602407, "dataset": "07_Cardiotocography", "method": "refine", "test_ratio": 0.2204724409448819, "train_ratio": 0.03307086614173228, "labeled_anomalies": 0.15, "loe_loss": [46.407936096191406, 40.70738983154297, 38.552581787109375, 39.442317962646484, 38.26753234863281, 38.77936935424805, 38.03250503540039, 38.224395751953125, 36.527645111083984, 36.40604782104492, 36.28491973876953, 34.9058952331543, 36.508724212646484, 37.022029876708984, 35.53004455566406, 36.95061492919922, 35.254024505615234, 36.38202667236328, 34.145301818847656, 35.47172927856445, 36.16202926635742, 34.19248580932617, 35.563438415527344, 34.68831253051758, 33.95431137084961, 35.49563217163086, 36.470909118652344, 33.94171142578125, 32.88736343383789, 32.059017181396484, 32.9044075012207, 34.32307052612305, 32.43831253051758, 33.85676193237305, 33.74272918701172, 33.08723068237305, 33.53489685058594, 32.67615509033203, 32.26618957519531, 33.10523986816406, 32.231441497802734, 33.3314094543457, 32.828163146972656, 32.8847770690918, 32.23194122314453, 32.125221252441406, 31.492399215698242, 32.63618850708008, 32.34736633300781, 31.573184967041016, 31.872135162353516, 32.49335861206055, 31.914966583251953, 31.416643142700195, 32.06650161743164, 31.03009796142578, 33.11574172973633, 32.17532730102539, 31.774248123168945, 31.736772537231445, 31.267345428466797, 32.05077362060547, 31.239953994750977, 30.953052520751953, 32.61742401123047, 30.930034637451172, 32.39566421508789, 30.758039474487305, 31.9560604095459, 31.67337417602539, 31.10878562927246, 31.8411808013916, 30.583818435668945, 30.979047775268555, 30.779809951782227, 30.495132446289062, 30.2896785736084, 30.026594161987305, 30.964460372924805, 30.09588050842285, 32.49517059326172, 30.717065811157227, 30.327198028564453, 30.39859390258789, 29.982664108276367, 30.217453002929688, 29.948856353759766, 29.896652221679688, 29.629867553710938, 30.579599380493164, 29.818145751953125, 30.234792709350586, 29.955364227294922, 29.36695098876953, 30.18731689453125, 30.036617279052734, 29.201112747192383, 30.14192008972168, 30.57688331604004, 29.73760986328125, 29.43238639831543, 30.918800354003906, 29.043983459472656, 30.511390686035156, 30.320737838745117, 29.380651473999023, 29.910341262817383, 30.067296981811523, 30.89855194091797, 30.333648681640625, 30.56231117248535, 28.757877349853516, 30.267383575439453, 29.88195037841797, 31.10531997680664, 30.592205047607422, 29.3937931060791, 29.558170318603516, 28.829607009887695, 28.858325958251953]}