{"aucroc": 0.6377893217893218, "aucpr": 0.4084368852913135, "dataset": "07_Cardiotocography", "method": "soft", "test_ratio": 0.2204724409448819, "train_ratio": 0.11023622047244094, "labeled_anomalies": 0.5, "loe_loss": [37.115966796875, 33.50682830810547, 31.503658294677734, 31.667308807373047, 31.10123634338379, 31.42161750793457, 31.131572723388672, 30.750930786132812, 30.759082794189453, 30.76593589782715, 30.172874450683594, 30.401994705200195, 30.372364044189453, 28.97822380065918, 29.788497924804688, 29.066991806030273, 28.958730697631836, 29.970205307006836, 28.617542266845703, 28.55265235900879, 28.18190574645996, 28.220691680908203, 28.541418075561523, 28.81328582763672, 28.262466430664062, 29.065784454345703, 29.16556739807129, 28.183143615722656, 28.341318130493164, 27.970237731933594, 27.986303329467773, 26.848342895507812, 27.125171661376953, 27.398040771484375, 27.960481643676758, 27.20026397705078, 27.46878433227539, 26.903732299804688, 26.832666397094727, 27.661544799804688, 26.993900299072266, 27.036251068115234, 27.089550018310547, 27.02159881591797, 27.368568420410156, 26.271244049072266, 27.02788543701172, 27.564620971679688, 26.528793334960938, 26.337888717651367, 26.92059898376465, 26.627124786376953, 27.239408493041992, 26.328041076660156, 26.97391700744629, 26.2199649810791, 26.762968063354492, 26.03102684020996, 26.458282470703125, 26.270227432250977, 25.747547149658203, 25.506959915161133, 26.017337799072266, 25.1787109375, 26.13573455810547, 26.122386932373047, 25.313018798828125, 25.725065231323242, 25.849306106567383, 26.386825561523438, 25.71185302734375, 25.918827056884766, 25.34897804260254, 25.769704818725586, 25.972654342651367, 25.21517562866211, 25.459218978881836, 26.08423614501953, 25.44548988342285, 25.32920265197754, 25.363933563232422, 25.952014923095703, 25.4771728515625, 25.956796646118164, 25.634197235107422, 24.92483139038086, 25.82591438293457, 24.794588088989258, 25.196069717407227, 24.876861572265625, 25.670249938964844, 25.085403442382812, 25.87122917175293, 25.19002342224121, 25.4215087890625, 24.55282974243164, 25.557296752929688, 25.13030242919922, 25.156818389892578, 24.720544815063477, 25.84312629699707, 24.368602752685547, 24.003650665283203, 25.08901596069336, 23.995365142822266, 25.69668960571289, 25.755884170532227, 24.54452896118164, 24.581693649291992, 25.1961727142334, 24.003568649291992, 24.119251251220703, 24.50758934020996, 24.092126846313477, 24.71406364440918, 24.50827980041504, 24.680469512939453, 23.968164443969727, 24.334003448486328, 24.761838912963867]}