{"aucroc": 0.6692207792207793, "aucpr": 0.4246055070593098, "dataset": "07_Cardiotocography", "method": "soft", "test_ratio": 0.2204724409448819, "train_ratio": 0.05511811023622047, "labeled_anomalies": 0.25, "loe_loss": [41.36992263793945, 37.155250549316406, 35.22734832763672, 35.987430572509766, 35.170555114746094, 35.365150451660156, 34.731468200683594, 34.526798248291016, 34.29498291015625, 34.70391845703125, 33.525489807128906, 33.76657485961914, 33.98808670043945, 32.1217041015625, 33.48981857299805, 32.40144729614258, 33.024227142333984, 33.64238739013672, 32.068355560302734, 31.81598472595215, 31.923320770263672, 31.487640380859375, 31.639896392822266, 33.016319274902344, 31.205631256103516, 32.43449783325195, 32.39240264892578, 32.136043548583984, 31.315351486206055, 31.38766098022461, 31.37447738647461, 30.446767807006836, 29.915836334228516, 30.404754638671875, 31.061656951904297, 30.64885139465332, 30.401887893676758, 29.577796936035156, 29.567276000976562, 31.139135360717773, 29.896665573120117, 30.194833755493164, 30.425579071044922, 30.307159423828125, 30.21588134765625, 29.359331130981445, 30.210033416748047, 30.672161102294922, 29.53615951538086, 29.835927963256836, 30.346771240234375, 29.772504806518555, 30.559715270996094, 29.192180633544922, 29.80629539489746, 29.038339614868164, 29.968027114868164, 28.533233642578125, 29.36690330505371, 29.326196670532227, 28.227737426757812, 28.19782257080078, 29.103046417236328, 28.294336318969727, 29.143814086914062, 29.0218448638916, 28.4064998626709, 29.120426177978516, 29.12981414794922, 29.46270751953125, 28.44024658203125, 28.401382446289062, 28.169265747070312, 28.478931427001953, 28.536643981933594, 28.234037399291992, 28.508846282958984, 28.75911521911621, 28.235475540161133, 27.95415496826172, 27.951099395751953, 29.185598373413086, 28.216514587402344, 29.066129684448242, 28.49788475036621, 28.249467849731445, 28.86102294921875, 27.58269500732422, 28.309062957763672, 27.637184143066406, 28.705101013183594, 27.713930130004883, 28.444934844970703, 28.395200729370117, 28.38527488708496, 27.741683959960938, 28.199087142944336, 27.885066986083984, 27.787240982055664, 27.37712287902832, 28.771652221679688, 27.474609375, 26.560941696166992, 28.28585433959961, 26.991689682006836, 28.283632278442383, 29.359878540039062, 27.363468170166016, 27.62821388244629, 27.754764556884766, 27.015926361083984, 27.05954933166504, 27.84673500061035, 26.934600830078125, 27.46661376953125, 27.516807556152344, 27.533920288085938, 26.846412658691406, 27.153675079345703, 27.4947566986084]}