{"aucroc": 0.6474285714285715, "aucpr": 0.41326228032225343, "dataset": "07_Cardiotocography", "method": "refine", "test_ratio": 0.2204724409448819, "train_ratio": 0.1653543307086614, "labeled_anomalies": 0.75, "loe_loss": [37.72636032104492, 33.28409957885742, 31.460060119628906, 32.00748825073242, 31.168170928955078, 30.726703643798828, 30.563241958618164, 30.43598747253418, 29.916990280151367, 29.46649169921875, 28.999101638793945, 28.822837829589844, 29.465911865234375, 29.720293045043945, 28.91912078857422, 29.8090877532959, 28.803422927856445, 28.782617568969727, 28.08017349243164, 28.340410232543945, 28.660242080688477, 28.209115982055664, 28.087406158447266, 27.766590118408203, 27.657989501953125, 28.106231689453125, 28.01093864440918, 27.264022827148438, 27.09890365600586, 26.538066864013672, 26.937044143676758, 27.269733428955078, 26.51044273376465, 26.939266204833984, 27.106889724731445, 26.74335289001465, 27.120695114135742, 26.472482681274414, 26.615943908691406, 26.461692810058594, 26.491926193237305, 26.97568702697754, 26.38772964477539, 26.764177322387695, 26.463603973388672, 25.942781448364258, 25.628854751586914, 26.416486740112305, 26.201608657836914, 25.8183536529541, 26.10569953918457, 26.349594116210938, 25.92754554748535, 25.509687423706055, 25.89560317993164, 25.28545570373535, 26.123998641967773, 26.169612884521484, 25.468873977661133, 25.857622146606445, 25.730438232421875, 26.0983943939209, 25.54030418395996, 25.460981369018555, 26.225723266601562, 24.904836654663086, 25.326086044311523, 25.28230094909668, 25.771282196044922, 25.513916015625, 25.11425018310547, 25.29193687438965, 25.099002838134766, 24.984373092651367, 24.716337203979492, 24.926265716552734, 24.942190170288086, 24.51511001586914, 24.87840461730957, 24.363990783691406, 25.679054260253906, 25.169981002807617, 24.520992279052734, 24.72114372253418, 24.598115921020508, 24.470613479614258, 24.27327537536621, 24.23493194580078, 24.4279727935791, 24.82703399658203, 24.52436065673828, 24.313858032226562, 24.446537017822266, 24.014652252197266, 24.705543518066406, 24.430583953857422, 24.005931854248047, 24.705549240112305, 25.17878532409668, 24.322538375854492, 24.222423553466797, 24.495363235473633, 23.83491325378418, 24.423147201538086, 24.631723403930664, 24.21700668334961, 24.10843849182129, 24.175743103027344, 24.634550094604492, 24.12289047241211, 24.56418800354004, 23.380558013916016, 24.396839141845703, 24.239402770996094, 24.814722061157227, 24.41826629638672, 23.21403694152832, 23.84784698486328, 23.379592895507812, 23.525278091430664]}