{"aucroc": 0.6893160173160172, "aucpr": 0.43798389672839566, "dataset": "07_Cardiotocography", "method": "soft", "test_ratio": 0.2204724409448819, "train_ratio": 0.03307086614173228, "labeled_anomalies": 0.15, "loe_loss": [43.75564956665039, 38.954994201660156, 37.05463409423828, 38.08863830566406, 37.26897430419922, 37.34805679321289, 36.634525299072266, 36.34913635253906, 36.37550354003906, 36.81095504760742, 35.33243942260742, 35.678489685058594, 36.2607307434082, 34.105506896972656, 35.39901351928711, 34.148075103759766, 35.26652908325195, 35.5560188293457, 34.057308197021484, 33.570396423339844, 33.865596771240234, 33.140899658203125, 33.34986114501953, 35.42500686645508, 32.780967712402344, 34.33646011352539, 34.036956787109375, 34.160491943359375, 32.808555603027344, 33.219181060791016, 33.21452331542969, 32.58100128173828, 31.35277557373047, 32.1208610534668, 32.82061004638672, 32.740882873535156, 31.925230026245117, 30.94236946105957, 30.956857681274414, 33.29522705078125, 31.576204299926758, 31.88538360595703, 32.247169494628906, 32.26951217651367, 31.815380096435547, 31.06328582763672, 31.960269927978516, 32.40913009643555, 31.241966247558594, 31.941543579101562, 32.330360412597656, 31.70974349975586, 32.31614685058594, 30.678104400634766, 31.34760284423828, 30.5301570892334, 31.667829513549805, 29.977874755859375, 30.919034957885742, 30.9891300201416, 29.766063690185547, 29.613466262817383, 30.808618545532227, 30.021577835083008, 30.93638038635254, 30.716358184814453, 30.035812377929688, 31.007549285888672, 30.884992599487305, 31.014732360839844, 30.107425689697266, 29.722923278808594, 29.65011978149414, 29.965682983398438, 29.837146759033203, 30.23611068725586, 30.283111572265625, 30.305587768554688, 29.78378677368164, 29.667293548583984, 29.618114471435547, 30.94548797607422, 29.952360153198242, 30.650096893310547, 30.01302146911621, 30.051105499267578, 30.45677947998047, 29.28498077392578, 29.93280792236328, 29.110790252685547, 30.446510314941406, 29.54844093322754, 29.766443252563477, 30.079387664794922, 30.204681396484375, 29.67020034790039, 29.71517562866211, 29.69049072265625, 29.175432205200195, 28.99616241455078, 30.314048767089844, 29.265729904174805, 28.108673095703125, 29.976455688476562, 28.80360221862793, 29.985694885253906, 31.006183624267578, 28.963937759399414, 29.241104125976562, 28.960386276245117, 28.690052032470703, 28.793100357055664, 29.924394607543945, 28.43630599975586, 28.9400577545166, 29.03957176208496, 28.97278594970703, 28.58498764038086, 28.59202766418457, 29.01938247680664]}