{"aucroc": 0.8379897308547614, "aucpr": 0.169825451141639, "dataset": "08_celeba", "method": "refine", "test_ratio": 0.022333333333333334, "train_ratio": 0.011166666666666667, "labeled_anomalies": 0.5, "loe_loss": [90.39553833007812, 81.18397521972656, 78.82882690429688, 79.67058563232422, 77.31340026855469, 74.36161041259766, 74.18614196777344, 74.24654388427734, 72.58710479736328, 73.71855163574219, 69.67877960205078, 72.88986206054688, 71.84207916259766, 72.28106689453125, 69.17692565917969, 70.7281494140625, 71.320068359375, 68.67161560058594, 71.42774200439453, 69.08628845214844, 68.70887756347656, 67.85682678222656, 68.99075317382812, 69.1460189819336, 67.7742691040039, 68.34480285644531, 67.22833251953125, 69.41275787353516, 67.65542602539062, 66.65093994140625, 66.0141830444336, 67.85806274414062, 64.76901245117188, 65.22852325439453, 65.87394714355469, 65.21128845214844, 65.66061401367188, 65.72588348388672, 64.87638854980469, 64.36378479003906, 64.91608428955078, 64.4487075805664, 66.64102172851562, 63.91154479980469, 65.4786376953125, 63.97342300415039, 64.67289733886719, 62.94526672363281, 61.76338195800781, 64.64370727539062, 64.2353286743164, 62.920448303222656, 63.38817596435547, 63.36251449584961, 61.693817138671875, 64.62165069580078, 63.6623420715332, 62.64008331298828, 63.40183639526367, 63.45116424560547, 61.282203674316406, 61.759979248046875, 62.69744873046875, 62.720947265625, 64.40933227539062, 63.57725143432617, 62.17401123046875, 61.19790267944336, 63.93180847167969, 61.48612594604492, 61.30664825439453, 61.31953430175781, 59.52518844604492, 61.276729583740234, 61.010353088378906, 60.864017486572266, 60.23752975463867, 62.112247467041016, 59.54641342163086, 61.00630569458008, 61.76185989379883, 61.51154708862305, 61.74705505371094, 60.81578826904297, 61.37153244018555, 60.13584899902344, 60.660057067871094, 60.911964416503906, 62.60223388671875, 62.17644500732422, 60.439842224121094, 60.89551544189453, 60.68268966674805, 60.742454528808594, 60.631744384765625, 58.91509246826172, 59.41509246826172, 60.64884567260742, 59.40131378173828, 60.60847091674805, 59.97294235229492, 61.674591064453125, 60.70895767211914, 60.47233581542969, 59.66648483276367, 60.46104431152344, 60.15633773803711, 59.5059700012207, 60.44218063354492, 59.9716911315918, 60.47399139404297, 60.22170639038086, 59.004764556884766, 58.672264099121094, 58.75571823120117, 61.33634948730469, 60.0424690246582, 59.811912536621094, 58.94805908203125, 58.583274841308594]}