{"aucroc": 0.8350585972286538, "aucpr": 0.16941863522306863, "dataset": "08_celeba", "method": "refine", "test_ratio": 0.022333333333333334, "train_ratio": 0.00335, "labeled_anomalies": 0.15, "loe_loss": [91.56477355957031, 82.28740692138672, 79.8918228149414, 80.70560455322266, 78.26130676269531, 75.35554504394531, 75.18107604980469, 75.1209487915039, 73.45996856689453, 74.73066711425781, 70.6493148803711, 73.8708267211914, 72.75482177734375, 73.30529022216797, 70.05045318603516, 71.57005310058594, 72.23873901367188, 69.48319244384766, 72.22957611083984, 69.9683837890625, 69.55912017822266, 68.71531677246094, 69.80780792236328, 70.00254821777344, 68.6106185913086, 69.17601776123047, 68.13689422607422, 70.2419662475586, 68.52257537841797, 67.42879486083984, 66.77442169189453, 68.70054626464844, 65.44330596923828, 66.09295654296875, 66.74201202392578, 66.04566955566406, 66.48938751220703, 66.60150909423828, 65.66277313232422, 65.16622924804688, 65.67291259765625, 65.27183532714844, 67.43827819824219, 64.71884155273438, 66.3472671508789, 64.76813507080078, 65.50251007080078, 63.69987106323242, 62.50260925292969, 65.40396118164062, 65.03787231445312, 63.68581771850586, 64.14755249023438, 64.23186492919922, 62.44403839111328, 65.3791732788086, 64.42739868164062, 63.34138107299805, 64.13040924072266, 64.30560302734375, 62.03730010986328, 62.50059509277344, 63.480712890625, 63.46306610107422, 65.17953491210938, 64.36955261230469, 62.84516525268555, 62.02462387084961, 64.70276641845703, 62.21714782714844, 62.130245208740234, 62.003780364990234, 60.286102294921875, 61.96984100341797, 61.68803405761719, 61.56016540527344, 61.08463668823242, 62.90857696533203, 60.24120330810547, 61.81832504272461, 62.55003356933594, 62.168907165527344, 62.51924514770508, 61.58708572387695, 62.11793518066406, 60.82028579711914, 61.29714584350586, 61.580406188964844, 63.36729049682617, 62.89096450805664, 61.0890007019043, 61.59095764160156, 61.39207458496094, 61.46592712402344, 61.32790756225586, 59.59803771972656, 60.13963317871094, 61.371089935302734, 60.03490447998047, 61.27664566040039, 60.693077087402344, 62.359230041503906, 61.3594970703125, 61.172855377197266, 60.406951904296875, 61.20509338378906, 60.88949966430664, 60.17647171020508, 61.16982650756836, 60.705726623535156, 61.165096282958984, 60.8777961730957, 59.640193939208984, 59.31414794921875, 59.41900634765625, 61.98020935058594, 60.781646728515625, 60.43480682373047, 59.590065002441406, 59.26849365234375]}