{"aucroc": 0.8402481286034877, "aucpr": 0.1701169917537947, "dataset": "08_celeba", "method": "refine", "test_ratio": 0.022333333333333334, "train_ratio": 0.022333333333333334, "labeled_anomalies": 1.0, "loe_loss": [89.24237823486328, 80.1247329711914, 77.79553985595703, 78.7306900024414, 76.34323120117188, 73.61482238769531, 73.326416015625, 73.39128875732422, 71.85357666015625, 72.87723541259766, 68.81340026855469, 72.0495834350586, 70.97920989990234, 71.31378173828125, 68.40685272216797, 69.88390350341797, 70.38494110107422, 67.82661437988281, 70.5599594116211, 68.18154907226562, 67.80224609375, 66.97750854492188, 68.13011932373047, 68.21258544921875, 66.90817260742188, 67.443603515625, 66.44518280029297, 68.53783416748047, 66.75221252441406, 65.87960815429688, 65.2527084350586, 67.00531005859375, 64.07270812988281, 64.38294219970703, 64.9988021850586, 64.37238311767578, 64.83621215820312, 64.88648223876953, 64.07106018066406, 63.5768928527832, 64.1349868774414, 63.6135368347168, 65.8271713256836, 63.1329231262207, 64.58958435058594, 63.205780029296875, 63.829132080078125, 62.21126174926758, 61.06294250488281, 63.87592315673828, 63.46140670776367, 62.14897155761719, 62.61931228637695, 62.520896911621094, 60.97222137451172, 63.82413864135742, 62.87960433959961, 61.939090728759766, 62.652015686035156, 62.62373733520508, 60.605430603027344, 61.007816314697266, 61.915252685546875, 61.96376037597656, 63.64006042480469, 62.85260009765625, 61.46734619140625, 60.39289093017578, 63.18357849121094, 60.710689544677734, 60.57440948486328, 60.54991149902344, 58.808563232421875, 60.59149932861328, 60.35202407836914, 60.08448791503906, 59.47344970703125, 61.30928421020508, 58.82852554321289, 60.253475189208984, 60.99751281738281, 60.820621490478516, 60.924259185791016, 60.01025390625, 60.603275299072266, 59.4080924987793, 60.00028991699219, 60.214351654052734, 61.834205627441406, 61.4290657043457, 59.73630905151367, 60.172122955322266, 59.92548751831055, 60.003997802734375, 59.88336944580078, 58.2298583984375, 58.73361587524414, 59.947635650634766, 58.74439239501953, 59.961456298828125, 59.28303909301758, 60.98766326904297, 60.03491973876953, 59.7408447265625, 58.92144775390625, 59.7215576171875, 59.482234954833984, 58.83610153198242, 59.693389892578125, 59.23883819580078, 59.771217346191406, 59.512046813964844, 58.37966537475586, 58.03665542602539, 58.076934814453125, 60.69511795043945, 59.29743576049805, 59.14059066772461, 58.282318115234375, 57.888702392578125]}