{"aucroc": 0.8350219580583277, "aucpr": 0.17185003289443967, "dataset": "08_celeba", "method": "soft", "test_ratio": 0.022333333333333334, "train_ratio": 0.011166666666666667, "labeled_anomalies": 0.5, "loe_loss": [92.99007415771484, 80.29644012451172, 79.41507720947266, 77.84325408935547, 77.34255981445312, 76.4736099243164, 76.18193817138672, 74.23612976074219, 73.77528381347656, 71.76113891601562, 72.24391174316406, 71.78330993652344, 70.00780487060547, 71.92041015625, 71.78089904785156, 69.748779296875, 69.37496948242188, 68.24800109863281, 69.57379913330078, 67.3105239868164, 67.38385009765625, 69.98771667480469, 67.487060546875, 68.0639877319336, 68.7035140991211, 68.59495544433594, 70.290771484375, 68.59259796142578, 66.22183227539062, 66.5191421508789, 67.59553527832031, 66.89488983154297, 66.35586547851562, 64.90108489990234, 66.19672393798828, 65.89776611328125, 65.17582702636719, 64.634521484375, 67.28379821777344, 66.19969940185547, 64.68344116210938, 64.94539642333984, 65.0619125366211, 63.431575775146484, 62.470497131347656, 64.13945007324219, 62.85567855834961, 62.947479248046875, 62.7938346862793, 63.91107940673828, 64.74302673339844, 63.64881134033203, 65.575439453125, 63.09856033325195, 63.85459518432617, 61.91722106933594, 63.548431396484375, 62.48375701904297, 63.29692077636719, 62.21092224121094, 62.09134292602539, 63.05511474609375, 61.152587890625, 62.62641143798828, 62.85072326660156, 62.74030685424805, 62.587615966796875, 62.32763671875, 62.855064392089844, 61.60832214355469, 61.389041900634766, 61.08802032470703, 59.96900177001953, 61.17797088623047, 62.22137451171875, 61.23206329345703, 61.430633544921875, 60.088592529296875, 61.34933853149414, 60.329368591308594, 61.8065071105957, 59.85553741455078, 62.88678741455078, 59.76069259643555, 60.759552001953125, 60.90081787109375, 61.33991241455078, 61.79170227050781, 61.54766845703125, 60.811092376708984, 60.42302703857422, 60.80364227294922, 60.243896484375, 60.5256233215332, 59.55803680419922, 60.5308952331543, 60.05192565917969, 60.92285919189453, 62.783512115478516, 58.0955810546875, 60.06261444091797, 61.05061340332031, 60.52008819580078, 59.327083587646484, 59.821475982666016, 59.27385711669922, 59.347984313964844, 59.51628494262695, 59.208492279052734, 59.82381820678711, 59.71989059448242, 58.0001220703125, 59.933349609375, 60.1650505065918, 59.6733512878418, 58.95924377441406, 58.615013122558594, 61.35368728637695, 59.24997329711914, 58.524105072021484]}