{"aucroc": 0.659746339590034, "aucpr": 0.08692290993143911, "dataset": "09_census", "method": "refine", "test_ratio": 0.06166666666666667, "train_ratio": 0.030833333333333334, "labeled_anomalies": 0.5, "loe_loss": [828.6937255859375, 940.81787109375, 919.204833984375, 933.519287109375, 865.5872192382812, 917.3126831054688, 903.6438598632812, 939.62255859375, 848.4873046875, 898.9205322265625, 868.9534301757812, 878.8574829101562, 804.3863525390625, 818.0298461914062, 865.522705078125, 861.9351806640625, 846.7321166992188, 855.0288696289062, 859.660888671875, 825.766845703125, 832.78515625, 792.929443359375, 789.0424194335938, 842.048095703125, 819.2761840820312, 802.1350708007812, 792.8336181640625, 802.2499389648438, 795.5869750976562, 778.7127685546875, 765.2958984375, 765.2069091796875, 784.626953125, 825.6797485351562, 787.1055297851562, 809.2100219726562, 778.31494140625, 748.771728515625, 794.1450805664062, 767.7031860351562, 847.4759521484375, 812.4493408203125, 806.0408935546875, 787.4765625, 758.7054443359375, 740.9949951171875, 793.885498046875, 789.3416748046875, 741.143798828125, 773.7607421875, 762.7717895507812, 793.32666015625, 796.0399169921875, 728.2467651367188, 764.331787109375, 774.2411499023438, 753.3648681640625, 808.2705078125, 773.69873046875, 784.8013916015625, 722.2537231445312, 774.5994873046875, 778.582275390625, 748.5479736328125, 753.3384399414062, 728.4605102539062, 779.5389404296875, 734.905029296875, 802.2388305664062, 741.243408203125, 767.5516967773438, 722.50927734375, 771.539306640625, 743.3153076171875, 739.21923828125, 712.2440795898438, 724.12548828125, 742.265380859375, 721.0584106445312, 765.447998046875, 755.9359130859375, 726.7565307617188, 729.451416015625, 750.653564453125, 714.503173828125, 779.9205322265625, 749.3883056640625, 708.3348388671875, 759.688232421875, 759.6015625, 737.7487182617188, 734.471435546875, 753.16650390625, 693.419189453125, 698.41162109375, 760.978515625, 737.7357788085938, 746.08642578125, 751.9886474609375, 773.0323486328125, 744.321533203125, 740.3399658203125, 780.0885620117188, 763.8567504882812, 741.7726440429688, 718.7293701171875, 765.5216064453125, 718.3464965820312, 722.7764892578125, 733.951904296875, 737.7303466796875, 689.7514038085938, 733.6622924804688, 737.6318969726562, 712.9003295898438, 688.4382934570312, 711.424560546875, 728.5487670898438, 698.3262939453125, 681.815185546875]}