{"aucroc": 0.66076674187509, "aucpr": 0.08701224379989167, "dataset": "09_census", "method": "refine", "test_ratio": 0.06166666666666667, "train_ratio": 0.06166666666666667, "labeled_anomalies": 1.0, "loe_loss": [778.2372436523438, 881.1156005859375, 862.4633178710938, 874.34375, 815.10498046875, 841.4813232421875, 845.243896484375, 881.1198120117188, 797.8755493164062, 837.9234619140625, 814.6229248046875, 820.0675659179688, 757.4000244140625, 774.9224853515625, 812.2030639648438, 807.8123779296875, 791.9065551757812, 802.37646484375, 811.025146484375, 772.750244140625, 780.5123291015625, 746.4471435546875, 745.3353881835938, 782.0175170898438, 766.39013671875, 758.3682861328125, 747.0724487304688, 758.6583862304688, 739.1919555664062, 733.2586059570312, 720.921875, 720.4386596679688, 739.243408203125, 779.4127197265625, 740.978759765625, 763.1846313476562, 737.3576049804688, 703.2249755859375, 738.7783203125, 719.6220703125, 782.5064086914062, 762.0421142578125, 757.8046264648438, 733.6782836914062, 713.2642822265625, 695.8345947265625, 745.0333862304688, 738.022216796875, 698.8771362304688, 730.6951293945312, 709.8890380859375, 745.3076171875, 741.92626953125, 687.4794311523438, 714.725830078125, 724.7112426757812, 707.0617065429688, 750.269287109375, 713.739990234375, 735.6264038085938, 677.340576171875, 722.85595703125, 722.0818481445312, 698.1643676757812, 700.423828125, 681.0167846679688, 718.4978637695312, 680.9263916015625, 742.1339721679688, 690.4705810546875, 713.4508666992188, 676.4078369140625, 718.9750366210938, 696.5655517578125, 691.0597534179688, 670.2268676757812, 676.8458251953125, 688.5225830078125, 678.8933715820312, 715.4949340820312, 706.7711181640625, 683.88037109375, 683.7801513671875, 701.50048828125, 669.540283203125, 724.75244140625, 705.0267944335938, 663.3792114257812, 709.5342407226562, 705.2867431640625, 692.26171875, 687.2548828125, 701.904541015625, 652.8549194335938, 662.0284423828125, 711.535888671875, 691.868896484375, 700.7285766601562, 702.6883544921875, 714.735595703125, 702.542724609375, 694.5758666992188, 728.307861328125, 705.7308959960938, 692.007080078125, 684.391845703125, 710.7027587890625, 671.7366943359375, 684.934326171875, 690.3546142578125, 698.791015625, 660.1353759765625, 694.0738525390625, 700.2221069335938, 676.7509155273438, 654.59033203125, 675.076416015625, 689.6397705078125, 662.7216796875, 647.6505126953125]}