{"aucroc": 0.9288006454841641, "aucpr": 0.08114326284763447, "dataset": "10_cover", "method": "refine", "test_ratio": 0.011, "train_ratio": 0.00275, "labeled_anomalies": 0.25, "loe_loss": [21.65777015686035, 20.308792114257812, 20.590425491333008, 18.779794692993164, 18.211326599121094, 18.725595474243164, 17.556482315063477, 17.0793399810791, 16.74521255493164, 16.963621139526367, 16.321352005004883, 16.090696334838867, 16.000926971435547, 16.502140045166016, 16.219802856445312, 15.815508842468262, 15.821648597717285, 15.72989273071289, 15.785186767578125, 15.145998001098633, 15.039140701293945, 15.393540382385254, 15.49310302734375, 15.80013656616211, 14.607301712036133, 15.689029693603516, 14.231110572814941, 14.776830673217773, 14.842500686645508, 14.989348411560059, 14.728691101074219, 15.309394836425781, 14.162166595458984, 14.849002838134766, 14.373517990112305, 14.484947204589844, 14.728569984436035, 14.575079917907715, 14.96718978881836, 14.133068084716797, 14.80931568145752, 14.055379867553711, 14.229905128479004, 14.334541320800781, 15.035085678100586, 14.684089660644531, 14.267903327941895, 14.761935234069824, 14.126468658447266, 13.989737510681152, 14.267229080200195, 14.251800537109375, 14.37794303894043, 14.317159652709961, 14.36037826538086, 13.964656829833984, 14.499380111694336, 14.37546157836914, 14.59296989440918, 14.789215087890625, 14.153127670288086, 13.969057083129883, 14.62139892578125, 14.494513511657715, 14.308294296264648, 13.49814224243164, 14.175296783447266, 14.329390525817871, 14.144817352294922, 13.665090560913086, 13.763019561767578, 13.915958404541016, 14.386871337890625, 14.121613502502441, 13.732847213745117, 13.929388046264648, 13.801502227783203, 13.826972961425781, 14.416996955871582, 14.23996639251709, 13.644550323486328, 13.976746559143066, 13.796009063720703, 14.01854133605957, 13.743793487548828, 14.467592239379883, 13.764047622680664, 13.778877258300781, 14.029726028442383, 14.551313400268555, 14.142488479614258, 13.406655311584473, 13.814001083374023, 13.810850143432617, 13.49970817565918, 13.19765567779541, 14.095369338989258, 13.961380958557129, 14.20651626586914, 13.523347854614258, 13.784924507141113, 13.761691093444824, 13.883264541625977, 13.534605026245117, 13.26120662689209, 13.989641189575195, 13.727904319763184, 13.665609359741211, 13.6417818069458, 13.551729202270508, 14.31726360321045, 13.738224029541016, 13.694958686828613, 13.952280044555664, 13.776113510131836, 14.095956802368164, 14.097184181213379, 13.45887565612793, 13.588436126708984, 13.765153884887695]}