{"aucroc": 0.9228258316225959, "aucpr": 0.07656769201446102, "dataset": "10_cover", "method": "soft", "test_ratio": 0.011, "train_ratio": 0.011, "labeled_anomalies": 1.0, "loe_loss": [21.144630432128906, 20.98638153076172, 18.952272415161133, 18.681720733642578, 17.279722213745117, 16.729351043701172, 16.836755752563477, 16.133264541625977, 17.416217803955078, 16.976112365722656, 16.48628807067871, 15.716180801391602, 15.920175552368164, 15.81525707244873, 15.891554832458496, 15.573031425476074, 15.789697647094727, 15.621315002441406, 14.957206726074219, 15.309575080871582, 14.870711326599121, 15.233583450317383, 14.840822219848633, 14.734647750854492, 15.533177375793457, 14.889351844787598, 14.995680809020996, 15.06041431427002, 14.76244068145752, 15.118475914001465, 14.698813438415527, 14.818689346313477, 15.119504928588867, 14.309520721435547, 14.985547065734863, 14.298839569091797, 14.475695610046387, 14.02009391784668, 14.383219718933105, 14.756759643554688, 14.320625305175781, 14.731996536254883, 14.320310592651367, 14.342121124267578, 13.909234046936035, 14.547351837158203, 14.464649200439453, 14.207282066345215, 14.462453842163086, 13.97265625, 13.853233337402344, 13.794568061828613, 14.573772430419922, 13.905604362487793, 13.551149368286133, 13.917015075683594, 14.041023254394531, 15.051492691040039, 14.284833908081055, 14.050847053527832, 14.03125, 14.016754150390625, 13.593568801879883, 13.434453010559082, 13.80128288269043, 14.558945655822754, 13.929478645324707, 14.274252891540527, 13.611068725585938, 13.644084930419922, 14.59349250793457, 13.613358497619629, 13.78800106048584, 13.362285614013672, 13.89052963256836, 13.788115501403809, 13.901266098022461, 13.664220809936523, 13.797246932983398, 13.622987747192383, 13.917749404907227, 13.513737678527832, 13.781813621520996, 13.499592781066895, 13.61385440826416, 13.589402198791504, 13.30672550201416, 13.808501243591309, 13.894031524658203, 13.106917381286621, 13.65157413482666, 13.564422607421875, 13.591232299804688, 13.857285499572754, 13.629384994506836, 13.549211502075195, 13.879623413085938, 13.79155158996582, 13.870499610900879, 13.143234252929688, 13.25534439086914, 13.528712272644043, 13.236908912658691, 13.618606567382812, 13.58452033996582, 14.025270462036133, 13.205084800720215, 13.287965774536133, 13.531820297241211, 12.997852325439453, 13.434491157531738, 13.713385581970215, 13.62507152557373, 13.719276428222656, 13.39608097076416, 13.997941970825195, 13.486384391784668, 13.391036033630371, 13.346296310424805, 13.348445892333984]}