{"aucroc": 0.7985748962493149, "aucpr": 0.1528962034721583, "dataset": "11_donors", "method": "soft", "test_ratio": 0.054, "train_ratio": 0.0405, "labeled_anomalies": 0.75, "loe_loss": [18.556549072265625, 17.94136619567871, 16.856822967529297, 16.514930725097656, 16.368242263793945, 15.372876167297363, 15.285094261169434, 14.703997611999512, 15.134288787841797, 14.165270805358887, 14.273237228393555, 14.19517707824707, 14.118436813354492, 14.332229614257812, 13.787026405334473, 13.802406311035156, 13.65096378326416, 13.661410331726074, 13.489852905273438, 13.616524696350098, 13.24868106842041, 13.862597465515137, 13.106911659240723, 12.97142219543457, 13.251531600952148, 13.351877212524414, 12.846237182617188, 13.151559829711914, 12.859038352966309, 12.88698959350586, 13.192121505737305, 12.052544593811035, 12.657297134399414, 12.951780319213867, 12.997307777404785, 12.770644187927246, 12.5927152633667, 12.625137329101562, 13.008838653564453, 12.919931411743164, 12.736506462097168, 12.618311882019043, 12.490889549255371, 12.580095291137695, 12.54155445098877, 12.663780212402344, 12.22828483581543, 12.657220840454102, 12.103452682495117, 12.38071060180664, 12.192656517028809, 12.134090423583984, 12.421189308166504, 12.97819709777832, 12.126649856567383, 12.551605224609375, 12.503860473632812, 12.35049819946289, 12.265034675598145, 12.120333671569824, 11.920391082763672, 11.959428787231445, 11.918937683105469, 12.601386070251465, 12.176441192626953, 12.616661071777344, 12.463268280029297, 11.836782455444336, 12.003805160522461, 12.457653999328613, 12.349038124084473, 12.24345588684082, 12.352251052856445, 12.305728912353516, 12.148134231567383, 12.109148025512695, 12.665342330932617, 11.897439956665039, 12.424128532409668, 12.248624801635742, 11.854408264160156, 11.723581314086914, 11.997380256652832, 11.789019584655762, 11.871105194091797, 12.072319984436035, 11.770840644836426, 11.839681625366211, 12.057963371276855, 12.128273963928223, 12.25469970703125, 11.170591354370117, 12.035444259643555, 11.505228042602539, 11.989486694335938, 12.311553001403809, 11.733444213867188, 11.469413757324219, 11.959644317626953, 11.944512367248535, 11.988061904907227, 11.809185981750488, 11.964397430419922, 11.832443237304688, 11.550520896911621, 11.567121505737305, 11.988911628723145, 11.75542163848877, 11.473164558410645, 11.79337215423584, 11.716838836669922, 11.920644760131836, 11.501260757446289, 11.64200496673584, 11.686288833618164, 11.518253326416016, 11.562395095825195, 11.441247940063477, 11.88508129119873, 12.039437294006348]}