{"aucroc": 0.7463852565273753, "aucpr": 0.12658822264193187, "dataset": "11_donors", "method": "soft", "test_ratio": 0.054, "train_ratio": 0.0081, "labeled_anomalies": 0.15, "loe_loss": [19.982379913330078, 19.177942276000977, 17.849647521972656, 18.62866973876953, 17.793243408203125, 16.678104400634766, 16.34490966796875, 15.918563842773438, 16.24755096435547, 15.064510345458984, 15.748296737670898, 15.215527534484863, 15.085485458374023, 15.662826538085938, 14.725740432739258, 14.787198066711426, 14.611079216003418, 15.09172534942627, 14.425214767456055, 15.169681549072266, 14.230949401855469, 14.772258758544922, 14.130784034729004, 13.869017601013184, 14.545798301696777, 14.325047492980957, 14.516191482543945, 15.160297393798828, 14.078512191772461, 14.04517936706543, 14.14780330657959, 14.438526153564453, 14.254302978515625, 14.38709545135498, 13.891451835632324, 13.75904369354248, 13.448210716247559, 13.708343505859375, 13.934550285339355, 15.259355545043945, 13.560310363769531, 13.61693286895752, 13.335728645324707, 13.448808670043945, 14.241823196411133, 13.509085655212402, 15.329263687133789, 13.629371643066406, 12.976842880249023, 13.524948120117188, 13.711620330810547, 13.032058715820312, 13.299247741699219, 13.914532661437988, 13.032840728759766, 13.697381973266602, 13.610654830932617, 13.21631908416748, 13.128581047058105, 14.610920906066895, 13.116073608398438, 13.086015701293945, 12.985448837280273, 13.59536361694336, 14.622201919555664, 13.678971290588379, 13.547422409057617, 15.159977912902832, 12.949017524719238, 13.675615310668945, 13.725728034973145, 13.283852577209473, 13.960865020751953, 14.22420597076416, 13.564549446105957, 13.050273895263672, 13.522133827209473, 14.12685775756836, 13.467941284179688, 13.704771041870117, 12.727888107299805, 13.480655670166016, 12.971894264221191, 13.026457786560059, 12.981490135192871, 13.102960586547852, 12.899415969848633, 12.883432388305664, 13.338316917419434, 13.008140563964844, 13.202241897583008, 12.620356559753418, 13.66817569732666, 13.374975204467773, 13.100159645080566, 13.579129219055176, 12.854118347167969, 12.931583404541016, 13.396142959594727, 12.869231224060059, 13.125168800354004, 12.811504364013672, 12.907787322998047, 12.973551750183105, 12.614233016967773, 14.612192153930664, 13.102319717407227, 13.501873016357422, 13.215763092041016, 13.710180282592773, 12.631072998046875, 12.905869483947754, 12.553174018859863, 13.097268104553223, 13.702632904052734, 13.076685905456543, 12.720595359802246, 12.612985610961914, 12.73139762878418, 13.27419376373291]}