{"aucroc": 0.7863279652685338, "aucpr": 0.14705578486275833, "dataset": "11_donors", "method": "refine", "test_ratio": 0.054, "train_ratio": 0.054, "labeled_anomalies": 1.0, "loe_loss": [19.797164916992188, 19.488012313842773, 18.49699592590332, 17.953754425048828, 17.157333374023438, 16.800281524658203, 16.794095993041992, 15.893800735473633, 15.925163269042969, 15.225507736206055, 15.032242774963379, 14.791557312011719, 14.589552879333496, 14.938660621643066, 14.509843826293945, 14.528965950012207, 13.95461368560791, 14.462080955505371, 13.944785118103027, 13.873015403747559, 14.183077812194824, 13.234212875366211, 13.476668357849121, 13.601753234863281, 13.88063907623291, 13.327341079711914, 13.555837631225586, 13.19277286529541, 13.323348999023438, 13.191205978393555, 13.153666496276855, 13.422883987426758, 14.114090919494629, 13.228853225708008, 13.014392852783203, 13.00610065460205, 13.149026870727539, 13.072685241699219, 12.858607292175293, 12.913875579833984, 13.430059432983398, 12.908041954040527, 13.19973373413086, 13.067602157592773, 12.899177551269531, 13.007219314575195, 12.620818138122559, 13.14718246459961, 12.88547134399414, 13.41614818572998, 12.969500541687012, 12.794988632202148, 12.589923858642578, 12.58867073059082, 13.529502868652344, 12.51691722869873, 12.856968879699707, 12.619888305664062, 12.600242614746094, 12.550383567810059, 12.792245864868164, 12.333986282348633, 13.245434761047363, 12.89628791809082, 12.456562995910645, 12.82630443572998, 12.597395896911621, 12.564607620239258, 12.831283569335938, 12.809188842773438, 12.234552383422852, 12.467574119567871, 12.549019813537598, 12.363380432128906, 13.248237609863281, 12.6677885055542, 12.770870208740234, 12.578081130981445, 12.536064147949219, 12.75773811340332, 12.245382308959961, 12.169303894042969, 12.873620986938477, 12.780984878540039, 12.505932807922363, 12.545385360717773, 12.11188793182373, 12.399718284606934, 12.466965675354004, 12.894289016723633, 12.708436965942383, 12.566584587097168, 12.361566543579102, 12.758284568786621, 12.108039855957031, 12.252025604248047, 12.749135971069336, 12.503303527832031, 12.184267044067383, 12.125885009765625, 12.607059478759766, 12.312159538269043, 12.285183906555176, 12.849413871765137, 12.533241271972656, 12.48677921295166, 12.632851600646973, 12.814552307128906, 12.314586639404297, 12.387675285339355, 12.170283317565918, 12.26066780090332, 12.625662803649902, 12.718571662902832, 12.44874382019043, 12.479818344116211, 12.426980972290039, 12.038957595825195, 12.060121536254883, 12.242620468139648]}