{"aucroc": 0.44334086952002283, "aucpr": 0.29643149430531607, "dataset": "12_fault", "method": "soft", "test_ratio": 0.346483704974271, "train_ratio": 0.25986277873070324, "labeled_anomalies": 0.75, "loe_loss": [34.041263580322266, 31.893075942993164, 30.965492248535156, 30.23189926147461, 29.069622039794922, 29.575092315673828, 28.537517547607422, 29.312965393066406, 29.090002059936523, 29.26616668701172, 28.74620819091797, 28.171886444091797, 28.13690757751465, 28.215652465820312, 28.089332580566406, 28.452489852905273, 27.968385696411133, 27.329355239868164, 27.002731323242188, 27.229339599609375, 27.16259002685547, 26.51127052307129, 26.616016387939453, 26.743684768676758, 25.75277328491211, 25.883159637451172, 26.262575149536133, 25.493812561035156, 25.29387664794922, 25.55731773376465, 25.27242660522461, 25.556804656982422, 25.17772102355957, 25.447490692138672, 24.630451202392578, 25.048458099365234, 25.31839370727539, 24.266931533813477, 25.05665397644043, 24.802200317382812, 24.79572105407715, 23.417728424072266, 24.97834014892578, 23.544143676757812, 24.04366683959961, 24.142736434936523, 24.27010726928711, 24.27103614807129, 23.730323791503906, 22.894195556640625, 23.641040802001953, 23.776153564453125, 23.657846450805664, 23.3541316986084, 22.735794067382812, 23.848812103271484, 22.68088722229004, 23.00435447692871, 24.068269729614258, 23.73448944091797, 23.170316696166992, 22.419567108154297, 23.604068756103516, 22.93523406982422, 22.50637435913086, 23.2384033203125, 22.484737396240234, 23.357505798339844, 22.983617782592773, 22.864910125732422, 22.752216339111328, 23.25347137451172, 23.300878524780273, 21.9638671875, 22.654253005981445, 22.87017250061035, 22.22775650024414, 22.490392684936523, 22.703819274902344, 22.288240432739258, 23.129426956176758, 21.908214569091797, 21.881681442260742, 23.21349334716797, 21.611942291259766, 21.95464324951172, 21.619915008544922, 21.75696563720703, 21.866134643554688, 21.240772247314453, 21.513954162597656, 21.221569061279297, 21.862014770507812, 21.862653732299805, 21.413267135620117, 21.7232608795166, 21.83411407470703, 20.494064331054688, 19.932567596435547, 20.23801612854004, 20.5416259765625, 20.028438568115234, 19.711292266845703, 19.19936752319336, 18.756916046142578, 19.976516723632812, 19.21646499633789, 17.270782470703125, 16.519662857055664, 17.669477462768555, 16.357467651367188, 15.918815612792969, 12.443442344665527, 11.192939758300781, 12.929726600646973, 9.658468246459961, 2.9332361221313477, 1.7177839279174805, -3.7675974369049072]}