{"aucroc": 0.5615238689223252, "aucpr": 0.38382304306311843, "dataset": "12_fault", "method": "soft", "test_ratio": 0.346483704974271, "train_ratio": 0.051972555746140646, "labeled_anomalies": 0.15, "loe_loss": [51.43497085571289, 49.79511642456055, 48.044532775878906, 45.36360168457031, 45.773643493652344, 46.0161018371582, 45.13490295410156, 45.11463928222656, 44.30877685546875, 46.490962982177734, 43.983760833740234, 43.84416961669922, 43.682823181152344, 44.262351989746094, 44.02079391479492, 42.41297912597656, 43.03292465209961, 41.12649917602539, 42.0675048828125, 40.71538543701172, 42.66413497924805, 41.75044631958008, 41.896484375, 40.6120491027832, 41.45859146118164, 40.10464096069336, 40.990718841552734, 39.62855911254883, 38.72330856323242, 40.01958465576172, 40.77573013305664, 39.51564407348633, 39.83841323852539, 39.62162399291992, 39.30451202392578, 37.975372314453125, 39.728271484375, 39.910152435302734, 38.34405517578125, 39.63420867919922, 37.923988342285156, 39.288047790527344, 38.35020065307617, 38.930145263671875, 38.08460235595703, 38.627845764160156, 38.401206970214844, 38.628074645996094, 38.18134307861328, 38.33481216430664, 37.51076889038086, 37.758338928222656, 38.13391876220703, 36.75143814086914, 38.19500732421875, 37.112056732177734, 37.4594841003418, 38.095558166503906, 36.91072082519531, 37.10697937011719, 35.932491302490234, 38.17843246459961, 36.289276123046875, 36.74579620361328, 37.30479431152344, 36.9505615234375, 36.639495849609375, 36.64282989501953, 35.93458557128906, 35.964393615722656, 36.291954040527344, 36.23545837402344, 36.27565002441406, 35.68919372558594, 36.07234573364258, 35.33100891113281, 35.608741760253906, 35.58659362792969, 35.53108596801758, 35.187007904052734, 34.876529693603516, 34.6907958984375, 35.05249786376953, 35.82314682006836, 35.921043395996094, 35.646568298339844, 35.83645248413086, 35.03009033203125, 34.86488342285156, 35.41682434082031, 36.17477035522461, 34.77024459838867, 34.66549301147461, 35.272979736328125, 35.24333572387695, 34.856544494628906, 34.926002502441406, 34.08573532104492, 34.460391998291016, 34.898746490478516, 34.8213005065918, 35.023101806640625, 35.23977279663086, 34.590782165527344, 35.88075256347656, 34.94971466064453, 33.88370895385742, 34.01788330078125, 34.798370361328125, 34.93722152709961, 33.931732177734375, 33.61212921142578, 33.82408905029297, 33.97520065307617, 33.839012145996094, 33.705902099609375, 33.548038482666016, 33.684974670410156, 33.131473541259766, 33.384552001953125]}