{"aucroc": 0.528489384371508, "aucpr": 0.3510608793671464, "dataset": "12_fault", "method": "soft", "test_ratio": 0.346483704974271, "train_ratio": 0.08662092624356775, "labeled_anomalies": 0.25, "loe_loss": [47.59526443481445, 45.741661071777344, 44.090457916259766, 42.023712158203125, 42.03847885131836, 42.39668273925781, 41.649559020996094, 41.495994567871094, 40.94050216674805, 42.35319519042969, 40.63576126098633, 40.27772521972656, 40.06623458862305, 40.794036865234375, 40.48095703125, 38.68301010131836, 39.65126037597656, 38.011051177978516, 38.607421875, 37.764705657958984, 39.36659240722656, 38.405677795410156, 38.25370788574219, 37.15978240966797, 38.01338195800781, 37.06672668457031, 37.539764404296875, 36.60847091674805, 35.73220443725586, 36.79426574707031, 36.946510314941406, 36.08173751831055, 36.79669189453125, 36.611053466796875, 36.15190887451172, 34.85295867919922, 36.557525634765625, 36.5522346496582, 34.99366760253906, 36.41166687011719, 34.84723663330078, 36.14337921142578, 35.47505569458008, 35.62273406982422, 34.94630813598633, 35.659996032714844, 35.44379806518555, 35.297462463378906, 35.359458923339844, 35.37599182128906, 34.65340805053711, 34.724342346191406, 35.06106948852539, 34.13782501220703, 35.28141784667969, 33.90925979614258, 34.53681564331055, 35.38435363769531, 33.98419189453125, 34.132049560546875, 33.75471496582031, 35.0830078125, 33.57581329345703, 33.971832275390625, 34.56387710571289, 34.15059280395508, 34.282798767089844, 34.43647003173828, 33.172080993652344, 33.87211608886719, 34.200462341308594, 33.575164794921875, 33.25336456298828, 33.46430206298828, 33.563228607177734, 33.03535842895508, 33.175079345703125, 32.95003128051758, 32.821502685546875, 32.91187286376953, 32.99831008911133, 32.43290328979492, 32.733524322509766, 33.34440612792969, 33.86952209472656, 33.502498626708984, 33.259788513183594, 32.70325469970703, 32.08491134643555, 32.93039321899414, 33.7037353515625, 32.20912551879883, 31.785987854003906, 33.21388244628906, 33.203582763671875, 32.05567169189453, 32.054664611816406, 31.47076988220215, 31.795883178710938, 32.24625015258789, 32.20266342163086, 32.90379333496094, 33.07482147216797, 32.293243408203125, 33.64720916748047, 32.63042068481445, 30.956069946289062, 31.241458892822266, 32.50996017456055, 32.04024887084961, 31.13385009765625, 30.86263656616211, 30.947139739990234, 31.067712783813477, 30.64335060119629, 30.94379425048828, 31.230573654174805, 30.89152717590332, 30.34002113342285, 30.55202865600586]}