{"aucroc": 0.5739195966840779, "aucpr": 0.39504238040469664, "dataset": "12_fault", "method": "refine", "test_ratio": 0.346483704974271, "train_ratio": 0.051972555746140646, "labeled_anomalies": 0.15, "loe_loss": [51.229454040527344, 50.128273010253906, 48.81644821166992, 48.77191162109375, 47.27166748046875, 47.610660552978516, 46.2197151184082, 46.760223388671875, 46.2888069152832, 46.96330642700195, 44.98456573486328, 45.278297424316406, 45.17377471923828, 44.74427032470703, 43.39562225341797, 44.316749572753906, 44.169029235839844, 44.418556213378906, 43.564476013183594, 43.21706008911133, 43.20024108886719, 43.07054138183594, 43.628822326660156, 43.1412353515625, 43.22468185424805, 42.05251693725586, 43.219234466552734, 42.87126159667969, 42.107479095458984, 42.98997116088867, 42.76896667480469, 40.16521453857422, 42.18933868408203, 41.507713317871094, 41.05144500732422, 43.02247619628906, 40.797645568847656, 40.862911224365234, 40.031333923339844, 39.96889114379883, 41.14698028564453, 39.7803955078125, 38.24810028076172, 40.502262115478516, 39.00236892700195, 40.83616638183594, 40.50300216674805, 39.15340805053711, 38.98853302001953, 38.70185470581055, 39.549095153808594, 39.714874267578125, 38.69462585449219, 38.22742462158203, 39.85307312011719, 38.60396194458008, 38.585121154785156, 39.0078010559082, 37.46296310424805, 39.843048095703125, 37.75217819213867, 38.5916748046875, 39.2840576171875, 38.91108703613281, 38.13461685180664, 38.79612350463867, 37.79414749145508, 38.47733688354492, 37.8271598815918, 39.976158142089844, 38.095027923583984, 39.32941436767578, 38.16745376586914, 36.583778381347656, 38.571598052978516, 36.76657485961914, 38.35066604614258, 36.4705696105957, 37.34092330932617, 37.318538665771484, 37.90012741088867, 37.322689056396484, 37.06574630737305, 36.608917236328125, 36.55021286010742, 36.76572036743164, 36.616634368896484, 37.97136688232422, 37.56663513183594, 36.24581527709961, 37.747093200683594, 37.32360076904297, 36.547607421875, 35.458194732666016, 36.58990478515625, 35.877647399902344, 36.02096176147461, 35.86743927001953, 36.39165496826172, 35.96244430541992, 35.66313171386719, 35.31296920776367, 36.178955078125, 35.81071853637695, 35.33317565917969, 36.645362854003906, 34.946285247802734, 35.940731048583984, 34.86103057861328, 35.062015533447266, 36.801544189453125, 34.67564010620117, 34.854557037353516, 34.979583740234375, 35.32712173461914, 35.6002197265625, 35.120941162109375, 34.510433197021484, 35.24527359008789, 34.54860305786133]}