{"aucroc": 0.4231568826173956, "aucpr": 0.2875588925831245, "dataset": "12_fault", "method": "soft", "test_ratio": 0.346483704974271, "train_ratio": 0.346483704974271, "labeled_anomalies": 1.0, "loe_loss": [27.474285125732422, 26.02876853942871, 26.006959915161133, 23.7659912109375, 24.413440704345703, 24.08032989501953, 24.499290466308594, 23.868186950683594, 24.442615509033203, 23.903594970703125, 23.702219009399414, 23.043228149414062, 23.394519805908203, 23.14167022705078, 22.67340850830078, 22.24551010131836, 22.676315307617188, 21.78174591064453, 22.197677612304688, 22.007953643798828, 21.664932250976562, 21.30366325378418, 20.960430145263672, 21.05836296081543, 20.77007484436035, 20.81047248840332, 20.917707443237305, 21.00017547607422, 21.020063400268555, 20.33612060546875, 20.094465255737305, 20.811264038085938, 19.711111068725586, 20.02775001525879, 20.225019454956055, 19.821229934692383, 19.23966407775879, 20.096147537231445, 19.70311164855957, 19.825124740600586, 19.49112319946289, 19.57724380493164, 19.455751419067383, 19.742244720458984, 18.736783981323242, 19.23320198059082, 18.065025329589844, 18.394777297973633, 18.719545364379883, 19.321985244750977, 18.814720153808594, 17.680171966552734, 17.865558624267578, 18.362289428710938, 18.10653305053711, 18.460845947265625, 18.059934616088867, 18.144437789916992, 18.979185104370117, 17.38054084777832, 17.068910598754883, 18.24985122680664, 16.733829498291016, 18.130754470825195, 18.28988265991211, 16.323070526123047, 16.940200805664062, 17.065202713012695, 17.055444717407227, 16.903223037719727, 17.354095458984375, 16.255033493041992, 17.190326690673828, 15.15585994720459, 15.487801551818848, 15.550604820251465, 16.899351119995117, 15.84865951538086, 13.212934494018555, 12.112579345703125, 11.207033157348633, 10.838500022888184, 11.16614818572998, 10.53310775756836, 6.341190814971924, 5.974735260009766, 1.1189484596252441, -0.6381866335868835]}