{"aucroc": 0.5513344247810609, "aucpr": 0.37125975049796833, "dataset": "12_fault", "method": "refine", "test_ratio": 0.346483704974271, "train_ratio": 0.08662092624356775, "labeled_anomalies": 0.25, "loe_loss": [48.516380310058594, 47.12604522705078, 45.73248291015625, 45.49076461791992, 44.39912414550781, 44.5745849609375, 43.42168426513672, 43.93212127685547, 43.274139404296875, 43.92694854736328, 42.43793487548828, 42.79175567626953, 42.33056640625, 41.95487594604492, 40.901283264160156, 41.56008529663086, 41.51747512817383, 41.57643508911133, 40.76484298706055, 40.566993713378906, 40.42530822753906, 40.48951721191406, 40.858306884765625, 40.39856719970703, 40.350341796875, 39.680049896240234, 40.1461067199707, 40.06993103027344, 39.41227722167969, 40.1728515625, 40.01740646362305, 37.940284729003906, 39.3596305847168, 38.78271484375, 38.27229690551758, 40.1102294921875, 38.08814239501953, 37.92805099487305, 37.46975326538086, 37.4999885559082, 38.57832717895508, 37.295677185058594, 36.15748596191406, 37.880157470703125, 36.75653076171875, 38.191436767578125, 37.90399169921875, 36.81241226196289, 36.69381332397461, 36.37500762939453, 37.04903030395508, 37.20210266113281, 36.45610046386719, 35.84562683105469, 37.410491943359375, 36.091468811035156, 36.26593780517578, 36.63957595825195, 35.39958190917969, 37.451480865478516, 35.50682067871094, 36.164276123046875, 36.93610763549805, 36.47654342651367, 35.913795471191406, 36.289546966552734, 35.57693099975586, 36.079681396484375, 35.425514221191406, 37.52021789550781, 35.500213623046875, 36.72442626953125, 35.82630157470703, 34.496673583984375, 36.125511169433594, 34.705448150634766, 35.918060302734375, 34.1355094909668, 34.99213790893555, 35.06071472167969, 35.5584831237793, 34.82974624633789, 34.98830795288086, 34.41423416137695, 34.42036819458008, 34.54159927368164, 34.3023796081543, 35.64371871948242, 35.29374694824219, 34.14634704589844, 35.53818893432617, 35.06471633911133, 34.60724639892578, 33.62897491455078, 34.57721710205078, 33.935577392578125, 33.88352584838867, 33.950965881347656, 34.28733825683594, 34.05833053588867, 33.85334777832031, 33.35558319091797, 33.792625427246094, 33.88319778442383, 33.600982666015625, 34.733131408691406, 33.143157958984375, 33.93451690673828, 32.942134857177734, 33.190528869628906, 34.934600830078125, 32.922176361083984, 33.021949768066406, 33.07485580444336, 33.254722595214844, 33.678367614746094, 33.373634338378906, 32.92618179321289, 33.32716369628906, 32.89520263671875]}