{"aucroc": 0.9461903171953256, "aucpr": 0.09786970738946367, "dataset": "13_fraud", "method": "refine", "test_ratio": 0.0016666666666666668, "train_ratio": 0.0004166666666666667, "labeled_anomalies": 0.25, "loe_loss": [56.59919738769531, 57.36494445800781, 52.902801513671875, 52.10973358154297, 51.88930892944336, 50.23290252685547, 51.294219970703125, 53.22262191772461, 50.86269760131836, 61.69572448730469, 50.78785705566406, 53.99987030029297, 50.576847076416016, 50.8764762878418, 64.01348114013672, 48.74330520629883, 47.89126968383789, 49.82840347290039, 50.524574279785156, 49.12674331665039, 48.75299072265625, 50.24624252319336, 48.59773254394531, 45.68563461303711, 47.59314727783203, 48.331180572509766, 47.296653747558594, 49.96612548828125, 45.829803466796875, 45.81794738769531, 45.03104782104492, 47.49332046508789, 46.68246841430664, 46.305992126464844, 47.02653884887695, 47.10719299316406, 47.44793701171875, 45.33612060546875, 48.23846435546875, 44.13683319091797, 43.725040435791016, 44.090248107910156, 42.018577575683594, 45.17813491821289, 45.56930160522461, 41.888572692871094, 42.381404876708984, 46.98836135864258, 45.93600845336914, 43.220767974853516, 47.993690490722656, 42.44028854370117, 45.200462341308594, 45.52566909790039, 42.83451461791992, 42.932106018066406, 41.2061882019043, 43.08596420288086, 40.35751724243164, 43.376556396484375, 42.20964813232422, 42.66237258911133, 42.17280197143555, 43.01856231689453, 39.916595458984375, 40.33832550048828, 40.1812858581543, 44.501014709472656, 42.38969802856445, 43.03062057495117, 39.867244720458984, 42.616050720214844, 41.95198440551758, 40.95846176147461, 41.82412338256836, 40.48829650878906, 40.958621978759766, 43.523067474365234, 42.25398254394531, 41.31299591064453, 41.05495834350586, 42.423030853271484, 42.16925048828125, 39.23920822143555, 41.91301727294922, 41.681602478027344, 41.42567443847656, 40.91706466674805, 39.58714294433594, 44.857730865478516, 40.38258743286133, 42.2759895324707, 41.51906967163086, 42.6016731262207, 43.11419677734375, 39.75238800048828, 39.16694641113281, 40.07440948486328, 41.83525085449219, 41.286376953125, 41.10369873046875, 42.31950378417969, 41.98749542236328, 38.701290130615234, 38.85695266723633, 41.28248977661133, 40.707969665527344, 40.15360641479492, 42.08018112182617, 37.93915939331055, 40.01883316040039, 39.933685302734375, 40.391990661621094, 38.02732467651367, 40.77728271484375, 40.036624908447266, 43.22887420654297, 39.811256408691406, 42.17274475097656, 42.40464782714844]}