{"aucroc": 0.9468180300500834, "aucpr": 0.09758132960934271, "dataset": "13_fraud", "method": "soft", "test_ratio": 0.0016666666666666668, "train_ratio": 0.0004166666666666667, "labeled_anomalies": 0.25, "loe_loss": [61.324581146240234, 54.80604934692383, 53.72897720336914, 51.61345291137695, 52.156211853027344, 52.65957260131836, 52.866477966308594, 54.052433013916016, 52.328739166259766, 51.43472671508789, 49.553558349609375, 49.066619873046875, 51.958831787109375, 48.319908142089844, 49.46998977661133, 50.989112854003906, 52.953643798828125, 52.056846618652344, 47.82033157348633, 46.4477653503418, 52.46961212158203, 50.697975158691406, 48.89500427246094, 48.00965881347656, 52.447444915771484, 47.26676940917969, 46.60017395019531, 47.31595230102539, 47.484676361083984, 46.81311798095703, 44.89546203613281, 47.41075134277344, 49.756717681884766, 43.0665168762207, 47.589073181152344, 42.71335983276367, 46.28340530395508, 42.91437530517578, 42.980167388916016, 44.140377044677734, 42.2860221862793, 43.42234802246094, 43.382137298583984, 42.92924118041992, 46.094932556152344, 41.54566955566406, 46.785919189453125, 40.368988037109375, 40.70943069458008, 43.412193298339844, 43.935768127441406, 42.5171012878418, 42.06632995605469, 43.8533821105957, 41.511600494384766, 40.77595901489258, 42.510467529296875, 41.18278884887695, 39.40911865234375, 43.25819396972656, 42.55632400512695, 42.89326858520508, 41.0100212097168, 41.24847412109375, 43.632137298583984, 41.50434875488281, 40.59456253051758, 39.556060791015625, 39.66786575317383, 39.640167236328125, 39.685848236083984, 40.1297607421875, 41.17322540283203, 40.105377197265625, 41.013675689697266, 40.137672424316406, 39.97441864013672, 40.037193298339844, 39.823272705078125, 39.53464889526367, 40.91009521484375, 40.75247573852539, 40.34442901611328, 43.8632926940918, 39.57072067260742, 45.68594741821289, 40.49372100830078, 40.8793830871582, 41.51008987426758, 39.37864303588867, 39.38096618652344, 42.6309928894043, 40.38261032104492, 39.951324462890625, 39.945762634277344, 39.203975677490234, 38.53667449951172, 41.81916809082031, 37.681739807128906, 41.70089340209961, 45.557106018066406, 41.48186111450195, 41.15190887451172, 39.591941833496094, 41.74509811401367, 37.154300689697266, 42.151336669921875, 40.05005645751953, 38.71392822265625, 41.305885314941406, 39.15058517456055, 40.99669647216797, 39.64058303833008, 38.06018829345703, 38.67924499511719, 40.1623420715332, 40.995479583740234, 39.13739013671875, 38.64774703979492, 42.043121337890625]}