{"aucroc": 0.6621579112928593, "aucpr": 0.09272697694084517, "dataset": "14_glass", "method": "refine", "test_ratio": 0.03666666666666667, "train_ratio": 0.018333333333333333, "labeled_anomalies": 0.5, "loe_loss": [14.752182006835938, 13.44925594329834, 13.12051773071289, 12.74984073638916, 12.427978515625, 12.05870246887207, 11.80502700805664, 11.348428726196289, 12.30887508392334, 11.952608108520508, 11.29130744934082, 11.599058151245117, 11.220677375793457, 10.433395385742188, 10.412712097167969, 10.636269569396973, 10.498574256896973, 11.147024154663086, 9.673847198486328, 11.393834114074707, 9.970145225524902, 10.785518646240234, 10.021430969238281, 10.329665184020996, 9.804664611816406, 10.436418533325195, 9.903768539428711, 9.875382423400879, 9.773366928100586, 10.712985038757324, 9.266178131103516, 9.692337036132812, 11.213909149169922, 10.182401657104492, 9.187317848205566, 9.243356704711914, 9.648838996887207, 9.638274192810059, 10.34797191619873, 10.289064407348633, 9.727054595947266, 9.812360763549805, 9.151896476745605, 9.34615707397461, 9.880195617675781, 9.625831604003906, 9.480813980102539, 9.242632865905762, 9.115333557128906, 9.372393608093262, 9.652663230895996, 10.035226821899414, 9.986529350280762, 9.872178077697754, 9.534018516540527, 9.337044715881348, 9.621963500976562, 9.390241622924805, 10.168451309204102, 9.533913612365723, 9.213319778442383, 9.008605003356934, 9.021695137023926, 9.007278442382812, 8.609772682189941, 9.450651168823242, 8.889378547668457, 9.194822311401367, 9.506916999816895, 9.592469215393066, 10.004403114318848, 9.090332984924316, 9.369881629943848, 10.209019660949707, 9.071663856506348, 9.571285247802734, 10.075761795043945, 8.993842124938965, 9.516369819641113, 10.125446319580078, 9.107422828674316, 8.605703353881836, 8.706138610839844, 8.934076309204102, 10.025680541992188, 9.417468070983887, 9.743440628051758, 9.796491622924805, 9.06591796875, 9.907984733581543, 9.779121398925781, 9.269542694091797, 8.813047409057617, 10.01045036315918, 9.374646186828613, 9.620000839233398, 9.453607559204102, 9.880790710449219, 8.796920776367188, 8.843939781188965, 8.800858497619629, 9.145488739013672, 8.760047912597656, 9.728060722351074, 8.583124160766602, 9.617476463317871, 9.379666328430176, 9.374846458435059, 9.03129768371582, 8.97723388671875, 9.20671272277832, 9.348036766052246, 8.753497123718262, 9.144552230834961, 8.773740768432617, 9.109769821166992, 8.878095626831055, 9.016389846801758, 8.281500816345215, 8.820905685424805]}