{"aucroc": 0.6707140610254797, "aucpr": 0.09105682582382124, "dataset": "14_glass", "method": "soft", "test_ratio": 0.03666666666666667, "train_ratio": 0.0275, "labeled_anomalies": 0.75, "loe_loss": [13.850013732910156, 12.538771629333496, 13.194343566894531, 11.696554183959961, 11.746735572814941, 11.44109058380127, 10.956389427185059, 10.816635131835938, 11.069010734558105, 10.583562850952148, 10.506731033325195, 10.104650497436523, 10.418608665466309, 9.301921844482422, 10.40369987487793, 9.470881462097168, 10.251554489135742, 9.790177345275879, 9.84155559539795, 9.416399955749512, 10.11532974243164, 9.948020935058594, 9.338308334350586, 9.831010818481445, 10.262137413024902, 10.322447776794434, 9.029365539550781, 9.155142784118652, 10.161161422729492, 9.90108585357666, 8.970077514648438, 9.055741310119629, 9.409733772277832, 8.740640640258789, 9.611849784851074, 8.70517635345459, 8.849321365356445, 9.64111614227295, 8.840200424194336, 9.359169960021973, 9.184721946716309, 8.922407150268555, 9.160687446594238, 8.63027572631836, 9.129857063293457, 8.841073036193848, 9.551403999328613, 8.863129615783691, 8.628384590148926, 8.464174270629883, 9.078398704528809, 9.261436462402344, 8.452638626098633, 8.994084358215332, 8.441494941711426, 9.269227027893066, 9.03160285949707, 9.239053726196289, 9.51304817199707, 9.13625717163086, 9.444164276123047, 8.986331939697266, 9.307857513427734, 8.365930557250977, 8.703700065612793, 8.983213424682617, 9.266310691833496, 9.410248756408691, 8.913555145263672, 9.084965705871582, 9.225040435791016, 8.60710620880127, 8.383955001831055, 8.392419815063477, 9.057001113891602, 8.454079627990723, 8.604921340942383, 8.200631141662598, 8.394210815429688, 8.381914138793945, 8.453193664550781, 8.399744987487793, 8.426026344299316, 9.401758193969727, 8.401506423950195, 8.47952651977539, 8.704784393310547, 9.14226245880127, 9.3243408203125, 8.256816864013672, 8.246706008911133, 8.19884967803955, 8.494945526123047, 8.760642051696777, 8.421534538269043, 8.184585571289062, 8.92818832397461, 8.389525413513184, 8.601737022399902, 8.786523818969727, 8.539693832397461, 8.137497901916504, 8.670267105102539, 8.690165519714355, 8.06650161743164, 8.45756721496582, 8.595993995666504, 8.052220344543457, 8.060158729553223, 8.550922393798828, 8.279714584350586, 8.40526294708252, 7.958580017089844, 8.57862663269043, 7.898458480834961, 8.53295612335205, 8.896712303161621, 8.58621883392334, 7.78709602355957, 8.91323471069336]}