{"aucroc": 0.6678829820698333, "aucpr": 0.09416924214872832, "dataset": "14_glass", "method": "soft", "test_ratio": 0.03666666666666667, "train_ratio": 0.018333333333333333, "labeled_anomalies": 0.5, "loe_loss": [14.204444885253906, 12.82154655456543, 13.645467758178711, 12.089632987976074, 12.159210205078125, 11.999459266662598, 11.34829044342041, 11.107358932495117, 11.441621780395508, 10.979486465454102, 10.841031074523926, 10.439555168151855, 10.820841789245605, 9.542037010192871, 10.745628356933594, 9.847736358642578, 10.592913627624512, 10.169039726257324, 10.230311393737793, 9.747804641723633, 10.42116641998291, 10.452018737792969, 9.718317985534668, 10.143877029418945, 10.621824264526367, 10.789560317993164, 9.239029884338379, 9.429667472839355, 10.501307487487793, 10.209625244140625, 9.298168182373047, 9.35738754272461, 9.697296142578125, 9.180618286132812, 10.029646873474121, 9.037314414978027, 9.187541007995605, 10.031004905700684, 9.128862380981445, 9.659603118896484, 9.450447082519531, 9.203434944152832, 9.505949020385742, 8.927490234375, 9.423726081848145, 9.181187629699707, 9.904038429260254, 9.257266998291016, 8.911345481872559, 8.770052909851074, 9.37021541595459, 9.532033920288086, 8.721078872680664, 9.32081413269043, 8.741097450256348, 9.55777645111084, 9.328575134277344, 9.602395057678223, 9.880739212036133, 9.542647361755371, 9.864182472229004, 9.259063720703125, 9.755821228027344, 8.651984214782715, 8.945308685302734, 9.317192077636719, 9.551793098449707, 9.709410667419434, 9.18361759185791, 9.373687744140625, 9.617853164672852, 8.902507781982422, 8.67267894744873, 8.77170467376709, 9.519813537597656, 8.780780792236328, 8.960216522216797, 8.545567512512207, 8.73254108428955, 8.654318809509277, 8.725518226623535, 8.733445167541504, 8.757439613342285, 9.70034408569336, 8.808042526245117, 8.79098129272461, 9.007291793823242, 9.461496353149414, 9.920894622802734, 8.518202781677246, 8.566076278686523, 8.552964210510254, 8.725805282592773, 9.09271240234375, 8.959132194519043, 8.543225288391113, 9.262556076049805, 8.6840181350708, 8.981853485107422, 9.143019676208496, 8.922078132629395, 8.509563446044922, 9.028042793273926, 9.030197143554688, 8.406515121459961, 8.89403247833252, 8.962920188903809, 8.44011116027832, 8.458088874816895, 8.974791526794434, 8.66446590423584, 8.805882453918457, 8.348225593566895, 8.935840606689453, 8.346735000610352, 9.057470321655273, 9.317461967468262, 8.976670265197754, 8.26255989074707, 9.399002075195312]}