{"aucroc": 0.6644856873230575, "aucpr": 0.09554360626490822, "dataset": "14_glass", "method": "soft", "test_ratio": 0.03666666666666667, "train_ratio": 0.009166666666666667, "labeled_anomalies": 0.25, "loe_loss": [14.596170425415039, 13.144693374633789, 14.179247856140137, 12.660953521728516, 12.5953369140625, 12.714994430541992, 11.848652839660645, 11.425769805908203, 11.938228607177734, 11.520609855651855, 11.205808639526367, 10.960933685302734, 11.349714279174805, 9.87572956085205, 11.163290977478027, 10.338471412658691, 10.931180000305176, 10.67749309539795, 10.744335174560547, 10.120240211486816, 10.742961883544922, 11.10042667388916, 10.210777282714844, 10.460747718811035, 11.084603309631348, 11.419646263122559, 9.483444213867188, 9.72767448425293, 10.968393325805664, 10.523665428161621, 9.654894828796387, 9.694916725158691, 9.992876052856445, 9.62294864654541, 10.4879789352417, 9.398096084594727, 9.554588317871094, 10.638257026672363, 9.595050811767578, 9.967533111572266, 9.751615524291992, 9.552955627441406, 9.95827579498291, 9.266690254211426, 9.747797966003418, 9.648608207702637, 10.304313659667969, 9.861021995544434, 9.250909805297852, 9.085643768310547, 9.669634819030762, 9.807796478271484, 8.990906715393066, 9.719493865966797, 9.069241523742676, 9.892452239990234, 9.627903938293457, 10.035177230834961, 10.460824966430664, 9.941421508789062, 10.262924194335938, 9.548700332641602, 10.341001510620117, 8.989615440368652, 9.193695068359375, 9.756803512573242, 9.838098526000977, 10.033258438110352, 9.489250183105469, 9.675188064575195, 10.214177131652832, 9.220727920532227, 8.992661476135254, 9.25796127319336, 10.097945213317871, 9.101156234741211, 9.409798622131348, 8.895362854003906, 9.068122863769531, 8.96290397644043, 9.040478706359863, 9.13436222076416, 9.104279518127441, 9.982868194580078, 9.447243690490723, 9.252174377441406, 9.3827486038208, 9.80386734008789, 10.50034236907959, 8.878768920898438, 8.893037796020508, 8.936389923095703, 9.012846946716309, 9.416911125183105, 9.623366355895996, 8.913877487182617, 9.616297721862793, 9.020137786865234, 9.435930252075195, 9.613151550292969, 9.425773620605469, 8.902399063110352, 9.396440505981445, 9.459534645080566, 8.80172348022461, 9.37702465057373, 9.332498550415039, 8.938724517822266, 8.86215877532959, 9.5027437210083, 9.066657066345215, 9.224102973937988, 8.81298542022705, 9.312446594238281, 8.838726043701172, 9.728889465332031, 9.70525074005127, 9.402413368225098, 8.792011260986328, 10.031331062316895]}