{"aucroc": 0.6703994966970745, "aucpr": 0.09456007224392116, "dataset": "14_glass", "method": "refine", "test_ratio": 0.03666666666666667, "train_ratio": 0.0275, "labeled_anomalies": 0.75, "loe_loss": [14.444026947021484, 13.203363418579102, 12.849254608154297, 12.462465286254883, 12.143692970275879, 11.778915405273438, 11.484122276306152, 11.111083030700684, 11.902835845947266, 11.561564445495605, 11.056465148925781, 11.31414794921875, 10.935086250305176, 10.230348587036133, 10.16579532623291, 10.382250785827637, 10.240224838256836, 10.85031509399414, 9.490220069885254, 10.866559982299805, 9.746984481811523, 10.439477920532227, 9.753850936889648, 10.091384887695312, 9.595544815063477, 10.094135284423828, 9.650148391723633, 9.642826080322266, 9.579538345336914, 10.363334655761719, 9.121988296508789, 9.454778671264648, 10.889557838439941, 9.856670379638672, 8.986588478088379, 9.115633010864258, 9.457783699035645, 9.407179832458496, 10.11709213256836, 10.023160934448242, 9.386127471923828, 9.584403991699219, 8.950862884521484, 9.111499786376953, 9.61585521697998, 9.344010353088379, 9.241957664489746, 9.044534683227539, 8.9074125289917, 9.11168098449707, 9.423975944519043, 9.793196678161621, 9.730255126953125, 9.557564735412598, 9.264311790466309, 9.144071578979492, 9.401727676391602, 9.022294044494629, 9.927772521972656, 9.279550552368164, 8.93901252746582, 8.756387710571289, 8.809316635131836, 8.800357818603516, 8.445929527282715, 9.203481674194336, 8.68222713470459, 8.935463905334473, 9.27971363067627, 9.351032257080078, 9.759109497070312, 8.822181701660156, 9.108597755432129, 9.909481048583984, 8.824987411499023, 9.306425094604492, 9.823235511779785, 8.72270393371582, 9.254228591918945, 9.905477523803711, 8.904513359069824, 8.450180053710938, 8.461024284362793, 8.717170715332031, 9.717350006103516, 9.106319427490234, 9.372995376586914, 9.473711967468262, 8.793842315673828, 9.690363883972168, 9.533235549926758, 9.001569747924805, 8.639593124389648, 9.75541877746582, 9.168686866760254, 9.408888816833496, 9.225936889648438, 9.636817932128906, 8.595231056213379, 8.57999324798584, 8.556780815124512, 8.819939613342285, 8.537036895751953, 9.509384155273438, 8.385205268859863, 9.372782707214355, 8.996213912963867, 9.125410079956055, 8.773420333862305, 8.778295516967773, 8.653018951416016, 8.917258262634277, 8.443014144897461, 8.874414443969727, 8.52476978302002, 8.89055061340332, 8.54617691040039, 8.779583930969238, 8.043577194213867, 8.534629821777344]}