{"aucroc": 0.7336010709504686, "aucpr": 0.28678488165079813, "dataset": "15_Hepatitis", "method": "refine", "test_ratio": 0.17, "train_ratio": 0.025500000000000002, "labeled_anomalies": 0.15, "loe_loss": [40.511924743652344, 37.607364654541016, 36.399410247802734, 36.480308532714844, 35.069698333740234, 34.41004943847656, 34.288368225097656, 33.34904479980469, 33.39576721191406, 33.405094146728516, 34.42786407470703, 32.60211181640625, 31.956680297851562, 31.449359893798828, 32.074710845947266, 31.749746322631836, 30.997268676757812, 30.50798225402832, 31.2340030670166, 30.950443267822266, 30.299165725708008, 31.14684295654297, 30.704553604125977, 30.55113983154297, 29.5117244720459, 30.181127548217773, 29.85641860961914, 29.640525817871094, 30.181669235229492, 30.021747589111328, 29.452430725097656, 29.637439727783203, 29.748882293701172, 28.859901428222656, 28.85017204284668, 29.524646759033203, 29.726234436035156, 29.100353240966797, 28.513050079345703, 28.86419105529785, 28.981491088867188, 29.3105525970459, 28.525606155395508, 28.329126358032227, 29.527210235595703, 28.7901611328125, 28.784465789794922, 29.586870193481445, 28.241390228271484, 28.55133628845215, 28.27537727355957, 29.028446197509766, 28.562419891357422, 28.30848503112793, 28.113014221191406, 27.664287567138672, 27.680686950683594, 27.598926544189453, 28.45743179321289, 28.004779815673828, 27.69445037841797, 27.707813262939453, 27.352313995361328, 27.99774742126465, 27.50241470336914, 27.331125259399414, 27.76601791381836, 28.063501358032227, 27.320432662963867, 27.6774959564209, 27.45336151123047, 27.461515426635742, 27.391597747802734, 27.513999938964844, 27.52621841430664, 27.25446128845215, 27.59133529663086, 27.849382400512695, 27.250991821289062, 27.681148529052734, 27.21700668334961, 27.152559280395508, 27.356489181518555, 27.289518356323242, 28.341140747070312, 27.208267211914062, 26.469390869140625, 26.855270385742188, 27.42635154724121, 27.302982330322266, 27.71651840209961, 26.83140754699707, 27.41317367553711, 27.518625259399414, 27.236623764038086, 26.579313278198242, 26.758337020874023, 26.64596939086914, 27.231616973876953, 27.60991668701172, 27.18347930908203, 26.900075912475586, 27.189231872558594, 26.714679718017578, 26.387176513671875, 26.73375129699707, 27.08810806274414, 26.725927352905273, 26.888818740844727, 27.341644287109375, 27.178712844848633, 26.92607879638672, 26.667720794677734, 27.205242156982422, 26.938690185546875, 26.037357330322266, 26.680126190185547, 26.495845794677734, 26.619081497192383, 26.400875091552734]}