{"aucroc": 0.7916843845972125, "aucpr": 0.38735171821065195, "dataset": "15_Hepatitis", "method": "soft", "test_ratio": 0.17, "train_ratio": 0.085, "labeled_anomalies": 0.5, "loe_loss": [36.1806755065918, 34.172080993652344, 32.36184310913086, 32.25080871582031, 31.176895141601562, 31.559715270996094, 29.974950790405273, 29.702789306640625, 29.840072631835938, 29.67176055908203, 28.587364196777344, 29.16448402404785, 28.931507110595703, 28.22646141052246, 28.592487335205078, 28.33584213256836, 28.304866790771484, 27.50929069519043, 27.118515014648438, 27.933393478393555, 26.98906707763672, 29.191043853759766, 27.399566650390625, 27.588687896728516, 27.037128448486328, 27.299823760986328, 26.671680450439453, 26.887975692749023, 26.329557418823242, 26.90352439880371, 26.654611587524414, 26.536422729492188, 25.976675033569336, 26.51813507080078, 26.053466796875, 25.758010864257812, 25.306488037109375, 26.927452087402344, 26.57892417907715, 25.6257266998291, 25.087642669677734, 25.83587646484375, 25.408063888549805, 25.189451217651367, 26.54483985900879, 25.564517974853516, 25.30128288269043, 25.39425277709961, 25.74702262878418, 25.325374603271484, 25.46562385559082, 24.94412612915039, 24.657594680786133, 24.910011291503906, 25.0975284576416, 25.376726150512695, 25.181344985961914, 24.66909408569336, 25.06934356689453, 24.659326553344727, 24.819496154785156, 25.301780700683594, 24.22423553466797, 23.9454345703125, 25.974584579467773, 24.478866577148438, 25.500938415527344, 24.611600875854492, 25.20978355407715, 24.122379302978516, 25.292312622070312, 24.642881393432617, 25.638351440429688, 25.14057159423828, 25.29243278503418, 24.3906192779541, 25.341964721679688, 24.534082412719727, 24.743045806884766, 24.770950317382812, 25.147743225097656, 24.766647338867188, 24.610668182373047, 24.391590118408203, 24.792957305908203, 23.86362075805664, 24.49481773376465, 23.94499969482422, 24.496288299560547, 24.34792709350586, 25.05121612548828, 24.42665672302246, 24.390424728393555, 24.6236572265625, 23.765451431274414, 25.12335968017578, 24.49776268005371, 24.08437728881836, 24.391021728515625, 23.79463768005371, 24.12416648864746, 24.4143123626709, 24.154151916503906, 23.691133499145508, 24.019912719726562, 23.757389068603516, 24.033588409423828, 24.29621696472168, 23.79227066040039, 23.721132278442383, 23.96636962890625, 24.67226219177246, 24.179765701293945, 23.762252807617188, 24.20965003967285, 24.280317306518555, 23.86729621887207, 23.443767547607422, 24.08646011352539, 23.950424194335938]}