{"aucroc": 0.8016536735175999, "aucpr": 0.418656569304963, "dataset": "15_Hepatitis", "method": "refine", "test_ratio": 0.17, "train_ratio": 0.1275, "labeled_anomalies": 0.75, "loe_loss": [34.931312561035156, 32.18006134033203, 31.455020904541016, 31.181493759155273, 30.080812454223633, 29.685565948486328, 29.33817481994629, 28.714204788208008, 28.750303268432617, 28.70669937133789, 29.395462036132812, 27.80268096923828, 27.364757537841797, 26.68511962890625, 27.357650756835938, 27.016000747680664, 26.487003326416016, 26.008892059326172, 26.8239803314209, 26.373184204101562, 25.610977172851562, 26.820091247558594, 26.084156036376953, 26.24175262451172, 25.137292861938477, 25.658157348632812, 25.491413116455078, 25.526390075683594, 25.744644165039062, 25.536836624145508, 25.429710388183594, 25.357789993286133, 25.302066802978516, 24.774965286254883, 24.55042266845703, 25.414216995239258, 25.53010368347168, 24.934900283813477, 24.365604400634766, 24.693187713623047, 24.845539093017578, 25.055707931518555, 24.409032821655273, 24.314159393310547, 24.88529396057129, 24.60133934020996, 24.497880935668945, 25.109451293945312, 24.1011962890625, 24.300111770629883, 24.2426700592041, 24.935745239257812, 24.322452545166016, 24.057004928588867, 24.03672218322754, 23.647890090942383, 23.625648498535156, 23.63174819946289, 24.551755905151367, 24.196821212768555, 24.030466079711914, 23.901569366455078, 23.561878204345703, 24.243444442749023, 23.637834548950195, 23.5810489654541, 23.94858741760254, 24.353801727294922, 23.60555648803711, 23.890281677246094, 23.689834594726562, 23.687299728393555, 23.524322509765625, 23.92935562133789, 23.77239418029785, 23.691818237304688, 23.855932235717773, 23.962297439575195, 23.53267478942871, 23.761978149414062, 23.61408233642578, 23.546142578125, 23.819120407104492, 23.654037475585938, 24.658079147338867, 23.649572372436523, 22.77399444580078, 23.153423309326172, 23.830171585083008, 23.742725372314453, 24.041603088378906, 23.113351821899414, 23.752025604248047, 23.694263458251953, 23.690853118896484, 22.691707611083984, 23.10364532470703, 23.264307022094727, 23.474613189697266, 24.029558181762695, 23.587736129760742, 23.356369018554688, 23.943845748901367, 23.046974182128906, 22.8737735748291, 23.056564331054688, 23.367963790893555, 23.169694900512695, 23.283405303955078, 24.250789642333984, 23.34343910217285, 23.137563705444336, 22.850046157836914, 23.612953186035156, 23.394123077392578, 22.378084182739258, 22.936330795288086, 23.0750789642334, 22.91368293762207, 23.325895309448242]}