{"aucroc": 0.8184581463107332, "aucpr": 0.4451508542108281, "dataset": "15_Hepatitis", "method": "soft", "test_ratio": 0.17, "train_ratio": 0.1275, "labeled_anomalies": 0.75, "loe_loss": [33.14756393432617, 31.157363891601562, 29.61935043334961, 29.40252113342285, 28.398151397705078, 28.62561798095703, 27.28534698486328, 27.039369583129883, 27.135486602783203, 26.90843391418457, 26.00361442565918, 26.561134338378906, 26.239992141723633, 25.585689544677734, 25.89936065673828, 25.683345794677734, 25.65983772277832, 24.981821060180664, 24.520313262939453, 25.309045791625977, 24.483333587646484, 26.578441619873047, 24.923532485961914, 25.13469696044922, 24.483905792236328, 24.941476821899414, 24.16583824157715, 24.392566680908203, 23.855941772460938, 24.478628158569336, 24.12905502319336, 24.08403968811035, 23.619857788085938, 24.159160614013672, 23.79043960571289, 23.395639419555664, 23.018802642822266, 24.489791870117188, 24.154205322265625, 23.250869750976562, 22.855621337890625, 23.559356689453125, 23.048917770385742, 22.824542999267578, 24.10095977783203, 23.237001419067383, 22.921005249023438, 22.89349365234375, 23.382951736450195, 23.107120513916016, 23.260671615600586, 22.646669387817383, 22.284116744995117, 22.62567138671875, 22.79486846923828, 23.164260864257812, 22.874469757080078, 22.417436599731445, 22.85626792907715, 22.3769588470459, 22.519309997558594, 23.202293395996094, 22.041553497314453, 21.766244888305664, 23.730989456176758, 22.268909454345703, 23.36985206604004, 22.37816619873047, 23.004554748535156, 22.08504867553711, 22.973846435546875, 22.369815826416016, 23.51059913635254, 23.06134605407715, 23.24222183227539, 22.182409286499023, 23.28955078125, 22.309484481811523, 22.423324584960938, 22.572214126586914, 23.107925415039062, 22.636974334716797, 22.527711868286133, 22.313396453857422, 22.707656860351562, 21.925535202026367, 22.296722412109375, 21.838462829589844, 22.45920753479004, 22.14071273803711, 23.001535415649414, 22.339513778686523, 22.255767822265625, 22.7117862701416, 21.67725372314453, 23.001354217529297, 22.40597152709961, 22.082138061523438, 22.327848434448242, 21.733535766601562, 22.210023880004883, 22.406307220458984, 22.153053283691406, 21.51214599609375, 21.967411041259766, 21.517311096191406, 22.010116577148438, 22.186918258666992, 21.877647399902344, 21.591773986816406, 22.033002853393555, 22.425132751464844, 22.278505325317383, 21.759153366088867, 22.07894515991211, 22.20709991455078, 21.78009796142578, 21.185861587524414, 21.985158920288086, 21.82437515258789]}