{"aucroc": 0.8031183557760453, "aucpr": 0.4201532216450047, "dataset": "15_Hepatitis", "method": "refine", "test_ratio": 0.17, "train_ratio": 0.17, "labeled_anomalies": 1.0, "loe_loss": [32.93389892578125, 30.356534957885742, 29.67706298828125, 29.337066650390625, 28.403261184692383, 28.093751907348633, 27.569597244262695, 27.1466007232666, 27.102142333984375, 27.006397247314453, 27.65949821472168, 26.062822341918945, 25.73650360107422, 25.083911895751953, 25.659664154052734, 25.381093978881836, 24.947568893432617, 24.42940330505371, 25.307950973510742, 24.705486297607422, 24.04766082763672, 25.211135864257812, 24.41210174560547, 24.656932830810547, 23.64883041381836, 24.150115966796875, 23.908626556396484, 24.079757690429688, 24.212268829345703, 24.02914047241211, 24.00211524963379, 23.83959197998047, 23.739530563354492, 23.3670711517334, 23.08426856994629, 23.91293716430664, 24.016828536987305, 23.412588119506836, 22.85983657836914, 23.158443450927734, 23.368968963623047, 23.50464630126953, 23.041114807128906, 22.915067672729492, 23.273571014404297, 23.169355392456055, 23.018747329711914, 23.594722747802734, 22.59585189819336, 22.830730438232422, 22.843191146850586, 23.505905151367188, 22.864517211914062, 22.609254837036133, 22.59711456298828, 22.143625259399414, 22.292015075683594, 22.199506759643555, 23.154766082763672, 22.767892837524414, 22.697031021118164, 22.474567413330078, 22.153470993041992, 22.74118995666504, 22.25316619873047, 22.213327407836914, 22.605968475341797, 22.987178802490234, 22.220664978027344, 22.559343338012695, 22.321752548217773, 22.32587432861328, 22.08324432373047, 22.583457946777344, 22.378931045532227, 22.422378540039062, 22.481576919555664, 22.609722137451172, 22.123212814331055, 22.36705207824707, 22.19724464416504, 22.201522827148438, 22.38333511352539, 22.364912033081055, 23.338003158569336, 22.384550094604492, 21.495420455932617, 21.791168212890625, 22.422353744506836, 22.38307762145996, 22.646873474121094, 21.718355178833008, 22.380817413330078, 22.344667434692383, 22.288230895996094, 21.270936965942383, 21.67983627319336, 21.89081382751465, 22.15449333190918, 22.6544132232666, 22.136629104614258, 21.9609317779541, 22.638240814208984, 21.65172576904297, 21.453657150268555, 21.687606811523438, 21.862586975097656, 21.759979248046875, 22.116226196289062, 22.892288208007812, 21.990121841430664, 21.73416519165039, 21.502166748046875, 22.320051193237305, 21.99896812438965, 21.028291702270508, 21.600454330444336, 21.756549835205078, 21.627111434936523, 21.9061279296875]}