{"aucroc": 0.7372076541459958, "aucpr": 0.294474777250288, "dataset": "15_Hepatitis", "method": "refine", "test_ratio": 0.17, "train_ratio": 0.0425, "labeled_anomalies": 0.25, "loe_loss": [39.55237579345703, 36.661781311035156, 35.62602615356445, 35.560394287109375, 34.262630462646484, 33.64929962158203, 33.48418426513672, 32.596900939941406, 32.6515998840332, 32.595550537109375, 33.52842712402344, 31.82651138305664, 31.112001419067383, 30.658939361572266, 31.332311630249023, 31.008590698242188, 30.2722110748291, 29.773269653320312, 30.545188903808594, 30.192188262939453, 29.48312759399414, 30.449668884277344, 29.940040588378906, 29.86631202697754, 28.77402114868164, 29.427133560180664, 29.15361213684082, 28.95942497253418, 29.44316291809082, 29.30876922607422, 28.766014099121094, 28.94486427307129, 29.001920700073242, 28.180984497070312, 28.141521453857422, 28.860164642333984, 29.037704467773438, 28.399490356445312, 27.801422119140625, 28.159400939941406, 28.255521774291992, 28.618968963623047, 27.84732437133789, 27.631671905517578, 28.710844039916992, 28.05342674255371, 28.02014923095703, 28.7641544342041, 27.517683029174805, 27.8096866607666, 27.51319122314453, 28.309934616088867, 27.735544204711914, 27.486520767211914, 27.35101318359375, 26.978857040405273, 26.894153594970703, 26.90314483642578, 27.665464401245117, 27.347366333007812, 27.0509033203125, 27.021530151367188, 26.687808990478516, 27.319456100463867, 26.845346450805664, 26.660890579223633, 27.0317325592041, 27.43684196472168, 26.665782928466797, 27.016765594482422, 26.795804977416992, 26.799089431762695, 26.7120418548584, 26.877595901489258, 26.886646270751953, 26.63983917236328, 27.015552520751953, 27.200115203857422, 26.635456085205078, 26.96881675720215, 26.58732795715332, 26.54710578918457, 26.724096298217773, 26.683582305908203, 27.65540313720703, 26.567378997802734, 25.790424346923828, 26.216609954833984, 26.844226837158203, 26.69133949279785, 27.090726852416992, 26.191679000854492, 26.845653533935547, 26.916353225708008, 26.641983032226562, 25.931215286254883, 26.137792587280273, 25.97822380065918, 26.633975982666016, 27.053937911987305, 26.544530868530273, 26.2913875579834, 26.5858211517334, 26.12333869934082, 25.792491912841797, 26.137741088867188, 26.487550735473633, 26.109411239624023, 26.292057037353516, 26.7437744140625, 26.534421920776367, 26.29672622680664, 25.991458892822266, 26.554542541503906, 26.365285873413086, 25.441001892089844, 25.963699340820312, 25.86672592163086, 26.021150588989258, 25.862686157226562]}