{"aucroc": 0.7555713048271517, "aucpr": 0.3143300732622526, "dataset": "15_Hepatitis", "method": "soft", "test_ratio": 0.17, "train_ratio": 0.0425, "labeled_anomalies": 0.25, "loe_loss": [38.854896545410156, 36.84796905517578, 34.74470138549805, 34.81458282470703, 33.683895111083984, 34.11301040649414, 32.34710693359375, 32.08639144897461, 32.29106140136719, 32.207550048828125, 31.033954620361328, 31.57911491394043, 31.40807342529297, 30.65769386291504, 31.103269577026367, 30.785675048828125, 30.572460174560547, 29.86079978942871, 29.332664489746094, 30.32701301574707, 29.139461517333984, 31.466394424438477, 29.554584503173828, 29.755184173583984, 29.216861724853516, 29.42153549194336, 28.912471771240234, 29.064661026000977, 28.523611068725586, 29.088138580322266, 28.84116554260254, 28.73198699951172, 28.009624481201172, 28.56052589416504, 28.11553955078125, 27.889986038208008, 27.38666534423828, 28.990358352661133, 28.64777374267578, 27.661685943603516, 27.12783432006836, 27.895801544189453, 27.47677993774414, 27.176607131958008, 28.6123046875, 27.63640594482422, 27.42063331604004, 27.51150894165039, 27.7531795501709, 27.26435089111328, 27.394351959228516, 27.039653778076172, 26.675739288330078, 26.981948852539062, 27.071165084838867, 27.353185653686523, 27.104976654052734, 26.63579750061035, 27.039169311523438, 26.769445419311523, 26.86789321899414, 27.137081146240234, 26.27001953125, 25.884563446044922, 27.968339920043945, 26.517879486083984, 27.469541549682617, 26.786048889160156, 27.109432220458984, 26.0805606842041, 27.427692413330078, 26.572181701660156, 27.750896453857422, 27.112159729003906, 27.361738204956055, 26.343645095825195, 27.249919891357422, 26.474552154541016, 26.965913772583008, 26.85865020751953, 27.06352424621582, 26.749916076660156, 26.489337921142578, 26.310312271118164, 26.62548828125, 25.68012046813965, 26.42845916748047, 25.777692794799805, 26.31462860107422, 26.265718460083008, 26.831153869628906, 26.435338973999023, 26.258790969848633, 26.47342300415039, 25.676071166992188, 26.962926864624023, 26.31251335144043, 25.977279663085938, 26.288105010986328, 25.641231536865234, 25.971843719482422, 26.255077362060547, 25.941814422607422, 25.639781951904297, 25.971271514892578, 25.59716796875, 25.93863296508789, 26.146427154541016, 25.73868751525879, 25.738513946533203, 25.86224937438965, 26.658422470092773, 26.020156860351562, 25.518108367919922, 26.07867431640625, 26.2734375, 25.71154022216797, 25.355478286743164, 25.87782096862793, 25.86521339416504]}