{"aucroc": 0.769698401448933, "aucpr": 0.3520449208746435, "dataset": "15_Hepatitis", "method": "refine", "test_ratio": 0.17, "train_ratio": 0.085, "labeled_anomalies": 0.5, "loe_loss": [37.38514709472656, 34.52585220336914, 33.715576171875, 33.47966003417969, 32.318084716796875, 31.816781997680664, 31.572751998901367, 30.812545776367188, 30.855836868286133, 30.79124641418457, 31.59749984741211, 29.94366455078125, 29.384258270263672, 28.804162979125977, 29.510400772094727, 29.16266632080078, 28.52096176147461, 28.02231216430664, 28.828969955444336, 28.433271408081055, 27.633594512939453, 28.803953170776367, 28.192176818847656, 28.199026107788086, 27.086097717285156, 27.667545318603516, 27.451181411743164, 27.338348388671875, 27.726455688476562, 27.567920684814453, 27.19243621826172, 27.290897369384766, 27.295686721801758, 26.58734130859375, 26.47539710998535, 27.254840850830078, 27.424297332763672, 26.790287017822266, 26.210796356201172, 26.55320167541504, 26.670989990234375, 27.00366973876953, 26.266651153564453, 26.094074249267578, 26.870656967163086, 26.437593460083008, 26.360517501831055, 27.05677032470703, 25.980375289916992, 26.172117233276367, 25.979707717895508, 26.753908157348633, 26.132360458374023, 25.89456558227539, 25.821868896484375, 25.450679779052734, 25.326139450073242, 25.40265655517578, 26.155029296875, 25.95537757873535, 25.653656005859375, 25.621732711791992, 25.272008895874023, 25.960678100585938, 25.42234992980957, 25.228107452392578, 25.533843994140625, 26.016977310180664, 25.26475715637207, 25.57443618774414, 25.367279052734375, 25.37481117248535, 25.223285675048828, 25.48921775817871, 25.459930419921875, 25.31760597229004, 25.596519470214844, 25.743453979492188, 25.241832733154297, 25.483102798461914, 25.21804428100586, 25.18805694580078, 25.450790405273438, 25.297916412353516, 26.330055236816406, 25.288227081298828, 24.42751121520996, 24.838417053222656, 25.533327102661133, 25.44948959350586, 25.719148635864258, 24.78812599182129, 25.435291290283203, 25.45400619506836, 25.283838272094727, 24.408082962036133, 24.758636474609375, 24.703310012817383, 25.162689208984375, 25.708803176879883, 25.238832473754883, 24.984285354614258, 25.3765811920166, 24.704050064086914, 24.50552749633789, 24.70391845703125, 25.11442756652832, 24.800634384155273, 24.856700897216797, 25.68851661682129, 25.023109436035156, 24.912567138671875, 24.497983932495117, 25.145709991455078, 25.0019474029541, 24.00337791442871, 24.54413414001465, 24.66250991821289, 24.559810638427734, 24.840290069580078]}