{"aucroc": 0.7408772344279078, "aucpr": 0.2885615156656497, "dataset": "15_Hepatitis", "method": "soft", "test_ratio": 0.17, "train_ratio": 0.025500000000000002, "labeled_anomalies": 0.15, "loe_loss": [39.95689010620117, 38.05245590209961, 35.73025894165039, 35.97440719604492, 34.79536056518555, 35.22911834716797, 33.493080139160156, 33.178932189941406, 33.2786750793457, 33.302242279052734, 32.14068603515625, 32.49309158325195, 32.31409454345703, 31.534976959228516, 32.09700012207031, 31.683969497680664, 31.45650863647461, 30.733840942382812, 30.20311164855957, 31.260299682617188, 30.0072021484375, 32.48506546020508, 30.364131927490234, 30.62649917602539, 30.15232276916504, 30.280254364013672, 29.776901245117188, 29.94951629638672, 29.453092575073242, 30.012657165527344, 29.7768611907959, 29.613170623779297, 28.891799926757812, 29.39572525024414, 29.010276794433594, 28.722475051879883, 28.32659912109375, 29.94437026977539, 29.497493743896484, 28.464406967163086, 27.92584991455078, 28.754440307617188, 28.382427215576172, 27.982805252075195, 29.449626922607422, 28.43828582763672, 28.32172393798828, 28.428192138671875, 28.598878860473633, 28.059778213500977, 28.189491271972656, 27.843107223510742, 27.45506477355957, 27.79924774169922, 27.831802368164062, 28.127147674560547, 27.950834274291992, 27.49351692199707, 27.830413818359375, 27.612266540527344, 27.765796661376953, 27.92597007751465, 27.088134765625, 26.69512939453125, 28.774824142456055, 27.37840461730957, 28.316104888916016, 27.5932559967041, 27.91712188720703, 26.85553550720215, 28.241397857666016, 27.410348892211914, 28.58687973022461, 27.95049285888672, 28.188657760620117, 27.095542907714844, 27.986696243286133, 27.260652542114258, 27.780263900756836, 27.838058471679688, 27.848220825195312, 27.630352020263672, 27.328144073486328, 27.046661376953125, 27.32361602783203, 26.492321014404297, 27.125356674194336, 26.510921478271484, 27.08193016052246, 27.068891525268555, 27.72799301147461, 27.266359329223633, 26.96600341796875, 27.1731014251709, 26.521896362304688, 27.655237197875977, 26.971464157104492, 26.659061431884766, 26.977590560913086, 26.444236755371094, 26.680072784423828, 27.089035034179688, 26.640188217163086, 26.37551498413086, 26.672483444213867, 26.33312225341797, 26.642780303955078, 26.930587768554688, 26.524242401123047, 26.629318237304688, 26.52405548095703, 27.392417907714844, 26.857311248779297, 26.279767990112305, 26.840347290039062, 27.004783630371094, 26.41303062438965, 26.068572998046875, 26.50156021118164, 26.60807228088379]}