{"aucroc": 0.6271287878787878, "aucpr": 0.30368662140020286, "dataset": "17_InternetAds", "method": "soft", "test_ratio": 0.1864406779661017, "train_ratio": 0.09322033898305085, "labeled_anomalies": 0.5, "loe_loss": [2359.9990234375, 2324.742919921875, 2299.63916015625, 2344.943359375, 2289.80126953125, 2354.22607421875, 2336.547119140625, 2239.53955078125, 2362.3037109375, 2295.6357421875, 2289.3828125, 2278.134033203125, 2164.0185546875, 2294.47509765625, 2300.763671875, 2192.54931640625, 2118.673095703125, 2196.052490234375, 2163.32568359375, 2143.5693359375, 2218.716552734375, 2131.504150390625, 2067.527587890625, 2233.741455078125, 2225.883056640625, 2207.358642578125, 2186.43896484375, 2159.05859375, 2135.271240234375, 2112.64306640625, 2210.387451171875, 2117.688720703125, 2052.536865234375, 2106.213623046875, 2132.46826171875, 2207.8076171875, 2105.444091796875, 2042.1590576171875, 2126.15478515625, 2039.981201171875, 2105.047607421875, 2093.27880859375, 1981.599853515625, 2071.093994140625, 2124.670654296875, 2064.607666015625, 2166.52783203125, 2204.6416015625, 2097.75244140625, 1998.062255859375, 2066.01220703125, 2038.414306640625, 2030.314208984375, 2013.9259033203125, 2054.886474609375, 2002.947021484375, 2066.66845703125, 2025.1585693359375, 2043.654296875, 1990.268310546875, 2011.0362548828125, 2063.0615234375, 2088.32666015625, 1999.3404541015625, 2078.7841796875, 1996.119140625, 1994.8170166015625, 2002.3502197265625, 2041.1107177734375, 2038.2109375, 1983.1864013671875, 1976.06689453125, 1961.75732421875, 2066.381103515625, 2059.487060546875, 2026.7391357421875, 2074.988525390625, 2046.21142578125, 1934.1600341796875, 1968.1063232421875, 1978.9771728515625, 2040.4564208984375, 2037.233154296875, 1957.646240234375, 2038.9404296875, 1975.124755859375, 1966.9620361328125, 1987.566650390625, 1953.872314453125, 2080.637451171875, 1957.691650390625, 1985.2877197265625, 1991.2974853515625, 1992.0462646484375, 1958.843505859375, 1999.4051513671875, 1910.3026123046875, 1954.726806640625, 1970.54296875, 1984.85400390625, 1953.061279296875, 1999.493408203125, 1991.6214599609375, 1970.228271484375, 1921.7076416015625, 2044.7227783203125, 1986.260498046875, 1964.9090576171875, 1952.368896484375, 1954.389892578125, 1970.0390625, 1922.35498046875, 1958.9019775390625, 1970.543212890625, 2028.0283203125, 2004.156982421875, 1940.9500732421875, 1934.1669921875, 1928.1654052734375, 2032.237060546875]}