{"aucroc": 0.6267689393939394, "aucpr": 0.30341037240018043, "dataset": "17_InternetAds", "method": "refine", "test_ratio": 0.1864406779661017, "train_ratio": 0.09322033898305085, "labeled_anomalies": 0.5, "loe_loss": [2570.34912109375, 2449.048583984375, 2521.5126953125, 2489.39697265625, 2512.8447265625, 2372.96630859375, 2371.0615234375, 2429.2939453125, 2471.15576171875, 2499.662109375, 2421.20361328125, 2403.14208984375, 2402.185791015625, 2279.339599609375, 2307.17578125, 2393.099853515625, 2366.240966796875, 2299.049560546875, 2442.48583984375, 2370.499755859375, 2287.246337890625, 2317.322998046875, 2341.775634765625, 2356.77783203125, 2302.308349609375, 2212.49462890625, 2310.427734375, 2305.57421875, 2347.550537109375, 2295.396240234375, 2254.19091796875, 2308.604248046875, 2187.23095703125, 2343.114501953125, 2213.883544921875, 2245.13427734375, 2265.70166015625, 2210.045166015625, 2176.87255859375, 2195.05126953125, 2259.3857421875, 2205.08349609375, 2245.357421875, 2269.244873046875, 2215.9365234375, 2196.046142578125, 2152.8017578125, 2164.322021484375, 2274.169921875, 2186.89453125, 2177.61181640625, 2189.4580078125, 2161.94775390625, 2126.947998046875, 2192.039306640625, 2252.13525390625, 2122.795166015625, 2113.503173828125, 2183.87548828125, 2146.17724609375, 2119.615478515625, 2181.596435546875, 2141.531494140625, 2169.02783203125, 2141.981201171875, 2109.004638671875, 2209.171142578125, 2081.6162109375, 2137.038330078125, 2131.755859375, 2135.928955078125, 2142.30517578125, 2040.013916015625, 2135.239501953125, 2128.833984375, 2145.9462890625, 2067.29541015625, 2107.529296875, 2085.799072265625, 2148.178955078125, 2104.10693359375, 2062.242431640625, 2117.655029296875, 2029.00048828125, 2082.379150390625, 2061.148193359375, 2066.8359375, 2101.29443359375, 2108.317138671875, 2135.529296875, 2074.875732421875, 2098.255859375, 2082.736328125, 2115.7841796875, 2147.30712890625, 2059.67041015625, 2090.44873046875, 2093.32080078125, 2071.411376953125, 2128.289794921875, 2096.17919921875, 2081.014892578125, 2208.38623046875, 2077.77001953125, 2049.803466796875, 2068.49365234375, 2072.091796875, 2031.424560546875, 2110.923828125, 2085.222900390625, 2097.64794921875, 2080.02880859375, 2094.27099609375, 2125.929443359375, 2082.969482421875, 2053.66943359375, 2070.276611328125, 2051.47509765625, 2016.7613525390625, 2089.09326171875]}