{"aucroc": 0.627125, "aucpr": 0.3037043177364359, "dataset": "17_InternetAds", "method": "refine", "test_ratio": 0.1864406779661017, "train_ratio": 0.1398305084745763, "labeled_anomalies": 0.75, "loe_loss": [2358.658935546875, 2268.614990234375, 2325.39990234375, 2312.700439453125, 2308.195556640625, 2203.263916015625, 2203.897216796875, 2253.1279296875, 2277.27783203125, 2302.90087890625, 2234.86767578125, 2226.080078125, 2220.171875, 2116.80419921875, 2139.132080078125, 2222.097412109375, 2183.97265625, 2135.402587890625, 2248.66943359375, 2197.426025390625, 2128.0634765625, 2130.908935546875, 2173.57666015625, 2156.24267578125, 2136.056396484375, 2049.915771484375, 2151.213134765625, 2124.56591796875, 2174.4423828125, 2133.540771484375, 2086.962890625, 2135.122314453125, 2016.0830078125, 2169.04150390625, 2039.7947998046875, 2093.6982421875, 2103.148193359375, 2049.87109375, 2011.2581787109375, 2045.4500732421875, 2093.69580078125, 2049.362060546875, 2080.751708984375, 2103.25732421875, 2047.572265625, 2048.034912109375, 2007.963134765625, 2005.6685791015625, 2102.31396484375, 2023.423828125, 2028.90380859375, 2035.174560546875, 2002.0133056640625, 1978.8367919921875, 2042.95751953125, 2078.495361328125, 1976.8045654296875, 1973.828857421875, 2032.111328125, 1993.960205078125, 1966.081787109375, 2028.9515380859375, 1982.6834716796875, 2014.93701171875, 1979.9791259765625, 1956.5831298828125, 2060.552734375, 1933.0076904296875, 1979.9263916015625, 1979.7783203125, 1978.2254638671875, 1986.626953125, 1897.4072265625, 1981.1383056640625, 1973.235595703125, 1987.1798095703125, 1918.451416015625, 1951.5042724609375, 1938.7171630859375, 1994.0853271484375, 1957.069091796875, 1918.20361328125, 1973.051025390625, 1887.2415771484375, 1939.9005126953125, 1917.124755859375, 1925.2066650390625, 1945.728515625, 1947.918212890625, 1968.6746826171875, 1928.4261474609375, 1952.1932373046875, 1935.4256591796875, 1959.3446044921875, 1999.0447998046875, 1918.843505859375, 1945.388916015625, 1938.79736328125, 1923.5799560546875, 1981.0985107421875, 1925.6912841796875, 1932.910888671875, 2043.93359375, 1920.525146484375, 1900.2691650390625, 1922.673095703125, 1908.4114990234375, 1891.9146728515625, 1966.75732421875, 1940.370849609375, 1947.0894775390625, 1924.59326171875, 1938.625732421875, 1966.40576171875, 1924.772705078125, 1909.3333740234375, 1923.7943115234375, 1897.62060546875, 1875.7852783203125, 1923.474853515625]}