{"aucroc": 0.6273143939393939, "aucpr": 0.30378673814496043, "dataset": "17_InternetAds", "method": "refine", "test_ratio": 0.1864406779661017, "train_ratio": 0.046610169491525424, "labeled_anomalies": 0.25, "loe_loss": [2818.54248046875, 2663.36328125, 2778.059326171875, 2706.76513671875, 2740.99951171875, 2565.899169921875, 2558.28662109375, 2633.990234375, 2685.111572265625, 2709.80908203125, 2641.843994140625, 2604.7265625, 2602.27001953125, 2461.45703125, 2496.157470703125, 2598.4619140625, 2587.91259765625, 2482.98876953125, 2674.9892578125, 2563.273193359375, 2466.31298828125, 2522.194091796875, 2548.1875, 2630.61474609375, 2495.376220703125, 2394.8994140625, 2494.587890625, 2508.646240234375, 2544.66455078125, 2482.721435546875, 2456.73095703125, 2507.318603515625, 2384.586181640625, 2533.572509765625, 2406.99267578125, 2424.5595703125, 2451.943359375, 2398.9189453125, 2364.399169921875, 2366.722900390625, 2452.249755859375, 2403.203857421875, 2427.548583984375, 2459.59619140625, 2397.052734375, 2371.34814453125, 2327.39990234375, 2344.909912109375, 2483.327880859375, 2384.947265625, 2350.9921875, 2366.685302734375, 2338.98486328125, 2290.45166015625, 2357.03466796875, 2452.8173828125, 2285.321533203125, 2277.58984375, 2350.499755859375, 2321.23388671875, 2287.339599609375, 2351.608154296875, 2308.82861328125, 2335.034423828125, 2323.530517578125, 2274.9208984375, 2372.311767578125, 2243.1435546875, 2301.109130859375, 2308.6015625, 2309.4443359375, 2310.96923828125, 2187.47607421875, 2308.125244140625, 2293.767578125, 2317.78466796875, 2226.824462890625, 2290.453857421875, 2245.7607421875, 2308.7451171875, 2259.5576171875, 2207.535888671875, 2259.89990234375, 2182.544921875, 2224.457275390625, 2220.69189453125, 2224.439453125, 2283.32470703125, 2284.646484375, 2321.4443359375, 2229.22607421875, 2255.6591796875, 2253.095947265625, 2282.756103515625, 2325.24951171875, 2202.03857421875, 2257.353515625, 2259.41943359375, 2234.6376953125, 2293.310546875, 2292.198974609375, 2242.252685546875, 2397.49365234375, 2250.56982421875, 2206.619384765625, 2252.888427734375, 2277.2744140625, 2181.5791015625, 2270.334228515625, 2247.3662109375, 2256.8125, 2244.012451171875, 2257.236572265625, 2291.753173828125, 2258.240966796875, 2214.986083984375, 2241.931884765625, 2227.839111328125, 2170.697509765625, 2259.56201171875]}