{"aucroc": 0.627719696969697, "aucpr": 0.3038067938753536, "dataset": "17_InternetAds", "method": "soft", "test_ratio": 0.1864406779661017, "train_ratio": 0.027966101694915254, "labeled_anomalies": 0.15, "loe_loss": [2861.111572265625, 2691.668212890625, 2656.065185546875, 2744.529052734375, 2611.853515625, 2682.214599609375, 2752.630859375, 2567.325439453125, 2738.12255859375, 2652.915283203125, 2713.2421875, 2616.736572265625, 2528.372802734375, 2631.134521484375, 2738.126708984375, 2515.853271484375, 2479.172607421875, 2530.4853515625, 2493.61865234375, 2445.490966796875, 2587.57080078125, 2473.348388671875, 2367.27099609375, 2597.80322265625, 2601.7177734375, 2535.87060546875, 2525.991943359375, 2512.450439453125, 2441.052001953125, 2457.948486328125, 2545.6025390625, 2428.8203125, 2380.3388671875, 2433.22119140625, 2469.829833984375, 2593.78369140625, 2492.49267578125, 2335.494140625, 2424.462646484375, 2434.218994140625, 2411.994140625, 2414.78466796875, 2292.8515625, 2405.60546875, 2448.931640625, 2441.2060546875, 2486.63525390625, 2545.48388671875, 2430.70703125, 2303.80126953125, 2332.89453125, 2336.28857421875, 2322.925048828125, 2336.830322265625, 2346.61328125, 2336.73388671875, 2379.08544921875, 2299.567626953125, 2349.80078125, 2275.531005859375, 2317.639404296875, 2340.13525390625, 2430.658203125, 2305.44140625, 2398.40771484375, 2281.634765625, 2340.85595703125, 2337.56640625, 2357.281982421875, 2349.624267578125, 2289.02880859375, 2278.97021484375, 2235.420166015625, 2372.94384765625, 2371.515625, 2295.853759765625, 2372.534912109375, 2349.787841796875, 2217.472412109375, 2249.2255859375, 2295.035888671875, 2318.369140625, 2333.0439453125, 2252.9248046875, 2352.7509765625, 2245.73681640625, 2279.1533203125, 2286.394287109375, 2240.9306640625, 2381.48193359375, 2226.642578125, 2289.014892578125, 2271.2353515625, 2253.74462890625, 2241.197265625, 2274.22607421875, 2200.1279296875, 2254.074462890625, 2261.740966796875, 2308.219970703125, 2273.0556640625, 2269.194091796875, 2286.059814453125, 2308.258056640625, 2212.6005859375, 2341.80908203125, 2273.927978515625, 2257.499755859375, 2218.24658203125, 2242.94287109375, 2255.754638671875, 2223.416748046875, 2300.248779296875, 2245.79443359375, 2376.279296875, 2388.81005859375, 2219.773681640625, 2238.5546875, 2216.0791015625, 2294.48876953125]}