{"aucroc": 0.6274015151515151, "aucpr": 0.30393087951879066, "dataset": "17_InternetAds", "method": "soft", "test_ratio": 0.1864406779661017, "train_ratio": 0.1398305084745763, "labeled_anomalies": 0.75, "loe_loss": [2111.090087890625, 2107.74267578125, 2098.4970703125, 2113.602294921875, 2095.1640625, 2146.23779296875, 2099.81640625, 2042.6385498046875, 2139.515625, 2072.249755859375, 2053.212646484375, 2071.566650390625, 1962.505859375, 2090.98974609375, 2063.695556640625, 2003.3890380859375, 1921.410888671875, 1992.4833984375, 1965.494873046875, 1951.0975341796875, 2006.49853515625, 1937.14404296875, 1883.5152587890625, 2014.427978515625, 2002.219482421875, 1999.1785888671875, 1990.530029296875, 1948.6068115234375, 1944.172119140625, 1909.018310546875, 2006.184326171875, 1921.98779296875, 1869.8983154296875, 1908.7552490234375, 1932.78466796875, 1997.560302734375, 1895.6468505859375, 1870.2275390625, 1940.2376708984375, 1845.1617431640625, 1920.525390625, 1902.2606201171875, 1791.2978515625, 1889.1927490234375, 1927.729736328125, 1869.474365234375, 1971.157470703125, 1995.3358154296875, 1902.402587890625, 1824.396240234375, 1888.3179931640625, 1855.606689453125, 1854.731689453125, 1831.0596923828125, 1872.9637451171875, 1821.4239501953125, 1872.25244140625, 1852.29833984375, 1861.2080078125, 1807.1998291015625, 1826.90478515625, 1892.461181640625, 1883.552978515625, 1817.6531982421875, 1873.515869140625, 1818.2569580078125, 1808.3450927734375, 1808.35791015625, 1862.2152099609375, 1852.694580078125, 1803.84130859375, 1789.9725341796875, 1789.236572265625, 1880.482421875, 1866.00927734375, 1851.1005859375, 1889.947998046875, 1852.83935546875, 1758.69482421875, 1797.0672607421875, 1796.03076171875, 1861.0263671875, 1851.8560791015625, 1781.7938232421875, 1834.8974609375, 1808.95849609375, 1790.52978515625, 1808.95947265625, 1771.9403076171875, 1891.657470703125, 1792.635986328125, 1800.2802734375, 1816.11474609375, 1820.019287109375, 1784.2845458984375, 1827.27001953125, 1735.93701171875, 1779.5592041015625, 1789.2503662109375, 1792.0428466796875, 1766.43408203125, 1827.32861328125, 1809.5523681640625, 1776.1268310546875, 1736.026611328125, 1851.8349609375, 1803.52783203125, 1786.6297607421875, 1781.9368896484375, 1781.120361328125, 1799.44580078125, 1745.6470947265625, 1768.960205078125, 1792.6661376953125, 1829.599609375, 1793.051513671875, 1763.0157470703125, 1754.0904541015625, 1750.731689453125, 1860.9493408203125]}