{"aucroc": 0.8936937799043061, "aucpr": 0.8538531035237954, "dataset": "18_Ionosphere", "method": "refine", "test_ratio": 0.36666666666666664, "train_ratio": 0.18333333333333332, "labeled_anomalies": 0.5, "loe_loss": [51.26079559326172, 48.703468322753906, 46.925994873046875, 44.795448303222656, 45.689414978027344, 43.7169303894043, 44.3306884765625, 44.331336975097656, 43.440834045410156, 46.29133605957031, 44.47661209106445, 44.204410552978516, 44.9450569152832, 41.978599548339844, 42.63307571411133, 43.101905822753906, 43.83267593383789, 43.12110900878906, 41.95256805419922, 41.918983459472656, 40.48503875732422, 41.73581314086914, 40.064056396484375, 41.46825408935547, 41.463722229003906, 42.37676239013672, 42.03195571899414, 41.273223876953125, 41.16810989379883, 41.819976806640625, 41.57474899291992, 41.428077697753906, 42.54838943481445, 41.111106872558594, 40.372196197509766, 39.59470748901367, 42.4095344543457, 39.79594802856445, 39.856563568115234, 39.76970291137695, 39.478515625, 38.44684982299805, 39.018821716308594, 38.998905181884766, 39.37422561645508, 37.3735466003418, 37.527008056640625, 39.22114562988281, 37.88602828979492, 36.40694808959961, 39.429588317871094, 37.78705978393555, 36.578311920166016, 36.92681121826172, 38.083412170410156, 36.667415618896484, 36.7017822265625, 38.56739807128906, 38.63188552856445, 37.807865142822266, 36.99452209472656, 39.669029235839844, 35.79325866699219, 36.73570251464844, 36.59864807128906, 36.35658264160156, 37.51141357421875, 36.4366340637207, 36.303707122802734, 36.8806266784668, 37.47467041015625, 37.88348388671875, 34.69504928588867, 35.82318878173828, 37.188743591308594, 35.211029052734375, 34.630741119384766, 36.11115646362305, 38.153751373291016, 36.984527587890625, 35.6517219543457, 35.99831008911133, 36.53668975830078, 35.52531433105469, 35.029823303222656, 36.19876480102539, 34.73738479614258, 34.49458312988281, 36.41574478149414, 33.938724517822266, 34.331382751464844, 36.10655212402344, 35.57705307006836, 34.77644729614258, 35.34794616699219, 34.731231689453125, 36.58845520019531, 34.47698974609375, 34.51076889038086, 33.70923614501953, 34.95260238647461, 32.95552444458008, 33.51091384887695, 35.47948455810547, 34.186458587646484, 34.43022155761719, 34.52140426635742, 33.10480499267578, 33.609615325927734, 34.43196487426758, 33.866458892822266, 33.065467834472656, 35.007118225097656, 33.98796844482422, 32.04340744018555, 32.62895965576172, 33.93031692504883, 32.93681335449219, 34.97779846191406, 33.058433532714844]}