{"aucroc": 0.9100765550239235, "aucpr": 0.8671595021525509, "dataset": "18_Ionosphere", "method": "soft", "test_ratio": 0.36666666666666664, "train_ratio": 0.18333333333333332, "labeled_anomalies": 0.5, "loe_loss": [46.6562385559082, 44.04780960083008, 42.35907745361328, 40.93218994140625, 40.026729583740234, 39.60486602783203, 42.63667678833008, 40.798736572265625, 40.198219299316406, 38.667945861816406, 38.270870208740234, 40.37712478637695, 39.41795349121094, 40.65982437133789, 39.42781066894531, 40.92909622192383, 37.57558059692383, 37.696617126464844, 37.82708740234375, 38.678524017333984, 37.6548957824707, 37.44862747192383, 38.72974395751953, 37.16083526611328, 37.838409423828125, 37.25511932373047, 37.53368377685547, 36.479759216308594, 37.33331298828125, 37.23887252807617, 35.63911056518555, 36.77391815185547, 37.02482604980469, 37.628684997558594, 35.992408752441406, 35.9975471496582, 37.156005859375, 35.423404693603516, 34.705955505371094, 37.02958679199219, 35.8092155456543, 37.375308990478516, 35.06822204589844, 34.97289276123047, 34.8895149230957, 35.7542724609375, 36.14501953125, 32.50704574584961, 34.48169708251953, 36.07251739501953, 34.75578689575195, 34.96732711791992, 34.58768844604492, 35.30429458618164, 33.15312194824219, 35.043914794921875, 33.19667053222656, 34.98487854003906, 34.08746337890625, 34.31804656982422, 34.4259033203125, 34.901554107666016, 33.65395736694336, 31.253305435180664, 33.107765197753906, 33.2525520324707, 33.38652038574219, 35.14706039428711, 33.340126037597656, 32.61676788330078, 33.11932373046875, 32.78609085083008, 32.858741760253906, 32.80223846435547, 32.88350296020508, 31.822853088378906, 33.4989128112793, 34.66310119628906, 32.54296112060547, 29.886667251586914, 31.7473201751709, 32.93951416015625, 34.18107986450195, 33.22203826904297, 32.35929870605469, 31.84610366821289, 31.93424415588379, 31.55009651184082, 31.704647064208984, 30.86414337158203, 30.10371971130371, 30.91996192932129, 31.666061401367188, 30.670276641845703, 31.766672134399414, 33.08744812011719, 29.215633392333984, 29.76090431213379, 32.5592041015625, 32.84382247924805, 31.619508743286133, 28.77784538269043, 30.30902671813965, 29.062602996826172, 28.682781219482422, 30.72498321533203, 30.993255615234375, 29.84213638305664, 30.21615219116211, 29.14113426208496, 28.601892471313477, 28.649269104003906, 30.913156509399414, 29.042659759521484, 29.522014617919922, 29.499692916870117, 28.871652603149414, 28.294048309326172, 27.31148338317871, 30.21792984008789]}