{"aucroc": 0.8617320574162679, "aucpr": 0.7768371209291868, "dataset": "18_Ionosphere", "method": "refine", "test_ratio": 0.36666666666666664, "train_ratio": 0.36666666666666664, "labeled_anomalies": 1.0, "loe_loss": [37.59767532348633, 35.146324157714844, 33.913875579833984, 32.373897552490234, 32.95460510253906, 31.975345611572266, 32.04497528076172, 32.074806213378906, 31.51564598083496, 33.405731201171875, 32.14622116088867, 31.5812931060791, 32.34825134277344, 30.52301788330078, 30.8388729095459, 30.73642921447754, 31.745710372924805, 31.094921112060547, 30.224910736083984, 29.890966415405273, 29.33335304260254, 30.060832977294922, 28.926937103271484, 29.863962173461914, 29.916706085205078, 30.41719627380371, 29.90028190612793, 29.647323608398438, 29.397811889648438, 29.805795669555664, 29.257524490356445, 29.279094696044922, 30.271472930908203, 30.046531677246094, 28.69462013244629, 28.44693946838379, 30.15339469909668, 27.977706909179688, 28.36453628540039, 28.257295608520508, 28.02566146850586, 27.495336532592773, 27.57741928100586, 27.704193115234375, 27.885496139526367, 26.25413703918457, 27.010589599609375, 27.498111724853516, 26.84600067138672, 25.569725036621094, 27.766613006591797, 26.949670791625977, 25.887296676635742, 26.450647354125977, 26.769319534301758, 25.93276596069336, 25.454456329345703, 27.073429107666016, 27.32176399230957, 26.896045684814453, 26.134662628173828, 28.066383361816406, 25.137428283691406, 25.794422149658203, 25.7509765625, 25.304309844970703, 26.47732162475586, 25.446752548217773, 25.36164665222168, 25.891542434692383, 26.73973274230957, 26.59282684326172, 24.322040557861328, 25.200071334838867, 25.723569869995117, 24.42612075805664, 24.532114028930664, 25.457487106323242, 27.609586715698242, 26.04181480407715, 24.986902236938477, 25.141277313232422, 25.885446548461914, 25.294504165649414, 25.089759826660156, 26.419525146484375, 24.64898681640625, 24.39478874206543, 26.338205337524414, 23.513601303100586, 24.04690933227539, 26.039155960083008, 25.412155151367188, 24.736684799194336, 25.151870727539062, 23.569339752197266, 26.195911407470703, 24.074737548828125, 24.82820701599121, 24.06557846069336, 24.71824073791504, 22.982990264892578, 24.2010440826416, 24.825653076171875, 23.799341201782227, 23.57760238647461, 23.874250411987305, 23.023948669433594, 23.37282943725586, 24.737468719482422, 23.792469024658203, 22.955411911010742, 24.499835968017578, 23.842302322387695, 21.60298728942871, 21.459001541137695, 23.027183532714844, 22.01830291748047, 24.700515747070312, 22.996896743774414]}