{"aucroc": 0.8889090909090909, "aucpr": 0.8169166467872794, "dataset": "18_Ionosphere", "method": "soft", "test_ratio": 0.36666666666666664, "train_ratio": 0.27499999999999997, "labeled_anomalies": 0.75, "loe_loss": [37.23301696777344, 34.637901306152344, 33.457828521728516, 32.48113250732422, 31.549556732177734, 31.919269561767578, 33.7746467590332, 32.335845947265625, 31.791027069091797, 30.721923828125, 30.379915237426758, 31.954025268554688, 31.120573043823242, 32.52075958251953, 31.365766525268555, 32.66700744628906, 30.110937118530273, 29.70989227294922, 29.68058967590332, 30.6900691986084, 29.668018341064453, 29.534317016601562, 30.923736572265625, 29.242473602294922, 30.0264892578125, 29.16992950439453, 29.748281478881836, 28.680023193359375, 29.425304412841797, 29.133548736572266, 27.84185028076172, 28.56056785583496, 29.110694885253906, 29.40536880493164, 28.274280548095703, 27.729297637939453, 28.86382484436035, 27.136707305908203, 27.216875076293945, 28.412261962890625, 27.73470687866211, 28.96797752380371, 27.394460678100586, 27.094234466552734, 26.707775115966797, 27.760616302490234, 28.411279678344727, 25.037017822265625, 26.705883026123047, 28.244678497314453, 26.92605209350586, 27.174346923828125, 27.201614379882812, 27.286296844482422, 25.159740447998047, 27.3598575592041, 25.962541580200195, 27.200881958007812, 26.475547790527344, 25.955446243286133, 26.79972267150879, 26.865989685058594, 25.71817398071289, 23.2730770111084, 25.552845001220703, 26.14836883544922, 25.618871688842773, 26.926280975341797, 26.062833786010742, 24.772390365600586, 25.226961135864258, 24.800445556640625, 25.16482162475586, 25.178848266601562, 25.309555053710938, 23.57714080810547, 26.168567657470703, 27.21448516845703, 24.70200538635254, 22.258224487304688, 23.949329376220703, 24.9864501953125, 26.78173065185547, 25.249555587768555, 25.118144989013672, 24.17529296875, 24.234811782836914, 24.192481994628906, 24.635194778442383, 23.785634994506836, 22.362625122070312, 23.139432907104492, 24.34621238708496, 23.461978912353516, 24.127243041992188, 25.191787719726562, 21.098012924194336, 22.31212043762207, 25.832921981811523, 24.881757736206055, 24.23784065246582, 21.197742462158203, 22.7108097076416, 22.388614654541016, 20.590072631835938, 23.598731994628906, 23.620037078857422, 22.237995147705078, 22.661399841308594, 21.324100494384766, 21.710880279541016, 21.28711700439453, 24.326688766479492, 21.187820434570312, 22.4043025970459, 21.926294326782227, 20.920312881469727, 20.364694595336914, 19.359092712402344, 22.80925941467285]}