{"aucroc": 0.8903349282296651, "aucpr": 0.8523832471219588, "dataset": "18_Ionosphere", "method": "refine", "test_ratio": 0.36666666666666664, "train_ratio": 0.09166666666666666, "labeled_anomalies": 0.25, "loe_loss": [60.27760314941406, 57.334129333496094, 55.14339065551758, 52.65989685058594, 54.04135513305664, 51.18057632446289, 52.363609313964844, 52.85240936279297, 51.38922119140625, 54.57951354980469, 52.13902282714844, 52.383140563964844, 53.01234436035156, 48.961158752441406, 50.45109176635742, 51.29387283325195, 51.98298645019531, 50.99554443359375, 49.34882354736328, 49.16971969604492, 47.981815338134766, 48.77301025390625, 47.042205810546875, 48.29835510253906, 48.52962875366211, 49.91404724121094, 49.80357360839844, 48.42587661743164, 48.230506896972656, 49.13241958618164, 49.539955139160156, 49.09351348876953, 50.26163101196289, 47.21365737915039, 47.55178451538086, 46.18386459350586, 50.0298957824707, 46.643348693847656, 46.68153762817383, 47.06075668334961, 46.15458679199219, 44.98295211791992, 45.91610336303711, 45.45810317993164, 46.095237731933594, 44.78614807128906, 43.63599395751953, 45.84550476074219, 44.58051681518555, 42.8599853515625, 46.09953308105469, 44.35192108154297, 42.490482330322266, 43.094024658203125, 45.236541748046875, 43.40312957763672, 42.87336730957031, 45.43089294433594, 45.466800689697266, 44.38823318481445, 43.19808578491211, 46.87784957885742, 42.07989501953125, 43.39926528930664, 42.63040542602539, 42.33392333984375, 43.865352630615234, 42.91937255859375, 42.78715896606445, 43.271034240722656, 43.50898361206055, 44.23213195800781, 40.88532257080078, 42.057865142822266, 43.95258331298828, 41.36510467529297, 40.64716339111328, 42.82815933227539, 44.668155670166016, 43.77973175048828, 41.85479736328125, 41.97111511230469, 42.642433166503906, 42.015010833740234, 40.394622802734375, 42.02867126464844, 40.804996490478516, 41.07337188720703, 42.43152618408203, 39.91305923461914, 40.88315200805664, 42.67433547973633, 42.279510498046875, 41.02725601196289, 42.056549072265625, 41.39581298828125, 43.07186508178711, 40.77735137939453, 40.866539001464844, 39.64265441894531, 41.87621307373047, 38.844512939453125, 39.22283172607422, 42.215660095214844, 40.66740798950195, 40.64381790161133, 41.58679962158203, 39.29259490966797, 40.118675231933594, 41.21119689941406, 40.21403884887695, 38.94831466674805, 41.71125030517578, 40.26327133178711, 38.61077117919922, 39.27164077758789, 40.4821662902832, 39.232566833496094, 41.42253875732422, 39.44612121582031]}