{"aucroc": 0.4479201502286088, "aucpr": 0.17682215591858258, "dataset": "19_landsat", "method": "refine", "test_ratio": 0.20714655618850336, "train_ratio": 0.10357327809425168, "labeled_anomalies": 0.5, "loe_loss": [64.16902160644531, 59.98741149902344, 57.09730911254883, 57.896881103515625, 54.73881912231445, 55.57164001464844, 54.757080078125, 54.849159240722656, 54.47313690185547, 54.44578552246094, 53.01117706298828, 52.836875915527344, 53.829803466796875, 51.636451721191406, 51.54848098754883, 53.2783317565918, 50.949180603027344, 51.671207427978516, 52.287994384765625, 51.500179290771484, 54.183048248291016, 51.56935501098633, 50.78105545043945, 51.43522644042969, 50.5233268737793, 49.71776580810547, 52.469032287597656, 51.017555236816406, 48.01547622680664, 48.99899673461914, 49.15370559692383, 50.94813919067383, 47.033470153808594, 48.70934295654297, 46.91549301147461, 47.22932815551758, 48.444725036621094, 46.57388687133789, 47.0966911315918, 46.028480529785156, 46.386207580566406, 45.025909423828125, 44.110965728759766, 45.412742614746094, 44.33599090576172, 43.5201416015625, 43.371177673339844, 43.586578369140625, 42.60212707519531, 41.69447708129883, 44.38634490966797, 41.995147705078125, 42.091243743896484, 42.322967529296875, 41.32831573486328, 40.792022705078125, 41.136817932128906, 42.91875457763672, 40.8930549621582, 40.78962326049805, 40.83983612060547, 39.765716552734375, 40.252986907958984, 40.18758010864258, 39.39603805541992, 40.06365966796875, 38.72285461425781, 38.81681442260742, 38.32484436035156, 39.48434066772461, 38.33099365234375, 38.86570358276367, 38.707191467285156, 39.068599700927734, 38.87529373168945, 38.23334503173828, 38.76784133911133, 38.0169677734375, 37.68596649169922, 38.76620864868164, 38.49628829956055, 38.3098258972168, 40.32368087768555, 38.494728088378906, 36.33802795410156, 36.618064880371094, 36.407875061035156, 36.94622039794922, 35.821475982666016, 37.12686538696289, 38.764137268066406, 35.539527893066406, 36.010894775390625, 36.39030075073242, 35.86104965209961, 35.49591827392578, 35.82143783569336, 36.07221221923828, 36.44669723510742, 35.56810760498047, 35.268436431884766, 36.187782287597656, 34.128562927246094, 35.22337341308594, 34.66596984863281, 34.67227554321289, 34.69862747192383, 34.249305725097656, 33.385658264160156, 33.982845306396484, 34.45125961303711, 33.82209014892578, 32.69196319580078, 33.37815475463867, 32.453948974609375, 32.73490905761719, 33.972137451171875, 34.62574768066406, 33.33287048339844, 33.183692932128906]}