{"aucroc": 0.46254702808621817, "aucpr": 0.18217220032630116, "dataset": "19_landsat", "method": "refine", "test_ratio": 0.20714655618850336, "train_ratio": 0.15535991714137753, "labeled_anomalies": 0.75, "loe_loss": [59.59925079345703, 55.65713882446289, 53.23780822753906, 53.339805603027344, 50.91522216796875, 51.70225524902344, 50.883785247802734, 50.62285614013672, 50.59146499633789, 50.79930877685547, 49.26430892944336, 49.26884841918945, 49.86821365356445, 47.96588897705078, 47.90163803100586, 49.0853157043457, 47.52539825439453, 47.99702835083008, 48.409393310546875, 47.72134780883789, 49.55207061767578, 47.488525390625, 47.1904411315918, 47.029945373535156, 46.71927261352539, 46.05863952636719, 48.039833068847656, 47.28107833862305, 44.728946685791016, 45.45010757446289, 45.04478454589844, 46.67115783691406, 43.8619499206543, 45.56583023071289, 43.8992805480957, 44.21923828125, 44.6651496887207, 43.63115692138672, 43.93589782714844, 43.583709716796875, 43.55009460449219, 42.876487731933594, 43.30787658691406, 44.55482864379883, 43.166988372802734, 42.47321701049805, 42.318119049072266, 42.527748107910156, 40.78901290893555, 40.258934020996094, 42.92401123046875, 40.32863235473633, 40.83820343017578, 40.67917251586914, 38.9156494140625, 38.80647659301758, 38.28935623168945, 40.299461364746094, 39.634239196777344, 38.87741470336914, 39.20685958862305, 37.365211486816406, 37.8635139465332, 38.03682327270508, 37.57075500488281, 37.92060852050781, 36.6724739074707, 36.60038757324219, 36.24557876586914, 36.94129180908203, 36.25804138183594, 37.00665283203125, 36.5772705078125, 36.488861083984375, 36.50052261352539, 35.88956832885742, 36.043983459472656, 35.481082916259766, 35.286014556884766, 35.75376892089844, 35.67926788330078, 35.4392204284668, 36.428733825683594, 35.66356658935547, 33.746795654296875, 34.47071075439453, 34.134910583496094, 34.74180221557617, 33.58004379272461, 33.647335052490234, 34.27481460571289, 33.582191467285156, 33.65192413330078, 34.09550476074219, 33.37664794921875, 33.44230270385742, 33.448974609375, 33.444786071777344, 34.1328125, 33.256591796875, 33.41228103637695, 33.18539047241211, 31.9357852935791, 32.902130126953125, 31.88414192199707, 32.48230743408203, 32.46453094482422, 32.04911804199219, 30.798452377319336, 31.485471725463867, 31.95296859741211, 31.1533203125, 30.09300994873047, 30.98453140258789, 30.02971649169922, 30.61957359313965, 30.931903839111328, 31.7845401763916, 30.96652603149414, 30.62687110900879]}