{"aucroc": 0.5895960156760287, "aucpr": 0.25264461062524196, "dataset": "19_landsat", "method": "soft", "test_ratio": 0.20714655618850336, "train_ratio": 0.20714655618850336, "labeled_anomalies": 1.0, "loe_loss": [48.06012725830078, 43.51647186279297, 42.86383819580078, 43.007225036621094, 42.20884323120117, 41.428192138671875, 41.017333984375, 41.085052490234375, 41.21380615234375, 39.811954498291016, 41.240516662597656, 40.38617706298828, 40.147762298583984, 39.895530700683594, 39.76988220214844, 40.290042877197266, 39.82474899291992, 39.25699234008789, 39.93389892578125, 38.47075271606445, 37.892948150634766, 37.80944061279297, 36.84538269042969, 37.37199783325195, 38.04216766357422, 38.08349609375, 37.819915771484375, 37.622161865234375, 37.62714385986328, 36.0672492980957, 36.75617218017578, 36.532535552978516, 35.92596435546875, 36.54496765136719, 35.93830108642578, 35.749244689941406, 34.54808807373047, 34.430110931396484, 34.80516052246094, 34.522613525390625, 33.055824279785156, 33.15969467163086, 33.74872970581055, 32.3264274597168, 32.3476448059082, 33.89324951171875, 32.213043212890625, 31.590864181518555, 32.74519348144531, 32.1461181640625, 31.967592239379883, 31.000211715698242, 31.32240867614746, 32.75194549560547, 30.793991088867188, 30.027076721191406, 29.946102142333984, 30.43842315673828, 30.226613998413086, 28.968860626220703, 29.126562118530273, 30.020591735839844, 29.52013397216797, 27.73828125, 27.336528778076172, 28.589719772338867, 27.47289276123047, 28.437339782714844, 28.904882431030273, 27.906696319580078, 27.307052612304688, 27.220279693603516, 25.562240600585938, 25.71293830871582, 26.837024688720703, 26.819801330566406, 26.148466110229492, 24.656597137451172, 26.466472625732422, 23.967967987060547, 24.75191307067871, 24.84207534790039, 25.244434356689453, 25.077392578125, 23.673452377319336, 24.99821662902832, 23.044769287109375, 23.012428283691406, 21.318143844604492, 24.15990447998047, 22.63300895690918, 22.861303329467773, 22.095806121826172, 22.151641845703125, 22.287353515625, 23.97079086303711, 18.49036979675293, 20.5126895904541, 22.06734848022461, 19.743715286254883, 20.634628295898438, 19.7685546875, 16.623849868774414, 19.59085464477539, 17.590662002563477, 17.52491569519043, 17.268400192260742, 22.373706817626953, 16.195068359375, 17.879058837890625, 12.55007553100586, 14.961928367614746, 9.783940315246582, 10.40126895904541, 9.730308532714844, 8.664101600646973, 7.5653605461120605, 14.364861488342285, -7.780208587646484]}