{"aucroc": 0.4805685826257348, "aucpr": 0.18745499431445262, "dataset": "19_landsat", "method": "soft", "test_ratio": 0.20714655618850336, "train_ratio": 0.10357327809425168, "labeled_anomalies": 0.5, "loe_loss": [59.71993637084961, 54.354122161865234, 52.639896392822266, 54.99382781982422, 52.84781265258789, 53.328338623046875, 54.209983825683594, 53.116737365722656, 51.59900665283203, 49.70359420776367, 50.32549285888672, 49.202369689941406, 51.801513671875, 49.19227600097656, 51.10673141479492, 49.56250762939453, 48.396324157714844, 47.48987579345703, 48.86604690551758, 46.461639404296875, 48.50008773803711, 46.70487976074219, 47.052330017089844, 46.93846130371094, 47.95518493652344, 46.06048583984375, 45.31288528442383, 47.168678283691406, 44.66979217529297, 45.6821174621582, 44.76103210449219, 46.24900817871094, 44.76266860961914, 44.678340911865234, 44.50334548950195, 43.498435974121094, 44.05863952636719, 43.56791305541992, 45.62084197998047, 45.998287200927734, 46.759246826171875, 44.50880813598633, 43.008506774902344, 44.80630874633789, 44.463470458984375, 42.65044403076172, 42.33515167236328, 43.29770278930664, 44.93180465698242, 42.93265914916992, 43.26526641845703, 41.753021240234375, 40.603416442871094, 41.27263259887695, 39.223182678222656, 38.700523376464844, 41.90226745605469, 41.35129928588867, 38.69630813598633, 39.62761306762695, 39.29066848754883, 38.234764099121094, 41.55891418457031, 37.32606506347656, 38.35430145263672, 38.50868225097656, 37.827178955078125, 36.94662094116211, 38.49045181274414, 36.988399505615234, 36.717079162597656, 38.05976867675781, 36.06358337402344, 35.773353576660156, 35.97019958496094, 38.270118713378906, 35.592002868652344, 35.47570037841797, 35.676971435546875, 34.5177001953125, 34.51726150512695, 35.95399856567383, 34.3536376953125, 34.02976989746094, 34.82257843017578, 36.38829040527344, 34.28396987915039, 34.00489807128906, 33.366844177246094, 33.407691955566406, 33.19623565673828, 32.9036750793457, 32.74864196777344, 33.059471130371094, 33.58251953125, 32.150001525878906, 32.21213912963867, 31.973350524902344, 31.076393127441406, 32.10333251953125, 31.580230712890625, 32.17185974121094, 31.316823959350586, 30.127260208129883, 31.35931396484375, 30.932981491088867, 30.327999114990234, 29.70809555053711, 30.008007049560547, 30.51239013671875, 30.3853816986084, 30.470958709716797, 31.55038070678711, 29.644392013549805, 29.151229858398438, 27.966793060302734, 27.937702178955078, 28.95189666748047, 29.078100204467773, 29.79745864868164]}