{"aucroc": 0.4480473546701503, "aucpr": 0.17745420656761157, "dataset": "19_landsat", "method": "soft", "test_ratio": 0.20714655618850336, "train_ratio": 0.031071983428275503, "labeled_anomalies": 0.15, "loe_loss": [71.95960235595703, 65.51885986328125, 63.32568359375, 67.53229522705078, 64.76372528076172, 64.71309661865234, 66.1339340209961, 66.73517608642578, 62.76186752319336, 59.82389450073242, 60.377960205078125, 58.49699401855469, 62.894126892089844, 58.853431701660156, 63.71477127075195, 60.01329040527344, 59.081642150878906, 56.650978088378906, 59.61574172973633, 55.748653411865234, 57.23406982421875, 56.71961212158203, 58.86399459838867, 57.68323516845703, 59.08782958984375, 55.35271072387695, 57.44081497192383, 59.61445999145508, 52.654563903808594, 54.16306686401367, 55.93513488769531, 57.23062515258789, 54.85279083251953, 55.034912109375, 55.03353500366211, 52.766807556152344, 55.15020751953125, 52.8046875, 54.79332733154297, 55.64500045776367, 57.983821868896484, 53.72834014892578, 50.86580276489258, 55.958526611328125, 53.51884460449219, 50.32040786743164, 52.9414176940918, 52.165191650390625, 53.29210662841797, 51.919593811035156, 51.30884552001953, 49.493751525878906, 48.5762939453125, 51.056129455566406, 47.072906494140625, 48.493316650390625, 48.117897033691406, 50.27226638793945, 45.95985412597656, 47.472896575927734, 47.91166305541992, 44.829071044921875, 47.64646911621094, 47.9719123840332, 47.36411666870117, 45.635589599609375, 46.75617980957031, 45.380088806152344, 47.77060317993164, 46.47709655761719, 45.212379455566406, 47.912254333496094, 46.01548767089844, 45.11351013183594, 41.58051300048828, 48.75645446777344, 44.632347106933594, 46.58061981201172, 46.57047653198242, 47.84526062011719, 45.08396530151367, 45.36487579345703, 44.438568115234375, 43.80839538574219, 41.872928619384766, 45.22334289550781, 43.64082717895508, 42.068241119384766, 44.782432556152344, 44.84378433227539, 43.1239013671875, 42.18895721435547, 42.44432830810547, 41.654396057128906, 42.60125732421875, 41.92898178100586, 41.078887939453125, 41.0930061340332, 42.06395721435547, 41.37295913696289, 40.27484893798828, 41.59497833251953, 39.443626403808594, 41.77235412597656, 41.48382568359375, 39.97130584716797, 39.620262145996094, 41.281410217285156, 40.33680725097656, 39.35358810424805, 40.30179977416992, 39.89888000488281, 40.38114929199219, 38.71753692626953, 40.98434829711914, 40.183902740478516, 38.45602798461914, 39.843570709228516, 38.38106155395508, 39.5040283203125]}