{"aucroc": 0.4410958523840627, "aucpr": 0.17412726687104876, "dataset": "19_landsat", "method": "refine", "test_ratio": 0.20714655618850336, "train_ratio": 0.031071983428275503, "labeled_anomalies": 0.15, "loe_loss": [73.80692291259766, 69.2015151977539, 65.38949584960938, 67.66231536865234, 62.76152420043945, 65.2369613647461, 62.95848846435547, 63.580238342285156, 63.15262985229492, 62.165916442871094, 61.053924560546875, 60.89241409301758, 62.2629280090332, 60.23830795288086, 59.668060302734375, 62.799983978271484, 58.62649154663086, 59.70265197753906, 61.337486267089844, 60.414676666259766, 63.421142578125, 60.19218444824219, 58.58605194091797, 61.13197708129883, 59.033042907714844, 57.88770294189453, 61.74081802368164, 58.865848541259766, 55.266021728515625, 57.590885162353516, 58.69734191894531, 60.488590240478516, 54.839561462402344, 56.45064163208008, 54.91474151611328, 55.715431213378906, 57.54231643676758, 55.406803131103516, 53.42638397216797, 51.9639892578125, 55.000823974609375, 51.82065963745117, 50.54811096191406, 53.862606048583984, 51.27793884277344, 51.94186782836914, 49.27150344848633, 50.52385711669922, 49.93853759765625, 48.03630065917969, 52.63357925415039, 50.04508972167969, 48.39689254760742, 50.85197448730469, 47.08853530883789, 48.11536407470703, 48.100433349609375, 50.75339126586914, 46.93447494506836, 48.22977066040039, 49.4264030456543, 46.85580062866211, 48.432804107666016, 47.841148376464844, 44.56324005126953, 47.17134094238281, 44.458675384521484, 43.52013397216797, 44.301666259765625, 46.790950775146484, 45.79001998901367, 46.12807083129883, 46.663421630859375, 46.516197204589844, 46.46206283569336, 45.45043182373047, 46.86482238769531, 45.86190414428711, 43.88680648803711, 45.953697204589844, 47.77753829956055, 47.26569366455078, 49.60064697265625, 46.66838073730469, 42.46377944946289, 42.961307525634766, 44.52843475341797, 45.35868835449219, 43.81196594238281, 46.73275375366211, 46.75796127319336, 43.618873596191406, 43.37398910522461, 42.90495681762695, 43.229286193847656, 42.6354866027832, 43.788490295410156, 43.167259216308594, 43.64862060546875, 43.20478439331055, 41.450111389160156, 44.81159973144531, 40.66777801513672, 41.981449127197266, 42.68553161621094, 41.67123794555664, 42.09709167480469, 41.835548400878906, 39.808109283447266, 40.96261978149414, 41.30649185180664, 40.40709686279297, 39.00326919555664, 39.55568313598633, 38.01439666748047, 38.93045425415039, 40.241737365722656, 41.99581527709961, 40.458824157714844, 40.94027328491211]}