{"aucroc": 0.661525925925926, "aucpr": 0.13494556409416106, "dataset": "20_letter", "method": "refine", "test_ratio": 0.0625, "train_ratio": 0.046875, "labeled_anomalies": 0.75, "loe_loss": [64.971435546875, 61.78443145751953, 59.832698822021484, 59.44392776489258, 58.44395446777344, 58.90375900268555, 57.44544219970703, 57.57183074951172, 57.66253662109375, 57.83876037597656, 57.04421615600586, 57.84185028076172, 55.86245346069336, 55.91877746582031, 55.83692932128906, 54.40129852294922, 54.727413177490234, 54.8792724609375, 55.25754165649414, 54.592437744140625, 54.15191650390625, 53.7997932434082, 54.658660888671875, 52.226253509521484, 54.239227294921875, 53.77873229980469, 52.69670867919922, 52.1457405090332, 52.19053649902344, 50.92538070678711, 52.62415313720703, 50.73942947387695, 50.6958122253418, 51.599510192871094, 51.36038589477539, 51.033912658691406, 50.084503173828125, 50.396480560302734, 51.88999938964844, 49.913761138916016, 50.201087951660156, 49.455326080322266, 49.30445098876953, 49.50757598876953, 50.4499397277832, 48.37312698364258, 48.26847839355469, 48.893798828125, 49.13533401489258, 48.82939529418945, 48.33776092529297, 48.58320617675781, 47.89079284667969, 47.56261444091797, 47.16056823730469, 47.585166931152344, 47.6318473815918, 47.60984420776367, 47.114810943603516, 47.175045013427734, 47.320838928222656, 48.037017822265625, 47.50809860229492, 46.08775329589844, 46.70682907104492, 46.10840606689453, 47.26422882080078, 46.23173904418945, 46.56387710571289, 46.45737838745117, 45.734832763671875, 46.0191650390625, 46.13761520385742, 45.657920837402344, 45.261409759521484, 45.19228744506836, 45.022369384765625, 45.850311279296875, 45.80489730834961, 44.94266891479492, 45.07268524169922, 44.443931579589844, 46.027320861816406, 44.192909240722656, 44.52964782714844, 44.23627471923828, 44.712738037109375, 43.624759674072266, 44.426082611083984, 44.08422088623047, 43.628421783447266, 44.06446838378906, 44.5178108215332, 43.93110275268555, 43.80838394165039, 43.83902359008789, 42.864749908447266, 43.81695556640625, 44.17250061035156, 43.484962463378906, 43.80510330200195, 43.285621643066406, 42.684661865234375, 43.058868408203125, 43.448238372802734, 42.72114944458008, 42.48368835449219, 43.199703216552734, 42.09626007080078, 42.798099517822266, 43.38584518432617, 42.54273223876953, 42.55217361450195, 43.09599685668945, 42.577606201171875, 42.245826721191406, 42.56963348388672, 41.71222686767578, 42.26167297363281, 42.382423400878906]}