{"aucroc": 0.6775555555555556, "aucpr": 0.13335179424068572, "dataset": "20_letter", "method": "soft", "test_ratio": 0.0625, "train_ratio": 0.046875, "labeled_anomalies": 0.75, "loe_loss": [64.17195129394531, 60.882080078125, 59.603370666503906, 57.50288772583008, 57.640350341796875, 57.116703033447266, 58.07803726196289, 57.7638053894043, 58.25518798828125, 57.191932678222656, 57.04534149169922, 55.964664459228516, 54.84854507446289, 55.32978439331055, 55.001033782958984, 54.8791618347168, 54.08056640625, 54.22169876098633, 54.86289978027344, 54.382537841796875, 54.46039581298828, 53.38412094116211, 52.081382751464844, 52.49953842163086, 52.22292709350586, 51.99043655395508, 51.096458435058594, 51.84017562866211, 52.14027786254883, 52.346923828125, 51.622100830078125, 51.27165985107422, 50.63161849975586, 51.473419189453125, 49.98126220703125, 50.286014556884766, 50.75468063354492, 50.627445220947266, 51.1253662109375, 49.45170593261719, 49.32504653930664, 48.67266845703125, 49.02857208251953, 48.35020446777344, 48.012428283691406, 49.40143585205078, 47.283504486083984, 47.82579803466797, 48.361427307128906, 47.1976432800293, 47.13517761230469, 47.27555465698242, 46.79240798950195, 47.18288803100586, 47.95033264160156, 46.36730194091797, 47.013614654541016, 46.92488098144531, 46.610530853271484, 46.05891799926758, 46.86640930175781, 45.69178009033203, 46.299102783203125, 46.053863525390625, 46.588157653808594, 46.800437927246094, 45.0450325012207, 46.207340240478516, 45.34440612792969, 45.191837310791016, 45.27092742919922, 44.83290100097656, 45.68793487548828, 45.132835388183594, 45.731468200683594, 44.478065490722656, 44.698299407958984, 44.61070251464844, 44.9718017578125, 44.85042953491211, 44.18821716308594, 44.70091247558594, 44.41090393066406, 43.84990310668945, 44.76052474975586, 43.95198440551758, 43.946163177490234, 43.105224609375, 43.55303955078125, 43.88351058959961, 43.339115142822266, 42.79825973510742, 44.05086135864258, 43.265953063964844, 42.68390655517578, 43.743263244628906, 42.617454528808594, 43.732078552246094, 42.66209411621094, 42.98789978027344, 43.615806579589844, 42.61005783081055, 42.17215347290039, 43.17046356201172, 43.161983489990234, 42.552947998046875, 42.36693572998047, 42.00491714477539, 42.7914924621582, 42.952056884765625, 42.57487869262695, 42.44380187988281, 42.02391052246094, 42.886653900146484, 42.38027572631836, 42.068885803222656, 42.2674674987793, 42.218849182128906, 41.682010650634766, 41.794677734375]}