{"aucroc": 0.6597925925925926, "aucpr": 0.13023049114286323, "dataset": "20_letter", "method": "refine", "test_ratio": 0.0625, "train_ratio": 0.0625, "labeled_anomalies": 1.0, "loe_loss": [63.616851806640625, 60.521507263183594, 58.45931625366211, 58.2553596496582, 57.197105407714844, 57.58547592163086, 56.202388763427734, 56.338523864746094, 56.356868743896484, 56.5528450012207, 55.79655075073242, 56.54187774658203, 54.657718658447266, 54.73114013671875, 54.57642364501953, 53.12782287597656, 53.564884185791016, 53.69004821777344, 54.04484939575195, 53.39814376831055, 52.97477722167969, 52.66844940185547, 53.48772430419922, 51.113243103027344, 53.011688232421875, 52.591087341308594, 51.532676696777344, 51.08621597290039, 50.98960876464844, 49.750831604003906, 51.43097686767578, 49.613746643066406, 49.698089599609375, 50.49957275390625, 50.23049545288086, 50.08820343017578, 48.8346061706543, 49.582115173339844, 50.54977798461914, 49.125648498535156, 49.314327239990234, 48.28541564941406, 48.14466857910156, 48.30032730102539, 49.42336654663086, 47.359619140625, 47.13569641113281, 48.03754806518555, 47.98610305786133, 47.712589263916016, 47.29995346069336, 47.25291442871094, 46.883934020996094, 46.546749114990234, 45.97443771362305, 46.42549133300781, 46.42350769042969, 46.48575973510742, 46.08624267578125, 46.31740951538086, 46.3641357421875, 47.22785186767578, 46.470645904541016, 45.17506790161133, 45.87322998046875, 45.263023376464844, 46.27362060546875, 45.56321716308594, 45.86543273925781, 45.78740692138672, 45.12074661254883, 45.189544677734375, 45.35624694824219, 44.86663055419922, 44.51152038574219, 44.4027214050293, 44.302757263183594, 45.047454833984375, 45.18401336669922, 44.25468444824219, 44.59223937988281, 43.7457275390625, 45.297218322753906, 43.80962371826172, 43.692649841308594, 43.714622497558594, 44.05990219116211, 43.00483703613281, 43.6810417175293, 43.18574142456055, 42.80358123779297, 43.379425048828125, 44.199745178222656, 43.39883041381836, 43.03083419799805, 43.04042434692383, 42.14867401123047, 43.01558303833008, 43.19020462036133, 42.70525360107422, 43.073238372802734, 42.699466705322266, 42.19865798950195, 42.27465057373047, 42.65732955932617, 42.066917419433594, 41.74554443359375, 42.74993133544922, 41.475616455078125, 42.069580078125, 42.78367614746094, 41.9090461730957, 42.049983978271484, 42.224143981933594, 41.63270568847656, 41.594608306884766, 41.9406623840332, 41.02237319946289, 41.683101654052734, 41.84434509277344]}