{"aucroc": 0.6743703703703703, "aucpr": 0.126868438482096, "dataset": "20_letter", "method": "soft", "test_ratio": 0.0625, "train_ratio": 0.0625, "labeled_anomalies": 1.0, "loe_loss": [62.193336486816406, 59.09952926635742, 57.94636917114258, 55.81801986694336, 56.05213165283203, 55.434181213378906, 56.382633209228516, 56.09114074707031, 56.5144157409668, 55.416893005371094, 55.276329040527344, 54.268123626708984, 53.28553771972656, 53.663055419921875, 53.37877655029297, 53.220359802246094, 52.48600387573242, 52.675594329833984, 53.26689529418945, 52.75016403198242, 52.88439178466797, 51.74465560913086, 50.69802474975586, 51.126441955566406, 50.81690216064453, 50.40821838378906, 49.586029052734375, 50.325164794921875, 50.602195739746094, 50.763946533203125, 49.93217468261719, 49.93355941772461, 49.2815055847168, 49.72967529296875, 48.68876647949219, 48.76301956176758, 49.51786422729492, 48.822509765625, 49.65597915649414, 48.11781311035156, 48.04771423339844, 47.22019958496094, 47.55193328857422, 47.08290100097656, 46.76253128051758, 48.293922424316406, 46.19908905029297, 46.698265075683594, 47.16253662109375, 45.9802131652832, 45.64337158203125, 45.88800811767578, 45.57028579711914, 45.89725875854492, 46.602638244628906, 45.340938568115234, 45.60163116455078, 45.7852783203125, 45.297794342041016, 44.82892608642578, 45.73380661010742, 44.838069915771484, 44.941951751708984, 44.70350646972656, 45.38489532470703, 46.11650466918945, 43.89724349975586, 45.02292251586914, 44.523380279541016, 44.432498931884766, 44.2637939453125, 43.99248123168945, 44.735836029052734, 44.19526672363281, 44.810245513916016, 43.62424850463867, 43.79557418823242, 43.801456451416016, 44.01655578613281, 43.84162139892578, 43.129730224609375, 43.47282409667969, 43.519386291503906, 42.80208969116211, 43.75244140625, 42.90104293823242, 42.83361053466797, 42.215736389160156, 42.54529571533203, 42.62819290161133, 42.00155258178711, 41.50968551635742, 42.86473846435547, 42.453125, 41.784584045410156, 42.66376495361328, 41.68967819213867, 42.54484939575195, 41.5989990234375, 41.955055236816406, 42.593048095703125, 41.36354446411133, 41.109947204589844, 42.169830322265625, 41.99479675292969, 41.478458404541016, 41.10995864868164, 40.70124816894531, 41.65250778198242, 41.868412017822266, 41.48186111450195, 41.1945686340332, 40.88395309448242, 41.51933670043945, 41.163997650146484, 40.99290466308594, 41.10969161987305, 40.87103271484375, 40.66093444824219, 40.375999450683594]}