{"aucroc": 0.6860444444444445, "aucpr": 0.13568282670685566, "dataset": "20_letter", "method": "soft", "test_ratio": 0.0625, "train_ratio": 0.03125, "labeled_anomalies": 0.5, "loe_loss": [65.81210327148438, 62.39992141723633, 61.014896392822266, 58.920265197753906, 58.968746185302734, 58.56171417236328, 59.4872932434082, 59.21417999267578, 59.67896270751953, 58.609657287597656, 58.46221923828125, 57.415531158447266, 56.18038558959961, 56.705421447753906, 56.361053466796875, 56.30498123168945, 55.42059326171875, 55.52146530151367, 56.26990509033203, 55.62702560424805, 55.70189666748047, 54.53081512451172, 53.329505920410156, 53.98285675048828, 53.628631591796875, 53.149166107177734, 52.61920166015625, 53.28108596801758, 53.565425872802734, 53.490135192871094, 52.982540130615234, 52.83247756958008, 52.173133850097656, 52.772605895996094, 51.4200439453125, 51.744686126708984, 52.30695343017578, 52.0137939453125, 52.70575714111328, 51.05223846435547, 50.83009338378906, 50.32110595703125, 50.17070007324219, 49.566253662109375, 49.70762634277344, 50.901695251464844, 48.69907760620117, 49.21223831176758, 49.67597579956055, 48.45591354370117, 48.28150939941406, 48.36690902709961, 47.96815872192383, 48.46961212158203, 49.14748001098633, 47.80891799926758, 48.1522216796875, 47.91666793823242, 47.88343048095703, 47.41391372680664, 48.32876968383789, 46.99589920043945, 47.353431701660156, 47.1432991027832, 47.699588775634766, 47.96260070800781, 46.38780975341797, 47.48952865600586, 46.65104675292969, 46.577457427978516, 46.619834899902344, 46.372779846191406, 46.766021728515625, 46.233184814453125, 46.6103401184082, 45.83384323120117, 46.23068618774414, 46.074676513671875, 46.246246337890625, 46.160247802734375, 45.207054138183594, 46.14329528808594, 45.95121383666992, 45.18911361694336, 45.96929168701172, 45.3143310546875, 45.240379333496094, 44.54752731323242, 44.4168586730957, 45.03926086425781, 44.567203521728516, 44.26699447631836, 45.40748596191406, 44.72222900390625, 44.29431915283203, 45.060306549072266, 43.98318862915039, 45.050331115722656, 44.17697525024414, 44.3944091796875, 44.99785614013672, 43.88288879394531, 43.35026168823242, 44.55095291137695, 44.1922492980957, 43.8222770690918, 43.435306549072266, 43.4106559753418, 44.199005126953125, 44.07798767089844, 43.78504943847656, 43.68156051635742, 43.1060905456543, 44.00539016723633, 43.439884185791016, 43.37166213989258, 43.516265869140625, 43.356990814208984, 42.87732696533203, 42.67722702026367]}