{"aucroc": 0.669925925925926, "aucpr": 0.13744345776295308, "dataset": "20_letter", "method": "refine", "test_ratio": 0.0625, "train_ratio": 0.03125, "labeled_anomalies": 0.5, "loe_loss": [66.36309814453125, 63.103389739990234, 61.220664978027344, 60.67931365966797, 59.6982421875, 60.12101745605469, 58.547119140625, 58.706947326660156, 58.784523010253906, 58.917694091796875, 58.15299606323242, 59.057525634765625, 57.047977447509766, 57.04887771606445, 57.01252365112305, 55.492008209228516, 55.788177490234375, 55.9677619934082, 56.40616989135742, 55.69314193725586, 55.39267349243164, 55.00404357910156, 55.719173431396484, 53.400230407714844, 55.4296875, 55.03826904296875, 53.906211853027344, 53.348167419433594, 53.47378921508789, 52.267189025878906, 53.704002380371094, 51.76808166503906, 51.945472717285156, 52.82659912109375, 52.569679260253906, 52.226318359375, 50.90984344482422, 51.70225524902344, 52.96445846557617, 51.35116195678711, 51.47260284423828, 50.381595611572266, 50.21812438964844, 50.523216247558594, 51.57384490966797, 49.574161529541016, 48.9636116027832, 50.01027297973633, 50.08097839355469, 49.89961242675781, 49.392372131347656, 49.45687484741211, 48.68663024902344, 48.791996002197266, 48.10280990600586, 48.38107681274414, 48.71634292602539, 48.35237121582031, 48.06547164916992, 48.17435836791992, 48.26713180541992, 49.18949508666992, 48.59085464477539, 47.227088928222656, 47.69622802734375, 47.271400451660156, 48.187530517578125, 47.32959747314453, 47.455421447753906, 47.474056243896484, 46.679962158203125, 46.872093200683594, 46.87690734863281, 46.589107513427734, 46.295570373535156, 46.19595718383789, 45.702754974365234, 46.567787170410156, 46.64209747314453, 45.84123992919922, 46.004356384277344, 45.49918746948242, 46.768733978271484, 45.217411041259766, 45.468257904052734, 45.375736236572266, 45.55049133300781, 44.7218017578125, 45.34942626953125, 44.90012741088867, 44.33339309692383, 45.064544677734375, 45.489444732666016, 44.87440872192383, 44.82699203491211, 44.78108596801758, 43.89107131958008, 44.701602935791016, 45.010589599609375, 44.51347732543945, 44.61417007446289, 44.20226287841797, 43.90855407714844, 44.095252990722656, 44.56105041503906, 43.621543884277344, 43.43177032470703, 44.34516906738281, 43.04267501831055, 43.65776062011719, 44.62818908691406, 43.77812194824219, 43.787933349609375, 43.9065055847168, 43.30327224731445, 43.42945861816406, 43.790260314941406, 42.781776428222656, 43.51085662841797, 43.72107696533203]}