{"aucroc": 0.9989510489510488, "aucpr": 0.9787574750179792, "dataset": "21_Lymphography", "method": "soft", "test_ratio": 0.04666666666666667, "train_ratio": 0.04666666666666667, "labeled_anomalies": 1.0, "loe_loss": [34.04391860961914, 32.96248245239258, 31.938854217529297, 28.988235473632812, 29.131839752197266, 28.771860122680664, 27.900348663330078, 26.997882843017578, 28.33592987060547, 28.756572723388672, 26.811416625976562, 27.58502960205078, 27.79489517211914, 26.05063819885254, 26.31252670288086, 25.884592056274414, 28.371492385864258, 24.92930030822754, 25.214523315429688, 26.96514892578125, 26.051071166992188, 25.401657104492188, 24.564517974853516, 26.492618560791016, 25.2392635345459, 27.09420394897461, 23.94151496887207, 27.504344940185547, 24.48507308959961, 23.829221725463867, 24.797245025634766, 23.458486557006836, 24.995393753051758, 24.22081756591797, 23.55160903930664, 24.83822250366211, 24.36378288269043, 24.687273025512695, 22.92585563659668, 26.137941360473633, 25.550830841064453, 24.81382942199707, 25.12242889404297, 23.348302841186523, 24.14847755432129, 23.840028762817383, 25.02913475036621, 23.75948143005371, 22.88422203063965, 24.800527572631836, 23.424728393554688, 24.32242202758789, 24.13498306274414, 22.724376678466797, 24.724943161010742, 24.325305938720703, 24.619590759277344, 23.604400634765625, 25.090349197387695, 23.780668258666992, 23.93690299987793, 23.859237670898438, 23.416181564331055, 24.066049575805664, 23.282346725463867, 23.8859806060791, 23.13792610168457, 24.118167877197266, 22.44414710998535, 23.190765380859375, 23.92052459716797, 24.844141006469727, 23.470399856567383, 23.098377227783203, 24.321102142333984, 22.17000961303711, 23.099897384643555, 23.525785446166992, 22.630779266357422, 22.753597259521484, 23.568191528320312, 23.37972068786621, 23.255233764648438, 22.784292221069336, 22.960073471069336, 24.181791305541992, 22.978275299072266, 23.5008544921875, 22.079992294311523, 22.54397201538086, 22.934600830078125, 23.642667770385742, 23.73954963684082, 23.504230499267578, 22.813053131103516, 23.260883331298828, 23.708358764648438, 23.383432388305664, 22.67863655090332, 21.680252075195312, 22.195280075073242, 22.54571533203125, 22.805875778198242, 22.160873413085938, 24.520320892333984, 22.71317481994629, 22.038074493408203, 21.830244064331055, 23.350839614868164, 22.801321029663086, 21.846376419067383, 23.738189697265625, 22.494783401489258, 21.887529373168945, 22.847496032714844, 22.268287658691406, 21.359134674072266, 21.942705154418945, 23.684410095214844, 21.567466735839844]}