{"aucroc": 0.9992007992007992, "aucpr": 0.9838082155939297, "dataset": "21_Lymphography", "method": "refine", "test_ratio": 0.04666666666666667, "train_ratio": 0.023333333333333334, "labeled_anomalies": 0.5, "loe_loss": [36.79458999633789, 35.45712661743164, 32.87158966064453, 32.377994537353516, 32.483551025390625, 33.23487091064453, 33.100154876708984, 30.65255355834961, 31.03944969177246, 31.73019790649414, 30.868694305419922, 33.20713806152344, 28.40476417541504, 31.09809112548828, 30.82725715637207, 29.340011596679688, 31.23214340209961, 30.41094970703125, 28.17435646057129, 26.772815704345703, 28.230810165405273, 28.66973304748535, 28.50961685180664, 29.669795989990234, 27.022214889526367, 27.392967224121094, 26.741382598876953, 28.696514129638672, 28.179773330688477, 26.812326431274414, 26.285655975341797, 26.088050842285156, 27.087812423706055, 27.971126556396484, 27.46609878540039, 27.423288345336914, 26.83663558959961, 26.400257110595703, 25.29851531982422, 25.514394760131836, 27.645870208740234, 25.98405647277832, 27.66261100769043, 26.911476135253906, 28.34027099609375, 29.873735427856445, 26.359329223632812, 26.415267944335938, 26.097991943359375, 27.507171630859375, 27.266666412353516, 25.41399383544922, 26.39201545715332, 26.38762092590332, 26.879043579101562, 26.12579345703125, 25.202604293823242, 25.83169937133789, 26.314224243164062, 27.465301513671875, 26.63633918762207, 26.54404067993164, 25.252233505249023, 25.30384635925293, 25.876602172851562, 28.066452026367188, 25.045028686523438, 25.71825408935547, 27.091768264770508, 25.189098358154297, 27.041664123535156, 25.830001831054688, 24.91143798828125, 25.820505142211914, 25.250795364379883, 25.648286819458008, 26.01005744934082, 24.430248260498047, 25.60976791381836, 24.969890594482422, 24.978378295898438, 25.145387649536133, 26.234981536865234, 25.018442153930664, 26.153400421142578, 24.286949157714844, 24.7805233001709, 25.430591583251953, 25.729949951171875, 24.506803512573242, 25.676944732666016, 24.894996643066406, 24.359901428222656, 25.437686920166016, 25.319124221801758, 24.966686248779297, 25.37240982055664, 25.085493087768555, 26.02059555053711, 25.22705078125, 25.64924430847168, 25.030763626098633, 25.06612205505371, 26.611148834228516, 26.181175231933594, 25.419328689575195, 24.408100128173828, 25.109758377075195, 24.73467254638672, 24.47210693359375, 25.864530563354492, 25.73320198059082, 25.500289916992188, 26.720598220825195, 24.747760772705078, 24.794132232666016, 26.553852081298828, 26.68335723876953, 24.268476486206055, 24.973623275756836]}