{"aucroc": 0.9991508491508492, "aucpr": 0.9830729214762826, "dataset": "21_Lymphography", "method": "soft", "test_ratio": 0.04666666666666667, "train_ratio": 0.023333333333333334, "labeled_anomalies": 0.5, "loe_loss": [36.62701416015625, 35.48884582519531, 34.37224578857422, 31.559301376342773, 31.48899269104004, 30.947649002075195, 30.29021453857422, 29.212060928344727, 30.810565948486328, 31.877517700195312, 28.51544189453125, 30.057506561279297, 30.047088623046875, 27.780954360961914, 28.529874801635742, 27.61421775817871, 31.241403579711914, 26.4859619140625, 27.141416549682617, 29.39417839050293, 28.609764099121094, 27.564483642578125, 26.674652099609375, 29.351150512695312, 27.339012145996094, 29.46346664428711, 25.81989860534668, 30.317800521850586, 26.593557357788086, 25.6085205078125, 26.871992111206055, 25.012081146240234, 27.301746368408203, 26.406692504882812, 25.956478118896484, 26.98515510559082, 26.24695587158203, 27.087509155273438, 24.544456481933594, 28.60280990600586, 27.647457122802734, 27.186330795288086, 27.8216552734375, 25.170520782470703, 26.0848331451416, 26.328378677368164, 27.113014221191406, 25.85579490661621, 24.546255111694336, 27.06424331665039, 25.457923889160156, 26.84400749206543, 26.658292770385742, 24.947296142578125, 26.908294677734375, 26.250917434692383, 26.473247528076172, 25.501598358154297, 27.127666473388672, 25.749126434326172, 26.323766708374023, 25.809276580810547, 25.429290771484375, 26.02185821533203, 25.194965362548828, 26.23049545288086, 25.787324905395508, 25.999176025390625, 24.23917579650879, 25.42140007019043, 25.910236358642578, 27.370920181274414, 25.391420364379883, 24.94786262512207, 26.239126205444336, 23.873313903808594, 24.725305557250977, 25.655797958374023, 24.457477569580078, 24.680702209472656, 25.51983070373535, 25.84163475036621, 25.208541870117188, 24.633087158203125, 25.121021270751953, 26.043212890625, 24.90201187133789, 25.941688537597656, 24.15738296508789, 24.49683952331543, 25.19841194152832, 26.095542907714844, 25.742542266845703, 25.443462371826172, 24.779817581176758, 25.580087661743164, 25.713106155395508, 25.224143981933594, 24.847240447998047, 23.544340133666992, 24.045379638671875, 24.721406936645508, 24.745346069335938, 23.88682746887207, 26.663829803466797, 24.91918182373047, 23.610584259033203, 23.828956604003906, 25.261383056640625, 25.066776275634766, 24.02471923828125, 25.776905059814453, 24.57145118713379, 23.779327392578125, 24.532167434692383, 24.374977111816406, 23.228498458862305, 24.115848541259766, 25.739044189453125, 23.86133575439453]}