{"aucroc": 0.998951048951049, "aucpr": 0.9788019543481727, "dataset": "21_Lymphography", "method": "refine", "test_ratio": 0.04666666666666667, "train_ratio": 0.007, "labeled_anomalies": 0.15, "loe_loss": [38.63221740722656, 37.10980224609375, 34.690555572509766, 34.17525100708008, 33.73786544799805, 34.975948333740234, 34.828060150146484, 32.320796966552734, 32.60715103149414, 33.40289306640625, 32.52008819580078, 34.777679443359375, 29.554534912109375, 32.794315338134766, 32.2297248840332, 30.86301612854004, 32.783226013183594, 31.943635940551758, 29.666488647460938, 27.956409454345703, 29.564922332763672, 30.1798038482666, 30.020307540893555, 31.22203254699707, 28.137861251831055, 28.902713775634766, 27.853431701660156, 30.013294219970703, 29.73394203186035, 28.12276268005371, 27.347896575927734, 27.585554122924805, 28.613962173461914, 29.404499053955078, 28.88449478149414, 28.846792221069336, 28.251188278198242, 27.467126846313477, 26.75849723815918, 26.618976593017578, 28.95512580871582, 27.361204147338867, 29.048133850097656, 28.259483337402344, 29.68132781982422, 31.145639419555664, 27.333940505981445, 27.846248626708984, 27.140777587890625, 28.84896469116211, 28.610855102539062, 26.494443893432617, 27.745162963867188, 27.81610107421875, 28.257749557495117, 27.457805633544922, 26.219499588012695, 26.985919952392578, 27.695106506347656, 28.73653221130371, 27.994606018066406, 27.800867080688477, 26.56610107421875, 26.55453872680664, 27.204471588134766, 29.23389434814453, 26.083946228027344, 27.116634368896484, 28.439146041870117, 26.58361053466797, 28.343700408935547, 27.19516372680664, 26.258272171020508, 27.186790466308594, 26.66849708557129, 26.99529457092285, 27.230873107910156, 25.50066375732422, 26.883604049682617, 25.956453323364258, 25.991493225097656, 26.477436065673828, 27.428180694580078, 26.324068069458008, 27.291200637817383, 25.534727096557617, 26.1252384185791, 26.786930084228516, 27.00254249572754, 25.61739158630371, 26.869897842407227, 26.173728942871094, 25.475505828857422, 26.704526901245117, 26.639862060546875, 26.168716430664062, 26.657121658325195, 26.39125633239746, 27.029874801635742, 26.459794998168945, 26.937984466552734, 26.350317001342773, 26.13768196105957, 27.167482376098633, 27.225927352905273, 26.522869110107422, 25.69524574279785, 26.113208770751953, 25.960552215576172, 25.76759910583496, 26.56551742553711, 26.931095123291016, 26.704282760620117, 27.764217376708984, 26.101823806762695, 26.04401397705078, 27.545207977294922, 27.513324737548828, 25.776016235351562, 26.109004974365234]}