{"aucroc": 0.9991008991008992, "aucpr": 0.9818824452858065, "dataset": "21_Lymphography", "method": "soft", "test_ratio": 0.04666666666666667, "train_ratio": 0.035, "labeled_anomalies": 0.75, "loe_loss": [34.862003326416016, 33.78308868408203, 32.74406433105469, 29.778400421142578, 29.913387298583984, 29.468507766723633, 28.66978645324707, 27.72364616394043, 29.092435836791992, 29.76203155517578, 27.279438018798828, 28.33331298828125, 28.525699615478516, 26.539794921875, 27.001623153686523, 26.389780044555664, 29.31689453125, 25.303621292114258, 25.732027053833008, 27.679698944091797, 26.781005859375, 26.10668182373047, 25.217113494873047, 27.44375228881836, 25.88131332397461, 27.7630558013916, 24.523555755615234, 28.45934295654297, 25.154905319213867, 24.330060958862305, 25.473085403442383, 23.89192771911621, 25.662765502929688, 24.87710952758789, 24.228986740112305, 25.49628257751465, 24.98103904724121, 25.384695053100586, 23.358627319335938, 26.84427833557129, 26.194541931152344, 25.492252349853516, 25.999401092529297, 23.915067672729492, 24.779850006103516, 24.55759048461914, 25.683046340942383, 24.385629653930664, 23.344472885131836, 25.45527458190918, 24.092344284057617, 25.119529724121094, 24.90999412536621, 23.331880569458008, 25.382959365844727, 24.934675216674805, 25.22146224975586, 24.2022705078125, 25.720739364624023, 24.409194946289062, 24.622770309448242, 24.484703063964844, 24.05902099609375, 24.68805694580078, 23.91012954711914, 24.57830810546875, 24.018447875976562, 24.741165161132812, 23.02219009399414, 23.82916259765625, 24.573171615600586, 25.674236297607422, 24.105228424072266, 23.6481990814209, 24.944679260253906, 22.62841033935547, 23.62383460998535, 24.18967056274414, 23.12744140625, 23.358226776123047, 24.18807029724121, 24.10877227783203, 23.89394187927246, 23.346256256103516, 23.616954803466797, 24.807086944580078, 23.58019256591797, 24.278564453125, 22.75016975402832, 23.13898468017578, 23.61764907836914, 24.449506759643555, 24.395854949951172, 24.11481285095215, 23.41366958618164, 23.944652557373047, 24.369823455810547, 23.9615535736084, 23.346698760986328, 22.219974517822266, 22.75057601928711, 23.23659324645996, 23.440128326416016, 22.647830963134766, 25.168228149414062, 23.40726089477539, 22.530414581298828, 22.35346794128418, 23.96853256225586, 23.460372924804688, 22.497373580932617, 24.36605453491211, 23.176469802856445, 22.480758666992188, 23.366056442260742, 22.97425651550293, 21.965415954589844, 22.670686721801758, 24.27838134765625, 22.323017120361328]}