{"aucroc": 0.5958762423778702, "aucpr": 0.4562398749374433, "dataset": "22_magic.gamma", "method": "soft", "test_ratio": 0.3506666666666667, "train_ratio": 0.3506666666666667, "labeled_anomalies": 1.0, "loe_loss": [8.754349708557129, 8.161483764648438, 7.854565143585205, 7.021721839904785, 6.622132301330566, 7.27003812789917, 6.714478492736816, 6.122351169586182, 6.185756683349609, 5.901576042175293, 5.978886127471924, 6.123371601104736, 5.821006774902344, 6.050877094268799, 5.437735557556152, 5.952934265136719, 5.434675693511963, 5.945294380187988, 5.511875629425049, 5.686593532562256, 5.876389026641846, 5.425561904907227, 5.297008037567139, 5.202256679534912, 5.345638275146484, 4.732723712921143, 4.964245319366455, 4.446061611175537, 4.832971096038818, 4.359346866607666, 4.08599853515625, 4.544672966003418, 4.945389747619629, 4.043250560760498, 3.220738649368286, 3.788858413696289, 2.47940731048584, 2.2700483798980713, 2.3616108894348145, 0.6999024152755737, 0.22470176219940186, -4.5219621658325195]}