{"aucroc": 0.6964909412793466, "aucpr": 0.6328496995260053, "dataset": "22_magic.gamma", "method": "refine", "test_ratio": 0.3506666666666667, "train_ratio": 0.0526, "labeled_anomalies": 0.15, "loe_loss": [18.942514419555664, 18.002412796020508, 16.72640609741211, 16.139575958251953, 15.845352172851562, 14.724825859069824, 15.258027076721191, 15.25052547454834, 14.68604564666748, 14.595072746276855, 14.60654354095459, 13.969097137451172, 13.602036476135254, 13.800479888916016, 13.371891975402832, 13.12290096282959, 13.986263275146484, 13.685173034667969, 13.307767868041992, 13.117658615112305, 13.521309852600098, 13.455788612365723, 12.651090621948242, 12.25567626953125, 12.961376190185547, 12.547910690307617, 12.479771614074707, 12.407350540161133, 12.332472801208496, 13.280069351196289, 13.02673625946045, 12.938867568969727, 12.187177658081055, 11.852588653564453, 11.886478424072266, 12.269095420837402, 11.75397777557373, 12.49433422088623, 12.722587585449219, 11.555465698242188, 12.473177909851074, 12.268861770629883, 11.880744934082031, 12.306988716125488, 11.54997444152832, 12.079011917114258, 11.669562339782715, 11.551042556762695, 11.87387752532959, 11.613340377807617, 12.447300910949707, 12.203879356384277, 12.250472068786621, 11.73133659362793, 11.38648796081543, 11.375757217407227, 11.915307998657227, 11.80630874633789, 11.536983489990234, 11.35053825378418, 11.430497169494629, 11.636479377746582, 11.091236114501953, 11.380407333374023, 11.040630340576172, 11.320123672485352, 11.116117477416992, 11.157344818115234, 11.504484176635742, 11.569231986999512, 10.770849227905273, 10.84765625, 11.10897445678711, 11.472433090209961, 11.248019218444824, 10.765645027160645, 11.32483196258545, 10.87144660949707, 11.457704544067383, 12.041218757629395, 11.03133773803711, 11.210827827453613, 10.995116233825684, 10.584444999694824, 10.938135147094727, 11.035929679870605, 11.078033447265625, 10.532297134399414, 10.916459083557129, 11.379109382629395, 11.120380401611328, 13.284014701843262, 10.82210922241211, 11.3463134765625, 10.660721778869629, 12.00162410736084, 11.188928604125977, 10.187253952026367, 10.408609390258789, 10.222607612609863, 10.219670295715332, 10.635833740234375, 10.446427345275879, 11.217087745666504, 11.51883316040039, 10.852432250976562, 10.550215721130371, 11.744903564453125, 10.840465545654297, 11.05805778503418, 11.006148338317871, 10.537370681762695, 10.788091659545898, 10.691591262817383, 10.758207321166992, 10.057903289794922, 10.184715270996094, 12.021879196166992, 10.19381332397461, 10.027228355407715]}