{"aucroc": 0.7004373697113545, "aucpr": 0.6280028083752054, "dataset": "22_magic.gamma", "method": "refine", "test_ratio": 0.3506666666666667, "train_ratio": 0.17533333333333334, "labeled_anomalies": 0.5, "loe_loss": [15.568480491638184, 14.448939323425293, 13.68065071105957, 13.153549194335938, 12.798792839050293, 12.071244239807129, 12.253600120544434, 11.960341453552246, 11.917415618896484, 11.387487411499023, 11.501760482788086, 11.084914207458496, 11.020005226135254, 11.098732948303223, 10.738356590270996, 10.666193962097168, 10.99073600769043, 10.790990829467773, 10.485025405883789, 10.479155540466309, 10.866446495056152, 10.501739501953125, 10.217389106750488, 9.896141052246094, 10.273697853088379, 10.135734558105469, 10.154557228088379, 10.05042552947998, 9.896646499633789, 10.542014122009277, 10.109517097473145, 10.10342788696289, 9.885656356811523, 9.51429557800293, 9.697111129760742, 9.62630844116211, 9.517967224121094, 9.76430606842041, 10.25410270690918, 9.380563735961914, 9.601896286010742, 9.72295093536377, 9.484678268432617, 9.86138916015625, 9.344856262207031, 9.734428405761719, 9.21252727508545, 9.14405345916748, 9.3739013671875, 9.281599998474121, 9.897982597351074, 9.66349983215332, 9.257355690002441, 9.274116516113281, 9.078753471374512, 8.99167537689209, 9.09937858581543, 9.057732582092285, 9.019314765930176, 8.786184310913086, 9.054910659790039, 9.03685188293457, 8.79234790802002, 8.786884307861328, 8.767152786254883, 8.694097518920898, 8.639330863952637, 8.869577407836914, 8.7363862991333, 8.982511520385742, 8.360621452331543, 8.597749710083008, 8.67922592163086, 8.442296028137207, 8.58330249786377, 8.366654396057129, 8.665492057800293, 8.527338027954102, 8.80488109588623, 8.773180961608887, 8.430929183959961, 8.39892292022705, 8.48320484161377, 8.031696319580078, 8.174407958984375, 8.484630584716797, 8.278388977050781, 8.003592491149902, 8.191267967224121, 8.411784172058105, 8.408291816711426, 9.129430770874023, 8.197461128234863, 8.621818542480469, 8.078432083129883, 8.579638481140137, 8.26162338256836, 8.001450538635254, 7.894321918487549, 7.856350421905518, 7.9881086349487305, 7.758107662200928, 7.923949718475342, 8.575591087341309, 8.17635726928711, 8.013578414916992, 8.080427169799805, 8.37697982788086, 8.260682106018066, 8.273033142089844, 8.032417297363281, 7.856270790100098, 7.8162312507629395, 7.751939296722412, 8.231846809387207, 7.676334381103516, 7.628805637359619, 8.360132217407227, 7.619645595550537, 7.452971458435059]}