{"aucroc": 0.8743650188588397, "aucpr": 0.18598700918452432, "dataset": "23_mammography", "method": "soft", "test_ratio": 0.02266666666666667, "train_ratio": 0.02266666666666667, "labeled_anomalies": 1.0, "loe_loss": [11.548844337463379, 11.461112976074219, 10.468465805053711, 10.117751121520996, 9.959857940673828, 10.64095401763916, 9.86850643157959, 9.537132263183594, 9.319459915161133, 8.600671768188477, 9.341830253601074, 8.85660457611084, 8.421469688415527, 9.376897811889648, 9.081232070922852, 8.310648918151855, 8.555580139160156, 8.469098091125488, 8.196931838989258, 7.962369441986084, 9.09933853149414, 8.595457077026367, 7.92149019241333, 8.554605484008789, 7.852506637573242, 7.89162540435791, 8.221440315246582, 8.08277416229248, 8.010363578796387, 8.503915786743164, 8.055866241455078, 7.543027877807617, 8.737924575805664, 7.848282814025879, 7.734281063079834, 7.9366865158081055, 7.944972038269043, 7.52859354019165, 7.668310165405273, 7.981554985046387, 7.808779716491699, 7.8624372482299805, 7.808378219604492, 8.063754081726074, 7.825315475463867, 7.922408103942871, 7.919130325317383, 7.5107102394104, 8.11922550201416, 7.700382709503174, 7.858573913574219, 7.808860778808594, 8.098543167114258, 8.15958023071289, 8.147933006286621, 7.668753147125244, 7.4252095222473145, 8.232925415039062, 7.541379928588867, 7.469942092895508, 8.107172012329102, 8.150006294250488, 7.536136150360107, 7.690635681152344, 8.010438919067383, 7.222869873046875, 7.65189266204834, 7.71025276184082, 7.4633097648620605, 7.843769073486328, 7.685129165649414, 7.522032737731934, 7.470741271972656, 7.52733850479126, 7.540505409240723, 7.372831344604492, 7.929555416107178, 7.712903022766113, 7.554378032684326, 7.505647659301758, 7.658912181854248, 7.083257675170898, 8.075288772583008, 7.159108638763428, 7.4797749519348145, 7.617030620574951, 7.847989082336426, 7.14564847946167, 7.8337082862854, 7.560410022735596, 7.733057975769043, 6.901200771331787, 6.954654693603516, 7.387469291687012, 7.957740783691406, 7.519705772399902, 7.516116619110107, 7.598092555999756, 7.602842330932617, 7.499988079071045, 7.446223735809326, 7.796075820922852, 7.79936408996582, 7.0580973625183105, 7.939542770385742, 7.321112632751465, 7.374086380004883, 7.043554782867432, 7.975384712219238, 7.9401726722717285, 7.354608535766602, 7.156531810760498, 6.760509014129639, 7.307483673095703, 6.4952545166015625, 6.623645782470703, 6.987234115600586, 7.776770114898682, 7.336149215698242, 6.676582336425781]}