{"aucroc": 0.8748535430543296, "aucpr": 0.19322505742955104, "dataset": "23_mammography", "method": "refine", "test_ratio": 0.02266666666666667, "train_ratio": 0.02266666666666667, "labeled_anomalies": 1.0, "loe_loss": [12.067466735839844, 12.152364730834961, 12.383861541748047, 10.063342094421387, 11.145222663879395, 9.31123161315918, 9.854653358459473, 9.605929374694824, 9.609390258789062, 9.274698257446289, 9.08646011352539, 9.709997177124023, 9.123359680175781, 8.655755996704102, 9.40372085571289, 9.770964622497559, 9.077884674072266, 8.944544792175293, 8.897941589355469, 8.690108299255371, 8.497638702392578, 8.089140892028809, 8.31193733215332, 8.183330535888672, 9.011099815368652, 7.967398643493652, 8.102978706359863, 8.643157005310059, 8.74353313446045, 8.936920166015625, 8.532027244567871, 8.109312057495117, 8.001690864562988, 8.243489265441895, 8.177855491638184, 8.575331687927246, 8.268298149108887, 8.069007873535156, 8.184134483337402, 7.922823905944824, 8.789504051208496, 8.999907493591309, 8.127962112426758, 8.146196365356445, 7.905779838562012, 7.973121166229248, 7.728224754333496, 8.048641204833984, 8.27513599395752, 8.281652450561523, 7.862534999847412, 7.684316635131836, 8.425485610961914, 7.836348056793213, 8.496789932250977, 8.269585609436035, 7.942180633544922, 7.582013130187988, 7.716538906097412, 7.450549602508545, 7.959001541137695, 7.61332368850708, 7.299557685852051, 8.639487266540527, 7.735271453857422, 7.954963684082031, 8.623848915100098, 7.943073272705078, 7.863349914550781, 7.265476226806641, 7.5151567459106445, 7.608856201171875, 7.887635231018066, 7.499309062957764, 7.89279317855835, 7.5032219886779785, 7.75830602645874, 8.045376777648926, 7.63970422744751, 7.761932373046875, 7.661184310913086, 7.455733299255371, 7.293929100036621, 8.050433158874512, 7.4319610595703125, 8.082489013671875, 8.247397422790527, 7.489993572235107, 7.608651638031006, 7.586005687713623, 8.078869819641113, 7.56313419342041, 7.421016216278076, 7.277249336242676, 7.533017635345459, 7.291402339935303, 7.268938064575195, 8.234285354614258, 7.256360054016113, 7.81682014465332, 7.400528907775879, 7.302309989929199, 7.82347297668457, 7.274092197418213, 7.23643684387207, 7.161419868469238, 6.90873908996582, 7.082325458526611, 7.7884697914123535, 6.823817729949951, 6.935478687286377, 7.185213565826416, 7.085862159729004, 7.646324157714844, 7.679380416870117, 8.090107917785645, 7.107284069061279, 7.820160865783691, 7.018697738647461, 7.1287970542907715]}