{"aucroc": 0.8443806764617966, "aucpr": 0.4351406927095667, "dataset": "24_mnist", "method": "soft", "test_ratio": 0.0920648838228847, "train_ratio": 0.023016220955721176, "labeled_anomalies": 0.25, "loe_loss": [164.04295349121094, 158.94369506835938, 149.40679931640625, 156.3717803955078, 154.6971435546875, 154.32388305664062, 154.31195068359375, 157.1680145263672, 150.22567749023438, 151.2335968017578, 152.0584716796875, 150.2467498779297, 150.25064086914062, 148.86334228515625, 141.92044067382812, 144.86370849609375, 145.80532836914062, 144.8258514404297, 145.07754516601562, 146.6150665283203, 141.4202423095703, 139.739013671875, 142.06179809570312, 142.4612579345703, 144.24530029296875, 142.2862548828125, 138.16586303710938, 137.12704467773438, 130.9686737060547, 140.16258239746094, 136.74008178710938, 136.03538513183594, 127.89771270751953, 128.38064575195312, 131.6320343017578, 133.19248962402344, 135.560791015625, 137.36338806152344, 131.3372344970703, 128.93716430664062, 133.62442016601562, 130.3351287841797, 122.0618896484375, 129.43209838867188, 129.46888732910156, 127.27711486816406, 127.78951263427734, 122.39041900634766, 126.11470031738281, 121.85708618164062, 127.94347381591797, 123.82132720947266, 129.9402313232422, 122.0250244140625, 121.38087463378906, 123.64862823486328, 123.84516906738281, 123.21903991699219, 125.0353775024414, 117.99984741210938, 122.43584442138672, 120.1314697265625, 117.68885803222656, 123.5840835571289, 121.868408203125, 114.25434112548828, 120.85362243652344, 116.38043975830078, 120.5360107421875, 118.90241241455078, 121.223388671875, 121.14034271240234, 116.54983520507812, 119.97540283203125, 118.34791564941406, 118.54898071289062, 119.00719451904297, 117.3427734375, 116.71717834472656, 115.27778625488281, 115.30875396728516, 113.9131851196289, 114.4921875, 110.96855926513672, 117.35920715332031, 114.92040252685547, 113.71680450439453, 108.31664276123047, 114.51439666748047, 115.4692153930664, 113.89356994628906, 114.30819702148438, 112.29572296142578, 106.34074401855469, 114.02842712402344, 113.19794464111328, 114.04045867919922, 108.45521545410156, 112.43302917480469, 110.28240966796875, 108.6848373413086, 109.94168853759766, 110.64741516113281, 116.09146881103516, 107.33207702636719, 102.02603912353516, 103.90607452392578, 96.67886352539062, 106.37073516845703, 107.91996765136719, 108.21614074707031, 108.12740325927734, 109.36932373046875, 111.2373275756836, 109.14092254638672, 111.34652709960938, 111.24085998535156, 106.7560806274414, 104.29877471923828, 109.05326080322266]}