{"aucroc": 0.8411413855740267, "aucpr": 0.4208963193308235, "dataset": "24_mnist", "method": "soft", "test_ratio": 0.0920648838228847, "train_ratio": 0.0920648838228847, "labeled_anomalies": 1.0, "loe_loss": [144.69839477539062, 138.8593292236328, 131.05442810058594, 133.4999237060547, 136.94166564941406, 136.56248474121094, 136.28158569335938, 135.6363983154297, 133.04534912109375, 132.03924560546875, 131.45872497558594, 132.34976196289062, 131.15428161621094, 130.80136108398438, 122.94202423095703, 127.3172378540039, 127.6397476196289, 127.48371124267578, 127.78642272949219, 128.50051879882812, 125.34442138671875, 123.74937438964844, 118.02627563476562, 125.299072265625, 121.87653350830078, 125.33658599853516, 110.8710708618164, 121.55075073242188, 112.38614654541016, 122.53419494628906, 117.63471984863281, 112.46134948730469, 110.38147735595703, 110.32454681396484, 114.08760070800781, 116.07379150390625, 117.82330322265625, 116.53516387939453, 112.4719467163086, 113.73998260498047, 114.44208526611328, 114.27518463134766, 105.98250579833984, 114.13697052001953, 111.78907775878906, 112.11249542236328, 103.49198150634766, 106.40491485595703, 109.48004913330078, 105.57122039794922, 110.8733139038086, 107.8237075805664, 107.66654205322266, 106.6440658569336, 103.67481231689453, 105.98019409179688, 108.25511169433594, 107.25090026855469, 109.05542755126953, 99.8655014038086, 106.73379516601562, 100.47573852539062, 99.40777587890625, 102.39340209960938, 105.52301788330078, 97.65806579589844, 104.6776351928711, 100.27994537353516, 101.14277648925781, 102.19037628173828, 101.87147521972656, 96.07369232177734, 101.51424407958984, 104.28007507324219, 99.96231842041016, 86.41114044189453, 101.85711669921875, 101.90497589111328, 101.71665954589844, 97.303466796875, 99.03250122070312, 99.0856704711914, 96.38761901855469, 92.94357299804688, 100.13215637207031, 90.94922637939453, 98.07429504394531, 89.15106201171875, 94.83301544189453, 98.29747009277344, 70.91671752929688, 96.90773010253906, 92.05715942382812, 85.1546859741211, 97.19427490234375, 98.1286849975586, 92.048583984375, 92.30371856689453, 93.9105453491211, 95.17603302001953, 92.5597915649414, 91.15241241455078, 90.93183898925781, 81.43110656738281, 84.45819091796875, 78.84130096435547, 86.17867279052734, 72.43231201171875, 91.15632629394531, 92.0351791381836, 91.76214599609375, 89.42576599121094, 91.8287582397461, 85.86397552490234, 88.74082946777344, 91.81303405761719, 84.56766510009766, 91.13387298583984, 88.57176971435547, 81.08274841308594]}