{"aucroc": 0.8409211101147365, "aucpr": 0.43239908059471643, "dataset": "24_mnist", "method": "refine", "test_ratio": 0.0920648838228847, "train_ratio": 0.023016220955721176, "labeled_anomalies": 0.25, "loe_loss": [168.99118041992188, 160.2369842529297, 157.0626678466797, 154.44224548339844, 162.4637451171875, 161.671142578125, 155.62721252441406, 157.4520263671875, 151.39794921875, 151.98220825195312, 153.2069091796875, 150.75941467285156, 153.72462463378906, 153.53038024902344, 147.60877990722656, 148.83987426757812, 148.16873168945312, 144.75125122070312, 147.64524841308594, 144.21600341796875, 145.03692626953125, 149.17124938964844, 140.77734375, 142.9462890625, 141.80267333984375, 145.92288208007812, 141.45401000976562, 135.76519775390625, 143.0055694580078, 144.3350372314453, 140.3135986328125, 139.45494079589844, 135.73780822753906, 136.2287139892578, 134.55686950683594, 142.21383666992188, 134.98995971679688, 132.511474609375, 131.89108276367188, 136.71356201171875, 131.75027465820312, 131.9085693359375, 130.62033081054688, 132.5904998779297, 134.06704711914062, 132.3231964111328, 131.26243591308594, 134.09744262695312, 133.78338623046875, 132.6031494140625, 129.99295043945312, 130.49388122558594, 127.2551040649414, 126.18043518066406, 135.13169860839844, 127.3841552734375, 123.3247299194336, 126.61849212646484, 125.20225524902344, 126.4360580444336, 123.7955322265625, 127.65046691894531, 126.52112579345703, 124.64495086669922, 125.02568054199219, 122.64241790771484, 123.14759826660156, 122.47813415527344, 124.31556701660156, 123.48807525634766, 123.18510437011719, 116.72991180419922, 126.91294860839844, 120.99664306640625, 122.12316131591797, 120.88528442382812, 118.3165283203125, 122.77336883544922, 118.51542663574219, 121.25802612304688, 119.20294952392578, 126.53675079345703, 119.9310531616211, 120.44090270996094, 120.08023071289062, 117.54750061035156, 116.89215850830078, 116.06169128417969, 119.19896697998047, 116.76761627197266, 114.20693969726562, 117.58975219726562, 114.22456359863281, 124.9976577758789, 116.72930145263672, 115.61320495605469, 115.73453521728516, 112.77342987060547, 113.92121124267578, 112.56320190429688, 113.3061294555664, 114.24760437011719, 117.82256317138672, 112.7752914428711, 115.28977966308594, 111.37609100341797, 114.1968994140625, 112.81013488769531, 109.72290802001953, 115.01917266845703, 114.31512451171875, 108.99837493896484, 114.7205581665039, 118.2666015625, 110.13253021240234, 113.87603759765625, 118.53321838378906, 110.18353271484375, 112.57915496826172, 110.54531860351562]}