{"aucroc": 0.9999302595893065, "aucpr": 0.9975887694747746, "dataset": "25_musk", "method": "refine", "test_ratio": 0.031556039173014146, "train_ratio": 0.007889009793253536, "labeled_anomalies": 0.25, "loe_loss": [330.6193542480469, 339.16876220703125, 325.3784484863281, 333.38275146484375, 328.6715393066406, 322.7853698730469, 319.76922607421875, 314.87896728515625, 317.8397521972656, 321.9069519042969, 321.3900451660156, 313.04937744140625, 325.42449951171875, 322.8193054199219, 314.9374084472656, 314.1253356933594, 306.3032531738281, 299.4539794921875, 315.7575378417969, 311.4373474121094, 315.2752685546875, 316.2645568847656, 313.1868591308594, 315.35955810546875, 304.8622741699219, 308.3374328613281, 296.6512145996094, 296.2767333984375, 296.5633850097656, 296.1841125488281, 281.7516174316406, 293.3329772949219, 291.50048828125, 288.53729248046875, 283.23358154296875, 283.9557189941406, 288.01739501953125, 278.27685546875, 280.0343322753906, 284.01361083984375, 287.95562744140625, 283.9466247558594, 285.49334716796875, 282.565673828125, 278.7649230957031, 278.2945556640625, 277.72186279296875, 281.8756408691406, 274.90484619140625, 276.97161865234375, 277.0225830078125, 271.66485595703125, 269.2757873535156, 272.06402587890625, 276.14813232421875, 269.47833251953125, 268.08062744140625, 271.61798095703125, 271.0614013671875, 270.12261962890625, 269.3447570800781, 273.24114990234375, 269.3914489746094, 270.97119140625, 269.1636047363281, 264.63372802734375, 270.3558654785156, 270.64666748046875, 272.77484130859375, 265.4403076171875, 265.90380859375, 270.19500732421875, 270.7535400390625, 264.7007141113281, 268.6714782714844, 271.5550231933594, 263.8929443359375, 265.9089050292969, 261.05908203125, 263.2139587402344, 262.94207763671875, 267.7734680175781, 274.80194091796875, 280.33447265625, 283.4471435546875, 275.4896240234375, 273.4231872558594, 274.3294677734375, 272.0128173828125, 270.763427734375, 269.1792907714844, 267.048095703125, 266.58642578125, 267.66217041015625, 265.5538024902344, 264.56915283203125, 262.82830810546875, 263.98834228515625, 265.80828857421875, 261.7054748535156, 267.5804138183594, 256.298583984375, 262.2850341796875, 262.130859375, 259.29864501953125, 258.7765808105469, 263.4953308105469, 260.1709899902344, 265.5557861328125, 255.74118041992188, 254.79754638671875, 255.14697265625, 259.4482421875, 260.0628662109375, 256.619140625, 254.114013671875, 253.47325134277344, 256.7023010253906, 254.04824829101562, 255.59768676757812]}