{"aucroc": 0.9999070127857419, "aucpr": 0.9969139455963912, "dataset": "25_musk", "method": "refine", "test_ratio": 0.031556039173014146, "train_ratio": 0.015778019586507073, "labeled_anomalies": 0.5, "loe_loss": [327.087646484375, 335.3340759277344, 321.636474609375, 328.93768310546875, 324.89892578125, 322.2301330566406, 319.18096923828125, 315.3011779785156, 318.3154296875, 319.3161315917969, 314.4952697753906, 306.29833984375, 315.4778137207031, 314.6084289550781, 309.141357421875, 310.729248046875, 303.3846130371094, 294.7603759765625, 304.6054382324219, 300.539306640625, 299.2003173828125, 296.690185546875, 292.2709655761719, 296.72662353515625, 290.4580993652344, 298.3627014160156, 292.87762451171875, 294.73040771484375, 294.1609191894531, 294.3409118652344, 282.14813232421875, 293.2825927734375, 292.05279541015625, 289.51361083984375, 281.61090087890625, 283.5018005371094, 288.099853515625, 277.883056640625, 276.55889892578125, 278.585693359375, 281.02001953125, 277.21966552734375, 279.60595703125, 276.5287170410156, 274.16400146484375, 275.31982421875, 273.6392822265625, 277.8218078613281, 270.6837158203125, 273.3235168457031, 274.174560546875, 269.051025390625, 265.9955139160156, 268.6418151855469, 272.3892822265625, 266.10345458984375, 267.11358642578125, 269.4089050292969, 269.2781982421875, 267.55743408203125, 264.66583251953125, 266.905517578125, 263.2420654296875, 265.73577880859375, 265.2497253417969, 260.3515319824219, 264.6454772949219, 262.98663330078125, 266.1095275878906, 259.9510498046875, 260.1907653808594, 262.6408386230469, 261.8883972167969, 257.13372802734375, 262.4288024902344, 267.9117126464844, 260.48492431640625, 261.9244079589844, 256.7481994628906, 259.5892028808594, 257.749267578125, 258.81744384765625, 257.60076904296875, 258.8834228515625, 262.37554931640625, 256.99676513671875, 256.6067810058594, 257.84564208984375, 256.9751892089844, 257.2463073730469, 257.1347961425781, 255.12689208984375, 254.8751678466797, 256.163330078125, 255.34239196777344, 254.44064331054688, 253.65182495117188, 255.192138671875, 257.0224609375, 253.3588409423828, 259.74072265625, 250.07919311523438, 255.94114685058594, 255.13233947753906, 253.11572265625, 252.6840057373047, 257.12493896484375, 253.50839233398438, 259.32098388671875, 250.24765014648438, 249.5398406982422, 250.23666381835938, 253.70816040039062, 254.69403076171875, 251.43704223632812, 248.53318786621094, 248.8415985107422, 251.82073974609375, 249.29183959960938, 250.73785400390625]}