{"aucroc": 0.9996358000774894, "aucpr": 0.9877648044260432, "dataset": "25_musk", "method": "soft", "test_ratio": 0.031556039173014146, "train_ratio": 0.031556039173014146, "labeled_anomalies": 1.0, "loe_loss": [315.737060546875, 322.014404296875, 311.0344543457031, 313.5838623046875, 309.5679626464844, 312.0010681152344, 314.7052307128906, 311.9690856933594, 309.46600341796875, 307.08648681640625, 303.3743896484375, 299.7209777832031, 295.947509765625, 307.1890563964844, 300.4446105957031, 298.03338623046875, 300.44781494140625, 298.1943664550781, 287.685791015625, 289.016845703125, 286.20111083984375, 290.0559997558594, 281.8819885253906, 282.4272155761719, 277.4046325683594, 278.99237060546875, 288.60595703125, 281.7855224609375, 284.91241455078125, 284.8456726074219, 281.5754089355469, 274.5501403808594, 276.4912109375, 268.02044677734375, 268.1886901855469, 270.3161315917969, 270.7931213378906, 269.7832336425781, 268.13177490234375, 268.668701171875, 268.5992736816406, 266.90325927734375, 268.36480712890625, 265.58111572265625, 264.09368896484375, 261.8718566894531, 265.77532958984375, 269.5874328613281, 271.3826599121094, 275.6078186035156, 275.6297302246094, 276.0377502441406, 278.2607116699219, 270.2889709472656, 268.3157653808594, 272.0240173339844, 267.6849670410156, 261.5210266113281, 266.6949768066406, 264.5044250488281, 264.9391784667969, 261.1107177734375, 263.62408447265625, 262.240478515625, 264.13775634765625, 261.45831298828125, 262.65283203125, 263.6048583984375, 261.78717041015625, 259.5848388671875, 263.3711242675781, 260.0279541015625, 258.7197570800781, 261.61944580078125, 261.3685607910156, 259.32330322265625, 259.41802978515625, 256.5520324707031, 252.31871032714844, 255.05458068847656, 252.76620483398438, 252.17727661132812, 253.35977172851562, 253.1562957763672, 251.58033752441406, 252.1456756591797, 250.8911895751953, 252.287841796875, 251.50445556640625, 252.3612060546875, 250.9351348876953, 253.93963623046875, 252.1239471435547, 246.69158935546875, 249.04071044921875, 245.81446838378906, 249.78985595703125, 252.86985778808594, 247.97003173828125, 254.479248046875, 249.89056396484375, 248.85708618164062, 246.4286346435547, 247.79095458984375, 248.78672790527344, 251.01351928710938, 249.20947265625, 253.72357177734375, 250.78555297851562, 251.90211486816406, 248.9077606201172, 251.72357177734375, 244.48377990722656, 248.7465362548828, 247.8513641357422, 248.62612915039062, 248.3524932861328, 247.43096923828125, 248.116943359375, 262.50994873046875]}