{"aucroc": 0.9991166214645485, "aucpr": 0.974345288766392, "dataset": "25_musk", "method": "soft", "test_ratio": 0.031556039173014146, "train_ratio": 0.004733405875952122, "labeled_anomalies": 0.15, "loe_loss": [335.13140869140625, 339.2763366699219, 330.63348388671875, 334.02203369140625, 327.6726989746094, 327.9348449707031, 333.7696533203125, 328.271240234375, 329.1665954589844, 334.0841064453125, 324.9014892578125, 317.8616943359375, 316.94036865234375, 331.9191589355469, 324.2432556152344, 319.6998596191406, 324.59820556640625, 318.3549499511719, 306.03570556640625, 312.64483642578125, 307.8083190917969, 311.7901916503906, 301.4571533203125, 302.2686767578125, 297.86871337890625, 296.6863098144531, 303.14202880859375, 296.544921875, 296.77032470703125, 297.16217041015625, 296.5110778808594, 288.4419860839844, 292.0404357910156, 282.7640075683594, 281.04254150390625, 284.2925720214844, 287.3754577636719, 284.0068359375, 284.1708984375, 282.0084228515625, 284.255859375, 281.6835021972656, 285.5164794921875, 284.3971862792969, 278.8763427734375, 278.6689453125, 281.04571533203125, 283.4139709472656, 275.3587341308594, 274.3289794921875, 273.1253356933594, 276.3548278808594, 279.9760437011719, 270.9637451171875, 274.3999328613281, 275.8677978515625, 273.030029296875, 268.7568054199219, 273.2592468261719, 268.4712219238281, 270.2763671875, 269.4311828613281, 270.38421630859375, 268.70489501953125, 270.4717712402344, 267.7274169921875, 273.4065246582031, 271.4566650390625, 267.1410217285156, 265.7364501953125, 269.6094970703125, 269.7024230957031, 266.53173828125, 272.6043395996094, 269.70953369140625, 267.9730529785156, 269.052001953125, 265.9700622558594, 261.284423828125, 264.3034973144531, 264.3214111328125, 260.8740539550781, 262.58154296875, 263.7029113769531, 264.1120300292969, 261.69879150390625, 261.3448486328125, 261.7823791503906, 261.13079833984375, 263.7091979980469, 261.49603271484375, 264.6197814941406, 264.0353698730469, 257.5108642578125, 259.48529052734375, 256.6573791503906, 260.8653869628906, 266.26812744140625, 259.53643798828125, 268.321044921875, 260.65283203125, 261.56707763671875, 256.9512023925781, 262.5110778808594, 260.25238037109375, 263.878662109375, 257.3111267089844, 260.33660888671875, 258.9153747558594, 259.53070068359375, 258.7442932128906, 261.58831787109375, 253.6805419921875, 260.0567321777344, 257.6206970214844, 260.0081787109375, 262.3826904296875, 258.9562683105469, 254.79983520507812, 261.3187561035156]}