{"aucroc": 0.6621666666666666, "aucpr": 0.03981671136801936, "dataset": "26_optdigits", "method": "refine", "test_ratio": 0.02875399361022364, "train_ratio": 0.00718849840255591, "labeled_anomalies": 0.25, "loe_loss": [122.3409652709961, 118.29727172851562, 114.70486450195312, 117.5361099243164, 114.53204345703125, 117.43235778808594, 115.84737396240234, 113.4707260131836, 115.6978988647461, 116.7586898803711, 116.0549545288086, 123.3027114868164, 110.91370391845703, 120.01937103271484, 110.73043823242188, 108.80189514160156, 109.6744613647461, 108.31024169921875, 110.99104309082031, 111.22428894042969, 109.02088928222656, 104.17124938964844, 114.97803497314453, 106.24009704589844, 106.30931091308594, 110.87782287597656, 102.33209228515625, 108.56338500976562, 105.43380737304688, 101.99730682373047, 99.01770782470703, 99.35359954833984, 98.24081420898438, 97.39564514160156, 104.10904693603516, 102.4406509399414, 100.61595153808594, 104.95536041259766, 95.06542205810547, 102.46507263183594, 93.09143829345703, 93.5498046875, 94.02721405029297, 95.0948486328125, 97.17217254638672, 94.56121063232422, 93.30081939697266, 94.3796157836914, 95.47767639160156, 93.42062377929688, 92.6773452758789, 92.95819091796875, 92.13833618164062, 92.31299591064453, 96.71708679199219, 92.63029479980469, 91.23773956298828, 89.55952453613281, 90.11129760742188, 88.60079193115234, 89.31272888183594, 89.12471008300781, 91.88652801513672, 88.58284759521484, 88.0943603515625, 90.59259033203125, 88.36804962158203, 89.13648986816406, 88.13954162597656, 89.8745346069336, 87.0873794555664, 92.98672485351562, 99.51466369628906, 85.95576477050781, 89.66194152832031, 87.45838928222656, 86.91069793701172, 88.7459716796875, 86.99886322021484, 90.64146423339844, 86.28020477294922, 86.18762969970703, 84.47869110107422, 91.42925262451172, 86.24992370605469, 84.58248138427734, 83.41494750976562, 85.8024673461914, 86.49151611328125, 86.430419921875, 84.54402160644531, 88.51576232910156, 84.57186889648438, 81.6478500366211, 86.23938751220703, 83.29380798339844, 85.4349136352539, 84.75110626220703, 88.05474853515625, 83.369873046875, 88.13829040527344, 84.76170349121094, 84.57105255126953, 85.21929931640625, 83.84049224853516, 81.65251159667969, 82.7186050415039, 82.48760223388672, 83.14605712890625, 83.29458618164062, 83.57099151611328, 82.94340515136719, 85.3888168334961, 82.7394027709961, 84.84629821777344, 95.03703308105469, 89.27436828613281, 79.75299835205078, 90.52822875976562, 82.1863021850586]}