{"aucroc": 0.6610350877192983, "aucpr": 0.040311066076903636, "dataset": "26_optdigits", "method": "refine", "test_ratio": 0.02875399361022364, "train_ratio": 0.01437699680511182, "labeled_anomalies": 0.5, "loe_loss": [120.22572326660156, 116.19050598144531, 113.44448852539062, 114.70217895507812, 112.98231506347656, 112.80975341796875, 113.8846206665039, 111.11296844482422, 112.96037292480469, 112.28069305419922, 113.53174591064453, 115.28943634033203, 107.77500915527344, 112.02295684814453, 109.27409362792969, 107.33333587646484, 108.31415557861328, 106.7363510131836, 108.44204711914062, 106.89432525634766, 106.89732360839844, 103.22245025634766, 111.04341125488281, 104.86360931396484, 104.91870880126953, 106.78421020507812, 100.25334930419922, 103.8320083618164, 99.46956634521484, 99.90138244628906, 97.38530731201172, 97.64128875732422, 97.35404968261719, 95.55209350585938, 100.25060272216797, 99.91627502441406, 99.01734161376953, 100.32219696044922, 93.95335388183594, 96.54114532470703, 93.03472137451172, 92.51504516601562, 92.52620697021484, 92.57882690429688, 93.42892456054688, 93.28338623046875, 92.07770538330078, 92.4588851928711, 93.64827728271484, 91.92828369140625, 92.21699523925781, 89.95257568359375, 90.45584106445312, 91.28206634521484, 90.39493560791016, 90.95240783691406, 89.56135559082031, 88.588623046875, 89.00546264648438, 88.03779602050781, 87.91735076904297, 87.48039245605469, 90.16136932373047, 87.18655395507812, 87.03596496582031, 88.29805755615234, 87.09207153320312, 86.9004135131836, 86.51080322265625, 88.15984344482422, 85.97506713867188, 89.7049560546875, 93.2090835571289, 84.63089752197266, 87.39168548583984, 86.02035522460938, 85.561279296875, 86.57014465332031, 85.49867248535156, 89.01567840576172, 84.62489318847656, 85.18987274169922, 83.0557632446289, 86.1343002319336, 84.03150939941406, 83.56014251708984, 82.318603515625, 84.66305541992188, 84.86658477783203, 84.61565399169922, 83.11080932617188, 85.92463684082031, 83.26850891113281, 80.53463745117188, 84.26477813720703, 81.76055908203125, 82.9719467163086, 83.13615417480469, 82.30521392822266, 82.13624572753906, 84.49771118164062, 83.4250717163086, 83.30531311035156, 83.0540771484375, 82.28623962402344, 80.38445281982422, 81.28175354003906, 81.14335632324219, 81.12222290039062, 81.94562530517578, 81.99132537841797, 81.0416259765625, 81.97023010253906, 81.44406127929688, 80.54425811767578, 90.00495147705078, 81.08792877197266, 78.54962921142578, 82.08956909179688, 80.8023681640625]}