{"aucroc": 0.613187134502924, "aucpr": 0.03536070691003487, "dataset": "26_optdigits", "method": "soft", "test_ratio": 0.02875399361022364, "train_ratio": 0.02875399361022364, "labeled_anomalies": 1.0, "loe_loss": [117.52426147460938, 114.20648193359375, 108.85386657714844, 106.78346252441406, 112.7518539428711, 106.61422729492188, 102.28872680664062, 107.23326873779297, 104.82168579101562, 106.54949188232422, 108.68063354492188, 104.79719543457031, 105.09490966796875, 104.80656433105469, 104.24787902832031, 104.2736587524414, 104.50110626220703, 102.88145446777344, 100.22264099121094, 100.37141418457031, 101.58251190185547, 97.43583679199219, 100.55137634277344, 102.49182891845703, 97.69316864013672, 97.8059310913086, 97.8274917602539, 96.36216735839844, 93.1906509399414, 95.66386413574219, 94.26008605957031, 94.48941040039062, 96.20050811767578, 95.43328857421875, 93.92211151123047, 89.82440185546875, 91.98950958251953, 90.0506820678711, 91.91620635986328, 87.5985107421875, 91.49397277832031, 89.1217269897461, 92.58186340332031, 90.07002258300781, 85.26004028320312, 89.80996704101562, 87.84484100341797, 83.0270767211914, 86.12396240234375, 86.00921630859375, 85.47555541992188, 88.29634094238281, 85.41846466064453, 84.56983947753906, 86.48573303222656, 85.77173614501953, 87.16458892822266, 84.07655334472656, 80.94673919677734, 83.2216796875, 85.9271240234375, 84.22030639648438, 83.84417724609375, 80.79209899902344, 85.3080825805664, 83.19319152832031, 83.0337905883789, 86.27781677246094, 86.28250122070312, 80.99141693115234, 82.3780288696289, 83.52958679199219, 83.21802520751953, 86.4024887084961, 82.3730239868164, 83.29509735107422, 83.97601318359375, 83.38174438476562, 82.35059356689453, 81.34012603759766, 81.55693817138672, 79.89605712890625, 81.60525512695312, 80.12966918945312, 81.77912902832031, 76.10835266113281, 82.81723022460938, 83.3294906616211, 76.5605239868164, 79.50920104980469, 80.77559661865234, 83.8302001953125, 79.38961791992188, 79.02607727050781, 80.00177764892578, 88.2782211303711, 78.61956787109375, 79.13088989257812, 78.46076202392578, 78.21495056152344, 72.8145523071289, 79.91641998291016, 76.68206024169922, 79.61676788330078, 77.5921859741211, 79.34683227539062, 75.36697387695312, 75.76025390625, 79.10820007324219, 77.48890686035156, 76.47088623046875, 80.17445373535156, 74.37744903564453, 75.51988220214844, 72.75354766845703, 77.4331283569336, 76.48475646972656, 74.53740692138672, 74.17117309570312, 74.33651733398438]}