{"aucroc": 0.6231140350877192, "aucpr": 0.035846185732990435, "dataset": "26_optdigits", "method": "refine", "test_ratio": 0.02875399361022364, "train_ratio": 0.02875399361022364, "labeled_anomalies": 1.0, "loe_loss": [116.94883728027344, 112.4696044921875, 110.94834899902344, 110.25383758544922, 110.1810073852539, 109.3146743774414, 110.09449005126953, 108.31884002685547, 109.13809967041016, 107.82937622070312, 109.32644653320312, 108.93059539794922, 104.36860656738281, 107.33961486816406, 106.53614044189453, 104.77700805664062, 105.74176025390625, 104.18772888183594, 104.74240112304688, 102.8984375, 103.25695037841797, 100.78515625, 105.94670104980469, 102.18864440917969, 101.46976470947266, 100.41847229003906, 97.31957244873047, 100.87319946289062, 96.80827331542969, 97.68878173828125, 95.86531829833984, 95.17105865478516, 95.06219482421875, 92.7903060913086, 94.73635864257812, 95.44447326660156, 96.02123260498047, 94.94878387451172, 91.50406646728516, 92.40974426269531, 89.89197540283203, 89.8411636352539, 89.71575927734375, 89.614501953125, 90.58415985107422, 90.59406280517578, 89.53287506103516, 88.69351196289062, 90.6136245727539, 88.81465148925781, 89.10850524902344, 87.26786804199219, 87.90357971191406, 88.91441345214844, 87.44811248779297, 88.09951782226562, 87.33440399169922, 86.26205444335938, 86.58786010742188, 85.6165771484375, 85.73490905761719, 85.31155395507812, 87.41011810302734, 84.80931854248047, 85.2662582397461, 84.33944702148438, 84.5677261352539, 83.42670440673828, 84.25165557861328, 85.05361938476562, 83.14157104492188, 84.20838928222656, 84.48181915283203, 81.83625793457031, 84.06797790527344, 83.3802490234375, 82.92042541503906, 84.12760162353516, 83.01039123535156, 86.68318176269531, 82.44627380371094, 83.01119995117188, 80.75154876708984, 81.78346252441406, 81.74435424804688, 81.63713073730469, 80.23985290527344, 82.37279510498047, 82.23772430419922, 82.04959106445312, 80.57522583007812, 82.72245025634766, 81.01448059082031, 78.79812622070312, 81.62179565429688, 79.9473876953125, 80.7745361328125, 80.74232482910156, 79.79579162597656, 80.16175079345703, 80.76246643066406, 80.9554214477539, 81.33552551269531, 80.61510467529297, 80.2856674194336, 78.68858337402344, 78.98970031738281, 79.49494934082031, 78.82171630859375, 79.82576751708984, 79.61819458007812, 78.48145294189453, 79.28581237792969, 80.05497741699219, 78.32803344726562, 84.60237884521484, 78.90682220458984, 77.09952545166016, 80.07171630859375, 79.06737518310547]}