{"aucroc": 0.6462631578947369, "aucpr": 0.0383149685025509, "dataset": "26_optdigits", "method": "soft", "test_ratio": 0.02875399361022364, "train_ratio": 0.01437699680511182, "labeled_anomalies": 0.5, "loe_loss": [122.24751281738281, 117.95208740234375, 113.11323547363281, 112.34107971191406, 118.10591888427734, 110.76407623291016, 109.58071899414062, 111.52033996582031, 108.73052978515625, 110.29397583007812, 114.24299621582031, 108.29560852050781, 108.66542053222656, 116.62032318115234, 107.78016662597656, 110.34272766113281, 111.34689331054688, 106.22478485107422, 104.90907287597656, 105.45673370361328, 107.05690002441406, 103.45745849609375, 103.82591247558594, 107.74552154541016, 100.37578582763672, 102.29505920410156, 101.84440612792969, 105.03497314453125, 97.51155853271484, 98.62120056152344, 97.73189544677734, 97.66098022460938, 100.34014129638672, 105.73291778564453, 97.60816192626953, 93.44692993164062, 94.8805160522461, 95.07048797607422, 95.13127136230469, 91.42622375488281, 94.42491149902344, 91.71998596191406, 95.50016021728516, 94.52081298828125, 89.05535888671875, 93.91368865966797, 92.31331634521484, 92.23260498046875, 89.93844604492188, 90.12918090820312, 89.22406005859375, 91.35101318359375, 93.89608764648438, 88.16357421875, 90.26905059814453, 88.299560546875, 89.59785461425781, 87.84142303466797, 85.13324737548828, 87.96009063720703, 89.07537841796875, 86.812744140625, 86.9771728515625, 86.64048767089844, 88.49683380126953, 87.5228042602539, 86.45156860351562, 92.53587341308594, 89.86341094970703, 83.93433380126953, 85.43815612792969, 85.91902923583984, 85.57398223876953, 89.46378326416016, 85.84494018554688, 87.85887908935547, 87.66787719726562, 86.09085083007812, 84.39083862304688, 83.0452651977539, 83.7745361328125, 86.61627960205078, 86.09597778320312, 84.45721435546875, 84.58988189697266, 80.86091613769531, 85.79361724853516, 88.67051696777344, 80.41632080078125, 81.77637481689453, 83.46466827392578, 88.390380859375, 81.74591827392578, 82.58442687988281, 83.0140609741211, 97.46321868896484, 81.3725814819336, 81.93299102783203, 81.68526458740234, 81.17279052734375, 79.76667785644531, 83.82456970214844, 79.34818267822266, 83.76567840576172, 80.23381805419922, 82.17286682128906, 79.98680877685547, 84.63750457763672, 82.78656005859375, 80.17646026611328, 79.8427734375, 82.8843994140625, 77.30570983886719, 78.85931396484375, 77.18400573730469, 81.817138671875, 79.40158081054688, 82.63908386230469, 77.92839050292969, 78.08700561523438]}