{"aucroc": 0.8843998304668851, "aucpr": 0.4709673020163051, "dataset": "27_PageBlocks", "method": "refine", "test_ratio": 0.09456118665018541, "train_ratio": 0.07092088998763905, "labeled_anomalies": 0.75, "loe_loss": [17.139190673828125, 15.218949317932129, 14.809359550476074, 14.468119621276855, 13.423187255859375, 13.724812507629395, 13.602970123291016, 13.05601692199707, 13.106616020202637, 13.185293197631836, 12.867781639099121, 13.019571304321289, 13.227095603942871, 12.840873718261719, 12.528658866882324, 12.829384803771973, 12.342084884643555, 12.169431686401367, 12.143255233764648, 12.170238494873047, 11.956177711486816, 12.51125717163086, 12.15503978729248, 12.047476768493652, 11.90698528289795, 12.711769104003906, 11.65981388092041, 12.065450668334961, 11.779102325439453, 12.036702156066895, 11.833813667297363, 11.699200630187988, 11.886889457702637, 11.517817497253418, 11.892894744873047, 12.528972625732422, 11.661855697631836, 11.61565113067627, 11.55145263671875, 11.64848518371582, 12.129446029663086, 11.369357109069824, 11.710552215576172, 11.450185775756836, 11.33768367767334, 11.910747528076172, 11.017226219177246, 11.608877182006836, 11.211143493652344, 11.273645401000977, 11.665934562683105, 11.14844799041748, 11.07983112335205, 10.796594619750977, 11.138470649719238, 11.293416976928711, 10.586139678955078, 10.905614852905273, 10.777021408081055, 11.104765892028809, 11.436565399169922, 10.719930648803711, 11.207265853881836, 11.061656951904297, 10.838626861572266, 10.4917631149292, 11.274592399597168, 11.193310737609863, 10.896341323852539, 10.533632278442383, 11.47079849243164, 11.27640151977539, 10.500650405883789, 11.55507755279541, 11.146620750427246, 10.314420700073242, 10.21288013458252, 10.61264419555664, 11.53531265258789, 10.318319320678711, 10.962111473083496, 10.926555633544922, 10.641278266906738, 10.588644027709961, 10.520362854003906, 10.01053237915039, 10.67548656463623, 10.524587631225586, 10.37742805480957, 9.926822662353516, 10.282608985900879, 10.216985702514648, 9.967142105102539, 10.753347396850586, 10.559536933898926, 9.932642936706543, 10.102469444274902, 11.277406692504883, 10.748046875, 9.872554779052734, 9.787055015563965, 9.485393524169922, 10.091110229492188, 10.344751358032227, 9.944846153259277, 9.902597427368164, 10.116722106933594, 9.718542098999023, 9.530899047851562, 9.232112884521484, 10.627041816711426, 10.650256156921387, 10.334789276123047, 9.760720252990723, 9.628006935119629, 9.433500289916992, 9.653961181640625, 9.484790802001953, 9.530352592468262, 9.362077713012695]}