{"aucroc": 0.8817479756407682, "aucpr": 0.4639155197743935, "dataset": "27_PageBlocks", "method": "soft", "test_ratio": 0.09456118665018541, "train_ratio": 0.07092088998763905, "labeled_anomalies": 0.75, "loe_loss": [18.107467651367188, 15.264532089233398, 15.044642448425293, 14.137589454650879, 13.636555671691895, 8.143978118896484, 13.104137420654297, 12.704180717468262, 12.441601753234863, 10.311295509338379, 12.818943977355957, 10.841567039489746, 12.591814994812012, 11.691950798034668, 12.585294723510742, 12.38778018951416, 12.427274703979492, 11.974160194396973, 9.266256332397461, 11.9755277633667, 11.94942855834961, 11.850225448608398, 9.509684562683105, 10.924580574035645, 11.619705200195312, 11.81167984008789, 11.194537162780762, 11.122767448425293, 11.29784870147705, 11.180033683776855, 11.416226387023926, 11.095921516418457, 8.358835220336914, 11.26913833618164, 11.156604766845703, 10.754940032958984, 10.569087028503418, 11.061881065368652, 11.136345863342285, 10.714674949645996, 10.4111967086792, 10.814103126525879, 4.885860443115234, 10.332273483276367, 10.288261413574219, 9.500991821289062, 8.529793739318848, 10.108549118041992, 10.293987274169922, 9.584824562072754, 10.346181869506836, 10.297627449035645, 10.052287101745605, 8.483272552490234, 9.727590560913086, 4.810117244720459, 8.074721336364746, 9.993757247924805, 9.992807388305664, 8.900344848632812, 10.43175983428955, 11.021492004394531, 10.148151397705078, 10.138144493103027, 7.279901504516602, 4.902836799621582, 10.008970260620117, 8.817914009094238, 6.861318588256836, 9.88525390625, 9.900321006774902, 9.918891906738281, 8.825645446777344, 8.981460571289062, 9.904422760009766, 9.541298866271973, 9.779911994934082, 2.410557270050049, 8.114663124084473, 9.504762649536133, 9.746847152709961, 6.080114841461182, 8.767117500305176, 9.462876319885254, 8.084127426147461, 6.588642120361328, 8.87915325164795, 8.616754531860352, 9.072907447814941, 9.212961196899414, 9.110535621643066, 8.746060371398926, 6.44354248046875, 9.184114456176758, 7.965920448303223, 1.311685562133789, 8.860549926757812, 6.989554405212402, 6.2326226234436035, 8.299898147583008, 9.258110046386719, 9.602320671081543, 7.4055891036987305, 8.410428047180176, 9.400856018066406, 8.054609298706055, 8.639413833618164, 7.054549217224121, 8.316640853881836, 9.083741188049316, 8.79430103302002, 7.404788017272949, 5.049811363220215, 8.748867988586426, 8.508673667907715, 7.8783278465271, 8.515517234802246, 4.140582084655762, 8.53897762298584, 7.819626331329346]}