{"aucroc": 0.8326163662870544, "aucpr": 0.13015676748471477, "dataset": "28_pendigits", "method": "soft", "test_ratio": 0.022804463852498787, "train_ratio": 0.0, "labeled_anomalies": 0.0}