{"aucroc": 0.8117116355722706, "aucpr": 0.11729983679093521, "dataset": "28_pendigits", "method": "refine", "test_ratio": 0.022804463852498787, "train_ratio": 0.003420669577874818, "labeled_anomalies": 0.15, "loe_loss": [35.1746711730957, 33.154685974121094, 31.449230194091797, 30.256471633911133, 29.34474754333496, 29.582799911499023, 29.06501007080078, 28.80270004272461, 28.816570281982422, 29.15945053100586, 28.474679946899414, 28.222652435302734, 28.129745483398438, 27.859004974365234, 27.738510131835938, 27.60633087158203, 27.00635528564453, 27.10003662109375, 27.393268585205078, 27.356245040893555, 26.975276947021484, 26.857332229614258, 26.160079956054688, 26.635263442993164, 26.847854614257812, 25.506500244140625, 25.686037063598633, 25.939905166625977, 25.359071731567383, 25.381441116333008, 25.661357879638672, 25.28742218017578, 25.025354385375977, 24.637615203857422, 25.310619354248047, 24.677236557006836, 24.824512481689453, 24.738460540771484, 24.54073143005371, 25.152015686035156, 24.83711814880371, 24.07622528076172, 24.140615463256836, 24.16743278503418, 24.289487838745117, 24.235633850097656, 24.336524963378906, 23.870878219604492, 23.82093620300293, 23.841110229492188, 23.591951370239258, 23.305198669433594, 23.834047317504883, 23.616214752197266, 23.515419006347656, 23.460113525390625, 24.004398345947266, 23.736846923828125, 23.33393096923828, 23.532936096191406, 22.794662475585938, 22.912734985351562, 22.840059280395508, 22.791709899902344, 22.798948287963867, 22.518444061279297, 22.97129249572754, 23.258153915405273, 22.82794761657715, 22.51686668395996, 22.830730438232422, 22.932289123535156, 23.132099151611328, 22.920650482177734, 22.941020965576172, 22.564193725585938, 22.159095764160156, 22.42452621459961, 22.412765502929688, 22.930023193359375, 22.343015670776367, 22.583131790161133, 21.9976863861084, 22.18982696533203, 22.4061336517334, 22.225866317749023, 22.082168579101562, 21.71227264404297, 21.767793655395508, 22.133432388305664, 21.56557273864746, 21.9052677154541, 22.098234176635742, 22.155183792114258, 21.607616424560547, 21.93204116821289, 21.470911026000977, 21.6488037109375, 21.93036651611328, 22.115341186523438, 21.992815017700195, 21.421119689941406, 21.571365356445312, 21.88311195373535, 21.39715576171875, 21.362056732177734, 21.284591674804688, 21.607168197631836, 21.808456420898438, 21.444477081298828, 21.82330322265625, 21.310983657836914, 21.759597778320312, 21.78119659423828, 21.52408218383789, 20.98097038269043, 21.83319091796875, 20.979299545288086, 20.950166702270508, 20.74560546875]}