{"aucroc": 0.844896363751611, "aucpr": 0.13371171353706823, "dataset": "28_pendigits", "method": "soft", "test_ratio": 0.022804463852498787, "train_ratio": 0.01710334788937409, "labeled_anomalies": 0.75, "loe_loss": [35.029579162597656, 33.104347229003906, 30.930496215820312, 30.512483596801758, 29.14454460144043, 28.827713012695312, 28.454099655151367, 28.525951385498047, 28.404495239257812, 28.602388381958008, 27.249723434448242, 26.87718963623047, 26.997146606445312, 26.727149963378906, 26.704824447631836, 27.42644691467285, 26.96475601196289, 26.424726486206055, 26.392711639404297, 26.639772415161133, 26.655513763427734, 26.11480140686035, 25.683937072753906, 25.3102970123291, 25.956228256225586, 25.169422149658203, 25.678728103637695, 25.740461349487305, 25.506778717041016, 24.772037506103516, 25.19466209411621, 24.965654373168945, 24.90252113342285, 24.039936065673828, 24.976638793945312, 24.466657638549805, 24.587844848632812, 24.374269485473633, 24.651979446411133, 24.082006454467773, 24.597349166870117, 23.397308349609375, 24.090091705322266, 24.29426383972168, 24.27566146850586, 23.755905151367188, 23.75406837463379, 23.098623275756836, 23.284587860107422, 23.262422561645508, 23.483537673950195, 23.686626434326172, 23.61202621459961, 23.095104217529297, 22.838958740234375, 22.954360961914062, 23.06475830078125, 23.3918514251709, 22.633737564086914, 23.082853317260742, 23.206754684448242, 22.505517959594727, 23.218000411987305, 23.132007598876953, 22.472801208496094, 22.604351043701172, 23.33333969116211, 22.81322479248047, 22.32719612121582, 22.738632202148438, 22.666065216064453, 22.232662200927734, 22.63728141784668, 22.232982635498047, 22.739826202392578, 22.27254867553711, 21.796289443969727, 22.142559051513672, 22.052860260009766, 21.95631980895996, 22.334598541259766, 22.39059829711914, 21.85825538635254, 22.00201416015625, 22.279621124267578, 21.448333740234375, 21.749187469482422, 21.768152236938477, 21.98967742919922, 21.562965393066406, 22.264266967773438, 21.833810806274414, 21.4406681060791, 21.159547805786133, 21.841556549072266, 21.62786865234375, 21.72067642211914, 22.10615348815918, 21.526046752929688, 21.38125228881836, 21.670896530151367, 21.738258361816406, 21.369956970214844, 20.990947723388672, 21.318904876708984, 21.646984100341797, 21.322038650512695, 21.654348373413086, 20.980859756469727, 21.01923370361328, 20.85110092163086, 20.733753204345703, 21.193954467773438, 20.93151092529297, 21.062036514282227, 21.494230270385742, 21.156904220581055, 21.088327407836914, 20.622291564941406, 21.19626235961914]}