{"aucroc": 0.8339855057153119, "aucpr": 0.13299930446532363, "dataset": "28_pendigits", "method": "refine", "test_ratio": 0.022804463852498787, "train_ratio": 0.0, "labeled_anomalies": 0.0}