{"aucroc": 0.8152464662257811, "aucpr": 0.10696731856333434, "dataset": "28_pendigits", "method": "soft", "test_ratio": 0.022804463852498787, "train_ratio": 0.005701115963124697, "labeled_anomalies": 0.25, "loe_loss": [36.03044509887695, 34.17621612548828, 31.866985321044922, 31.477529525756836, 30.012727737426758, 29.97461700439453, 29.409305572509766, 29.422840118408203, 29.201791763305664, 29.493907928466797, 28.082799911499023, 27.681522369384766, 27.9263973236084, 27.674964904785156, 27.49471664428711, 28.28993797302246, 27.798412322998047, 27.259164810180664, 27.27889060974121, 27.612030029296875, 27.436796188354492, 26.888378143310547, 26.502201080322266, 26.173725128173828, 26.831497192382812, 25.95263671875, 26.417953491210938, 26.691991806030273, 26.29703712463379, 25.552228927612305, 25.893199920654297, 25.806509017944336, 25.673778533935547, 24.952091217041016, 25.652246475219727, 25.21562385559082, 25.360239028930664, 25.151643753051758, 25.460561752319336, 24.983144760131836, 25.272632598876953, 24.251359939575195, 24.88646697998047, 25.0479736328125, 24.925138473510742, 24.525562286376953, 24.46174430847168, 23.785364151000977, 23.968225479125977, 24.070167541503906, 24.265514373779297, 24.366743087768555, 24.41090965270996, 23.920551300048828, 23.48577117919922, 23.570728302001953, 23.59296226501465, 24.109342575073242, 23.327068328857422, 23.99101448059082, 23.888931274414062, 23.22018814086914, 23.795732498168945, 23.86458396911621, 23.163986206054688, 23.196334838867188, 23.815208435058594, 23.399934768676758, 22.903162002563477, 23.38651466369629, 23.372943878173828, 22.827966690063477, 23.2707462310791, 22.928390502929688, 23.332399368286133, 22.780920028686523, 22.453123092651367, 22.836633682250977, 22.553213119506836, 22.554561614990234, 22.91104507446289, 23.029151916503906, 22.527902603149414, 22.55689811706543, 22.925148010253906, 22.193084716796875, 22.44386100769043, 22.61206817626953, 22.555500030517578, 22.09891128540039, 22.772048950195312, 22.31243133544922, 22.08441925048828, 21.86656951904297, 22.399044036865234, 22.310760498046875, 22.463695526123047, 22.611289978027344, 22.019166946411133, 22.007177352905273, 22.43870735168457, 22.297012329101562, 21.991161346435547, 21.903724670410156, 22.08584976196289, 22.358314514160156, 21.95469856262207, 22.20638656616211, 21.69425392150879, 21.699960708618164, 21.44862174987793, 21.504642486572266, 21.838605880737305, 21.4550724029541, 21.752744674682617, 22.019554138183594, 21.835308074951172, 21.641721725463867, 21.47651481628418, 21.836454391479492]}