{"aucroc": 0.6466418091133601, "aucpr": 0.5000238429510977, "dataset": "29_Pima", "method": "refine", "test_ratio": 0.3566666666666667, "train_ratio": 0.0535, "labeled_anomalies": 0.15, "loe_loss": [16.901668548583984, 15.794736862182617, 14.807977676391602, 14.56743049621582, 13.710484504699707, 13.43592643737793, 13.354044914245605, 12.904695510864258, 12.654582023620605, 12.72196102142334, 12.51249885559082, 12.051776885986328, 12.247547149658203, 12.131677627563477, 11.8753080368042, 11.87630844116211, 11.82597827911377, 12.027412414550781, 11.951834678649902, 11.867013931274414, 12.309504508972168, 11.851330757141113, 11.729646682739258, 11.566841125488281, 11.700759887695312, 11.53510570526123, 11.571712493896484, 11.363718032836914, 10.985086441040039, 11.387563705444336, 11.273065567016602, 11.140316009521484, 11.282941818237305, 11.351085662841797, 11.525121688842773, 11.135394096374512, 11.467170715332031, 11.376873016357422, 10.991991996765137, 11.358811378479004, 11.452417373657227, 10.98356819152832, 11.254816055297852, 11.539541244506836, 10.695028305053711, 10.811065673828125, 11.024299621582031, 10.949332237243652, 11.232502937316895, 11.097365379333496, 11.136934280395508, 11.264800071716309, 11.172296524047852, 11.2093505859375, 11.202193260192871, 11.120438575744629, 10.866732597351074, 10.880472183227539, 11.247729301452637, 10.985101699829102, 11.186519622802734, 11.480234146118164, 11.062416076660156, 10.533437728881836, 11.04123592376709, 10.916988372802734, 10.27148151397705, 10.809996604919434, 10.831110954284668, 10.695950508117676, 11.229544639587402, 11.301779747009277, 11.118165969848633, 10.78420639038086, 10.958114624023438, 11.167486190795898, 11.059802055358887, 11.002569198608398, 10.891984939575195, 10.738227844238281, 10.745722770690918, 10.713973045349121, 10.729618072509766, 10.938328742980957, 10.522172927856445, 10.888256072998047, 10.47465705871582, 10.632287979125977, 10.676478385925293, 10.545011520385742, 10.768152236938477, 10.466005325317383, 10.66420841217041, 10.750777244567871, 10.514782905578613, 10.889772415161133, 10.811071395874023, 10.572686195373535, 10.419661521911621, 10.466116905212402, 10.95078182220459, 10.556974411010742, 10.539081573486328, 10.315275192260742, 10.831592559814453, 11.233497619628906, 10.659995079040527, 10.732012748718262, 10.699695587158203, 10.867863655090332, 10.830266952514648, 10.85240364074707, 10.216279029846191, 10.460928916931152, 10.544055938720703, 10.686469078063965, 10.62451171875, 10.673331260681152, 11.056625366210938, 10.891338348388672]}