{"aucroc": 0.6504382354365406, "aucpr": 0.503024663913652, "dataset": "29_Pima", "method": "refine", "test_ratio": 0.3566666666666667, "train_ratio": 0.08916666666666667, "labeled_anomalies": 0.25, "loe_loss": [15.842169761657715, 14.753665924072266, 13.863370895385742, 13.63525104522705, 12.778225898742676, 12.529995918273926, 12.439252853393555, 12.039107322692871, 11.824324607849121, 11.876445770263672, 11.665452003479004, 11.26536750793457, 11.46728229522705, 11.298375129699707, 11.03365707397461, 11.068920135498047, 11.00692081451416, 11.182232856750488, 11.161101341247559, 11.034456253051758, 11.503264427185059, 11.054083824157715, 10.963743209838867, 10.80794620513916, 10.89265251159668, 10.822635650634766, 10.825685501098633, 10.606304168701172, 10.310741424560547, 10.64028549194336, 10.510029792785645, 10.424758911132812, 10.533956527709961, 10.580427169799805, 10.746343612670898, 10.411520004272461, 10.703592300415039, 10.615177154541016, 10.267093658447266, 10.633052825927734, 10.645228385925293, 10.2789888381958, 10.42946720123291, 10.760567665100098, 10.01140308380127, 10.088170051574707, 10.313541412353516, 10.235068321228027, 10.489880561828613, 10.3781156539917, 10.427085876464844, 10.562686920166016, 10.445982933044434, 10.491564750671387, 10.442152976989746, 10.392515182495117, 10.144618034362793, 10.177448272705078, 10.50993537902832, 10.266854286193848, 10.41923999786377, 10.77862548828125, 10.323863983154297, 9.825897216796875, 10.340099334716797, 10.204492568969727, 9.577367782592773, 10.155811309814453, 10.081789016723633, 10.006511688232422, 10.501967430114746, 10.587156295776367, 10.401477813720703, 10.057947158813477, 10.213706016540527, 10.440667152404785, 10.3300142288208, 10.272558212280273, 10.219671249389648, 10.027362823486328, 10.088409423828125, 9.98625659942627, 10.005496978759766, 10.21468448638916, 9.837675094604492, 10.18891716003418, 9.859572410583496, 9.969132423400879, 9.983160018920898, 9.828473091125488, 10.054691314697266, 9.80657958984375, 9.916128158569336, 10.027793884277344, 9.8507080078125, 10.175857543945312, 10.125046730041504, 9.907455444335938, 9.761828422546387, 9.819602012634277, 10.250083923339844, 9.898969650268555, 9.82238483428955, 9.641142845153809, 10.121050834655762, 10.505841255187988, 9.948534965515137, 10.002760887145996, 10.016714096069336, 10.160808563232422, 10.104830741882324, 10.104045867919922, 9.572530746459961, 9.748673439025879, 9.783824920654297, 9.974732398986816, 9.904984474182129, 9.956972122192383, 10.333243370056152, 10.162851333618164]}