{"aucroc": 0.7110454699530289, "aucpr": 0.5465237101997577, "dataset": "29_Pima", "method": "soft", "test_ratio": 0.3566666666666667, "train_ratio": 0.2675, "labeled_anomalies": 0.75, "loe_loss": [10.057103157043457, 9.417670249938965, 9.131093978881836, 9.018814086914062, 8.733541488647461, 8.224814414978027, 7.999316692352295, 7.9012980461120605, 7.983850002288818, 7.5294694900512695, 7.471772193908691, 6.9791131019592285, 7.04404878616333, 7.3681960105896, 7.115254878997803, 6.941081523895264, 6.897164821624756, 6.987944602966309, 6.91325569152832, 6.737640380859375, 6.667336940765381, 6.828342914581299, 6.7445149421691895, 6.618168354034424, 7.135682106018066, 6.579033374786377, 6.859941005706787, 6.534031867980957, 6.579601764678955, 6.644273281097412, 6.546070098876953, 6.654488563537598, 6.425673484802246, 6.611681938171387, 6.501279830932617, 6.162435531616211, 6.483117580413818, 6.529868125915527, 6.471343994140625, 6.589716911315918, 6.370092868804932, 6.084006309509277, 6.354227066040039, 6.333042144775391, 6.5041608810424805, 6.547900676727295, 6.262188911437988, 6.254573822021484, 6.034450531005859, 6.272210121154785, 6.284833908081055, 6.678694725036621, 6.389301776885986, 6.278375625610352, 6.3513360023498535, 6.3630757331848145, 6.3516411781311035, 6.258472442626953, 6.232390403747559, 5.892859935760498, 5.880321979522705, 6.032282829284668, 5.94025182723999, 6.175754547119141, 6.223458290100098, 6.181602478027344, 6.028914928436279, 6.093128204345703, 6.216794967651367, 5.922026634216309, 6.366790771484375, 5.992388725280762, 5.92203950881958, 5.918602466583252, 6.06544828414917, 6.127279281616211, 5.972377300262451, 5.92917537689209, 6.123388767242432, 6.056984901428223, 5.83487606048584, 5.799875259399414, 6.142533779144287, 5.7299604415893555, 6.071365833282471, 6.2480998039245605, 6.03048038482666, 5.816976547241211, 6.132512092590332, 5.83644962310791, 5.785243511199951, 5.496837615966797, 5.864887237548828, 5.961706638336182, 6.014433860778809, 6.420558452606201, 5.899554252624512, 5.94581413269043, 5.898849010467529, 5.967642307281494, 5.7896528244018555, 5.816218852996826, 6.194803237915039, 6.21093225479126, 6.188205718994141, 5.734458923339844, 6.056390762329102, 5.8661723136901855, 5.749932765960693, 5.758940696716309, 5.989574909210205, 5.729342937469482, 6.193170070648193, 5.722718238830566, 5.637041091918945, 5.57455587387085, 6.422553539276123, 5.8757004737854, 5.593493461608887, 6.473615646362305]}