{"aucroc": 0.6450970897293109, "aucpr": 0.5007567931894632, "dataset": "29_Pima", "method": "soft", "test_ratio": 0.3566666666666667, "train_ratio": 0.0535, "labeled_anomalies": 0.15, "loe_loss": [16.0723876953125, 15.330047607421875, 14.890556335449219, 14.812822341918945, 14.14748764038086, 13.910542488098145, 13.29734992980957, 13.550195693969727, 13.029735565185547, 12.449858665466309, 12.635320663452148, 12.037033081054688, 12.031572341918945, 12.634392738342285, 12.203729629516602, 12.019989967346191, 11.638303756713867, 11.627161026000977, 11.474837303161621, 11.005521774291992, 11.584253311157227, 11.266345024108887, 11.8030366897583, 11.351141929626465, 11.740078926086426, 11.35294246673584, 11.369640350341797, 11.037322044372559, 11.327006340026855, 11.496428489685059, 11.009308815002441, 11.558950424194336, 11.192975044250488, 11.089592933654785, 11.168292999267578, 11.18935775756836, 11.400912284851074, 11.214860916137695, 10.889657020568848, 10.87943172454834, 10.888309478759766, 10.483484268188477, 10.692148208618164, 10.871221542358398, 10.99907398223877, 10.93900203704834, 10.975403785705566, 11.175439834594727, 10.684144973754883, 10.916372299194336, 10.884084701538086, 11.380385398864746, 10.612732887268066, 10.94326114654541, 10.892654418945312, 10.838390350341797, 11.029136657714844, 10.63409423828125, 10.922863006591797, 10.077893257141113, 10.837937355041504, 10.617829322814941, 10.88873291015625, 10.765325546264648, 10.84890079498291, 10.75770378112793, 10.868993759155273, 10.662439346313477, 10.758241653442383, 10.471405029296875, 11.226946830749512, 10.373311042785645, 10.374390602111816, 10.694000244140625, 10.351871490478516, 10.69668960571289, 10.598443031311035, 10.763896942138672, 10.484501838684082, 10.641916275024414, 10.786036491394043, 10.37545394897461, 10.703932762145996, 10.294923782348633, 10.525384902954102, 10.435303688049316, 10.45617389678955, 10.653398513793945, 10.908042907714844, 10.416701316833496, 10.304535865783691, 10.224919319152832, 10.57232666015625, 10.37574291229248, 10.721672058105469, 11.144414901733398, 10.589740753173828, 10.488594055175781, 10.827559471130371, 10.792303085327148, 10.661808013916016, 10.505603790283203, 11.108222961425781, 10.545315742492676, 10.83545207977295, 10.377004623413086, 10.630386352539062, 10.199677467346191, 10.220519065856934, 10.663064956665039, 10.851909637451172, 10.309277534484863, 11.06673812866211, 10.771271705627441, 10.169281005859375, 10.223675727844238, 10.858583450317383, 10.624825477600098, 10.283590316772461, 10.926229476928711]}