{"aucroc": 0.6990646233199425, "aucpr": 0.6722623240798224, "dataset": "30_satellite", "method": "refine", "test_ratio": 0.31641636457793887, "train_ratio": 0.15820818228896943, "labeled_anomalies": 0.5, "loe_loss": [58.078250885009766, 54.13325500488281, 54.55507278442383, 51.90168380737305, 51.841922760009766, 51.468223571777344, 51.23465347290039, 50.677879333496094, 49.7969856262207, 49.54380416870117, 50.111602783203125, 48.83927917480469, 49.97724151611328, 48.6417236328125, 49.67069625854492, 48.049503326416016, 49.944541931152344, 47.780029296875, 47.4910888671875, 49.200965881347656, 47.482154846191406, 48.35011672973633, 48.499794006347656, 47.87251281738281, 49.667118072509766, 47.485416412353516, 47.906768798828125, 46.586875915527344, 47.26995086669922, 47.86927795410156, 45.950050354003906, 43.40828323364258, 44.475460052490234, 46.23017883300781, 45.98106384277344, 45.94158935546875, 43.504554748535156, 46.382423400878906, 44.929325103759766, 45.04243850708008, 44.63381576538086, 43.54646301269531, 44.394290924072266, 42.52769470214844, 45.0109748840332, 44.164512634277344, 43.14704132080078, 44.28791809082031, 43.06241226196289, 43.981834411621094, 42.62338638305664, 42.106109619140625, 40.816463470458984, 42.072105407714844, 40.35858917236328, 40.61874008178711, 39.53614807128906, 39.32572555541992, 40.96196746826172, 39.12110900878906, 39.579383850097656, 38.403282165527344, 38.45988464355469, 38.47013854980469, 38.0727653503418, 38.72993087768555, 38.702232360839844, 38.423973083496094, 38.688446044921875, 37.52178192138672, 38.364952087402344, 37.18593978881836, 37.10443115234375, 37.69364929199219, 35.853633880615234, 36.290924072265625, 35.53888702392578, 37.323875427246094, 35.81521224975586, 34.670162200927734, 35.48918533325195, 35.64598846435547, 34.4217529296875, 35.018829345703125, 34.21646499633789, 33.45661926269531, 33.32614517211914, 33.692447662353516, 34.60395050048828, 33.294219970703125, 33.08250045776367, 33.057395935058594, 33.31298828125, 32.60138702392578, 32.956939697265625, 32.269081115722656, 32.63385772705078, 31.886070251464844, 31.958667755126953, 32.04715347290039, 32.31772232055664, 31.597171783447266, 31.334688186645508, 31.470096588134766, 32.07007598876953, 32.087703704833984, 30.66533851623535, 30.337087631225586, 30.864286422729492, 30.76753044128418, 30.093719482421875, 30.47372817993164, 30.53266143798828, 29.710792541503906, 30.669828414916992, 29.251583099365234, 29.14745330810547, 29.52707290649414, 28.524133682250977, 29.605396270751953]}