{"aucroc": 0.7109728215047364, "aucpr": 0.6846906899498678, "dataset": "30_satellite", "method": "soft", "test_ratio": 0.31641636457793887, "train_ratio": 0.31641636457793887, "labeled_anomalies": 1.0, "loe_loss": [35.91419219970703, 34.89057922363281, 32.73937225341797, 32.5023193359375, 32.62754821777344, 32.48375701904297, 32.718875885009766, 32.77030944824219, 31.296600341796875, 32.19672393798828, 31.12583351135254, 32.376651763916016, 30.926733016967773, 31.159467697143555, 30.454801559448242, 31.310157775878906, 30.433298110961914, 31.823701858520508, 29.440330505371094, 29.873367309570312, 30.861591339111328, 29.952123641967773, 30.258268356323242, 30.671083450317383, 30.099281311035156, 28.98754119873047, 29.966571807861328, 30.60169219970703, 29.324552536010742, 29.58927345275879, 29.90463638305664, 29.820350646972656, 29.29210662841797, 28.88060188293457, 29.588359832763672, 28.70630645751953, 28.071834564208984, 29.260189056396484, 27.711299896240234, 28.5281925201416, 27.73693084716797, 28.355504989624023, 26.76972770690918, 28.07522201538086, 27.54186248779297, 27.756134033203125, 27.80556297302246, 28.456579208374023, 28.71693992614746, 27.216373443603516, 28.086076736450195, 25.684953689575195, 26.506855010986328, 26.558032989501953, 26.65479278564453, 25.37154769897461, 25.620380401611328, 23.81971549987793, 23.794048309326172, 25.19911766052246, 25.14717674255371, 24.156089782714844, 25.244380950927734, 22.443832397460938, 24.917165756225586, 22.621721267700195, 22.335371017456055, 21.178667068481445, 23.809560775756836, 22.245193481445312, 22.530149459838867, 21.239656448364258, 21.686145782470703, 22.229997634887695, 19.793588638305664, 21.173728942871094, 19.47873878479004, 19.98611068725586, 20.621734619140625, 20.837793350219727, 19.852052688598633, 19.083850860595703, 19.269695281982422, 18.61917495727539, 17.971437454223633, 18.528348922729492, 17.761823654174805, 18.173980712890625, 17.669282913208008, 16.486635208129883, 18.39741325378418, 14.830672264099121, 16.73494529724121, 14.97616958618164, 15.589286804199219, 17.383602142333984, 16.591838836669922, 17.10865020751953, 15.7175931930542, 14.468969345092773, 16.08639144897461, 12.624372482299805, 14.344612121582031, 13.71812915802002, 14.19532585144043, 14.126606941223145, 9.895700454711914, 12.653799057006836, 15.215827941894531, 13.06234359741211, 10.990397453308105, 8.164388656616211, 8.45410442352295, 6.667214870452881, 8.118682861328125, 10.152441024780273, 1.8007280826568604, 3.5150861740112305, 6.215286731719971, 7.743505001068115]}