{"aucroc": 0.6731272628081137, "aucpr": 0.6470247387908431, "dataset": "30_satellite", "method": "soft", "test_ratio": 0.31641636457793887, "train_ratio": 0.04746245468669083, "labeled_anomalies": 0.15, "loe_loss": [63.97474670410156, 63.54957580566406, 59.5699577331543, 60.97431945800781, 62.56123352050781, 61.831295013427734, 57.525733947753906, 58.34437942504883, 58.202392578125, 57.60860824584961, 58.843833923339844, 57.98918151855469, 57.01002502441406, 54.71232604980469, 56.507347106933594, 58.181087493896484, 57.584877014160156, 58.012638092041016, 58.80906295776367, 57.42298126220703, 56.62672805786133, 55.30209732055664, 56.25523376464844, 55.18149185180664, 54.667049407958984, 55.00914764404297, 52.88524627685547, 54.22578430175781, 52.57161331176758, 55.48294448852539, 55.88967514038086, 53.62685775756836, 56.471778869628906, 54.21907424926758, 52.38269805908203, 53.02726364135742, 54.810760498046875, 52.930660247802734, 51.60089874267578, 52.54682159423828, 54.5990104675293, 52.773170471191406, 55.54922103881836, 54.98373031616211, 52.08072280883789, 52.19599151611328, 52.84901428222656, 51.73945617675781, 51.44008255004883, 50.53704071044922, 51.38853454589844, 51.575679779052734, 47.77480697631836, 49.667850494384766, 51.16215896606445, 50.72108840942383, 48.61064147949219, 47.33045196533203, 49.28083801269531, 47.21173095703125, 47.49558639526367, 47.2712516784668, 44.773475646972656, 46.252288818359375, 44.76649856567383, 47.057857513427734, 41.53306579589844, 45.60863494873047, 45.098426818847656, 45.03570556640625, 45.522926330566406, 42.18467330932617, 42.213375091552734, 41.77985763549805, 41.74332046508789, 43.763275146484375, 39.90650177001953, 41.50762939453125, 41.126556396484375, 40.84725570678711, 40.47567367553711, 42.45869445800781, 41.242122650146484, 41.86382293701172, 39.27515411376953, 41.15102767944336, 40.19345474243164, 43.120826721191406, 39.426937103271484, 39.464813232421875, 41.01663589477539, 40.199493408203125, 38.41975784301758, 39.83457946777344, 38.384010314941406, 40.82969284057617, 41.83321762084961, 41.523765563964844, 39.1968994140625, 36.67002868652344, 44.06547927856445, 41.80902862548828, 38.90517807006836, 37.01362991333008, 38.844818115234375, 40.109649658203125, 39.53301239013672, 38.46955871582031, 37.92642593383789, 36.12004470825195, 37.89530944824219, 39.68282699584961, 37.480201721191406, 36.77024841308594, 34.554176330566406, 37.435760498046875, 35.39362716674805, 35.779781341552734, 34.139892578125, 35.158931732177734]}