{"aucroc": 0.6915502405396022, "aucpr": 0.66321512862142, "dataset": "30_satellite", "method": "refine", "test_ratio": 0.31641636457793887, "train_ratio": 0.07910409114448472, "labeled_anomalies": 0.25, "loe_loss": [65.66707611083984, 61.78472900390625, 62.61797332763672, 58.857200622558594, 58.743377685546875, 58.08222579956055, 58.67737579345703, 57.66239929199219, 55.89393997192383, 55.674842834472656, 57.43727111816406, 55.002037048339844, 56.74201583862305, 55.461483001708984, 56.420528411865234, 54.24129867553711, 56.96842956542969, 54.22013854980469, 54.71723175048828, 55.68343734741211, 53.66493606567383, 54.69125747680664, 54.62407684326172, 54.106666564941406, 57.02228927612305, 54.01008224487305, 55.0196533203125, 53.576744079589844, 53.44140625, 54.476898193359375, 52.417083740234375, 49.05757522583008, 50.47335433959961, 52.43231201171875, 51.727447509765625, 52.42280578613281, 49.35545349121094, 53.90544509887695, 50.551361083984375, 51.0825309753418, 49.683956146240234, 49.6103630065918, 51.869361877441406, 47.77961730957031, 51.21059799194336, 49.804534912109375, 48.342098236083984, 52.47654724121094, 48.11399459838867, 50.810882568359375, 49.474037170410156, 48.66117858886719, 46.27446746826172, 47.118988037109375, 44.638633728027344, 45.19587326049805, 44.02753448486328, 44.15504837036133, 44.947898864746094, 44.396053314208984, 44.72990417480469, 43.35951232910156, 43.39085006713867, 43.854976654052734, 43.057647705078125, 41.82238006591797, 42.626564025878906, 42.31999588012695, 44.98052978515625, 41.932373046875, 43.83122253417969, 41.51109313964844, 41.836761474609375, 44.585323333740234, 40.74507522583008, 40.758941650390625, 40.66725540161133, 41.47890090942383, 41.47884750366211, 40.352394104003906, 40.440399169921875, 40.62173843383789, 38.4157600402832, 41.274688720703125, 38.93384552001953, 37.69930648803711, 37.420654296875, 37.9286994934082, 40.571598052978516, 37.96303176879883, 37.86006546020508, 37.431724548339844, 37.297607421875, 36.479393005371094, 37.740787506103516, 37.84080123901367, 36.89668655395508, 36.90083312988281, 36.47492980957031, 36.86711502075195, 36.75907897949219, 35.59698486328125, 38.37044143676758, 36.69470977783203, 37.30915451049805, 37.442378997802734, 35.3201904296875, 35.14982986450195, 36.245750427246094, 35.20106887817383, 34.80790710449219, 36.95857238769531, 36.8298225402832, 34.54625701904297, 34.86362838745117, 34.30584716796875, 33.7191276550293, 34.17448806762695, 33.01249694824219, 34.35862731933594]}