{"aucroc": 0.9956035437430787, "aucpr": 0.9548085808762863, "dataset": "31_satimage-2", "method": "soft", "test_ratio": 0.012062033314187249, "train_ratio": 0.0030155083285468122, "labeled_anomalies": 0.25, "loe_loss": [75.00555419921875, 70.60648345947266, 71.36723327636719, 68.23973083496094, 73.22947692871094, 65.40373229980469, 68.27748107910156, 67.566162109375, 66.11228942871094, 67.34339141845703, 66.6158676147461, 65.28831481933594, 64.8642807006836, 66.10476684570312, 64.3482666015625, 64.23099517822266, 63.3774528503418, 64.57554626464844, 64.28622436523438, 64.57013702392578, 64.29047393798828, 63.592506408691406, 61.421669006347656, 63.55539321899414, 62.39921188354492, 63.76171112060547, 60.9426155090332, 61.249759674072266, 60.10651397705078, 61.099830627441406, 62.090362548828125, 61.860862731933594, 60.64015579223633, 59.277931213378906, 57.05561447143555, 57.7435417175293, 56.36709213256836, 61.076053619384766, 59.9937858581543, 56.37834548950195, 58.492454528808594, 58.40346145629883, 56.34269714355469, 56.75077819824219, 57.072776794433594, 58.26024627685547, 55.27458190917969, 56.53940963745117, 56.08769226074219, 55.446250915527344, 57.103736877441406, 55.20077133178711, 53.672813415527344, 56.4747314453125, 53.928443908691406, 59.279510498046875, 54.25592803955078, 54.08308410644531, 52.91836929321289, 52.66220474243164, 55.33720397949219, 52.54865646362305, 51.659339904785156, 51.89311981201172, 51.90836715698242, 51.46873474121094, 51.93383026123047, 51.91148376464844, 51.01314163208008, 51.588741302490234, 55.92201614379883, 50.737548828125, 49.34608459472656, 49.476314544677734, 50.67515182495117, 49.47394561767578, 48.92437744140625, 47.92948532104492, 47.54798126220703, 46.87063980102539, 47.92873764038086, 48.120521545410156, 48.529869079589844, 47.34682846069336, 45.81875991821289, 48.27367401123047, 44.494384765625, 46.66318130493164, 45.844696044921875, 44.06767654418945, 44.193641662597656, 46.01987838745117, 43.83550262451172, 44.21866989135742, 43.94915771484375, 45.093116760253906, 47.57759475708008, 44.26392364501953, 44.55528259277344, 43.383750915527344, 44.041595458984375, 42.633522033691406, 43.91972732543945, 42.52294921875, 42.73341369628906, 43.774757385253906, 42.5464973449707, 42.19957733154297, 42.43070983886719, 43.4163818359375, 42.64003372192383, 41.952484130859375, 42.677860260009766, 43.28444290161133, 41.06413650512695, 40.58903503417969, 41.713294982910156, 40.1901741027832, 41.648128509521484, 41.307472229003906]}