{"aucroc": 0.9949501661129568, "aucpr": 0.9545353521308989, "dataset": "31_satimage-2", "method": "refine", "test_ratio": 0.012062033314187249, "train_ratio": 0.012062033314187249, "labeled_anomalies": 1.0, "loe_loss": [76.73120880126953, 73.90650177001953, 67.60552978515625, 67.42335510253906, 69.23374938964844, 69.69642639160156, 66.97730255126953, 70.66508483886719, 65.16376495361328, 64.80884552001953, 66.20298767089844, 64.11849212646484, 65.03003692626953, 64.24888610839844, 63.177528381347656, 62.3588981628418, 62.83570098876953, 63.24592590332031, 62.11125946044922, 63.2410774230957, 62.360172271728516, 61.60775375366211, 61.27667236328125, 61.35760498046875, 64.54947662353516, 58.50364685058594, 62.500633239746094, 60.713382720947266, 61.83159637451172, 60.66544723510742, 58.550758361816406, 59.95940399169922, 60.48225021362305, 60.29447937011719, 61.906959533691406, 61.001182556152344, 57.641204833984375, 60.35722351074219, 58.660736083984375, 58.901947021484375, 59.597713470458984, 55.1878662109375, 56.743473052978516, 56.44718933105469, 58.01771926879883, 56.59392547607422, 54.659217834472656, 53.74143981933594, 55.66640853881836, 58.14289093017578, 55.8221435546875, 55.86581802368164, 55.96607208251953, 55.291175842285156, 53.724708557128906, 52.66461944580078, 52.94261169433594, 51.90925979614258, 50.7841911315918, 51.68245315551758, 51.949222564697266, 51.046058654785156, 51.245811462402344, 53.023529052734375, 52.32570266723633, 50.63829803466797, 51.574424743652344, 50.846683502197266, 51.986915588378906, 49.43814468383789, 50.110904693603516, 50.26064682006836, 54.46770095825195, 48.11481857299805, 48.18775939941406, 49.22185134887695, 48.5919189453125, 49.39030456542969, 46.806156158447266, 48.67411422729492, 45.3151969909668, 45.81920623779297, 45.77580642700195, 47.268592834472656, 45.51729202270508, 45.4902229309082, 43.94371795654297, 45.68966293334961, 45.101104736328125, 45.971717834472656, 44.78668975830078, 44.93571853637695, 44.08057403564453, 43.54460144042969, 44.04454803466797, 45.1842041015625, 43.026573181152344, 43.75524139404297, 43.36708450317383, 43.16670608520508, 42.87325668334961, 42.36351013183594, 42.717254638671875, 42.369327545166016, 42.80664825439453, 42.38615417480469, 42.70341873168945, 41.75398635864258, 42.19150161743164, 42.13074493408203, 41.80857849121094, 41.65934371948242, 42.068603515625, 41.7265510559082, 41.27827072143555, 42.47789764404297, 41.97351837158203, 40.9261589050293, 40.78092956542969, 41.5281867980957]}