{"aucroc": 0.9967718715393135, "aucpr": 0.9573779383727323, "dataset": "31_satimage-2", "method": "refine", "test_ratio": 0.012062033314187249, "train_ratio": 0.0060310166570936245, "labeled_anomalies": 0.5, "loe_loss": [78.16714477539062, 75.35931396484375, 68.70381164550781, 68.4067611694336, 70.20420837402344, 70.71356201171875, 67.88937377929688, 71.6673812866211, 66.18126678466797, 65.89656066894531, 67.16210174560547, 65.05095672607422, 65.93192291259766, 65.42513275146484, 64.12008666992188, 63.308658599853516, 63.64422607421875, 64.62612915039062, 62.86970901489258, 64.18755340576172, 63.28376007080078, 62.481163024902344, 62.12883377075195, 62.62099838256836, 65.37461853027344, 59.67920684814453, 63.264488220214844, 61.471153259277344, 62.88680648803711, 61.813228607177734, 59.57784652709961, 61.30996322631836, 62.09312057495117, 62.23899841308594, 64.30294036865234, 64.15198516845703, 59.57942581176758, 62.92873001098633, 60.28860092163086, 61.153873443603516, 62.91328048706055, 55.63955307006836, 58.19438934326172, 56.392066955566406, 57.5643196105957, 55.84006118774414, 54.08795166015625, 55.024784088134766, 57.90205001831055, 60.523338317871094, 57.87351989746094, 57.97264099121094, 56.99748992919922, 55.91251754760742, 54.966529846191406, 53.60231399536133, 53.846473693847656, 53.41578674316406, 51.84126281738281, 53.00038146972656, 54.51637649536133, 52.06891632080078, 52.931636810302734, 54.35594177246094, 53.53873825073242, 51.98712158203125, 52.75761032104492, 51.56646728515625, 53.74900436401367, 49.9895133972168, 50.960594177246094, 50.89116668701172, 55.571292877197266, 48.620059967041016, 49.270511627197266, 49.31819534301758, 49.881187438964844, 50.68709182739258, 47.74922180175781, 49.55427932739258, 45.69837188720703, 46.91676712036133, 46.1359977722168, 47.8408317565918, 46.27608871459961, 46.871910095214844, 44.94523239135742, 46.421058654785156, 45.223289489746094, 46.73945236206055, 44.745849609375, 46.28755187988281, 45.83292007446289, 44.56051254272461, 44.693904876708984, 46.82950210571289, 44.75379943847656, 44.18354797363281, 44.669551849365234, 45.0812873840332, 44.0745849609375, 43.93254852294922, 43.58235168457031, 43.463951110839844, 44.2228889465332, 43.40325927734375, 44.0090446472168, 42.59169006347656, 43.21870040893555, 44.441490173339844, 42.77620315551758, 42.93955993652344, 42.43046188354492, 42.79753112792969, 42.15216064453125, 44.133758544921875, 43.16204833984375, 41.54087448120117, 41.47075653076172, 42.85009002685547]}