{"aucroc": 0.9936970719308842, "aucpr": 0.9428303368948876, "dataset": "32_shuttle", "method": "refine", "test_ratio": 0.07366666666666667, "train_ratio": 0.018416666666666668, "labeled_anomalies": 0.25, "loe_loss": [17.319963455200195, 16.731340408325195, 14.600647926330566, 14.96493148803711, 14.32257080078125, 14.696916580200195, 13.937228202819824, 14.432218551635742, 13.43124771118164, 12.684659004211426, 13.137378692626953, 12.305488586425781, 11.947566986083984, 13.219767570495605, 11.662313461303711, 10.816093444824219, 11.563186645507812, 11.934822082519531, 12.271388053894043, 12.078150749206543, 10.766986846923828, 11.572511672973633, 10.694098472595215, 12.2193603515625, 11.450087547302246, 11.176755905151367, 10.676239013671875, 11.337431907653809, 11.575216293334961, 10.493207931518555, 10.456930160522461, 9.91197395324707, 11.601791381835938, 10.869170188903809, 10.037712097167969, 11.215288162231445, 10.456537246704102, 10.977819442749023, 11.199307441711426, 11.318389892578125, 10.580609321594238, 10.874101638793945, 10.197165489196777, 10.957853317260742, 10.257190704345703, 10.077950477600098, 10.877896308898926, 9.791245460510254, 12.147448539733887, 10.8627290725708, 9.787823677062988, 10.374698638916016, 9.926259994506836, 9.48904800415039, 10.199695587158203, 10.24822998046875, 9.467583656311035, 10.87751293182373, 11.014999389648438, 10.179696083068848, 10.56324577331543, 10.177956581115723, 8.998885154724121, 10.369426727294922, 9.527290344238281, 9.525270462036133, 10.704874038696289, 12.662871360778809, 10.63316822052002, 9.916433334350586, 10.568913459777832, 12.095001220703125, 10.39780044555664, 9.588726043701172, 10.69662094116211, 10.345126152038574, 11.95008659362793, 10.432321548461914, 8.628021240234375, 11.494987487792969, 10.992610931396484, 10.490616798400879, 10.380314826965332, 9.34984302520752, 10.390226364135742, 9.148073196411133, 10.068912506103516, 10.77037239074707, 10.042928695678711, 8.495445251464844, 9.629892349243164, 10.67414379119873, 9.451048851013184, 9.446409225463867, 8.930103302001953, 9.820234298706055, 10.594846725463867, 10.157896041870117, 9.441816329956055, 10.069168090820312, 8.893277168273926, 9.673552513122559, 8.823805809020996, 10.108563423156738, 9.203967094421387, 9.074886322021484, 8.892609596252441, 10.57792854309082, 9.299562454223633, 8.797584533691406, 11.438850402832031, 9.469560623168945, 9.546745300292969, 9.594728469848633, 9.689452171325684, 9.117175102233887, 9.514066696166992, 10.355629920959473, 8.905623435974121, 9.525954246520996]}