{"aucroc": 0.9943242710763824, "aucpr": 0.9480647037621408, "dataset": "32_shuttle", "method": "refine", "test_ratio": 0.07366666666666667, "train_ratio": 0.036833333333333336, "labeled_anomalies": 0.5, "loe_loss": [16.65448760986328, 16.038021087646484, 13.95439338684082, 14.244247436523438, 13.762395858764648, 13.864947319030762, 13.403571128845215, 13.679659843444824, 12.777803421020508, 11.977157592773438, 12.466827392578125, 11.772331237792969, 11.429178237915039, 12.465620994567871, 11.123905181884766, 10.29255199432373, 10.975163459777832, 11.25778579711914, 11.67054271697998, 11.50551700592041, 10.248745918273926, 11.009149551391602, 10.147651672363281, 11.684213638305664, 10.827667236328125, 10.660253524780273, 10.075650215148926, 10.715514183044434, 10.883720397949219, 9.948648452758789, 9.912181854248047, 9.346667289733887, 11.052909851074219, 10.260627746582031, 9.457362174987793, 10.518449783325195, 9.791438102722168, 10.452391624450684, 10.351066589355469, 10.507261276245117, 9.982388496398926, 10.344649314880371, 9.600218772888184, 10.270655632019043, 9.519734382629395, 9.3843994140625, 10.298503875732422, 8.956257820129395, 11.366689682006836, 10.338180541992188, 9.131813049316406, 9.558423042297363, 9.238504409790039, 8.92398452758789, 9.495837211608887, 9.638566970825195, 8.630804061889648, 10.002010345458984, 10.12028980255127, 9.242899894714355, 9.829276084899902, 9.365036964416504, 8.243824005126953, 9.587715148925781, 8.750286102294922, 8.829747200012207, 9.823500633239746, 12.008964538574219, 10.012184143066406, 8.88825798034668, 9.810006141662598, 11.396978378295898, 9.466601371765137, 8.759382247924805, 10.079591751098633, 9.636024475097656, 11.250775337219238, 9.655144691467285, 7.960841178894043, 10.68976879119873, 10.140494346618652, 9.677142143249512, 9.787771224975586, 8.686822891235352, 9.422672271728516, 8.256903648376465, 9.240429878234863, 10.19204330444336, 9.123540878295898, 7.706070899963379, 8.831531524658203, 9.842124938964844, 8.658692359924316, 8.541427612304688, 8.086445808410645, 8.763554573059082, 9.826496124267578, 9.250529289245605, 8.572697639465332, 9.253633499145508, 8.05040168762207, 8.936749458312988, 7.8053789138793945, 9.321598052978516, 8.159505844116211, 8.239095687866211, 7.895047187805176, 9.723779678344727, 8.473176002502441, 7.898243427276611, 10.876267433166504, 8.213703155517578, 8.911956787109375, 8.726517677307129, 8.874835968017578, 8.118692398071289, 8.641366958618164, 9.718749046325684, 7.87957239151001, 8.591873168945312]}