{"aucroc": 0.9950530725756683, "aucpr": 0.9532837164659087, "dataset": "32_shuttle", "method": "refine", "test_ratio": 0.07366666666666667, "train_ratio": 0.05525000000000001, "labeled_anomalies": 0.75, "loe_loss": [15.87178897857666, 15.130828857421875, 13.40034008026123, 13.367024421691895, 12.947282791137695, 12.891801834106445, 12.590723991394043, 12.72818374633789, 11.921045303344727, 11.188833236694336, 11.611236572265625, 11.00980281829834, 10.669831275939941, 11.548354148864746, 10.363748550415039, 9.752275466918945, 10.219457626342773, 10.483684539794922, 10.860604286193848, 10.704597473144531, 9.812856674194336, 10.210186958312988, 9.484660148620605, 10.915675163269043, 10.031279563903809, 9.96931266784668, 9.209308624267578, 9.898506164550781, 10.011680603027344, 9.227860450744629, 9.230374336242676, 8.830377578735352, 10.27458667755127, 9.420044898986816, 8.905313491821289, 9.628150939941406, 9.026984214782715, 9.599156379699707, 9.535086631774902, 9.45823860168457, 9.11681842803955, 9.502997398376465, 8.807405471801758, 9.389583587646484, 8.517650604248047, 8.530729293823242, 9.425914764404297, 8.248318672180176, 10.305773735046387, 9.5530424118042, 8.495828628540039, 8.625732421875, 8.543025970458984, 8.355106353759766, 8.578008651733398, 8.828624725341797, 7.8262810707092285, 9.002050399780273, 9.072996139526367, 8.159056663513184, 8.822949409484863, 8.409543991088867, 7.652499675750732, 8.592096328735352, 8.221541404724121, 7.9615397453308105, 8.953989028930664, 10.924579620361328, 9.14732551574707, 7.782431602478027, 8.791622161865234, 10.459280014038086, 8.45149040222168, 7.805227279663086, 9.061500549316406, 8.599509239196777, 10.19914722442627, 8.668803215026855, 7.337879657745361, 9.725080490112305, 9.16035270690918, 8.633759498596191, 8.795209884643555, 7.588994026184082, 8.385696411132812, 7.261524677276611, 7.9768877029418945, 9.25433349609375, 8.00390625, 6.915703773498535, 7.59852933883667, 8.707649230957031, 7.415002822875977, 7.324270248413086, 7.108890533447266, 7.370406627655029, 8.800243377685547, 7.996048450469971, 7.43713903427124, 8.03814697265625, 6.913236618041992, 7.762187480926514, 6.806431770324707, 8.113754272460938, 6.986386775970459, 7.008833885192871, 6.746737480163574, 8.575231552124023, 7.097830772399902, 6.662350177764893, 9.805840492248535, 6.669654369354248, 7.704164981842041, 7.39900016784668, 7.502929210662842, 6.766403675079346, 7.274272441864014, 8.448537826538086, 6.615283489227295, 7.17355489730835]}