{"aucroc": 0.9930275384713079, "aucpr": 0.9353616581221906, "dataset": "32_shuttle", "method": "refine", "test_ratio": 0.07366666666666667, "train_ratio": 0.01105, "labeled_anomalies": 0.15, "loe_loss": [17.71320343017578, 17.20823097229004, 15.048925399780273, 15.383659362792969, 14.608563423156738, 15.102442741394043, 14.207599639892578, 14.832147598266602, 13.837172508239746, 13.104493141174316, 13.518563270568848, 12.729408264160156, 12.258108139038086, 13.6232271194458, 12.07679271697998, 11.105301856994629, 11.966691970825195, 12.286161422729492, 12.605566024780273, 12.381001472473145, 11.055420875549316, 11.904239654541016, 11.095617294311523, 12.524015426635742, 11.838276863098145, 11.426922798156738, 11.019563674926758, 11.730743408203125, 11.978317260742188, 10.765277862548828, 10.775413513183594, 10.199646949768066, 11.891780853271484, 11.245375633239746, 10.33320140838623, 11.534814834594727, 10.80980110168457, 11.282133102416992, 11.577914237976074, 11.703415870666504, 10.914716720581055, 11.192821502685547, 10.50961685180664, 11.36044979095459, 10.677526473999023, 10.471372604370117, 11.275830268859863, 10.25694465637207, 12.519292831420898, 11.172460556030273, 10.136260032653809, 10.810487747192383, 10.27363395690918, 9.808837890625, 10.499654769897461, 10.5703763961792, 9.863614082336426, 11.298263549804688, 11.429479598999023, 10.622495651245117, 10.932995796203613, 10.640584945678711, 9.460083961486816, 10.819256782531738, 10.013175964355469, 9.921985626220703, 11.161048889160156, 12.980669975280762, 11.024776458740234, 10.417800903320312, 10.977056503295898, 12.473495483398438, 10.890518188476562, 10.097556114196777, 11.151422500610352, 10.811785697937012, 12.372224807739258, 10.89320182800293, 9.097267150878906, 11.867932319641113, 11.370977401733398, 10.905956268310547, 10.704744338989258, 9.810179710388184, 10.892616271972656, 9.760705947875977, 10.48629379272461, 11.168879508972168, 10.51170539855957, 8.907252311706543, 10.104072570800781, 11.173806190490723, 9.938343048095703, 9.888705253601074, 9.451873779296875, 10.39120101928711, 10.990955352783203, 10.563852310180664, 9.906034469604492, 10.543124198913574, 9.333542823791504, 10.186256408691406, 9.439003944396973, 10.583721160888672, 9.713850975036621, 9.540010452270508, 9.428689956665039, 10.959281921386719, 9.784090995788574, 9.225860595703125, 11.659808158874512, 10.019702911376953, 9.960965156555176, 10.129556655883789, 10.161510467529297, 9.553997039794922, 9.911187171936035, 10.732362747192383, 9.350031852722168, 10.024269104003906]}