{"aucroc": 0.5634436176241387, "aucpr": 0.21201804670638452, "dataset": "33_skin", "method": "refine", "test_ratio": 0.21233333333333335, "train_ratio": 0.10616666666666667, "labeled_anomalies": 0.5, "loe_loss": [7.148365020751953, 6.477880954742432, 6.269283294677734, 5.794172286987305, 5.426784515380859, 5.27595853805542, 5.300310134887695, 5.118829250335693, 4.8058953285217285, 4.807206153869629, 4.692660808563232, 4.662128925323486, 4.48551607131958, 4.484920024871826, 4.344229221343994, 4.52506160736084, 4.234717845916748, 4.395528316497803, 4.740051746368408, 4.376948356628418, 4.04365348815918, 4.027480125427246, 4.238389015197754, 4.033382415771484, 4.1611127853393555, 3.985624313354492, 4.011587142944336, 3.9952142238616943, 3.888225555419922, 3.9043891429901123, 3.7341227531433105, 3.8575778007507324, 3.8308591842651367, 3.979680061340332, 3.779893636703491, 3.649808883666992, 3.6169679164886475, 3.7869961261749268, 3.9045214653015137, 3.6672449111938477, 3.962595224380493, 3.8041200637817383, 3.7290444374084473, 3.8700647354125977, 3.6903512477874756, 3.4649877548217773, 3.5926313400268555, 3.6385490894317627, 3.5424599647521973, 3.6765506267547607, 3.652573347091675, 3.7055180072784424, 3.8230292797088623, 3.5073602199554443, 3.849515438079834, 3.586151123046875, 3.6385765075683594, 3.618234395980835, 3.585359573364258, 3.462714672088623, 3.637784957885742, 3.534808397293091, 3.7011876106262207, 3.472033977508545, 3.3975934982299805, 3.5513663291931152, 3.4684786796569824, 3.5377020835876465, 3.4892210960388184, 3.4527413845062256, 3.5482354164123535, 3.9756948947906494, 3.4990811347961426, 3.5446932315826416, 3.4181699752807617, 3.5787930488586426, 3.677596092224121, 3.511791467666626, 3.503222942352295, 3.528805732727051, 3.314469337463379, 3.5376458168029785, 3.485281467437744, 3.3309526443481445, 3.5221424102783203, 3.3873379230499268, 3.441622734069824, 3.603743553161621, 3.4972105026245117, 3.191439390182495, 3.5153071880340576, 3.526437997817993, 3.39070725440979, 3.2896533012390137, 3.406690835952759, 3.32163143157959, 3.2551000118255615, 3.417477607727051, 3.4270107746124268, 3.2752492427825928, 3.5097360610961914, 3.497565984725952, 3.2143287658691406, 3.2145562171936035, 3.258002519607544, 3.3822145462036133, 3.3257954120635986, 3.2892487049102783, 3.368511199951172, 3.263461112976074, 3.19993257522583, 3.6922214031219482, 3.354285478591919, 3.2671456336975098, 3.2818992137908936, 3.353454828262329, 3.216189384460449, 3.1851515769958496, 3.2923905849456787, 3.4420676231384277]}