{"aucroc": 0.5809529567222572, "aucpr": 0.21976911819188535, "dataset": "33_skin", "method": "soft", "test_ratio": 0.21233333333333335, "train_ratio": 0.05308333333333334, "labeled_anomalies": 0.25, "loe_loss": [6.101749420166016, 5.784636497497559, 5.59401798248291, 5.272092342376709, 5.4922943115234375, 5.177401065826416, 5.033872127532959, 5.240942001342773, 4.92876672744751, 4.860288143157959, 4.638339042663574, 4.733858108520508, 4.6797590255737305, 4.630339622497559, 4.348569869995117, 4.134037494659424, 4.824331283569336, 4.230040073394775, 4.207099914550781, 4.516046047210693, 4.367181777954102, 4.5384602546691895, 4.4427947998046875, 4.1493000984191895, 4.223001480102539, 4.077245235443115, 4.116103649139404, 4.432427406311035, 4.1791791915893555, 4.113312721252441, 3.976217269897461, 3.989612340927124, 4.07688045501709, 3.847712516784668, 3.920078754425049, 4.1254987716674805, 4.171278953552246, 4.316014766693115, 4.215048789978027, 4.034589767456055, 4.121632099151611, 3.8296618461608887, 4.107606887817383, 3.852853775024414, 3.984116554260254, 4.087928295135498, 3.631699800491333, 4.018256187438965, 3.8434596061706543, 3.803853988647461, 3.9364864826202393, 3.708246946334839, 3.894599676132202, 4.014853477478027, 4.136712074279785, 3.7670960426330566, 3.890857219696045, 3.943666934967041, 3.7119300365448, 4.045863628387451, 4.052599906921387, 3.882366180419922, 4.045958518981934, 3.868251323699951, 3.7597360610961914, 3.674551486968994, 3.806825637817383, 4.046481132507324, 3.729978084564209, 3.663362741470337, 3.827847957611084, 3.9338841438293457, 3.6616945266723633, 3.863931179046631, 3.7663776874542236, 3.564034938812256, 3.838834762573242, 3.8650548458099365, 3.944850444793701, 3.625757932662964, 3.820211410522461, 3.8031556606292725, 3.9308133125305176, 3.8715150356292725, 3.695042610168457, 3.597090482711792, 3.8136539459228516, 3.7329931259155273, 3.762619972229004, 3.701343297958374, 3.948333978652954, 3.6546685695648193, 3.5925445556640625, 3.785616874694824, 3.824777126312256, 4.0355377197265625, 3.7824723720550537, 3.697538137435913, 3.7979307174682617, 3.4464497566223145, 3.7746634483337402, 3.727107048034668, 3.682302951812744, 3.8360095024108887, 3.596651554107666, 3.848721742630005, 3.524972915649414, 3.7167556285858154, 3.5683813095092773, 3.8473000526428223, 3.7846431732177734, 3.6166093349456787, 3.5556838512420654, 3.672903060913086, 3.5858638286590576, 3.775404214859009, 3.7339820861816406, 3.6555724143981934, 3.6068434715270996, 3.5460872650146484]}