{"aucroc": 0.5886615409860678, "aucpr": 0.22269855207767578, "dataset": "33_skin", "method": "soft", "test_ratio": 0.21233333333333335, "train_ratio": 0.03185, "labeled_anomalies": 0.15, "loe_loss": [6.3043317794799805, 5.993278503417969, 5.832845211029053, 5.507112979888916, 5.717138290405273, 5.3920769691467285, 5.243926048278809, 5.465765476226807, 5.12130880355835, 5.0642313957214355, 4.835417747497559, 4.935148239135742, 4.879732131958008, 4.8372111320495605, 4.548375606536865, 4.2939066886901855, 5.01666259765625, 4.443421363830566, 4.391280651092529, 4.711341381072998, 4.569857597351074, 4.738661289215088, 4.620081901550293, 4.298824310302734, 4.415417194366455, 4.254316806793213, 4.287665367126465, 4.607037544250488, 4.370208740234375, 4.27667760848999, 4.142372131347656, 4.162266731262207, 4.243698596954346, 4.00963020324707, 4.090701580047607, 4.318660259246826, 4.3541436195373535, 4.475946426391602, 4.375271797180176, 4.203619956970215, 4.28668212890625, 3.976283073425293, 4.289719104766846, 4.018207550048828, 4.109715461730957, 4.2437920570373535, 3.810823678970337, 4.192502975463867, 4.017372131347656, 3.946202278137207, 4.1251420974731445, 3.8678181171417236, 4.059173107147217, 4.148078918457031, 4.270163536071777, 3.9177029132843018, 4.060884475708008, 4.105582237243652, 3.8872947692871094, 4.202559947967529, 4.195068359375, 4.041797637939453, 4.221049785614014, 4.000557899475098, 3.893604278564453, 3.824240207672119, 3.9383087158203125, 4.176998138427734, 3.882100820541382, 3.822075366973877, 3.9696078300476074, 4.020476341247559, 3.833806037902832, 3.9956729412078857, 3.900301456451416, 3.7167856693267822, 3.9644393920898438, 3.9639289379119873, 4.077657222747803, 3.7676310539245605, 3.925635814666748, 3.9114127159118652, 4.0818328857421875, 3.9922068119049072, 3.85994553565979, 3.7539987564086914, 3.9256062507629395, 3.847156524658203, 3.8773698806762695, 3.8156304359436035, 4.102689266204834, 3.7645468711853027, 3.7216334342956543, 3.919624090194702, 3.931751012802124, 4.0966339111328125, 3.9318594932556152, 3.7704453468322754, 3.926666736602783, 3.596822738647461, 3.879687547683716, 3.797840118408203, 3.8373193740844727, 3.9438588619232178, 3.7208917140960693, 3.894592523574829, 3.6576924324035645, 3.810452461242676, 3.671414375305176, 3.9187734127044678, 3.8720242977142334, 3.751187801361084, 3.678523302078247, 3.7796547412872314, 3.6932363510131836, 3.8173024654388428, 3.86930513381958, 3.754721164703369, 3.7006213665008545, 3.65392804145813]}