{"aucroc": 0.5612262835405329, "aucpr": 0.21207725308256226, "dataset": "33_skin", "method": "refine", "test_ratio": 0.21233333333333335, "train_ratio": 0.15925, "labeled_anomalies": 0.75, "loe_loss": [6.561942100524902, 5.91448974609375, 5.701735496520996, 5.290127754211426, 4.95149040222168, 4.796652317047119, 4.7761149406433105, 4.659959316253662, 4.353265762329102, 4.3526291847229, 4.234078407287598, 4.203304290771484, 4.01544713973999, 4.027005195617676, 3.8994369506835938, 4.051008224487305, 3.8005995750427246, 3.935769557952881, 4.263762950897217, 3.9374608993530273, 3.618732452392578, 3.599968194961548, 3.8215062618255615, 3.642244815826416, 3.71427321434021, 3.5763802528381348, 3.618130683898926, 3.5590245723724365, 3.5047905445098877, 3.5004189014434814, 3.3333704471588135, 3.4955861568450928, 3.436661720275879, 3.570600986480713, 3.3580715656280518, 3.251763343811035, 3.215200901031494, 3.401061773300171, 3.538663625717163, 3.2433135509490967, 3.576075792312622, 3.3675832748413086, 3.367863655090332, 3.4395859241485596, 3.292635202407837, 3.0916547775268555, 3.219083309173584, 3.219843626022339, 3.153872489929199, 3.2756638526916504, 3.287731647491455, 3.3635270595550537, 3.382521152496338, 3.1344943046569824, 3.456676721572876, 3.2326979637145996, 3.261805295944214, 3.201594352722168, 3.1926398277282715, 3.1272599697113037, 3.2301583290100098, 3.1746065616607666, 3.2632131576538086, 3.1321909427642822, 3.038545608520508, 3.1576128005981445, 3.07840633392334, 3.115231513977051, 3.1291754245758057, 3.0558223724365234, 3.18656063079834, 3.64555287361145, 3.1407482624053955, 3.1002631187438965, 3.0134117603302, 3.2524712085723877, 3.3025383949279785, 3.142310857772827, 3.0802860260009766, 3.1015048027038574, 2.951185464859009, 3.184126377105713, 3.045711040496826, 2.910417079925537, 3.116520881652832, 3.0484204292297363, 3.06292724609375, 3.1857690811157227, 3.1239311695098877, 2.825745105743408, 3.1560797691345215, 3.153019666671753, 3.0274720191955566, 2.9090335369110107, 3.0242416858673096, 2.9536309242248535, 2.8764686584472656, 3.035661220550537, 3.047196865081787, 2.9189600944519043, 3.1330013275146484, 3.168388605117798, 2.8806049823760986, 2.8389065265655518, 2.9052071571350098, 3.0522849559783936, 2.9498648643493652, 2.9217514991760254, 2.8935678005218506, 2.9020185470581055, 2.828352212905884, 3.4130403995513916, 2.9709670543670654, 2.916022300720215, 2.955498695373535, 2.9861197471618652, 2.8422458171844482, 2.816801071166992, 2.8404812812805176, 3.08575177192688]}