{"aucroc": 0.5545510954796973, "aucpr": 0.21101475325652946, "dataset": "33_skin", "method": "refine", "test_ratio": 0.21233333333333335, "train_ratio": 0.21233333333333335, "labeled_anomalies": 1.0, "loe_loss": [6.035164833068848, 5.40451717376709, 5.199054718017578, 4.8173675537109375, 4.5027875900268555, 4.371220111846924, 4.30488395690918, 4.237401962280273, 3.9328465461730957, 3.929033041000366, 3.8433632850646973, 3.780311346054077, 3.6050477027893066, 3.595974922180176, 3.4946699142456055, 3.610599994659424, 3.406461000442505, 3.517928123474121, 3.842334032058716, 3.5175869464874268, 3.247493267059326, 3.2362067699432373, 3.4071109294891357, 3.2691941261291504, 3.3157334327697754, 3.1881072521209717, 3.225111246109009, 3.1531708240509033, 3.1423966884613037, 3.146136999130249, 2.9474995136260986, 3.1418843269348145, 3.0709691047668457, 3.1890323162078857, 2.983649969100952, 2.8799166679382324, 2.8751204013824463, 3.024775981903076, 3.1679792404174805, 2.8548762798309326, 3.1811513900756836, 2.9861865043640137, 3.0195748805999756, 3.0289294719696045, 2.9216442108154297, 2.7543864250183105, 2.8498196601867676, 2.8207545280456543, 2.808842182159424, 2.873891830444336, 2.8946099281311035, 3.0176291465759277, 2.971177577972412, 2.782499313354492, 3.0662426948547363, 2.8657219409942627, 2.8960800170898438, 2.8241310119628906, 2.82545804977417, 2.798022508621216, 2.8490309715270996, 2.7988576889038086, 2.8745481967926025, 2.8094241619110107, 2.673884630203247, 2.748117208480835, 2.7275986671447754, 2.7133054733276367, 2.7377681732177734, 2.6727194786071777, 2.7767810821533203, 3.294140338897705, 2.776712417602539, 2.6899454593658447, 2.636138439178467, 2.8809096813201904, 2.9317054748535156, 2.768183708190918, 2.700086832046509, 2.6928915977478027, 2.58626651763916, 2.8106279373168945, 2.6554243564605713, 2.559985399246216, 2.7266225814819336, 2.69760799407959, 2.6898837089538574, 2.810850143432617, 2.7237539291381836, 2.4703011512756348, 2.7913408279418945, 2.7753543853759766, 2.6175506114959717, 2.5312371253967285, 2.6473193168640137, 2.6491761207580566, 2.486448287963867, 2.72068190574646, 2.6275670528411865, 2.5734405517578125, 2.778639554977417, 2.8363571166992188, 2.5475611686706543, 2.4280357360839844, 2.5641438961029053, 2.717578172683716, 2.5844945907592773, 2.5034821033477783, 2.4927330017089844, 2.560401439666748, 2.418165445327759, 3.093191146850586, 2.5852408409118652, 2.540325164794922, 2.644782066345215, 2.6307005882263184, 2.4991447925567627, 2.445457935333252, 2.407644033432007, 2.734848976135254]}