{"aucroc": 0.5655352567147501, "aucpr": 0.21248816579849975, "dataset": "33_skin", "method": "refine", "test_ratio": 0.21233333333333335, "train_ratio": 0.05308333333333334, "labeled_anomalies": 0.25, "loe_loss": [7.821535110473633, 7.122838973999023, 6.901728630065918, 6.340701580047607, 5.961527347564697, 5.81181001663208, 5.900391101837158, 5.744650840759277, 5.346512794494629, 5.307064533233643, 5.233700752258301, 5.17347526550293, 5.020646095275879, 5.016647815704346, 4.877931118011475, 5.03627347946167, 4.714743614196777, 4.894009590148926, 5.220028400421143, 4.876183986663818, 4.524029731750488, 4.499934673309326, 4.681466579437256, 4.474146366119385, 4.631953239440918, 4.442841053009033, 4.4372758865356445, 4.500887870788574, 4.298460006713867, 4.342901229858398, 4.143741130828857, 4.254499435424805, 4.2568254470825195, 4.416536808013916, 4.231231689453125, 4.063272476196289, 4.045034885406494, 4.219555854797363, 4.310188293457031, 4.157747268676758, 4.361672878265381, 4.265781402587891, 4.141100883483887, 4.2870192527771, 4.108434200286865, 3.9000496864318848, 4.00900411605835, 4.099018096923828, 3.9055919647216797, 4.085388660430908, 4.037536144256592, 4.013458251953125, 4.267332553863525, 3.907925844192505, 4.256577968597412, 3.9403982162475586, 4.0188517570495605, 4.054957866668701, 3.972177028656006, 3.8289060592651367, 4.038492202758789, 3.890536308288574, 4.171802520751953, 3.805614471435547, 3.781534194946289, 3.972388505935669, 3.8454337120056152, 3.959095001220703, 3.8623101711273193, 3.829174041748047, 3.8861606121063232, 4.320408821105957, 3.8192827701568604, 3.925379753112793, 3.776383399963379, 3.8734195232391357, 4.040493011474609, 3.835831642150879, 3.9223692417144775, 3.892204999923706, 3.6785452365875244, 3.924862861633301, 3.896564245223999, 3.735456943511963, 3.9281489849090576, 3.7365965843200684, 3.794205665588379, 3.963756561279297, 3.8488175868988037, 3.545943260192871, 3.8989524841308594, 3.883357048034668, 3.698704481124878, 3.7054710388183594, 3.845414400100708, 3.6819210052490234, 3.585371494293213, 3.783036947250366, 3.7606847286224365, 3.6718263626098633, 3.865471839904785, 3.8378117084503174, 3.5453295707702637, 3.6383626461029053, 3.6084494590759277, 3.620621681213379, 3.6448655128479004, 3.7216880321502686, 3.7978289127349854, 3.591449022293091, 3.5496435165405273, 4.030181884765625, 3.711446762084961, 3.6555864810943604, 3.609025478363037, 3.688516616821289, 3.5816657543182373, 3.4975364208221436, 3.7159838676452637, 3.6979219913482666]}