{"aucroc": 0.0, "aucpr": 0.0, "dataset": "34_smtp", "method": "soft", "test_ratio": 0.0003333333333333333, "train_ratio": 0.00025, "labeled_anomalies": 0.75, "loe_loss": [4.796855449676514, 4.5098090171813965, 4.327686309814453, 4.035265922546387, 4.175651550292969, 3.9754409790039062, 3.8340275287628174, 3.8791327476501465, 3.7393293380737305, 3.6692562103271484, 3.467298746109009, 3.5555450916290283, 3.5126936435699463, 3.396451950073242, 3.230170488357544, 3.0732390880584717, 3.592618942260742, 3.061160087585449, 3.149930000305176, 3.325831890106201, 3.1591830253601074, 3.2929577827453613, 3.260061740875244, 3.1919820308685303, 3.0565078258514404, 3.0755882263183594, 3.0617592334747314, 3.2533578872680664, 3.088308334350586, 2.965038776397705, 2.9332115650177, 2.971306085586548, 3.0433542728424072, 2.7940332889556885, 2.906620740890503, 2.974404811859131, 2.985567092895508, 3.2669479846954346, 3.1756503582000732, 2.945302963256836, 3.0203425884246826, 2.800534248352051, 2.938162326812744, 2.6953768730163574, 3.0166561603546143, 2.9730899333953857, 2.576523542404175, 2.8120675086975098, 2.7388453483581543, 2.7867226600646973, 2.769305467605591, 2.6146039962768555, 2.807194232940674, 2.9791955947875977, 3.0946474075317383, 2.766294479370117, 2.818734884262085, 2.789484739303589, 2.5668158531188965, 2.7984278202056885, 2.8524534702301025, 2.8213839530944824, 2.872020959854126, 2.8149142265319824, 2.6284661293029785, 2.668241024017334, 2.7372703552246094, 2.976194381713867, 2.7365198135375977, 2.533773899078369, 2.8155858516693115, 2.96944522857666, 2.511510133743286, 2.7283053398132324, 2.696737766265869, 2.4301812648773193, 2.759979009628296, 2.8550376892089844, 2.819539785385132, 2.5077173709869385, 2.7637078762054443, 2.899986743927002, 2.7251949310302734, 2.9728944301605225, 2.5440361499786377, 2.428053379058838, 2.688662528991699, 2.650564432144165, 2.683851957321167, 2.6411118507385254, 2.771908760070801, 2.5404889583587646, 2.506621837615967, 2.6372618675231934, 2.8103187084198, 2.9745407104492188, 2.6720898151397705, 2.6535239219665527, 2.6398611068725586, 2.365285873413086, 2.6132559776306152, 2.7228636741638184, 2.547454833984375, 2.7565548419952393, 2.551102638244629, 2.857067346572876, 2.265627861022949, 2.578951835632324, 2.3828952312469482, 2.780034303665161, 2.6959919929504395, 2.405139923095703, 2.3766915798187256, 2.5999388694763184, 2.551577091217041, 2.779100179672241, 2.534929037094116, 2.492570400238037, 2.4343883991241455, 2.600788116455078]}