{"aucroc": 0.0, "aucpr": 0.0, "dataset": "34_smtp", "method": "refine", "test_ratio": 0.0003333333333333333, "train_ratio": 0.0003333333333333333, "labeled_anomalies": 1.0, "loe_loss": [4.233481407165527, 3.9645559787750244, 3.8105392456054688, 3.540867328643799, 3.6285688877105713, 3.458897113800049, 3.332982063293457, 3.3399667739868164, 3.231030225753784, 3.158797025680542, 2.973419666290283, 3.0507559776306152, 3.022164821624756, 2.9059386253356934, 2.7571041584014893, 2.618273973464966, 3.069744110107422, 2.638892650604248, 2.6936941146850586, 2.8217482566833496, 2.6519815921783447, 2.7772865295410156, 2.746765613555908, 2.716229200363159, 2.5682241916656494, 2.6017251014709473, 2.593348264694214, 2.723334789276123, 2.5772652626037598, 2.4652693271636963, 2.45776629447937, 2.500096082687378, 2.540529727935791, 2.3047993183135986, 2.4345669746398926, 2.462942123413086, 2.4262616634368896, 2.7318530082702637, 2.6418256759643555, 2.4199318885803223, 2.469886302947998, 2.307523250579834, 2.3761823177337646, 2.1816775798797607, 2.4474332332611084, 2.405670404434204, 2.1335840225219727, 2.229447364807129, 2.1762447357177734, 2.2587337493896484, 2.2754623889923096, 2.129634380340576, 2.2732248306274414, 2.427427291870117, 2.5314555168151855, 2.24342942237854, 2.297161817550659, 2.2651617527008057, 2.0116941928863525, 2.1384685039520264, 2.1821131706237793, 2.2191615104675293, 2.2568857669830322, 2.2339935302734375, 2.04782772064209, 2.1271255016326904, 2.1613235473632812, 2.380126714706421, 2.1764206886291504, 1.9493393898010254, 2.256011486053467, 2.4181125164031982, 1.9092416763305664, 2.0992512702941895, 2.129068613052368, 1.86326003074646, 2.122314929962158, 2.1520285606384277, 2.170217514038086, 1.8844832181930542, 2.1858913898468018, 2.3558461666107178, 2.0244925022125244, 2.4162113666534424, 1.9603018760681152, 1.761178970336914, 2.023338556289673, 1.9960377216339111, 1.9619009494781494, 2.0021607875823975, 2.0733048915863037, 1.9035331010818481, 1.888800859451294, 1.9871978759765625, 2.1605992317199707, 2.345099449157715, 2.024059295654297, 1.9985682964324951, 1.93705153465271, 1.7440775632858276, 1.8847105503082275, 2.086757183074951, 1.8729358911514282, 2.114919900894165, 1.9556788206100464, 2.178936719894409, 1.561630129814148, 1.852398157119751, 1.6776249408721924, 2.125063419342041, 1.9605274200439453, 1.6714438199996948, 1.6596218347549438, 1.930141568183899, 1.9268807172775269, 1.9970598220825195, 1.869377613067627, 1.7303303480148315, 1.643829584121704, 1.9304358959197998]}