{"aucroc": 0.5551587301587301, "aucpr": 0.4166151719156253, "dataset": "35_SpamBase", "method": "soft", "test_ratio": 0.3990498812351544, "train_ratio": 0.2992874109263658, "labeled_anomalies": 0.75, "loe_loss": [52.61072540283203, 47.494449615478516, 43.09294128417969, 43.05557632446289, 43.664306640625, 43.45148468017578, 44.1064453125, 44.77111053466797, 41.544921875, 45.934906005859375, 43.72907638549805, 42.06184768676758, 43.19321060180664, 42.05092239379883, 40.66558837890625, 42.995540618896484, 42.65550231933594, 42.787025451660156, 41.59638214111328, 40.60706329345703, 43.39228057861328, 41.86676025390625, 36.815582275390625, 40.36103057861328, 39.45002365112305, 32.35459899902344, 37.09495162963867, 33.28961181640625, 33.61783981323242, 35.08449935913086, 32.95329284667969, 37.21944046020508, 34.54096221923828, 32.091064453125, 30.535249710083008, 36.358943939208984, 30.579999923706055, 28.970264434814453, 31.43014144897461, 32.524227142333984, 32.009971618652344, 31.388572692871094, 27.47195816040039, 32.277381896972656, 32.133827209472656, 27.6324462890625, 27.425859451293945, 24.734643936157227, 30.887407302856445, 25.27777862548828, 20.917896270751953, 26.164852142333984, 25.42635154724121, 26.89957618713379, 24.155364990234375, 28.822078704833984, 23.102752685546875, 27.594905853271484, 25.026704788208008, 16.926448822021484, 24.722946166992188, 26.055803298950195, 23.337669372558594, 23.849346160888672, 22.64028549194336, 23.033288955688477, 22.96100616455078, 22.207374572753906, 22.21449089050293, 22.69362449645996, 20.559818267822266, 20.076068878173828, 14.516094207763672, 21.001697540283203, 12.541025161743164, 16.890546798706055, 23.11829948425293, 19.77060890197754, 19.510021209716797, 22.559024810791016, 19.250593185424805, 19.434249877929688, 21.603147506713867, 18.43528938293457, 17.66521644592285, 18.90506362915039, 21.27648162841797, 22.625408172607422, 20.800546646118164, 21.979032516479492, 19.258163452148438, 7.865342140197754, 14.778461456298828, 16.55990219116211, 18.559288024902344, 13.112852096557617, 14.815738677978516, 19.59197235107422, 14.315805435180664, 14.974823951721191, 16.835996627807617, 19.4720401763916, 16.662376403808594, 6.387167930603027, 10.967341423034668, 17.848861694335938, 16.15399169921875, 15.772834777832031, 21.117416381835938, 19.154586791992188, 13.220841407775879, 11.073408126831055, 18.719228744506836, 12.415831565856934, 3.0837182998657227, 20.43307876586914, 13.583542823791504, 12.873394966125488, 22.8413028717041, 16.673173904418945]}