{"aucroc": 0.5461378798335319, "aucpr": 0.4100313277293169, "dataset": "35_SpamBase", "method": "refine", "test_ratio": 0.3990498812351544, "train_ratio": 0.1995249406175772, "labeled_anomalies": 0.5, "loe_loss": [73.69342803955078, 69.96160888671875, 67.89381408691406, 67.22400665283203, 68.44851684570312, 68.08473205566406, 67.33149719238281, 66.98545837402344, 69.37997436523438, 66.77611541748047, 67.9968032836914, 67.1104736328125, 65.22607421875, 65.12873840332031, 64.21511840820312, 65.55278015136719, 64.5571517944336, 65.27628326416016, 64.7038345336914, 65.72525787353516, 65.22956085205078, 62.82228088378906, 61.779991149902344, 62.07221221923828, 62.31861877441406, 64.23636627197266, 60.172874450683594, 61.9609489440918, 58.7808723449707, 61.484596252441406, 61.75856399536133, 60.87080764770508, 59.940773010253906, 62.58140182495117, 59.88998794555664, 61.51359939575195, 60.196624755859375, 56.741363525390625, 60.08369445800781, 57.01573181152344, 58.81188201904297, 56.35006332397461, 56.05821228027344, 56.6489372253418, 55.61876678466797, 55.3167724609375, 54.92894744873047, 55.44441604614258, 53.1685791015625, 56.10118865966797, 55.65178298950195, 52.48159408569336, 53.97637939453125, 55.62880325317383, 53.168766021728516, 53.294349670410156, 55.76739501953125, 60.100154876708984, 53.76050567626953, 52.44551086425781, 51.899375915527344, 55.22747039794922, 51.009742736816406, 52.14160919189453, 53.58966064453125, 53.41455078125, 54.52931213378906, 52.97551727294922, 53.08868408203125, 52.48140335083008, 52.53472137451172, 50.60321044921875, 50.801918029785156, 51.646217346191406, 53.76346969604492, 52.60164260864258, 51.20768737792969, 52.82448959350586, 50.501739501953125, 51.210426330566406, 51.43401336669922, 51.46842575073242, 50.980430603027344, 48.80986022949219, 52.55440902709961, 49.11473083496094, 50.381404876708984, 50.587493896484375, 48.339542388916016, 49.6763801574707, 49.94055938720703, 49.967140197753906, 48.24150085449219, 49.35088348388672, 48.647911071777344, 53.79049301147461, 47.67377471923828, 51.40393829345703, 48.76280212402344, 48.80630874633789, 49.40763473510742, 50.95926284790039, 49.11990737915039, 51.67219924926758, 49.733036041259766, 50.246028900146484, 48.90727996826172, 49.80168533325195, 46.54692840576172, 48.10849380493164, 46.980918884277344, 54.5823974609375, 45.91603088378906, 47.575069427490234, 44.437984466552734, 49.54042053222656, 50.6407356262207, 49.81520462036133, 47.2822265625, 53.26464080810547]}