{"aucroc": 0.5582512495555974, "aucpr": 0.41750202104815237, "dataset": "35_SpamBase", "method": "refine", "test_ratio": 0.3990498812351544, "train_ratio": 0.3990498812351544, "labeled_anomalies": 1.0, "loe_loss": [52.31471252441406, 49.172462463378906, 47.69388961791992, 47.331199645996094, 47.80173110961914, 47.612220764160156, 46.94316482543945, 46.73414611816406, 47.96961212158203, 46.4254264831543, 46.79493713378906, 46.97334289550781, 46.12722396850586, 45.7412109375, 45.256378173828125, 45.486976623535156, 44.95795822143555, 45.312931060791016, 45.17039489746094, 45.405517578125, 44.616294860839844, 43.870689392089844, 42.99675750732422, 42.731502532958984, 43.22124481201172, 43.30284881591797, 41.96065139770508, 42.246849060058594, 40.709049224853516, 42.55693054199219, 41.63212966918945, 41.318145751953125, 39.77609634399414, 41.80622100830078, 40.539642333984375, 40.97528076171875, 39.99449157714844, 39.20054626464844, 40.81659698486328, 38.303489685058594, 39.78240966796875, 37.455528259277344, 37.3233642578125, 37.6387939453125, 36.30462646484375, 36.12321853637695, 36.75627899169922, 36.389678955078125, 35.34886169433594, 36.402931213378906, 35.766841888427734, 34.79646301269531, 35.10787582397461, 36.850006103515625, 35.054718017578125, 34.91619873046875, 36.52621841430664, 39.5547981262207, 34.8602409362793, 34.4398307800293, 34.137332916259766, 35.74679183959961, 32.693992614746094, 33.61775207519531, 33.635406494140625, 34.861942291259766, 35.496673583984375, 32.97138214111328, 33.58658981323242, 32.99176788330078, 32.523414611816406, 32.079498291015625, 32.769840240478516, 33.26780700683594, 33.92848205566406, 32.43152618408203, 32.16476821899414, 33.088809967041016, 31.82877540588379, 31.79366111755371, 32.264251708984375, 31.873104095458984, 32.48011779785156, 31.35934829711914, 33.682899475097656, 30.03968620300293, 31.985107421875, 30.386280059814453, 30.56308364868164, 30.825944900512695, 29.684642791748047, 29.416500091552734, 30.112079620361328, 30.802326202392578, 29.666748046875, 32.18501663208008, 29.072946548461914, 30.241321563720703, 30.056846618652344, 30.523347854614258, 30.13068962097168, 31.578777313232422, 29.557159423828125, 30.702608108520508, 30.459890365600586, 29.77530288696289, 29.434803009033203, 29.948974609375, 27.96363067626953, 28.262569427490234, 28.24718475341797, 32.10383224487305, 28.596282958984375, 28.62337875366211, 26.66059112548828, 31.064340591430664, 31.166439056396484, 30.546401977539062, 29.328876495361328, 33.00358200073242]}