{"aucroc": 0.5472907125081039, "aucpr": 0.40980539348120076, "dataset": "35_SpamBase", "method": "soft", "test_ratio": 0.3990498812351544, "train_ratio": 0.1995249406175772, "labeled_anomalies": 0.5, "loe_loss": [66.02774810791016, 62.270286560058594, 59.78339385986328, 58.26998519897461, 61.226722717285156, 60.289554595947266, 54.15229797363281, 58.86054229736328, 58.074832916259766, 53.44330978393555, 57.514251708984375, 53.36085510253906, 55.410037994384766, 56.00659942626953, 54.393524169921875, 57.72399139404297, 55.500244140625, 54.345359802246094, 53.616024017333984, 57.553688049316406, 54.394798278808594, 53.78535461425781, 54.47577667236328, 54.75244140625, 55.3566780090332, 54.32594680786133, 52.06774139404297, 55.09397506713867, 55.431697845458984, 51.94690704345703, 51.10970687866211, 48.09206771850586, 51.50175094604492, 47.68168640136719, 45.05726623535156, 48.69108581542969, 46.65256118774414, 48.490604400634766, 46.57909393310547, 49.470741271972656, 45.86307144165039, 47.504066467285156, 47.118492126464844, 40.63274383544922, 44.202667236328125, 44.70501708984375, 44.58783721923828, 45.438663482666016, 43.86539840698242, 42.88703918457031, 42.183746337890625, 42.664791107177734, 42.78565979003906, 41.62214660644531, 40.008872985839844, 41.44770050048828, 36.49978256225586, 40.83540344238281, 35.36882400512695, 39.28064727783203, 42.77812576293945, 39.389705657958984, 41.28081512451172, 41.192420959472656, 39.39299011230469, 39.4173469543457, 41.121829986572266, 38.55047607421875, 36.96283721923828, 38.34354019165039, 39.6231689453125, 40.42255401611328, 40.369632720947266, 41.21684646606445, 39.985137939453125, 31.02737808227539, 36.175079345703125, 36.07710266113281, 37.82861328125, 33.81263732910156, 35.347259521484375, 38.54701614379883, 34.08536911010742, 37.445152282714844, 36.83782196044922, 37.878726959228516, 36.43501663208008, 31.656597137451172, 32.27470779418945, 37.55563735961914, 35.41529846191406, 37.92807388305664, 40.01442337036133, 35.43867492675781, 33.056461334228516, 32.1989860534668, 35.77847671508789, 35.19073486328125, 30.37833595275879, 38.40106201171875, 36.876461029052734, 34.32001876831055, 41.754173278808594, 35.257537841796875, 28.985218048095703, 37.221702575683594, 28.933917999267578, 26.731796264648438, 30.90118408203125, 32.955108642578125, 29.03870391845703, 38.79666519165039, 33.52872848510742, 33.035888671875, 28.089197158813477, 24.497568130493164, 25.628999710083008, 32.600494384765625, 31.669696807861328, 18.755910873413086]}