{"aucroc": 0.5488225944747684, "aucpr": 0.41127766214450584, "dataset": "35_SpamBase", "method": "refine", "test_ratio": 0.3990498812351544, "train_ratio": 0.2992874109263658, "labeled_anomalies": 0.75, "loe_loss": [62.39588928222656, 58.99104309082031, 57.26856994628906, 56.85963439941406, 57.70219802856445, 57.188323974609375, 56.50839614868164, 56.395301818847656, 58.1574821472168, 55.76787567138672, 56.7796745300293, 56.62867736816406, 55.28182601928711, 54.999568939208984, 54.21000671386719, 54.841400146484375, 54.31538391113281, 54.66200637817383, 54.53912353515625, 55.034976959228516, 53.86716079711914, 52.88414764404297, 52.1329460144043, 51.8276481628418, 52.564231872558594, 53.390907287597656, 51.18408966064453, 52.236534118652344, 49.70787811279297, 51.654327392578125, 51.132503509521484, 51.0233039855957, 49.51475524902344, 51.948394775390625, 50.04706954956055, 50.74882507324219, 50.00290298461914, 47.88425827026367, 50.038272857666016, 47.63338851928711, 49.03817367553711, 46.782447814941406, 46.21970748901367, 46.81096267700195, 45.525901794433594, 45.1890983581543, 45.1784553527832, 45.458526611328125, 43.96237564086914, 45.490394592285156, 45.12778091430664, 43.14631271362305, 43.81373596191406, 45.78049850463867, 43.50731658935547, 43.73501205444336, 45.38005828857422, 49.40806198120117, 43.765174865722656, 42.80051803588867, 42.49825668334961, 45.21125411987305, 41.10557556152344, 42.19526672363281, 42.75294494628906, 43.368656158447266, 44.573482513427734, 42.253028869628906, 42.314945220947266, 41.80419921875, 41.83393096923828, 40.701045989990234, 41.01840591430664, 41.875484466552734, 43.04161071777344, 41.95467758178711, 41.17485427856445, 42.414703369140625, 40.490638732910156, 40.804931640625, 41.05210876464844, 40.99760055541992, 41.027915954589844, 39.504661560058594, 42.43767166137695, 38.859336853027344, 40.7122688293457, 39.562747955322266, 38.537986755371094, 39.51430892944336, 38.797203063964844, 38.38819122314453, 38.35755920410156, 39.28585433959961, 38.18666076660156, 41.645755767822266, 37.29293441772461, 39.80705261230469, 38.47354507446289, 38.89503479003906, 38.9775276184082, 40.480987548828125, 38.19797134399414, 40.158447265625, 38.952369689941406, 39.14562225341797, 38.1293830871582, 38.50347137451172, 36.25204849243164, 37.2690315246582, 36.26860046386719, 42.09989547729492, 36.10770797729492, 37.08789825439453, 33.95640182495117, 38.89503860473633, 39.34465789794922, 38.93960189819336, 37.145870208740234, 41.83101272583008]}