{"aucroc": 0.5418279586757848, "aucpr": 0.40760976780075653, "dataset": "35_SpamBase", "method": "refine", "test_ratio": 0.3990498812351544, "train_ratio": 0.059857482185273155, "labeled_anomalies": 0.15, "loe_loss": [93.27084350585938, 87.74090576171875, 86.17096710205078, 86.70343780517578, 87.56842041015625, 86.42569732666016, 86.33432006835938, 85.48775482177734, 90.50228881835938, 84.88017272949219, 86.80758666992188, 85.54786682128906, 82.509521484375, 83.2123031616211, 83.51248168945312, 85.25553894042969, 82.36212158203125, 83.23043823242188, 80.73953247070312, 83.46852111816406, 87.0477523803711, 79.36307525634766, 78.04959869384766, 79.01060485839844, 79.33272552490234, 82.92507934570312, 74.70855712890625, 79.01141357421875, 75.23431396484375, 79.65524291992188, 78.35128784179688, 78.87359619140625, 80.23133850097656, 82.80439758300781, 77.60157012939453, 81.90300750732422, 78.40008544921875, 71.34420776367188, 76.61939239501953, 73.53843688964844, 75.03811645507812, 75.07500457763672, 71.5589370727539, 73.73878479003906, 73.22417449951172, 73.4424057006836, 73.84506225585938, 73.61589050292969, 68.0979232788086, 74.6972427368164, 74.7125244140625, 67.54589080810547, 71.8392333984375, 72.27900695800781, 69.29756164550781, 69.70962524414062, 73.2785415649414, 81.60014343261719, 70.93148803710938, 70.924560546875, 67.78694915771484, 73.2515640258789, 67.93681335449219, 72.08293914794922, 71.09202575683594, 71.81962585449219, 72.07398986816406, 70.1186752319336, 72.47853088378906, 72.71781158447266, 73.09931945800781, 68.83570861816406, 69.16694641113281, 67.66946411132812, 73.95213317871094, 71.53324127197266, 68.58200073242188, 71.33168029785156, 68.07687377929688, 69.94698333740234, 69.84777069091797, 68.00340270996094, 67.38965606689453, 65.20243835449219, 69.95581817626953, 68.26026916503906, 67.63465881347656, 69.28800201416016, 67.23433685302734, 67.30197143554688, 70.8438949584961, 69.33970642089844, 65.47089385986328, 65.51787567138672, 67.22726440429688, 74.84456634521484, 67.15705871582031, 70.56089782714844, 68.54974365234375, 65.1785888671875, 67.43394470214844, 71.235107421875, 66.90859985351562, 73.79306030273438, 67.41461944580078, 72.66307830810547, 67.64877319335938, 68.75157165527344, 66.53292846679688, 65.02235412597656, 66.99847412109375, 77.17178344726562, 62.68105697631836, 67.28665161132812, 64.7932357788086, 66.84561920166016, 70.07162475585938, 68.42666625976562, 63.93879699707031, 70.12153625488281]}