{"aucroc": 0.5410706443315139, "aucpr": 0.4055149661406774, "dataset": "35_SpamBase", "method": "soft", "test_ratio": 0.3990498812351544, "train_ratio": 0.0997624703087886, "labeled_anomalies": 0.25, "loe_loss": [83.65168762207031, 79.39234161376953, 75.71905517578125, 74.32613372802734, 76.57731628417969, 76.73213958740234, 69.0343017578125, 74.29190063476562, 73.8477554321289, 73.62348937988281, 73.3781509399414, 68.5074691772461, 70.7905044555664, 71.52694702148438, 69.39173126220703, 72.47650909423828, 69.84944152832031, 69.62064361572266, 71.62620544433594, 71.8548583984375, 69.496337890625, 70.2958984375, 70.0105209350586, 68.70375061035156, 69.98261260986328, 68.76170349121094, 68.0614013671875, 70.94972229003906, 71.53297424316406, 68.69921875, 66.0445556640625, 62.58964538574219, 65.49818420410156, 63.403316497802734, 61.37943649291992, 63.697540283203125, 62.89271545410156, 65.03627014160156, 63.298255920410156, 65.6237564086914, 62.99199676513672, 63.054481506347656, 63.66712951660156, 58.86177444458008, 59.522705078125, 59.99489212036133, 62.591514587402344, 62.394775390625, 60.87441635131836, 58.90301513671875, 57.400691986083984, 58.299198150634766, 59.05107116699219, 58.63561248779297, 56.861019134521484, 58.74443435668945, 54.30475997924805, 57.19290542602539, 52.59390640258789, 59.00400924682617, 60.312374114990234, 57.86777877807617, 59.65086364746094, 57.38045120239258, 57.620582580566406, 57.17485427856445, 57.890968322753906, 56.73417282104492, 52.95869064331055, 55.11366271972656, 56.13804244995117, 56.08271408081055, 56.885440826416016, 58.8237419128418, 58.49324035644531, 49.783905029296875, 54.5921516418457, 53.064701080322266, 54.957706451416016, 54.45186233520508, 54.05172348022461, 55.620262145996094, 51.585975646972656, 56.943206787109375, 54.38851547241211, 54.52384567260742, 54.51810073852539, 53.64571762084961, 50.641761779785156, 56.02999496459961, 52.59585189819336, 57.5223388671875, 58.92575454711914, 52.161895751953125, 50.792823791503906, 51.17833709716797, 52.894744873046875, 56.25249481201172, 51.22792053222656, 54.751102447509766, 57.65263748168945, 53.245487213134766, 58.600555419921875, 52.738868713378906, 46.257286071777344, 55.977535247802734, 50.90748596191406, 49.43157196044922, 52.12666320800781, 50.897518157958984, 49.95100402832031, 59.46276092529297, 54.84268569946289, 51.32135772705078, 47.872802734375, 47.21260070800781, 51.50074768066406, 52.25634765625, 51.02134323120117, 41.612037658691406]}