{"aucroc": 0.47510212418300657, "aucpr": 0.017964585065428616, "dataset": "36_speech", "method": "refine", "test_ratio": 0.0162748643761302, "train_ratio": 0.00406871609403255, "labeled_anomalies": 0.25, "loe_loss": [792.6901245117188, 772.38916015625, 764.0708618164062, 774.2510375976562, 770.3555297851562, 764.7824096679688, 753.0523681640625, 753.1640625, 760.0892333984375, 746.109619140625, 757.632568359375, 751.2680053710938, 740.4893188476562, 731.6909790039062, 732.9369506835938, 737.541015625, 728.3201293945312, 722.6655883789062, 730.8060913085938, 724.5294799804688, 721.5926513671875, 717.8006591796875, 725.6282958984375, 715.1754760742188, 714.9642944335938, 703.9534912109375, 705.8677978515625, 698.861328125, 708.1878662109375, 707.8223876953125, 692.095458984375, 700.345458984375, 705.8829345703125, 694.2177734375, 700.5111083984375, 690.95947265625, 689.566650390625, 681.1109008789062, 694.4599609375, 683.9953002929688, 676.4180908203125, 676.2688598632812, 681.0983276367188, 677.7260131835938, 682.2341918945312, 677.318359375, 672.6783447265625, 680.4384155273438, 672.9050903320312, 675.6333618164062, 667.2495727539062, 663.817138671875, 672.7891235351562, 671.8475952148438, 661.92822265625, 665.014892578125, 669.8801879882812, 659.9915161132812, 661.5438842773438, 663.2111206054688, 663.2462158203125, 654.4450073242188, 664.2013549804688, 657.1522827148438, 660.194580078125, 661.4822998046875, 651.966064453125, 641.1687622070312, 658.0161743164062, 648.3890380859375, 651.8276977539062, 641.0570068359375, 652.7274169921875, 646.7277221679688, 649.5193481445312, 647.5284423828125, 649.0541381835938, 645.2247924804688, 635.7960815429688, 639.6402587890625, 647.1790771484375, 640.1697998046875, 649.0933227539062, 649.99755859375, 647.064697265625, 645.8397216796875, 636.8258666992188, 642.412109375, 637.1091918945312, 631.2806396484375, 631.82470703125, 641.3148193359375, 636.5410766601562, 638.737060546875, 635.1633911132812, 635.1298217773438, 628.6522827148438, 634.3735961914062, 635.7324829101562, 632.9306030273438, 631.1729125976562, 630.1701049804688, 634.0848388671875, 624.7069702148438, 624.8760375976562, 628.6566162109375, 627.2902221679688, 636.045654296875, 622.5262451171875, 618.7952270507812, 620.4164428710938, 624.5194091796875, 622.6560668945312, 634.6578979492188, 618.5043334960938, 621.7235717773438, 624.5722045898438, 619.8624877929688, 619.8526000976562, 619.1500854492188]}