{"aucroc": 0.46518075980392154, "aucpr": 0.01734536392460479, "dataset": "36_speech", "method": "blind", "test_ratio": 0.0162748643761302, "train_ratio": 0.00406871609403255, "labeled_anomalies": 0.25}