{"aucroc": 0.8805818181818182, "aucpr": 0.3449142228501906, "dataset": "37_Stamps", "method": "soft", "test_ratio": 0.08333333333333333, "train_ratio": 0.0, "labeled_anomalies": 0.0}