{"aucroc": 0.8961454545454546, "aucpr": 0.3615319529300892, "dataset": "37_Stamps", "method": "refine", "test_ratio": 0.08333333333333333, "train_ratio": 0.020833333333333332, "labeled_anomalies": 0.25, "loe_loss": [17.384071350097656, 17.476608276367188, 16.134235382080078, 15.315933227539062, 15.274712562561035, 15.443771362304688, 14.044797897338867, 14.630824089050293, 15.373353958129883, 13.99615478515625, 14.023713111877441, 13.767498970031738, 13.057204246520996, 13.629951477050781, 13.061699867248535, 13.918156623840332, 13.319489479064941, 13.371675491333008, 13.315542221069336, 12.726324081420898, 13.017349243164062, 12.600113868713379, 12.399478912353516, 12.782427787780762, 12.225659370422363, 13.029138565063477, 12.502249717712402, 12.92074203491211, 13.231842994689941, 12.477815628051758, 11.894065856933594, 12.36811637878418, 12.413244247436523, 12.469961166381836, 11.712174415588379, 12.246826171875, 13.420581817626953, 12.220187187194824, 12.243938446044922, 11.972996711730957, 11.927645683288574, 11.933378219604492, 11.675283432006836, 12.065179824829102, 11.616279602050781, 11.81621265411377, 12.465093612670898, 12.017026901245117, 11.598700523376465, 12.372200965881348, 12.506653785705566, 11.656453132629395, 11.60206413269043, 12.073962211608887, 11.704484939575195, 11.240523338317871, 11.643980026245117, 12.33496379852295, 11.789155960083008, 11.587360382080078, 11.674620628356934, 12.549742698669434, 11.935548782348633, 12.366783142089844, 11.902438163757324, 11.62070083618164, 11.879793167114258, 11.840009689331055, 11.355018615722656, 11.462520599365234, 12.083455085754395, 11.968321800231934, 12.07568645477295, 11.922141075134277, 12.009159088134766, 11.446332931518555, 11.4652681350708, 11.157980918884277, 11.683562278747559, 11.206353187561035, 12.590679168701172, 11.83084487915039, 12.05836296081543, 11.22752571105957, 11.228007316589355, 11.668646812438965, 11.597269058227539, 11.261482238769531, 12.038162231445312, 11.628360748291016, 11.639311790466309, 11.008941650390625, 11.474839210510254, 11.54072093963623, 10.967626571655273, 11.08807373046875, 11.276277542114258, 10.91938591003418, 10.88424301147461, 11.421854972839355, 11.044866561889648, 11.004234313964844, 11.447599411010742, 11.277641296386719, 11.874129295349121, 10.896101951599121, 11.28652286529541, 11.733205795288086, 11.06178092956543, 11.465364456176758, 11.209181785583496, 10.537460327148438, 11.084490776062012, 11.138132095336914, 11.183719635009766, 11.079780578613281, 11.21661376953125, 10.823448181152344, 10.614144325256348, 11.468555450439453]}