{"aucroc": 0.8898618181818183, "aucpr": 0.3524469078982742, "dataset": "37_Stamps", "method": "soft", "test_ratio": 0.08333333333333333, "train_ratio": 0.020833333333333332, "labeled_anomalies": 0.25, "loe_loss": [16.89023780822754, 15.944910049438477, 15.231223106384277, 15.904884338378906, 14.616928100585938, 15.045170783996582, 13.655314445495605, 14.075668334960938, 13.91253662109375, 14.04607105255127, 13.146564483642578, 13.091764450073242, 11.997232437133789, 13.175482749938965, 12.735336303710938, 13.01198959350586, 12.747157096862793, 12.672891616821289, 13.050228118896484, 12.204899787902832, 12.868537902832031, 12.08759880065918, 12.062897682189941, 12.114933967590332, 11.82441520690918, 11.784878730773926, 12.039237976074219, 12.012765884399414, 12.297913551330566, 12.32318115234375, 11.59409236907959, 12.508991241455078, 12.150655746459961, 11.485099792480469, 11.414376258850098, 12.004556655883789, 11.758191108703613, 11.413007736206055, 12.453253746032715, 11.879523277282715, 11.978328704833984, 10.786630630493164, 11.447988510131836, 11.401175498962402, 11.475160598754883, 11.546244621276855, 11.246542930603027, 11.108814239501953, 11.381756782531738, 11.480756759643555, 11.189620971679688, 10.566097259521484, 11.174393653869629, 11.47568130493164, 11.194780349731445, 10.939144134521484, 11.194746971130371, 10.867237091064453, 11.651588439941406, 10.967021942138672, 11.24677848815918, 11.199009895324707, 11.595276832580566, 11.02917766571045, 11.441997528076172, 10.888673782348633, 10.457086563110352, 11.146403312683105, 10.759057998657227, 10.760689735412598, 11.17469310760498, 11.024698257446289, 10.45529556274414, 10.729305267333984, 11.309263229370117, 11.016345977783203, 10.9360990524292, 10.67091178894043, 10.34730339050293, 11.05919361114502, 11.037186622619629, 11.309447288513184, 10.91520881652832, 10.659273147583008, 10.901708602905273, 10.82748794555664, 10.90042781829834, 10.534127235412598, 10.489716529846191, 10.661657333374023, 11.051961898803711, 10.399608612060547, 10.184298515319824, 10.72806167602539, 10.286520004272461, 10.495243072509766, 10.388495445251465, 10.461834907531738, 10.466837882995605, 11.084264755249023, 10.029943466186523, 10.904047966003418, 10.386927604675293, 10.52800464630127, 11.09671401977539, 11.017387390136719, 10.568534851074219, 11.63916015625, 10.55036735534668, 10.278923988342285, 10.657711029052734, 10.4449462890625, 11.20000171661377, 9.729867935180664, 10.455488204956055, 10.933679580688477, 10.852538108825684, 11.8397855758667, 10.163911819458008, 10.665189743041992]}