{"aucroc": 0.9058327272727272, "aucpr": 0.383612593987758, "dataset": "37_Stamps", "method": "refine", "test_ratio": 0.08333333333333333, "train_ratio": 0.08333333333333333, "labeled_anomalies": 1.0, "loe_loss": [15.529233932495117, 15.12322998046875, 14.179361343383789, 13.568222999572754, 13.372407913208008, 13.47228717803955, 12.68362808227539, 12.925262451171875, 12.896708488464355, 12.376781463623047, 12.507173538208008, 12.219038009643555, 11.633758544921875, 11.889167785644531, 11.398665428161621, 11.903875350952148, 11.824613571166992, 11.537432670593262, 11.749980926513672, 11.037495613098145, 11.456917762756348, 11.171734809875488, 10.877612113952637, 11.072820663452148, 10.55152702331543, 11.445097923278809, 10.87891960144043, 10.980215072631836, 11.544815063476562, 10.832082748413086, 10.447535514831543, 10.741425514221191, 10.953193664550781, 10.894073486328125, 10.336570739746094, 10.759963989257812, 11.539523124694824, 10.672769546508789, 10.812047004699707, 10.400040626525879, 10.571443557739258, 10.477794647216797, 10.37624454498291, 10.41108512878418, 10.203644752502441, 10.394044876098633, 10.850574493408203, 10.410676956176758, 10.21178150177002, 10.80427360534668, 10.748476028442383, 10.129234313964844, 10.214184761047363, 10.500693321228027, 10.19504451751709, 9.84874153137207, 10.135659217834473, 10.74519157409668, 10.11400318145752, 10.082928657531738, 10.094423294067383, 10.578361511230469, 10.243321418762207, 10.756178855895996, 10.222831726074219, 10.067559242248535, 10.174782752990723, 10.005847930908203, 9.726028442382812, 9.951037406921387, 10.291651725769043, 10.14893627166748, 10.252176284790039, 10.276474952697754, 10.241578102111816, 9.724454879760742, 9.854945182800293, 9.573471069335938, 9.847347259521484, 9.510882377624512, 10.39700984954834, 10.155815124511719, 9.80180549621582, 9.52819538116455, 9.5914306640625, 9.897790908813477, 9.642704010009766, 9.569883346557617, 9.949854850769043, 9.60936164855957, 9.8438720703125, 9.319059371948242, 9.792357444763184, 9.838168144226074, 9.430747032165527, 9.268817901611328, 9.4823579788208, 9.142495155334473, 9.282243728637695, 9.594732284545898, 9.310429573059082, 9.279253005981445, 9.56313419342041, 9.408852577209473, 9.962427139282227, 9.392683029174805, 9.441341400146484, 9.691194534301758, 9.07060432434082, 9.533092498779297, 9.371465682983398, 8.887102127075195, 9.388336181640625, 9.348347663879395, 9.42565631866455, 9.392618179321289, 9.41525650024414, 9.173250198364258, 8.844551086425781, 9.718331336975098]}