{"aucroc": 0.89696, "aucpr": 0.36036260868726383, "dataset": "37_Stamps", "method": "refine", "test_ratio": 0.08333333333333333, "train_ratio": 0.041666666666666664, "labeled_anomalies": 0.5, "loe_loss": [16.628265380859375, 16.40810203552246, 15.33720874786377, 14.599640846252441, 14.491100311279297, 14.656765937805176, 13.488882064819336, 13.931857109069824, 14.065869331359863, 13.343501091003418, 13.38763427734375, 13.147842407226562, 12.467748641967773, 12.930401802062988, 12.371176719665527, 13.015236854553223, 12.652148246765137, 12.651671409606934, 12.678564071655273, 12.010772705078125, 12.359800338745117, 12.022665977478027, 11.798809051513672, 12.130816459655762, 11.49783992767334, 12.424726486206055, 11.847991943359375, 12.014752388000488, 12.562382698059082, 11.764469146728516, 11.308867454528809, 11.72431755065918, 11.820122718811035, 11.827108383178711, 11.083580017089844, 11.612858772277832, 12.581271171569824, 11.602280616760254, 11.613546371459961, 11.372044563293457, 11.373860359191895, 11.332070350646973, 11.143617630004883, 11.446280479431152, 11.063446998596191, 11.219050407409668, 11.828201293945312, 11.37711238861084, 11.018597602844238, 11.780006408691406, 11.830022811889648, 11.048748016357422, 11.026700019836426, 11.449088096618652, 11.084403038024902, 10.635834693908691, 11.053535461425781, 11.688060760498047, 11.13998031616211, 11.059640884399414, 11.099650382995605, 11.710868835449219, 11.304357528686523, 11.744304656982422, 11.198217391967773, 11.059219360351562, 11.28762435913086, 11.185840606689453, 10.741106986999512, 10.810388565063477, 11.396763801574707, 11.245365142822266, 11.338004112243652, 11.344660758972168, 11.246429443359375, 10.879328727722168, 10.855354309082031, 10.597834587097168, 11.001696586608887, 10.614192962646484, 11.497711181640625, 11.148706436157227, 10.853377342224121, 10.647530555725098, 10.60032844543457, 11.002745628356934, 10.939181327819824, 10.622822761535645, 11.245899200439453, 10.884313583374023, 10.865286827087402, 10.357600212097168, 10.796448707580566, 10.840471267700195, 10.321215629577637, 10.336347579956055, 10.57622241973877, 10.160926818847656, 10.186694145202637, 10.713038444519043, 10.376969337463379, 10.262992858886719, 10.827484130859375, 10.52955436706543, 11.20101547241211, 10.210121154785156, 10.521778106689453, 10.84280014038086, 10.255547523498535, 10.587662696838379, 10.498495101928711, 9.924598693847656, 10.435067176818848, 10.406932830810547, 10.512805938720703, 10.335722923278809, 10.47896671295166, 10.179997444152832, 9.831635475158691, 10.755352973937988]}