{"aucroc": 0.9605266563146998, "aucpr": 0.44092706951473926, "dataset": "38_thyroid", "method": "soft", "test_ratio": 0.024734982332155476, "train_ratio": 0.018551236749116608, "labeled_anomalies": 0.75, "loe_loss": [14.461597442626953, 12.036104202270508, 10.56216812133789, 10.22693157196045, 10.54393482208252, 9.223923683166504, 9.228754997253418, 9.283918380737305, 8.40278148651123, 9.073312759399414, 9.433626174926758, 8.920954704284668, 8.618538856506348, 8.712194442749023, 8.606040000915527, 8.262307167053223, 8.076507568359375, 8.190592765808105, 8.3277006149292, 8.504923820495605, 8.554356575012207, 8.119192123413086, 7.422457695007324, 8.05320930480957, 8.381227493286133, 7.208609580993652, 8.059370994567871, 8.320568084716797, 7.2478437423706055, 8.053786277770996, 7.362401008605957, 7.90354061126709, 7.977083206176758, 7.971043586730957, 7.284677982330322, 7.180452346801758, 8.390962600708008, 7.386569023132324, 7.474305152893066, 7.9179158210754395, 7.22831392288208, 7.635373115539551, 8.03300666809082, 7.645716667175293, 7.281227111816406, 7.465454578399658, 7.611055374145508, 7.13900089263916, 7.717018127441406, 6.718259334564209, 7.940917015075684, 7.456545829772949, 7.393145561218262, 7.2151336669921875, 7.779585838317871, 7.358494281768799, 7.669612884521484, 8.406723022460938, 7.533693313598633, 6.998993873596191, 6.76345157623291, 7.5407609939575195, 7.792300224304199, 6.959961414337158, 7.2681884765625, 7.886695861816406, 7.273884296417236, 7.175980091094971, 7.271847724914551, 7.16822624206543, 7.399874210357666, 6.848525047302246, 7.516263484954834, 6.822099685668945, 7.3335185050964355, 6.959700584411621, 6.760549545288086, 7.213138103485107, 6.8782148361206055, 7.378040313720703, 6.935212135314941, 6.780896186828613, 6.833412170410156, 6.980062007904053, 6.941133499145508, 6.981366157531738, 6.957137107849121, 6.740842342376709, 7.0502800941467285, 6.867508888244629, 7.516127586364746, 6.951840400695801, 6.6718950271606445, 7.4927592277526855, 7.376347541809082, 6.8067216873168945, 7.406520843505859, 6.7432146072387695, 6.197849750518799, 7.246110916137695, 6.903177738189697, 6.455572128295898, 7.070318698883057, 7.187079906463623, 6.759843349456787, 7.019615650177002, 7.242711544036865, 6.8809309005737305, 6.625893592834473, 6.478268146514893, 7.062612056732178, 7.248185634613037, 7.288629055023193, 7.143242835998535, 7.416000843048096, 7.042367458343506, 7.027993202209473, 6.678260326385498, 6.566291332244873, 6.787700653076172]}