{"aucroc": 0.9540243271221532, "aucpr": 0.43459218032424535, "dataset": "38_thyroid", "method": "refine", "test_ratio": 0.024734982332155476, "train_ratio": 0.012367491166077738, "labeled_anomalies": 0.5, "loe_loss": [15.15643310546875, 13.37488842010498, 12.07138442993164, 11.481654167175293, 11.4719877243042, 10.527379035949707, 10.602808952331543, 9.963156700134277, 10.067075729370117, 10.7897367477417, 10.117547988891602, 9.169770240783691, 8.868935585021973, 9.130206108093262, 10.946020126342773, 8.684418678283691, 8.567791938781738, 8.65280532836914, 8.46360969543457, 8.735040664672852, 8.121644020080566, 8.142773628234863, 8.949865341186523, 8.519147872924805, 9.12490177154541, 8.469329833984375, 8.336212158203125, 8.955371856689453, 7.937736511230469, 8.943097114562988, 8.967973709106445, 8.447114944458008, 8.930389404296875, 7.910620212554932, 7.553078651428223, 8.174739837646484, 8.837589263916016, 7.973818778991699, 8.345001220703125, 8.485286712646484, 8.00129508972168, 8.631619453430176, 8.00190258026123, 7.555351257324219, 8.435233116149902, 7.607450485229492, 7.869502067565918, 7.702442646026611, 8.318704605102539, 7.3793463706970215, 7.702337741851807, 7.923972129821777, 8.108580589294434, 7.943014144897461, 8.636280059814453, 8.443902969360352, 8.144815444946289, 7.677282810211182, 7.514413356781006, 8.210083961486816, 7.875688552856445, 7.605268955230713, 8.31723403930664, 7.935905456542969, 8.118118286132812, 7.483677864074707, 7.81783390045166, 8.213729858398438, 7.579338073730469, 9.178177833557129, 7.397003650665283, 7.185348987579346, 7.320451736450195, 7.5742340087890625, 7.789024353027344, 7.531546592712402, 7.163921356201172, 8.001630783081055, 8.287071228027344, 8.288516998291016, 7.662355899810791, 7.627019882202148, 7.586545944213867, 7.616725444793701, 7.5840911865234375, 7.3939666748046875, 7.219241619110107, 8.3053560256958, 7.294139385223389, 7.559411525726318, 7.950584411621094, 7.731210231781006, 7.789027690887451, 8.453836441040039, 7.967992305755615, 7.24775505065918, 7.275960922241211, 7.858273506164551, 8.427753448486328, 7.242873191833496, 7.455440044403076, 7.323270797729492, 7.071961879730225, 7.6092939376831055, 7.858481407165527, 7.909061908721924, 7.425406455993652, 8.855496406555176, 8.052454948425293, 7.552173614501953, 7.539973258972168, 7.992877960205078, 7.854052543640137, 7.769527435302734, 8.074278831481934, 7.194840431213379, 8.419736862182617, 7.273576259613037, 7.925739765167236, 6.942195892333984]}