{"aucroc": 0.9607725155279503, "aucpr": 0.43847174137172196, "dataset": "38_thyroid", "method": "soft", "test_ratio": 0.024734982332155476, "train_ratio": 0.024734982332155476, "labeled_anomalies": 1.0, "loe_loss": [14.063261032104492, 11.56682014465332, 10.321956634521484, 9.88433837890625, 10.243608474731445, 9.013625144958496, 8.957464218139648, 8.95877456665039, 8.135210037231445, 8.720053672790527, 8.977922439575195, 8.692455291748047, 8.310005187988281, 8.456002235412598, 8.378494262695312, 8.062362670898438, 7.824065685272217, 7.906308174133301, 8.082488059997559, 8.203703880310059, 8.250675201416016, 7.850049018859863, 7.113450050354004, 7.849147796630859, 8.14425277709961, 6.965723037719727, 7.842106819152832, 7.996129035949707, 7.097898006439209, 7.817790985107422, 7.159653663635254, 7.688354969024658, 7.7626190185546875, 7.748613357543945, 7.027164459228516, 7.040949821472168, 8.046550750732422, 7.041067600250244, 7.251156806945801, 7.64495849609375, 7.0100250244140625, 7.42397403717041, 7.634491443634033, 7.287132740020752, 7.0699992179870605, 7.220981121063232, 7.391376495361328, 6.9480133056640625, 7.509334087371826, 6.453819274902344, 7.562140941619873, 7.252735137939453, 7.2022600173950195, 7.012134075164795, 7.440839767456055, 6.783990383148193, 7.0570597648620605, 7.918711185455322, 7.386664867401123, 6.798371315002441, 6.5255560874938965, 7.174704074859619, 7.485976696014404, 6.7638044357299805, 7.030848979949951, 7.362212657928467, 7.072670936584473, 6.9283342361450195, 6.992099761962891, 6.95436429977417, 7.009329319000244, 6.6153059005737305, 7.312472343444824, 6.567304611206055, 7.095447540283203, 6.693889141082764, 6.539556503295898, 6.997289657592773, 6.630304336547852, 7.126813888549805, 6.691615581512451, 6.495865821838379, 6.593826770782471, 6.703671455383301, 6.744018077850342, 6.715185642242432, 6.793916702270508, 6.507550239562988, 6.706274032592773, 6.622333526611328, 7.274693012237549, 6.782433986663818, 6.460239410400391, 7.259792804718018, 7.245248317718506, 6.461886882781982, 7.183795928955078, 6.545722007751465, 5.852482795715332, 7.093605041503906, 6.634256839752197, 6.047518730163574, 6.880817413330078, 7.067132472991943, 6.548773765563965, 6.857122421264648, 7.050379753112793, 6.710439205169678, 6.319268226623535, 6.2457709312438965, 6.732602596282959, 7.035481929779053, 6.7098002433776855, 6.9185614585876465, 7.220494747161865, 6.890808582305908, 6.780733108520508, 6.51895809173584, 6.21504545211792, 6.556546688079834]}