{"aucroc": 0.373, "aucpr": 0.10158116104198096, "dataset": "39_vertebral", "method": "soft", "test_ratio": 0.13333333333333333, "train_ratio": 0.02, "labeled_anomalies": 0.15, "loe_loss": [13.044580459594727, 12.366376876831055, 11.64968204498291, 11.121805191040039, 10.434000015258789, 10.344361305236816, 10.380642890930176, 10.242316246032715, 10.013123512268066, 10.096273422241211, 9.899556159973145, 9.335077285766602, 9.344212532043457, 9.57979965209961, 9.113654136657715, 9.33506965637207, 9.281366348266602, 9.048772811889648, 8.945530891418457, 9.115154266357422, 9.014060974121094, 8.951632499694824, 8.64330005645752, 9.203484535217285, 8.782175064086914, 8.811068534851074, 8.64998722076416, 8.829129219055176, 8.715803146362305, 8.807777404785156, 8.439862251281738, 8.218238830566406, 8.401532173156738, 8.435776710510254, 8.947047233581543, 8.866108894348145, 8.503861427307129, 8.691413879394531, 8.602518081665039, 8.370647430419922, 8.39480209350586, 8.307828903198242, 8.196834564208984, 8.20146656036377, 8.491022109985352, 8.298373222351074, 8.361261367797852, 7.998985290527344, 8.291500091552734, 8.354568481445312, 8.354642868041992, 8.20862102508545, 7.94788122177124, 8.475175857543945, 8.32668399810791, 8.190084457397461, 8.502144813537598, 8.112665176391602, 8.121830940246582, 8.145561218261719, 8.603638648986816, 8.26988697052002, 7.998265266418457, 8.199074745178223, 8.046991348266602, 7.907205104827881, 7.843867778778076, 8.153573989868164, 7.8380351066589355, 8.212071418762207, 8.475645065307617, 8.25771427154541, 7.939554691314697, 8.044917106628418, 7.861583232879639, 8.117326736450195, 8.107266426086426, 7.834773063659668, 7.911230087280273, 8.016027450561523, 8.270071983337402, 7.725734710693359, 7.982059001922607, 7.780048847198486, 7.675339698791504, 8.0719633102417, 7.816108703613281, 7.6865081787109375, 7.721114158630371, 7.901826858520508, 8.259847640991211, 7.831355094909668, 7.6926350593566895, 8.215476036071777, 7.861456871032715, 7.728025913238525, 7.7382988929748535, 7.930266380310059, 7.866942882537842, 7.910376071929932, 7.721554756164551, 8.158600807189941, 7.457967758178711, 7.717079162597656, 8.02595043182373, 7.630380630493164, 7.559978008270264, 7.831101894378662, 7.754594802856445, 7.395440101623535, 7.856485843658447, 7.910126209259033, 7.514963150024414, 7.692148208618164, 7.940637588500977, 8.097084999084473, 7.5865583419799805, 7.607551574707031, 7.761590480804443, 7.475284576416016]}