{"aucroc": 0.7444549763033176, "aucpr": 0.17024958808132495, "dataset": "40_vowels", "method": "soft", "test_ratio": 0.034324942791762014, "train_ratio": 0.034324942791762014, "labeled_anomalies": 1.0, "loe_loss": [25.450891494750977, 24.04476547241211, 22.659772872924805, 21.558574676513672, 20.92790985107422, 20.88695526123047, 20.240169525146484, 19.739234924316406, 19.26954460144043, 19.2153377532959, 19.005043029785156, 19.848548889160156, 19.048606872558594, 19.034618377685547, 18.801036834716797, 19.11750030517578, 18.46044921875, 18.103910446166992, 18.224533081054688, 17.83019256591797, 18.022104263305664, 18.02113151550293, 17.528942108154297, 17.925989151000977, 17.990888595581055, 17.101032257080078, 17.47187042236328, 17.526187896728516, 17.58174705505371, 17.363574981689453, 17.622684478759766, 17.375225067138672, 17.837265014648438, 17.33077049255371, 16.919443130493164, 17.12687110900879, 16.608610153198242, 17.14895248413086, 16.434322357177734, 17.101045608520508, 16.81451988220215, 16.48790168762207, 16.73996353149414, 16.884767532348633, 16.960811614990234, 16.144302368164062, 16.75113296508789, 16.921524047851562, 16.939285278320312, 16.853002548217773, 16.446701049804688, 16.788822174072266, 16.2882137298584, 16.29578399658203, 16.835796356201172, 16.669654846191406, 16.688072204589844, 16.600780487060547, 16.66910171508789, 16.54315757751465, 16.439990997314453, 16.102684020996094, 16.41669464111328, 16.382957458496094, 16.44297981262207, 16.297250747680664, 16.1746768951416, 16.132328033447266, 16.03481101989746, 16.364501953125, 16.362070083618164, 16.433332443237305, 16.081947326660156, 16.45777702331543, 15.744638442993164, 16.193174362182617, 15.238277435302734, 15.734858512878418, 15.845669746398926, 15.530503273010254, 15.412097930908203, 16.22486114501953, 15.73794937133789, 15.64488410949707, 15.617280006408691, 16.029491424560547, 15.406496047973633, 15.40294075012207, 15.225728988647461, 15.971433639526367, 15.655523300170898, 15.444376945495605, 15.556952476501465, 15.965665817260742, 15.67838191986084, 15.584948539733887, 15.521998405456543, 15.841011047363281, 15.421231269836426, 15.571625709533691, 15.243614196777344, 15.627641677856445, 15.458038330078125, 15.362590789794922, 15.559009552001953, 15.580513954162598, 15.30525016784668, 15.469237327575684, 15.48593521118164, 15.134841918945312, 15.259195327758789, 15.265670776367188, 15.616308212280273, 15.402132987976074, 15.482826232910156, 15.234739303588867, 15.046836853027344, 14.987702369689941, 15.433037757873535, 15.005062103271484]}