{"aucroc": 0.7554186413902053, "aucpr": 0.17819776001549986, "dataset": "40_vowels", "method": "refine", "test_ratio": 0.034324942791762014, "train_ratio": 0.02574370709382151, "labeled_anomalies": 0.75, "loe_loss": [26.002283096313477, 25.053298950195312, 23.378236770629883, 22.74091148376465, 22.197484970092773, 22.02676010131836, 21.08527374267578, 20.93153190612793, 20.231704711914062, 20.243694305419922, 19.866676330566406, 19.99472999572754, 19.94281768798828, 19.826549530029297, 19.0189151763916, 19.597043991088867, 18.899967193603516, 18.777149200439453, 18.56895637512207, 18.59670066833496, 19.05886459350586, 19.10063362121582, 18.373138427734375, 18.62575912475586, 18.198078155517578, 18.22133445739746, 18.184268951416016, 18.054508209228516, 18.361448287963867, 17.899198532104492, 18.345319747924805, 18.018192291259766, 17.825456619262695, 17.864681243896484, 17.83995246887207, 17.568805694580078, 17.982192993164062, 17.23337173461914, 17.48848533630371, 17.534290313720703, 17.495223999023438, 17.56100845336914, 17.181480407714844, 17.602529525756836, 17.557849884033203, 17.055341720581055, 17.22455596923828, 17.11460304260254, 17.200878143310547, 16.569421768188477, 16.88666534423828, 17.05121421813965, 17.061294555664062, 16.494110107421875, 17.037105560302734, 16.93428611755371, 17.04754066467285, 16.83551025390625, 16.72734832763672, 16.416231155395508, 17.2015438079834, 16.267976760864258, 16.45626449584961, 16.81201934814453, 16.76983070373535, 16.55620574951172, 16.670162200927734, 16.344524383544922, 16.36484146118164, 16.308969497680664, 16.542194366455078, 16.166215896606445, 16.4834041595459, 16.155275344848633, 16.366382598876953, 16.56476402282715, 16.304357528686523, 15.88652229309082, 16.443897247314453, 16.295391082763672, 16.477449417114258, 16.538856506347656, 16.61148452758789, 16.071914672851562, 16.640790939331055, 16.834762573242188, 16.08224105834961, 16.235254287719727, 16.36109161376953, 15.943095207214355, 16.353456497192383, 16.671377182006836, 16.427406311035156, 16.558345794677734, 16.66575813293457, 16.543590545654297, 16.365123748779297, 16.18726921081543, 16.20381736755371, 16.249422073364258, 16.419925689697266, 15.92914867401123, 16.3317928314209, 16.08722496032715, 16.4761905670166, 15.884195327758789, 16.26409149169922, 16.10759735107422, 16.342668533325195, 16.078603744506836, 16.034992218017578, 16.111801147460938, 16.253786087036133, 16.37127113342285, 16.095067977905273, 16.037452697753906, 16.247901916503906, 16.37224578857422, 16.06911277770996, 15.985509872436523]}