{"aucroc": 0.7568088467614535, "aucpr": 0.1725767372493528, "dataset": "40_vowels", "method": "refine", "test_ratio": 0.034324942791762014, "train_ratio": 0.017162471395881007, "labeled_anomalies": 0.5, "loe_loss": [26.268117904663086, 25.312055587768555, 23.627323150634766, 22.98093605041504, 22.45387077331543, 22.270736694335938, 21.328067779541016, 21.148664474487305, 20.44951629638672, 20.47354507446289, 20.07689666748047, 20.196273803710938, 20.13232421875, 20.030597686767578, 19.148052215576172, 19.77975082397461, 19.08452033996582, 18.91096305847168, 18.780590057373047, 18.75745964050293, 19.23587417602539, 19.19776153564453, 18.526668548583984, 18.82370948791504, 18.368114471435547, 18.382190704345703, 18.42588233947754, 18.120296478271484, 18.452302932739258, 18.073789596557617, 18.52977752685547, 18.071741104125977, 17.925539016723633, 18.014606475830078, 17.872222900390625, 17.763368606567383, 18.205425262451172, 17.329769134521484, 17.596769332885742, 17.73084259033203, 17.631738662719727, 17.70089340209961, 17.451387405395508, 17.676782608032227, 17.61872100830078, 17.217941284179688, 17.4295711517334, 17.188684463500977, 17.32787322998047, 16.80849266052246, 16.996599197387695, 17.189849853515625, 17.194259643554688, 16.693172454833984, 17.30801773071289, 17.08843994140625, 17.137828826904297, 16.83450698852539, 16.888864517211914, 16.527711868286133, 17.328731536865234, 16.362560272216797, 16.52572250366211, 16.95596694946289, 16.876724243164062, 16.66944694519043, 16.762495040893555, 16.487300872802734, 16.52286720275879, 16.36650276184082, 16.4998836517334, 16.271160125732422, 16.620723724365234, 16.335365295410156, 16.436275482177734, 16.574508666992188, 16.552387237548828, 16.00467300415039, 16.586971282958984, 16.398221969604492, 16.561153411865234, 16.588428497314453, 16.707836151123047, 16.191301345825195, 16.747211456298828, 16.915821075439453, 16.311140060424805, 16.302791595458984, 16.408935546875, 16.137508392333984, 16.467578887939453, 16.778818130493164, 16.64711570739746, 16.616287231445312, 16.68309211730957, 16.669265747070312, 16.436819076538086, 16.240615844726562, 16.28937339782715, 16.35099220275879, 16.467302322387695, 16.155044555664062, 16.492544174194336, 16.302799224853516, 16.549560546875, 16.047210693359375, 16.400720596313477, 16.2686710357666, 16.289505004882812, 16.239627838134766, 16.184961318969727, 16.140731811523438, 16.411293029785156, 16.526762008666992, 16.152490615844727, 16.224525451660156, 16.36839485168457, 16.394561767578125, 16.10837745666504, 16.141468048095703]}