{"aucroc": 0.7497630331753554, "aucpr": 0.17553827982803644, "dataset": "40_vowels", "method": "soft", "test_ratio": 0.034324942791762014, "train_ratio": 0.02574370709382151, "labeled_anomalies": 0.75, "loe_loss": [25.790159225463867, 24.36336898803711, 22.95871925354004, 21.865997314453125, 21.218835830688477, 21.191022872924805, 20.54010581970215, 20.0357608795166, 19.552677154541016, 19.49195098876953, 19.289682388305664, 20.13180923461914, 19.308765411376953, 19.304046630859375, 19.049907684326172, 19.381284713745117, 18.728748321533203, 18.36850929260254, 18.478275299072266, 18.095361709594727, 18.27315902709961, 18.26350975036621, 17.783023834228516, 18.179052352905273, 18.2320499420166, 17.337833404541016, 17.71714210510254, 17.757568359375, 17.819828033447266, 17.612869262695312, 17.853836059570312, 17.624881744384766, 18.085979461669922, 17.5731201171875, 17.166425704956055, 17.370431900024414, 16.843555450439453, 17.388383865356445, 16.660951614379883, 17.35228157043457, 17.054637908935547, 16.708908081054688, 16.981653213500977, 17.119251251220703, 17.204750061035156, 16.365123748779297, 16.97599983215332, 17.124671936035156, 17.16324806213379, 17.072336196899414, 16.653390884399414, 17.013771057128906, 16.4979190826416, 16.474563598632812, 17.07657814025879, 16.86311149597168, 16.87394905090332, 16.82025909423828, 16.895706176757812, 16.74364471435547, 16.6031551361084, 16.33194923400879, 16.620616912841797, 16.60111427307129, 16.619855880737305, 16.501712799072266, 16.374109268188477, 16.30544662475586, 16.221908569335938, 16.558334350585938, 16.564531326293945, 16.59598731994629, 16.279626846313477, 16.65249252319336, 15.932528495788574, 16.33170509338379, 15.425034523010254, 15.919148445129395, 15.987051010131836, 15.715103149414062, 15.619464874267578, 16.37683868408203, 15.95907974243164, 15.815778732299805, 15.76805305480957, 16.173694610595703, 15.585163116455078, 15.561747550964355, 15.371434211730957, 16.163471221923828, 15.812143325805664, 15.617032051086426, 15.704737663269043, 16.131784439086914, 15.827774047851562, 15.72868537902832, 15.71601390838623, 15.971268653869629, 15.60863208770752, 15.724706649780273, 15.42643928527832, 15.805107116699219, 15.647028923034668, 15.515064239501953, 15.733137130737305, 15.76382827758789, 15.488438606262207, 15.625325202941895, 15.686952590942383, 15.365205764770508, 15.406516075134277, 15.460107803344727, 15.794285774230957, 15.58745002746582, 15.66776180267334, 15.398595809936523, 15.210395812988281, 15.162040710449219, 15.60517692565918, 15.196863174438477]}