{"aucroc": 0.7463507109004739, "aucpr": 0.1664284891674203, "dataset": "40_vowels", "method": "soft", "test_ratio": 0.034324942791762014, "train_ratio": 0.017162471395881007, "labeled_anomalies": 0.5, "loe_loss": [26.138029098510742, 24.68500518798828, 23.27771759033203, 22.176252365112305, 21.527040481567383, 21.49973487854004, 20.8325138092041, 20.320253372192383, 19.81882667541504, 19.765892028808594, 19.56475257873535, 20.409921646118164, 19.593791961669922, 19.56773567199707, 19.2908992767334, 19.654661178588867, 19.02820587158203, 18.647836685180664, 18.738447189331055, 18.36460304260254, 18.528594970703125, 18.511545181274414, 18.049327850341797, 18.44150161743164, 18.512771606445312, 17.585908889770508, 17.974809646606445, 18.003660202026367, 18.081758499145508, 17.866374969482422, 18.093992233276367, 17.903881072998047, 18.329090118408203, 17.826745986938477, 17.432859420776367, 17.601791381835938, 17.07990264892578, 17.658613204956055, 16.926536560058594, 17.612686157226562, 17.295421600341797, 16.98659324645996, 17.277931213378906, 17.390275955200195, 17.45407485961914, 16.643404006958008, 17.262346267700195, 17.4062557220459, 17.438631057739258, 17.368701934814453, 16.95425796508789, 17.300819396972656, 16.77485466003418, 16.759521484375, 17.33379554748535, 17.17795181274414, 17.196029663085938, 17.172298431396484, 17.160770416259766, 17.04955291748047, 16.989273071289062, 16.610530853271484, 16.962034225463867, 16.886051177978516, 16.97817611694336, 16.776336669921875, 16.82743263244629, 16.635269165039062, 16.59638786315918, 16.95281982421875, 16.94740867614746, 16.925241470336914, 16.655311584472656, 16.97119140625, 16.371488571166992, 16.771915435791016, 15.805037498474121, 16.301925659179688, 16.42124366760254, 16.141767501831055, 15.995912551879883, 16.71900749206543, 16.3391170501709, 16.165756225585938, 16.106760025024414, 16.57779312133789, 15.881834030151367, 15.869587898254395, 15.701824188232422, 16.497081756591797, 16.11713218688965, 15.895589828491211, 16.084957122802734, 16.452144622802734, 16.218292236328125, 16.072216033935547, 15.996052742004395, 16.382675170898438, 15.969557762145996, 16.091861724853516, 15.774346351623535, 16.11680030822754, 15.98930835723877, 15.839296340942383, 16.035642623901367, 16.093250274658203, 15.805868148803711, 15.947732925415039, 15.994230270385742, 15.712082862854004, 15.76736068725586, 15.779001235961914, 16.109161376953125, 15.921507835388184, 15.9169340133667, 15.711132049560547, 15.50790786743164, 15.490370750427246, 15.902603149414062, 15.582406044006348]}