{"aucroc": 0.6980126287803257, "aucpr": 0.09185383299836533, "dataset": "41_Waveform", "method": "refine", "test_ratio": 0.02904162633107454, "train_ratio": 0.01452081316553727, "labeled_anomalies": 0.5, "loe_loss": [45.006919860839844, 43.096641540527344, 41.99714660644531, 40.53022003173828, 40.464027404785156, 39.13282012939453, 40.44186782836914, 38.48799514770508, 38.845802307128906, 38.691497802734375, 38.99448013305664, 37.50377655029297, 37.266517639160156, 36.397560119628906, 36.575382232666016, 36.68946075439453, 37.700950622558594, 36.397884368896484, 36.70446014404297, 36.03385543823242, 34.85716247558594, 34.880836486816406, 34.82010269165039, 34.433555603027344, 34.352455139160156, 34.33463668823242, 33.381473541259766, 34.11861801147461, 33.50238800048828, 33.64167022705078, 33.55379867553711, 33.271148681640625, 33.33081817626953, 31.929765701293945, 32.67247772216797, 32.88764572143555, 32.33354949951172, 32.00682067871094, 32.65664291381836, 32.45789337158203, 31.746925354003906, 32.17448806762695, 32.100547790527344, 31.661701202392578, 31.555381774902344, 31.081043243408203, 31.243305206298828, 31.163944244384766, 30.425168991088867, 30.572416305541992, 30.58744239807129, 30.404499053955078, 30.313608169555664, 29.664457321166992, 29.209142684936523, 29.49504852294922, 29.571922302246094, 29.7692813873291, 29.396072387695312, 29.76140785217285, 29.267898559570312, 29.537553787231445, 29.009185791015625, 28.692319869995117, 29.55047607421875, 28.850248336791992, 29.07240104675293, 28.64079475402832, 28.502378463745117, 28.426525115966797, 28.743362426757812, 29.480634689331055, 28.93521499633789, 28.523164749145508, 28.43155288696289, 28.733158111572266, 28.08715057373047, 28.31597328186035, 27.878026962280273, 28.472412109375, 28.944828033447266, 28.508243560791016, 28.12172508239746, 27.92118263244629, 28.344152450561523, 28.338441848754883, 28.41330909729004, 27.85289764404297, 28.259471893310547, 27.957077026367188, 28.46433448791504, 27.94813346862793, 27.961959838867188, 28.094348907470703, 28.441259384155273, 27.73549461364746, 27.303813934326172, 27.844282150268555, 28.062973022460938, 27.928604125976562, 28.02412986755371, 27.625957489013672, 27.960710525512695, 27.69795036315918, 27.51426124572754, 27.492713928222656, 27.813438415527344, 27.290550231933594, 27.675933837890625, 27.500314712524414, 27.18649673461914, 27.832496643066406, 27.522672653198242, 27.67530059814453, 27.75732421875, 27.15152931213379, 27.559093475341797, 26.943906784057617, 26.81673240661621, 27.062231063842773]}