{"aucroc": 0.733845131272848, "aucpr": 0.08319661604106206, "dataset": "41_Waveform", "method": "soft", "test_ratio": 0.02904162633107454, "train_ratio": 0.02904162633107454, "labeled_anomalies": 1.0, "loe_loss": [43.99745178222656, 40.70696258544922, 39.42689514160156, 38.33869934082031, 38.234657287597656, 38.80229568481445, 38.69535446166992, 37.03411102294922, 37.43794631958008, 36.8350715637207, 36.2736701965332, 37.641334533691406, 36.774757385253906, 36.3101806640625, 35.450828552246094, 35.82917022705078, 35.724754333496094, 34.54056167602539, 34.92272186279297, 34.6728515625, 34.314369201660156, 33.76359176635742, 33.650020599365234, 34.5101432800293, 33.42002868652344, 32.85812759399414, 33.153472900390625, 33.354286193847656, 31.993371963500977, 32.826412200927734, 32.361751556396484, 32.03074264526367, 32.63398742675781, 31.54537010192871, 30.72235679626465, 31.571456909179688, 31.4396915435791, 30.35980224609375, 30.85308074951172, 30.226806640625, 29.815296173095703, 30.098970413208008, 30.089710235595703, 29.481239318847656, 29.32674789428711, 28.921220779418945, 29.086090087890625, 28.837406158447266, 30.135095596313477, 29.04461097717285, 29.130939483642578, 29.168357849121094, 28.55406379699707, 28.540721893310547, 28.20164680480957, 28.2777156829834, 27.735469818115234, 28.214475631713867, 28.504688262939453, 27.894813537597656, 28.31071662902832, 27.65376091003418, 28.287588119506836, 27.827194213867188, 28.06517219543457, 27.764606475830078, 27.751667022705078, 27.769866943359375, 27.72956085205078, 27.914093017578125, 27.578746795654297, 27.569534301757812, 27.41500473022461, 27.69972038269043, 27.885501861572266, 27.541025161743164, 27.365886688232422, 27.51045799255371, 27.364343643188477, 27.601696014404297, 27.297626495361328, 27.202943801879883, 27.05168342590332, 27.25339698791504, 27.091670989990234, 27.377111434936523, 27.575162887573242, 26.91249656677246, 26.609691619873047, 27.02058982849121, 26.909677505493164, 27.348865509033203, 26.84522247314453, 27.25904083251953, 27.36507225036621, 27.130477905273438, 26.84394645690918, 26.701608657836914, 26.96375846862793, 26.9055118560791, 26.592510223388672, 26.817020416259766, 26.595998764038086, 26.764183044433594, 26.8909912109375, 26.748931884765625, 26.666353225708008, 26.887779235839844, 26.350868225097656, 26.41451072692871, 26.24355697631836, 26.664306640625, 26.570236206054688, 25.955028533935547, 26.707275390625, 26.577987670898438, 26.2764949798584, 26.208166122436523, 26.899232864379883, 26.49155044555664]}