{"aucroc": 0.7173612495845797, "aucpr": 0.07961145049851441, "dataset": "41_Waveform", "method": "soft", "test_ratio": 0.02904162633107454, "train_ratio": 0.01452081316553727, "labeled_anomalies": 0.5, "loe_loss": [45.215206146240234, 41.916439056396484, 40.57182312011719, 39.53116226196289, 39.335426330566406, 39.89604949951172, 39.78668975830078, 38.11474609375, 38.57004928588867, 37.92421340942383, 37.35694122314453, 38.658241271972656, 37.85780334472656, 37.37265396118164, 36.573936462402344, 36.88344192504883, 36.74567413330078, 35.50852584838867, 35.903438568115234, 35.73841094970703, 35.34360885620117, 34.80231857299805, 34.66383361816406, 35.44074249267578, 34.31600570678711, 33.725074768066406, 33.98783493041992, 34.18608474731445, 32.812110900878906, 33.6676025390625, 33.187217712402344, 32.737701416015625, 33.254676818847656, 32.34096145629883, 31.448711395263672, 32.30815124511719, 32.0171012878418, 31.063705444335938, 31.376426696777344, 30.825529098510742, 30.404386520385742, 30.717161178588867, 31.03803253173828, 30.123624801635742, 29.969615936279297, 29.81563377380371, 29.758371353149414, 29.456336975097656, 30.76027488708496, 29.76019859313965, 29.688194274902344, 29.799158096313477, 29.213802337646484, 29.1689453125, 28.845378875732422, 28.97105598449707, 28.398719787597656, 29.050182342529297, 29.15406608581543, 28.52572250366211, 28.91012191772461, 28.273971557617188, 28.987146377563477, 28.378070831298828, 28.758432388305664, 28.45017433166504, 28.520381927490234, 28.53125762939453, 28.417850494384766, 28.578115463256836, 28.190414428710938, 28.2539119720459, 27.965839385986328, 28.51882553100586, 28.683950424194336, 28.288131713867188, 28.010597229003906, 28.20237922668457, 28.11273956298828, 28.341655731201172, 27.98436164855957, 27.887523651123047, 27.633119583129883, 27.874189376831055, 27.737241744995117, 27.947484970092773, 28.14023780822754, 27.502216339111328, 27.289823532104492, 27.627416610717773, 27.54212760925293, 27.918262481689453, 27.495946884155273, 27.9144344329834, 27.988933563232422, 27.85256004333496, 27.527421951293945, 27.404130935668945, 27.689891815185547, 27.584001541137695, 27.236337661743164, 27.437458038330078, 27.351703643798828, 27.429304122924805, 27.535146713256836, 27.264877319335938, 27.40271759033203, 27.472949981689453, 26.95049476623535, 27.074661254882812, 26.97823143005371, 27.295562744140625, 27.32501220703125, 26.594263076782227, 27.39749526977539, 27.269868850708008, 26.96834945678711, 26.833614349365234, 27.60890769958496, 27.21306610107422]}