{"aucroc": 0.9908871616188689, "aucpr": 0.8923761555792424, "dataset": "42_WBC", "method": "blind", "test_ratio": 0.043333333333333335, "train_ratio": 0.021666666666666667, "labeled_anomalies": 0.5}