{"aucroc": 0.9927633342267488, "aucpr": 0.9127493499006875, "dataset": "42_WBC", "method": "soft", "test_ratio": 0.043333333333333335, "train_ratio": 0.010833333333333334, "labeled_anomalies": 0.25, "loe_loss": [20.642906188964844, 21.390682220458984, 17.629426956176758, 16.97542953491211, 16.384557723999023, 16.6238956451416, 14.503730773925781, 15.33036994934082, 13.956172943115234, 13.643817901611328, 14.030463218688965, 14.249153137207031, 13.725424766540527, 13.906557083129883, 14.444954872131348, 15.639054298400879, 13.643471717834473, 14.046753883361816, 14.451379776000977, 13.179136276245117, 14.785845756530762, 11.865631103515625, 12.317864418029785, 14.207856178283691, 12.321476936340332, 12.081332206726074, 12.16288948059082, 13.038627624511719, 12.513115882873535, 13.886468887329102, 12.904857635498047, 12.75278377532959, 12.679107666015625, 12.704270362854004, 13.491477012634277, 11.970929145812988, 13.282747268676758, 12.80276870727539, 13.387649536132812, 11.854802131652832, 11.864082336425781, 12.96538257598877, 13.203991889953613, 12.744742393493652, 14.459457397460938, 13.054658889770508, 13.183349609375, 13.803269386291504, 12.662900924682617, 12.856338500976562, 12.24380111694336, 12.344939231872559, 12.559280395507812, 13.399168968200684, 13.010122299194336, 12.759114265441895, 12.612837791442871, 10.554580688476562, 12.87175178527832, 11.886981964111328, 11.748970031738281, 12.196288108825684, 13.366277694702148, 11.608098983764648, 11.417945861816406, 12.1015625, 11.863210678100586, 12.457921028137207, 12.651226043701172, 12.692279815673828, 13.69025993347168, 11.630443572998047, 11.620806694030762, 12.30626106262207, 12.991003036499023, 13.065768241882324, 12.494705200195312, 12.34710693359375, 12.039416313171387, 11.22406005859375, 13.657977104187012, 11.40711784362793, 12.230600357055664, 12.235690116882324, 11.247692108154297, 12.084320068359375, 13.240139961242676, 13.376092910766602, 12.10225772857666, 12.953782081604004, 12.155616760253906, 12.239575386047363, 12.854326248168945, 11.42161750793457, 10.150524139404297, 12.77143383026123, 11.65761661529541, 11.100715637207031, 11.437015533447266, 11.147726058959961, 11.96499252319336, 11.432538032531738, 13.404803276062012, 11.067008018493652, 11.944914817810059, 11.271517753601074, 12.06740951538086, 11.467954635620117, 12.338028907775879, 12.342312812805176, 12.442978858947754, 11.857254981994629, 10.911447525024414, 12.304032325744629, 11.344069480895996, 12.911526679992676, 11.409466743469238, 11.915093421936035, 11.996752738952637, 11.844590187072754]}