{"aucroc": 0.9913160010720986, "aucpr": 0.8935978145730432, "dataset": "42_WBC", "method": "refine", "test_ratio": 0.043333333333333335, "train_ratio": 0.021666666666666667, "labeled_anomalies": 0.5, "loe_loss": [17.2603816986084, 16.632190704345703, 14.910868644714355, 14.863337516784668, 13.688200950622559, 15.137210845947266, 13.314309120178223, 13.973350524902344, 14.57331371307373, 14.420045852661133, 17.405323028564453, 13.561241149902344, 13.81491470336914, 12.350589752197266, 14.292454719543457, 14.172775268554688, 13.71033000946045, 12.601922988891602, 14.044321060180664, 13.377874374389648, 12.495848655700684, 14.33309268951416, 12.044421195983887, 12.742749214172363, 11.426944732666016, 12.831300735473633, 13.038497924804688, 13.250150680541992, 13.031170845031738, 12.99121379852295, 11.402745246887207, 12.42204761505127, 12.701264381408691, 12.277351379394531, 13.030126571655273, 13.695732116699219, 12.996795654296875, 12.75716495513916, 13.934720039367676, 12.557199478149414, 11.722580909729004, 11.006813049316406, 11.715590476989746, 11.31440544128418, 11.515093803405762, 13.017332077026367, 12.769192695617676, 11.774614334106445, 12.406549453735352, 13.183692932128906, 10.902807235717773, 11.14370346069336, 11.957351684570312, 11.542463302612305, 11.723711013793945, 12.345419883728027, 11.271845817565918, 10.602200508117676, 11.827855110168457, 12.663949012756348, 12.078293800354004, 11.487326622009277, 12.213316917419434, 11.873373985290527, 12.837545394897461, 12.38840389251709, 10.968985557556152, 11.663884162902832, 11.32926082611084, 12.015157699584961, 12.145854949951172, 11.75653076171875, 10.727398872375488, 11.595748901367188, 11.290719032287598, 12.52658748626709, 12.143753051757812, 12.45142936706543, 12.405815124511719, 12.662575721740723, 10.98253345489502, 11.949459075927734, 12.214340209960938, 12.423659324645996, 11.481809616088867, 11.38506031036377, 10.98375129699707, 11.432140350341797, 11.444091796875, 11.376766204833984, 11.6414794921875, 11.898237228393555, 10.682496070861816, 12.156865119934082, 10.609334945678711, 12.422527313232422, 11.406574249267578, 11.626699447631836, 13.400575637817383, 10.488503456115723, 11.307538032531738, 11.952061653137207, 12.484046936035156, 10.78558349609375, 11.711230278015137, 13.27385139465332, 11.098142623901367, 12.731513977050781, 11.899907112121582, 11.18326187133789, 10.616944313049316, 14.608329772949219, 13.013346672058105, 12.629304885864258, 12.527862548828125, 10.935624122619629, 11.678609848022461, 11.488801956176758, 12.694608688354492, 11.935181617736816]}