{"aucroc": 0.99292414902171, "aucpr": 0.9171335664211917, "dataset": "42_WBC", "method": "soft", "test_ratio": 0.043333333333333335, "train_ratio": 0.021666666666666667, "labeled_anomalies": 0.5, "loe_loss": [19.964828491210938, 20.377986907958984, 16.84202766418457, 16.218942642211914, 15.500310897827148, 15.801225662231445, 13.882376670837402, 14.742218017578125, 13.374679565429688, 13.154905319213867, 13.449591636657715, 13.561376571655273, 12.939740180969238, 13.311729431152344, 13.8554105758667, 14.90430736541748, 12.955903053283691, 13.241506576538086, 13.497900009155273, 12.371373176574707, 14.00731372833252, 11.135836601257324, 11.735579490661621, 13.588748931884766, 11.832483291625977, 11.544001579284668, 11.726866722106934, 12.484625816345215, 11.884082794189453, 13.161900520324707, 12.269561767578125, 12.138242721557617, 12.154770851135254, 11.851133346557617, 12.762239456176758, 11.559269905090332, 12.553115844726562, 12.142655372619629, 12.781978607177734, 11.25803279876709, 11.3243989944458, 12.344544410705566, 12.70462417602539, 12.177263259887695, 13.304088592529297, 12.48273754119873, 12.67693042755127, 12.983000755310059, 11.904211044311523, 12.215156555175781, 11.50628662109375, 11.700386047363281, 12.100678443908691, 12.726993560791016, 12.343406677246094, 12.051443099975586, 12.030452728271484, 10.150733947753906, 12.142814636230469, 11.361146926879883, 11.225944519042969, 11.68341064453125, 12.738163948059082, 11.136675834655762, 10.958600044250488, 11.460620880126953, 11.1644287109375, 11.598184585571289, 12.030552864074707, 12.04246997833252, 12.580167770385742, 11.07752799987793, 11.042274475097656, 11.67932415008545, 12.173866271972656, 12.632980346679688, 11.845014572143555, 11.70761775970459, 11.468701362609863, 10.716049194335938, 12.596445083618164, 10.720815658569336, 11.539634704589844, 11.600702285766602, 10.738304138183594, 11.521685600280762, 12.67380142211914, 12.776002883911133, 11.37205982208252, 12.357583999633789, 11.599600791931152, 11.470297813415527, 12.333795547485352, 10.828786849975586, 9.537323951721191, 12.161230087280273, 11.206786155700684, 10.523802757263184, 10.901975631713867, 10.670377731323242, 11.372207641601562, 10.616866111755371, 12.996298789978027, 10.536189079284668, 11.376058578491211, 10.54287338256836, 11.396831512451172, 10.983997344970703, 11.978342056274414, 11.752378463745117, 11.796919822692871, 11.352803230285645, 10.362737655639648, 11.8661527633667, 10.648699760437012, 12.580376625061035, 10.884956359863281, 11.29696273803711, 11.478052139282227, 11.242936134338379]}