{"aucroc": 0.9896006432591798, "aucpr": 0.8761068606283567, "dataset": "42_WBC", "method": "refine", "test_ratio": 0.043333333333333335, "train_ratio": 0.010833333333333334, "labeled_anomalies": 0.25, "loe_loss": [17.710163116455078, 17.075214385986328, 15.28968334197998, 15.315389633178711, 14.286863327026367, 15.806989669799805, 13.60179328918457, 14.387102127075195, 15.224875450134277, 14.974838256835938, 18.04543113708496, 13.978042602539062, 14.456439971923828, 12.671098709106445, 14.830306053161621, 14.729486465454102, 14.278528213500977, 13.012487411499023, 14.646982192993164, 14.012374877929688, 12.902400016784668, 14.971383094787598, 12.383904457092285, 13.249180793762207, 11.874674797058105, 13.446695327758789, 13.539477348327637, 13.771490097045898, 13.5470552444458, 13.354593276977539, 11.766030311584473, 12.92798137664795, 13.087708473205566, 12.633269309997559, 13.532468795776367, 14.145783424377441, 13.364828109741211, 13.142989158630371, 14.854005813598633, 13.124354362487793, 12.094147682189941, 11.276659965515137, 12.216606140136719, 11.726556777954102, 11.902851104736328, 13.630697250366211, 13.309606552124023, 12.165301322937012, 13.039776802062988, 13.745874404907227, 11.299492835998535, 11.49181842803955, 12.439821243286133, 12.040626525878906, 12.233951568603516, 12.824054718017578, 11.64640998840332, 11.007800102233887, 12.181859016418457, 13.111825942993164, 12.682236671447754, 11.881532669067383, 12.76186752319336, 12.445352554321289, 13.376363754272461, 12.94808578491211, 11.34482479095459, 12.248506546020508, 11.688228607177734, 12.543022155761719, 12.779065132141113, 12.126124382019043, 11.181486129760742, 12.200386047363281, 11.714033126831055, 13.08745288848877, 12.593972206115723, 12.862140655517578, 12.847342491149902, 13.174002647399902, 11.508489608764648, 12.440317153930664, 12.574386596679688, 12.8628511428833, 11.861183166503906, 11.80596923828125, 11.38180160522461, 11.835474014282227, 11.843937873840332, 11.918499946594238, 12.119710922241211, 12.386874198913574, 11.158586502075195, 12.528050422668457, 10.948831558227539, 12.960837364196777, 11.925325393676758, 12.107531547546387, 13.742305755615234, 10.923029899597168, 11.773205757141113, 12.321817398071289, 12.9159517288208, 11.2605619430542, 12.159602165222168, 13.527670860290527, 11.513110160827637, 13.068374633789062, 12.404247283935547, 11.568254470825195, 11.024906158447266, 14.457605361938477, 13.268982887268066, 12.82656478881836, 12.773788452148438, 11.326629638671875, 12.075995445251465, 11.802058219909668, 12.761982917785645, 12.204572677612305]}