{"aucroc": 0.9884827586206896, "aucpr": 0.7534057098732021, "dataset": "43_WDBC", "method": "refine", "test_ratio": 0.03333333333333333, "train_ratio": 0.03333333333333333, "labeled_anomalies": 1.0, "loe_loss": [58.83727264404297, 56.568328857421875, 53.89116668701172, 51.80597686767578, 50.32716751098633, 49.24127197265625, 51.75697708129883, 51.2244873046875, 49.91645812988281, 50.43205261230469, 50.60010528564453, 48.166160583496094, 48.698116302490234, 50.08042907714844, 49.628578186035156, 49.70595169067383, 48.561824798583984, 50.303863525390625, 47.741363525390625, 47.43984603881836, 47.213809967041016, 49.0577278137207, 48.412620544433594, 46.2157096862793, 45.62190628051758, 45.767112731933594, 45.574745178222656, 45.24058532714844, 45.85389709472656, 46.13813018798828, 45.288177490234375, 45.091434478759766, 44.917266845703125, 44.59425735473633, 43.75874710083008, 44.368228912353516, 45.48413848876953, 44.19948196411133, 48.905845642089844, 45.51701354980469, 44.54978942871094, 46.45852279663086, 43.2749137878418, 44.62366485595703, 43.06258010864258, 44.6259880065918, 45.568946838378906, 45.265480041503906, 43.285438537597656, 45.94462203979492, 46.294921875, 43.142974853515625, 42.55679702758789, 42.5463981628418, 43.528141021728516, 42.00931167602539, 43.9135856628418, 46.465965270996094, 40.58420944213867, 43.25545120239258, 44.34016418457031, 44.403648376464844, 43.275882720947266, 43.47829818725586, 41.85591125488281, 43.509220123291016, 42.81296920776367, 43.481109619140625, 42.956993103027344, 44.93305206298828, 42.783443450927734, 43.869972229003906, 41.76947021484375, 43.733158111572266, 44.170494079589844, 41.11368179321289, 41.57373046875, 41.787410736083984, 41.64830017089844, 40.962135314941406, 42.419952392578125, 41.79100036621094, 41.54276657104492, 41.00249481201172, 42.223323822021484, 41.70884704589844, 41.150020599365234, 43.41156768798828, 40.5749397277832, 40.91078186035156, 42.61796951293945, 42.446529388427734, 42.600616455078125, 42.326446533203125, 40.72602462768555, 41.85679626464844, 41.44225311279297, 41.39407730102539, 41.61424255371094, 40.983299255371094, 42.37238311767578, 39.84878158569336, 42.191707611083984, 40.42621612548828, 39.5706672668457, 41.08375930786133, 39.236366271972656, 40.87501525878906, 40.85382080078125, 40.607154846191406, 40.57122039794922, 40.383522033691406, 40.490177154541016, 40.1223030090332, 39.8712158203125, 40.1870231628418, 39.76476287841797, 39.323707580566406, 39.12031555175781, 39.26151657104492]}