{"aucroc": 0.9882068965517241, "aucpr": 0.7437395910762783, "dataset": "43_WDBC", "method": "soft", "test_ratio": 0.03333333333333333, "train_ratio": 0.03333333333333333, "labeled_anomalies": 1.0, "loe_loss": [57.24195861816406, 53.156917572021484, 50.172122955322266, 51.78635787963867, 51.94123840332031, 49.7515869140625, 50.499412536621094, 50.6479606628418, 50.878746032714844, 49.66830825805664, 51.19889450073242, 47.79270935058594, 48.341461181640625, 51.19320297241211, 46.116065979003906, 48.64415740966797, 46.503211975097656, 46.25215148925781, 46.452003479003906, 47.727264404296875, 45.70191955566406, 47.414608001708984, 47.62508010864258, 48.84300231933594, 47.062583923339844, 45.31497573852539, 43.71839904785156, 45.13679122924805, 44.52581024169922, 44.98698806762695, 44.19282531738281, 43.97623062133789, 43.78665542602539, 43.846221923828125, 45.81024932861328, 45.320838928222656, 44.11076354980469, 45.09408187866211, 43.643898010253906, 41.16628646850586, 42.746192932128906, 42.618919372558594, 44.967369079589844, 43.49602508544922, 43.733760833740234, 43.33028030395508, 43.05548858642578, 43.65065002441406, 43.147708892822266, 43.19239044189453, 44.702430725097656, 45.013492584228516, 41.28984451293945, 42.786537170410156, 41.81614685058594, 42.628013610839844, 41.661624908447266, 45.52011489868164, 42.675872802734375, 42.403812408447266, 42.44867706298828, 42.622962951660156, 42.26120376586914, 41.58604049682617, 42.881290435791016, 42.597572326660156, 41.4222526550293, 41.667991638183594, 40.56904220581055, 43.44684982299805, 41.106475830078125, 43.57955551147461, 40.82632064819336, 42.506046295166016, 40.18827819824219, 40.60016632080078, 43.23263168334961, 41.56669998168945, 42.46894836425781, 41.8633918762207, 41.12236022949219, 40.652034759521484, 40.80985641479492, 40.765804290771484, 40.97325134277344, 40.62791061401367, 40.8337516784668, 40.071311950683594, 39.4068717956543, 40.07141876220703, 39.76255416870117, 39.41450119018555, 41.65128707885742, 39.13765335083008, 41.645912170410156, 40.41322708129883, 40.108604431152344, 39.66599655151367, 40.587711334228516, 39.008338928222656, 41.844242095947266, 40.26775360107422, 38.945274353027344, 41.04332733154297, 40.50505828857422, 40.47893142700195, 40.544490814208984, 38.06818389892578, 40.03920364379883, 38.39733123779297, 38.65514373779297, 38.44276809692383, 40.598876953125, 40.7075080871582, 39.12859344482422, 38.984283447265625, 40.478878021240234, 38.81758499145508, 38.77830505371094, 38.600013732910156]}