{"aucroc": 0.9730344827586206, "aucpr": 0.5649618712686285, "dataset": "43_WDBC", "method": "refine", "test_ratio": 0.03333333333333333, "train_ratio": 0.005, "labeled_anomalies": 0.15, "loe_loss": [63.06230163574219, 61.487586975097656, 57.84712600708008, 55.90182876586914, 54.61201858520508, 55.351383209228516, 57.09678649902344, 57.226158142089844, 53.594181060791016, 54.667510986328125, 56.0058479309082, 53.002891540527344, 52.92342758178711, 56.13517761230469, 53.313133239746094, 53.48582458496094, 52.049259185791016, 56.869789123535156, 51.323001861572266, 51.81388854980469, 51.922855377197266, 53.215675354003906, 53.56492614746094, 50.898948669433594, 50.170135498046875, 49.389190673828125, 49.96266174316406, 50.797115325927734, 50.57954025268555, 49.355220794677734, 48.58626174926758, 49.647377014160156, 47.65218734741211, 48.20417022705078, 48.134559631347656, 47.473472595214844, 51.113311767578125, 47.871429443359375, 56.24969482421875, 49.93122482299805, 48.884254455566406, 51.56507873535156, 47.254207611083984, 47.91563415527344, 47.30340576171875, 49.177486419677734, 48.95220947265625, 49.921302795410156, 46.96936798095703, 49.121158599853516, 51.77973175048828, 46.5342903137207, 45.296810150146484, 45.91697692871094, 46.51836013793945, 45.10606002807617, 46.997703552246094, 49.81538391113281, 42.561439514160156, 47.48841857910156, 49.22214889526367, 47.689430236816406, 46.15237808227539, 47.65995788574219, 44.92323303222656, 48.505470275878906, 45.54249572753906, 47.96110534667969, 46.30315399169922, 48.88740921020508, 47.48748779296875, 47.825984954833984, 44.83039855957031, 47.50181198120117, 48.15373611450195, 43.73881912231445, 44.16097640991211, 44.835044860839844, 44.190914154052734, 43.60266876220703, 46.180870056152344, 44.5501823425293, 44.632293701171875, 43.531795501708984, 44.57390213012695, 44.88386917114258, 43.454654693603516, 45.975563049316406, 43.337581634521484, 43.08500671386719, 44.989501953125, 45.352535247802734, 45.83973693847656, 44.16673278808594, 42.987361907958984, 43.98152160644531, 43.962345123291016, 43.202293395996094, 44.34732437133789, 43.87093734741211, 44.09560775756836, 42.136539459228516, 45.644405364990234, 42.833709716796875, 41.67850112915039, 44.42988967895508, 42.68122863769531, 42.861183166503906, 42.96388626098633, 42.8806266784668, 43.90116882324219, 42.93008804321289, 42.543853759765625, 42.739593505859375, 42.26487731933594, 42.44902420043945, 41.97229766845703, 41.51042175292969, 41.231964111328125, 42.543155670166016]}