{"aucroc": 0.9879999999999999, "aucpr": 0.7405555322730245, "dataset": "43_WDBC", "method": "soft", "test_ratio": 0.03333333333333333, "train_ratio": 0.025, "labeled_anomalies": 0.75, "loe_loss": [58.24299621582031, 54.320274353027344, 51.43118667602539, 53.52006530761719, 53.22018051147461, 51.103858947753906, 52.10436248779297, 51.917198181152344, 52.18572235107422, 50.947776794433594, 52.44148254394531, 49.008399963378906, 49.50313949584961, 52.57704162597656, 47.07204055786133, 49.85798645019531, 47.65166473388672, 47.28386688232422, 47.68279266357422, 49.16388702392578, 46.64665603637695, 48.545875549316406, 49.07743835449219, 50.20689010620117, 48.29780578613281, 46.39507293701172, 44.93815994262695, 46.193809509277344, 45.67748260498047, 46.04052734375, 45.3973503112793, 45.13201904296875, 45.151329040527344, 45.0789680480957, 47.16462707519531, 46.438331604003906, 45.20930480957031, 46.29301452636719, 44.71987533569336, 42.401771545410156, 43.85755920410156, 43.7630729675293, 46.186805725097656, 44.48345947265625, 45.17992401123047, 44.584556579589844, 44.05455780029297, 44.668617248535156, 44.073463439941406, 44.1668815612793, 45.691612243652344, 46.49428939819336, 42.16405487060547, 43.78397750854492, 42.920494079589844, 43.635658264160156, 42.487464904785156, 46.41488265991211, 43.78669357299805, 43.33050537109375, 43.53363800048828, 43.86302947998047, 43.13163375854492, 42.43354034423828, 44.202850341796875, 43.861385345458984, 42.614601135253906, 42.72903823852539, 41.195465087890625, 44.33525466918945, 42.025753021240234, 44.493873596191406, 41.699241638183594, 43.32551193237305, 41.271427154541016, 41.33759689331055, 44.47019958496094, 42.63554000854492, 43.53546142578125, 42.80714797973633, 42.158050537109375, 41.35624694824219, 41.79636001586914, 41.529884338378906, 42.015010833740234, 41.50603485107422, 41.795780181884766, 41.15842056274414, 40.200775146484375, 40.99535369873047, 40.62883758544922, 40.34832763671875, 42.74348449707031, 39.85649108886719, 42.29803466796875, 41.03860092163086, 41.26716613769531, 40.00751495361328, 41.538169860839844, 39.86101531982422, 42.40216827392578, 40.8919563293457, 39.750755310058594, 41.63447189331055, 41.2665901184082, 41.273826599121094, 41.265995025634766, 39.03680419921875, 40.69025802612305, 39.19472122192383, 39.74867248535156, 39.36805725097656, 41.08074951171875, 41.5011100769043, 40.08803939819336, 39.83049774169922, 41.30103302001953, 39.48738098144531, 39.38335037231445, 39.838653564453125]}