{"aucroc": 0.9791379310344828, "aucpr": 0.6074479548256125, "dataset": "43_WDBC", "method": "refine", "test_ratio": 0.03333333333333333, "train_ratio": 0.0, "labeled_anomalies": 0.0}