{"aucroc": 0.27627332492197354, "aucpr": 0.0339927422577227, "dataset": "44_Wilt", "method": "refine", "test_ratio": 0.05325034578146611, "train_ratio": 0.026625172890733056, "labeled_anomalies": 0.5, "loe_loss": [10.90965747833252, 10.103132247924805, 9.439908981323242, 9.265892028808594, 8.499910354614258, 8.564472198486328, 7.910751819610596, 7.553500652313232, 7.752962589263916, 7.325345993041992, 7.440060615539551, 7.3481035232543945, 7.20268440246582, 7.5027008056640625, 6.743166446685791, 6.983794689178467, 6.89058780670166, 6.926490783691406, 7.011885643005371, 7.056342124938965, 6.715042591094971, 7.190974712371826, 6.659907341003418, 6.801764011383057, 6.655713081359863, 6.430028915405273, 6.526925563812256, 6.835117340087891, 6.266817569732666, 6.550454616546631, 6.165557861328125, 6.43960428237915, 6.624233245849609, 6.786263465881348, 6.23978328704834, 6.4684953689575195, 6.357878684997559, 6.240470886230469, 6.552581787109375, 6.128358364105225, 6.3213396072387695, 6.23095178604126, 6.09388542175293, 6.020868301391602, 6.262613773345947, 5.934894561767578, 5.674659252166748, 6.119050979614258, 5.963544845581055, 6.274174690246582, 5.926174640655518, 6.628777980804443, 5.992292404174805, 6.018535137176514, 6.5998454093933105, 5.951425075531006, 5.888762474060059, 6.134708404541016, 6.024588108062744, 6.090552806854248, 5.937921524047852, 5.940059185028076, 5.979336261749268, 6.1531758308410645, 5.541469573974609, 5.852604866027832, 5.952047348022461, 6.181753158569336, 5.804685115814209, 5.877797603607178, 6.572832107543945, 5.785677433013916, 6.029417037963867, 5.5865888595581055, 5.852794170379639, 5.80814266204834, 5.991219997406006, 5.7314372062683105, 5.700482368469238, 6.270678520202637, 5.786987781524658, 5.811769485473633, 5.946593284606934, 5.496557712554932, 5.944328308105469, 5.6794819831848145, 5.917959690093994, 5.734938621520996, 5.682253837585449, 5.667051792144775, 6.005737781524658, 5.839169025421143, 5.803614616394043, 5.749876022338867, 6.059963226318359, 6.306632995605469, 6.064967632293701, 6.058108329772949, 6.0441575050354, 5.956508636474609, 5.598692893981934, 5.9053754806518555, 5.783764839172363, 5.713379859924316, 5.770040512084961, 5.8584136962890625, 5.993508338928223, 5.480068683624268, 6.249801158905029, 5.9601359367370605, 5.792309284210205, 6.082605838775635, 5.6516432762146, 5.608969688415527, 5.851572513580322, 5.700064659118652, 5.596949100494385, 5.67188024520874, 6.225882053375244, 6.6382222175598145]}