{"aucroc": 0.2903797444337985, "aucpr": 0.034651515109574864, "dataset": "44_Wilt", "method": "soft", "test_ratio": 0.05325034578146611, "train_ratio": 0.05325034578146611, "labeled_anomalies": 1.0, "loe_loss": [8.876054763793945, 8.32364559173584, 7.678953170776367, 7.744070053100586, 7.606389045715332, 7.436274528503418, 7.117835521697998, 6.616596221923828, 6.4295454025268555, 6.765226364135742, 6.354820728302002, 6.848787307739258, 6.522183895111084, 6.397095203399658, 6.245107650756836, 6.106329917907715, 6.239513874053955, 5.95763635635376, 5.620214462280273, 6.189754962921143, 5.8058600425720215, 5.9545207023620605, 5.766600131988525, 5.813888072967529, 5.928647518157959, 5.939445972442627, 5.655590534210205, 6.014186859130859, 5.87273645401001, 5.723254203796387, 5.709053039550781, 6.042354106903076, 5.6475114822387695, 5.756651878356934, 5.459196090698242, 5.591207027435303, 5.64849853515625, 5.164999008178711, 5.761707782745361, 5.237838268280029, 5.485226631164551, 5.417932987213135, 5.677125930786133, 5.297026634216309, 5.509366512298584, 5.576565742492676, 5.445950031280518, 5.162875652313232, 4.924841403961182, 5.04240083694458, 5.246807098388672, 5.522380352020264, 5.263823509216309, 5.423050880432129, 4.7397637367248535, 5.554746627807617, 3.4357190132141113, 5.66157341003418, 5.522040367126465, 3.579115867614746, 5.046825408935547, 5.023640155792236, 5.388267993927002, 5.197068214416504, 3.2693376541137695, 5.332761287689209, 4.914392948150635, 4.919374465942383, 4.886051654815674, 5.171138286590576, 4.934408664703369, 4.946515083312988, 5.247023105621338, 4.793369770050049, 4.83167028427124, 5.276983737945557, 4.952950954437256, 5.128070831298828, 4.775644302368164, 5.278965950012207, 5.111576557159424, 4.689253330230713, 4.885495185852051, 5.016305446624756, 4.994369983673096, 2.9638452529907227, 5.0969343185424805, 4.782476902008057, 4.912585735321045, 4.920192241668701, 4.638609409332275, 4.821545124053955, 4.412618637084961, 4.904012680053711, 5.072912693023682, 2.3113627433776855, 4.931159019470215, 4.818029880523682, 5.113808631896973, 5.059222221374512, 4.775426864624023, 4.09658145904541, 4.357898712158203, 5.076694011688232, 4.597183704376221, 4.722812175750732, 4.984141826629639, 4.926490306854248, 5.053022384643555, 4.999290466308594, 4.680939197540283, 4.930333614349365, 2.115217685699463, 4.760766506195068, 4.210868835449219, 5.059878349304199, 5.0765838623046875, 5.396729469299316, 5.133364677429199, 4.996551990509033]}