{"aucroc": 0.28675590297211917, "aucpr": 0.03445242834147374, "dataset": "44_Wilt", "method": "blind", "test_ratio": 0.05325034578146611, "train_ratio": 0.013312586445366528, "labeled_anomalies": 0.25}