{"aucroc": 0.279830760911842, "aucpr": 0.03416438965404164, "dataset": "44_Wilt", "method": "refine", "test_ratio": 0.05325034578146611, "train_ratio": 0.05325034578146611, "labeled_anomalies": 1.0, "loe_loss": [10.388784408569336, 9.647422790527344, 9.050311088562012, 8.805970191955566, 8.186636924743652, 8.167417526245117, 7.579037189483643, 7.274211406707764, 7.265628337860107, 7.011820316314697, 7.1168365478515625, 7.061511993408203, 6.800666332244873, 7.077502727508545, 6.456193447113037, 6.652932167053223, 6.624976634979248, 6.6141276359558105, 6.641814231872559, 6.730873107910156, 6.436814308166504, 6.82108736038208, 6.31668758392334, 6.526479721069336, 6.295688152313232, 6.110396862030029, 6.196334362030029, 6.285728454589844, 6.023132801055908, 6.240772724151611, 5.936946868896484, 6.089585781097412, 6.2857513427734375, 6.392286777496338, 5.957729339599609, 6.193314552307129, 6.0754780769348145, 5.95815896987915, 6.257239818572998, 5.882543087005615, 6.043564796447754, 5.8856000900268555, 5.826192855834961, 5.681605339050293, 5.849586009979248, 5.665292263031006, 5.428483486175537, 5.818234443664551, 5.688930511474609, 5.852011203765869, 5.681264400482178, 6.162304878234863, 5.732725620269775, 5.724602699279785, 6.188377380371094, 5.667572498321533, 5.637705326080322, 5.849748134613037, 5.640941619873047, 5.77548885345459, 5.656116008758545, 5.688663482666016, 5.683047771453857, 5.8083086013793945, 5.286234378814697, 5.53921365737915, 5.583390235900879, 5.759536266326904, 5.535186767578125, 5.568544387817383, 6.021214485168457, 5.431351661682129, 5.761484622955322, 5.3134379386901855, 5.503756046295166, 5.510434150695801, 5.640165328979492, 5.3701171875, 5.349618434906006, 5.573966026306152, 5.375826835632324, 5.518158912658691, 5.640206336975098, 5.180105209350586, 5.602415561676025, 5.385504245758057, 5.605964660644531, 5.406620025634766, 5.348443984985352, 5.35081672668457, 5.630953788757324, 5.53422737121582, 5.27306604385376, 5.448199272155762, 5.725156307220459, 5.771029949188232, 5.475601673126221, 5.5924482345581055, 5.6841230392456055, 5.678462982177734, 5.254720211029053, 5.43394660949707, 5.4220709800720215, 5.348417282104492, 5.47078275680542, 5.5632710456848145, 5.458827495574951, 5.209124565124512, 5.7934746742248535, 5.482021808624268, 5.482190132141113, 5.635499477386475, 5.29464864730835, 5.2972331047058105, 5.408514499664307, 5.194823741912842, 5.2616729736328125, 5.362318515777588, 5.6421661376953125, 5.778817653656006]}