{"aucroc": 0.7428442028985508, "aucpr": 0.16045833068415738, "dataset": "45_wine", "method": "soft", "test_ratio": 0.08, "train_ratio": 0.012, "labeled_anomalies": 0.15, "loe_loss": [27.537187576293945, 26.209484100341797, 25.11102294921875, 25.000497817993164, 23.45572280883789, 23.20025634765625, 22.599491119384766, 22.214933395385742, 22.38316535949707, 21.890201568603516, 21.89488983154297, 21.25482749938965, 20.543737411499023, 22.060420989990234, 20.905677795410156, 20.78630256652832, 20.92780113220215, 20.817522048950195, 19.67971420288086, 20.56691551208496, 19.667789459228516, 19.327590942382812, 20.272075653076172, 19.952266693115234, 19.940505981445312, 19.96788787841797, 19.785493850708008, 19.609323501586914, 19.302509307861328, 18.372961044311523, 19.31987762451172, 18.819503784179688, 19.343538284301758, 19.09041404724121, 18.3907527923584, 19.136699676513672, 18.738584518432617, 18.74529266357422, 18.888166427612305, 18.261943817138672, 18.679759979248047, 18.36664581298828, 18.46064567565918, 18.9349422454834, 18.641536712646484, 18.285114288330078, 17.677412033081055, 18.381195068359375, 18.311874389648438, 18.004810333251953, 17.66474723815918, 18.551162719726562, 17.980365753173828, 18.080591201782227, 17.525636672973633, 18.12572479248047, 17.889541625976562, 17.880014419555664, 17.87503433227539, 18.351898193359375, 17.993749618530273, 18.118684768676758, 17.99929428100586, 17.94512176513672, 17.859073638916016, 17.769079208374023, 18.211496353149414, 17.83483123779297, 17.75845718383789, 17.777828216552734, 18.1451358795166, 18.130966186523438, 17.900068283081055, 17.48760414123535, 17.396286010742188, 17.64104652404785, 17.50826644897461, 17.97062873840332, 17.605682373046875, 17.232196807861328, 17.747798919677734, 17.820463180541992, 17.58321189880371, 17.433509826660156, 17.522275924682617, 17.546628952026367, 17.68012046813965, 18.121112823486328, 18.01361083984375, 17.446460723876953, 16.812911987304688, 16.97064971923828, 17.545852661132812, 17.847087860107422, 18.038549423217773, 17.496158599853516, 16.975963592529297, 16.846757888793945, 17.054309844970703, 17.13509750366211, 17.698728561401367, 17.1612548828125, 17.977272033691406, 17.570653915405273, 17.369272232055664, 17.132801055908203, 17.06743621826172, 16.98468017578125, 17.392885208129883, 17.21002197265625, 16.806806564331055, 16.663625717163086, 17.384342193603516, 16.764623641967773, 17.238479614257812, 17.045927047729492, 17.14797019958496, 16.700082778930664, 16.71477508544922, 16.907705307006836]}