{"aucroc": 0.866123188405797, "aucpr": 0.2751234356001421, "dataset": "45_wine", "method": "refine", "test_ratio": 0.08, "train_ratio": 0.08, "labeled_anomalies": 1.0, "loe_loss": [25.563278198242188, 23.703197479248047, 22.325218200683594, 21.944305419921875, 21.48699188232422, 20.418468475341797, 20.68277931213379, 20.074535369873047, 20.255680084228516, 19.44699478149414, 20.346614837646484, 19.676542282104492, 19.286781311035156, 19.45540428161621, 18.89023780822754, 18.33673858642578, 18.5653133392334, 19.278535842895508, 18.4942569732666, 18.751537322998047, 18.623706817626953, 18.528173446655273, 19.056184768676758, 18.328752517700195, 18.23625946044922, 18.592586517333984, 17.794952392578125, 17.66857147216797, 18.06023597717285, 17.986650466918945, 16.78561782836914, 17.390613555908203, 17.75809097290039, 17.02405548095703, 17.16110610961914, 17.345020294189453, 17.4668025970459, 17.07109832763672, 16.933637619018555, 17.354202270507812, 17.165773391723633, 17.704994201660156, 16.64354133605957, 16.69021987915039, 17.36587905883789, 16.90115737915039, 16.472488403320312, 16.570247650146484, 16.56375503540039, 16.423988342285156, 16.546064376831055, 16.406078338623047, 16.46055030822754, 16.439441680908203, 16.616287231445312, 16.267147064208984, 16.450767517089844, 16.404836654663086, 15.774886131286621, 16.46231460571289, 16.60854721069336, 16.402587890625, 16.649953842163086, 16.303991317749023, 16.11203956604004, 16.29693603515625, 16.38050079345703, 15.841328620910645, 15.647042274475098, 15.737580299377441, 15.854259490966797, 15.969051361083984, 15.85559368133545, 16.134798049926758, 15.949265480041504, 15.817066192626953, 15.649312973022461, 16.122169494628906, 15.621379852294922, 16.165821075439453, 16.05622100830078, 15.486905097961426, 15.576360702514648, 16.12624168395996, 15.731059074401855, 15.990275382995605, 16.395971298217773, 15.455072402954102, 15.576278686523438, 15.2110013961792, 15.825315475463867, 15.546290397644043, 15.19127082824707, 15.306328773498535, 15.42770767211914, 15.681562423706055, 15.709080696105957, 15.187841415405273, 15.765464782714844, 15.879671096801758, 15.248021125793457, 15.291542053222656, 15.817041397094727, 15.777789115905762, 15.994085311889648, 15.82592487335205, 15.512725830078125, 15.187830924987793, 15.699042320251465, 16.11399269104004, 15.243724822998047, 15.274003982543945, 14.955638885498047, 15.277005195617676, 15.309248924255371, 15.763110160827637, 15.442803382873535, 15.163304328918457, 15.351005554199219, 15.2049560546875]}