{"aucroc": 0.78118961352657, "aucpr": 0.19712522144754568, "dataset": "45_wine", "method": "refine", "test_ratio": 0.08, "train_ratio": 0.04, "labeled_anomalies": 0.5, "loe_loss": [26.967811584472656, 25.060199737548828, 23.702878952026367, 23.198122024536133, 22.921234130859375, 21.712478637695312, 22.026660919189453, 21.384965896606445, 21.538827896118164, 20.748334884643555, 21.815750122070312, 20.885509490966797, 20.53736114501953, 20.595996856689453, 20.146713256835938, 19.468624114990234, 19.772762298583984, 20.548856735229492, 19.650861740112305, 19.930999755859375, 19.67660903930664, 19.5706729888916, 19.99924659729004, 19.403728485107422, 19.256492614746094, 19.665437698364258, 18.90951919555664, 18.670475006103516, 18.9766845703125, 18.875329971313477, 17.85590362548828, 18.391040802001953, 18.828947067260742, 18.1901798248291, 18.315879821777344, 18.392406463623047, 18.459003448486328, 18.076419830322266, 18.075428009033203, 18.46475601196289, 18.351850509643555, 18.827308654785156, 17.567922592163086, 17.683319091796875, 18.406452178955078, 17.976669311523438, 17.528152465820312, 17.69031524658203, 17.55605125427246, 17.460268020629883, 17.59157943725586, 17.4185848236084, 17.532434463500977, 17.36795997619629, 17.632808685302734, 17.288068771362305, 17.422513961791992, 17.340656280517578, 16.78031349182129, 17.453147888183594, 17.57086753845215, 17.563060760498047, 17.64756202697754, 17.365766525268555, 17.12964630126953, 17.335020065307617, 17.522661209106445, 16.909713745117188, 16.704952239990234, 16.911970138549805, 16.878080368041992, 17.024322509765625, 16.7814998626709, 17.124664306640625, 17.07002830505371, 16.784576416015625, 16.777116775512695, 17.1563720703125, 16.75920867919922, 17.10858917236328, 17.0235652923584, 16.397903442382812, 16.529029846191406, 17.03144073486328, 16.68001937866211, 17.059810638427734, 17.219053268432617, 16.531982421875, 16.579025268554688, 16.246326446533203, 16.835023880004883, 16.524208068847656, 16.15671730041504, 16.34193992614746, 16.431591033935547, 16.869630813598633, 16.7639217376709, 16.163822174072266, 16.798219680786133, 16.749956130981445, 16.166318893432617, 16.1887149810791, 16.88111114501953, 16.77134895324707, 16.93027114868164, 16.85312843322754, 16.523571014404297, 16.187536239624023, 16.647090911865234, 16.93842315673828, 16.338098526000977, 16.382387161254883, 15.921724319458008, 16.282798767089844, 16.141401290893555, 16.673084259033203, 16.3090763092041, 16.13838768005371, 16.504371643066406, 16.199325561523438]}