{"aucroc": 0.802445652173913, "aucpr": 0.21865361746152973, "dataset": "45_wine", "method": "soft", "test_ratio": 0.08, "train_ratio": 0.04, "labeled_anomalies": 0.5, "loe_loss": [25.910606384277344, 24.548120498657227, 23.506595611572266, 23.421039581298828, 22.098875045776367, 21.764530181884766, 21.221174240112305, 20.800050735473633, 20.97414779663086, 20.487560272216797, 20.421262741088867, 19.827022552490234, 19.250455856323242, 20.568435668945312, 19.570585250854492, 19.418601989746094, 19.641569137573242, 19.50948143005371, 18.351715087890625, 19.227258682250977, 18.42853546142578, 18.161977767944336, 18.99967384338379, 18.659427642822266, 18.540735244750977, 18.744504928588867, 18.580284118652344, 18.448007583618164, 18.15751075744629, 17.241867065429688, 18.124073028564453, 17.703357696533203, 18.109302520751953, 17.86455726623535, 17.205730438232422, 18.001487731933594, 17.54130744934082, 17.562488555908203, 17.703317642211914, 17.063220977783203, 17.500640869140625, 17.219335556030273, 17.262659072875977, 17.72389030456543, 17.41673469543457, 17.08267593383789, 16.51711082458496, 17.158655166625977, 17.134002685546875, 16.83998680114746, 16.47408676147461, 17.47319984436035, 16.791200637817383, 16.888973236083984, 16.345754623413086, 16.880611419677734, 16.837268829345703, 16.636980056762695, 16.738636016845703, 17.149118423461914, 16.940441131591797, 16.883792877197266, 16.755958557128906, 16.842647552490234, 16.670209884643555, 16.660255432128906, 16.98636245727539, 16.589447021484375, 16.50337028503418, 16.62013816833496, 16.95326042175293, 16.792034149169922, 16.772510528564453, 16.23072624206543, 16.23819923400879, 16.46954345703125, 16.257091522216797, 16.838754653930664, 16.436880111694336, 16.145721435546875, 16.533300399780273, 16.594680786132812, 16.284257888793945, 16.367359161376953, 16.440807342529297, 16.40696907043457, 16.37198257446289, 17.06598472595215, 16.800966262817383, 16.24485206604004, 15.641125679016113, 15.755796432495117, 16.400842666625977, 16.743240356445312, 16.789066314697266, 16.122215270996094, 15.91352653503418, 15.686745643615723, 15.964770317077637, 15.833417892456055, 16.547325134277344, 15.799957275390625, 16.80503273010254, 16.3837833404541, 16.165590286254883, 15.899741172790527, 15.983907699584961, 15.889453887939453, 16.1750545501709, 16.070905685424805, 15.658256530761719, 15.523688316345215, 16.187631607055664, 15.63170051574707, 16.1657772064209, 15.940054893493652, 15.734521865844727, 15.341851234436035, 15.497779846191406, 15.897270202636719]}