{"aucroc": 0.7317028985507247, "aucpr": 0.16327298362854703, "dataset": "45_wine", "method": "refine", "test_ratio": 0.08, "train_ratio": 0.02, "labeled_anomalies": 0.25, "loe_loss": [27.926860809326172, 25.962108612060547, 24.624282836914062, 24.0900936126709, 23.8098201751709, 22.543048858642578, 22.875167846679688, 22.15663719177246, 22.277557373046875, 21.503602981567383, 22.535615921020508, 21.677627563476562, 21.283445358276367, 21.303274154663086, 20.89609146118164, 20.152896881103516, 20.452022552490234, 21.260921478271484, 20.378503799438477, 20.666257858276367, 20.469223022460938, 20.327363967895508, 20.749248504638672, 20.072866439819336, 20.07199478149414, 20.431440353393555, 19.712343215942383, 19.36878204345703, 19.632137298583984, 19.73310089111328, 18.519603729248047, 19.071950912475586, 19.576984405517578, 18.751365661621094, 18.957904815673828, 19.0241756439209, 19.086565017700195, 18.688974380493164, 18.694496154785156, 19.155319213867188, 19.020641326904297, 19.492589950561523, 18.152524948120117, 18.218753814697266, 18.976181030273438, 18.690153121948242, 18.150012969970703, 18.2689266204834, 18.1543025970459, 18.05968475341797, 18.1905517578125, 18.038536071777344, 18.195310592651367, 17.94342803955078, 18.318496704101562, 17.91053581237793, 18.054338455200195, 18.01726531982422, 17.355693817138672, 18.105562210083008, 18.259395599365234, 18.32666778564453, 18.389114379882812, 17.997827529907227, 17.752525329589844, 17.94894027709961, 18.10027313232422, 17.482580184936523, 17.34226417541504, 17.542007446289062, 17.566328048706055, 17.697940826416016, 17.48076057434082, 17.657833099365234, 17.773632049560547, 17.47771453857422, 17.41541290283203, 17.786775588989258, 17.413509368896484, 17.722187042236328, 17.545759201049805, 17.045459747314453, 17.152755737304688, 17.613758087158203, 17.343414306640625, 17.632722854614258, 17.748523712158203, 17.071819305419922, 17.321313858032227, 16.78253173828125, 17.496410369873047, 17.04553985595703, 16.758338928222656, 16.97528839111328, 17.04803466796875, 17.57499122619629, 17.431459426879883, 16.800031661987305, 17.552448272705078, 17.296859741210938, 16.60776710510254, 16.782899856567383, 17.61693000793457, 17.439069747924805, 17.461759567260742, 17.362577438354492, 17.04132843017578, 16.666715621948242, 17.164371490478516, 17.48546028137207, 16.963207244873047, 16.99909782409668, 16.481229782104492, 16.81085777282715, 16.74650001525879, 17.183122634887695, 16.90385627746582, 16.71459197998047, 17.179140090942383, 16.822643280029297]}