{"aucroc": 0.8312801932367149, "aucpr": 0.24250268813645132, "dataset": "45_wine", "method": "soft", "test_ratio": 0.08, "train_ratio": 0.06, "labeled_anomalies": 0.75, "loe_loss": [25.194610595703125, 23.810260772705078, 22.805891036987305, 22.656269073486328, 21.501220703125, 21.076175689697266, 20.601099014282227, 20.16753387451172, 20.34382438659668, 19.850393295288086, 19.774639129638672, 19.243911743164062, 18.67640495300293, 19.88868522644043, 18.99099349975586, 18.81116485595703, 19.047073364257812, 18.908000946044922, 17.761333465576172, 18.641468048095703, 17.8843936920166, 17.61090660095215, 18.36888885498047, 18.079700469970703, 17.89438819885254, 18.159656524658203, 18.030284881591797, 17.894529342651367, 17.634336471557617, 16.69630241394043, 17.556865692138672, 17.139556884765625, 17.558177947998047, 17.25082778930664, 16.652629852294922, 17.46430206298828, 16.993112564086914, 16.996091842651367, 17.105321884155273, 16.495609283447266, 16.924991607666016, 16.655479431152344, 16.699729919433594, 17.1262264251709, 16.861919403076172, 16.506319046020508, 15.956914901733398, 16.59976577758789, 16.58147430419922, 16.34042739868164, 15.917984962463379, 16.946592330932617, 16.23227310180664, 16.2982177734375, 15.79185962677002, 16.323118209838867, 16.30027961730957, 16.10403823852539, 16.191200256347656, 16.536956787109375, 16.43623161315918, 16.281782150268555, 16.196613311767578, 16.313617706298828, 16.071779251098633, 16.068307876586914, 16.37618064880371, 15.987142562866211, 15.895289421081543, 16.071910858154297, 16.37697410583496, 16.224172592163086, 16.188392639160156, 15.647785186767578, 15.64875316619873, 15.86122989654541, 15.68509292602539, 16.26848030090332, 15.854015350341797, 15.639120101928711, 16.02605628967285, 15.988497734069824, 15.702040672302246, 15.865518569946289, 15.876983642578125, 15.826190948486328, 15.76009750366211, 16.53524398803711, 16.26266098022461, 15.670145034790039, 15.118889808654785, 15.163736343383789, 15.883505821228027, 16.146284103393555, 16.22895050048828, 15.405815124511719, 15.427717208862305, 15.084626197814941, 15.423714637756348, 15.29065990447998, 15.990971565246582, 15.223836898803711, 16.224706649780273, 15.79191780090332, 15.553234100341797, 15.194726943969727, 15.456722259521484, 15.374361991882324, 15.606117248535156, 15.506159782409668, 15.090497970581055, 14.92558479309082, 15.59587574005127, 15.067102432250977, 15.627485275268555, 15.385175704956055, 15.108266830444336, 14.787260055541992, 14.880535125732422, 15.41451358795166]}