{"aucroc": 0.4805807407407407, "aucpr": 0.24479199889556283, "dataset": "46_WPBC", "method": "soft", "test_ratio": 0.25, "train_ratio": 0.0625, "labeled_anomalies": 0.25, "loe_loss": [61.480064392089844, 59.16047668457031, 56.37234878540039, 56.103248596191406, 55.122291564941406, 56.22536087036133, 53.51774215698242, 54.48757553100586, 54.164024353027344, 54.79017639160156, 54.23084259033203, 53.79656219482422, 52.85753631591797, 52.44489669799805, 52.98195266723633, 53.64081573486328, 53.816165924072266, 53.07420349121094, 51.98293685913086, 51.495033264160156, 51.10568618774414, 52.798187255859375, 50.816978454589844, 51.304317474365234, 49.64276885986328, 49.06219482421875, 48.885154724121094, 50.59433364868164, 49.777427673339844, 49.2140007019043, 47.217124938964844, 49.099693298339844, 49.55778503417969, 48.153743743896484, 48.83966064453125, 47.782501220703125, 46.90065002441406, 46.59157180786133, 47.21831130981445, 49.439964294433594, 47.105506896972656, 46.06117248535156, 47.8090934753418, 46.126686096191406, 46.39341735839844, 48.24974060058594, 45.9666862487793, 46.159175872802734, 45.17161178588867, 45.69512176513672, 46.62519836425781, 47.144657135009766, 46.09589385986328, 45.47898483276367, 44.99228286743164, 46.836158752441406, 43.62468338012695, 43.894065856933594, 43.916358947753906, 45.188026428222656, 43.14573287963867, 43.95945358276367, 43.949615478515625, 43.926849365234375, 43.30885696411133, 45.192481994628906, 44.56853485107422, 44.00116729736328, 43.36293029785156, 43.49823760986328, 42.882850646972656, 44.13315200805664, 43.689537048339844, 40.94536590576172, 41.1290168762207, 43.043941497802734, 41.20857238769531, 41.01953125, 41.57709503173828, 40.97838592529297, 42.25424575805664, 42.21689224243164, 41.10566711425781, 40.53768539428711, 41.381011962890625, 41.09455871582031, 40.42638397216797, 42.25701141357422, 41.30565643310547, 41.271026611328125, 40.980098724365234, 40.0860481262207, 40.859153747558594, 40.576316833496094, 39.759185791015625, 39.94247817993164, 38.954158782958984, 40.47768783569336, 39.33192443847656, 40.420066833496094, 39.46822738647461, 39.46628952026367, 39.33011245727539, 39.5045051574707, 39.592681884765625, 38.91513442993164, 39.69757080078125, 37.989349365234375, 40.617958068847656, 39.467445373535156, 38.84737777709961, 38.38397979736328, 38.59097671508789, 39.51630401611328, 39.661922454833984, 38.1448974609375, 38.276344299316406, 38.14463424682617, 39.0401725769043, 39.272804260253906]}