{"aucroc": 0.4726755555555555, "aucpr": 0.23867776053573797, "dataset": "46_WPBC", "method": "refine", "test_ratio": 0.25, "train_ratio": 0.0625, "labeled_anomalies": 0.25, "loe_loss": [64.38822174072266, 59.39358139038086, 59.52566146850586, 57.99887466430664, 56.332275390625, 57.4680290222168, 55.19353485107422, 56.379825592041016, 55.727149963378906, 56.23928451538086, 57.0919075012207, 57.298927307128906, 53.32488250732422, 53.5379638671875, 54.52912521362305, 53.543174743652344, 55.040260314941406, 53.14860916137695, 53.13905715942383, 53.047122955322266, 53.11613845825195, 53.63924026489258, 51.95889663696289, 51.51582336425781, 51.33757019042969, 54.33393096923828, 52.534629821777344, 51.449195861816406, 49.9547233581543, 50.87224197387695, 51.759521484375, 50.02043151855469, 51.053768157958984, 49.020896911621094, 49.69447708129883, 49.286930084228516, 50.45826721191406, 48.351837158203125, 48.240543365478516, 48.60504150390625, 49.19605255126953, 48.14381790161133, 47.18192672729492, 47.9599723815918, 47.5409049987793, 46.673709869384766, 47.081329345703125, 49.586124420166016, 46.12395477294922, 46.86933135986328, 46.857017517089844, 46.1105842590332, 46.359718322753906, 47.09952163696289, 46.86856460571289, 46.22028732299805, 45.61978530883789, 47.39497375488281, 44.7169303894043, 47.07003402709961, 47.9195556640625, 46.12541198730469, 45.67863845825195, 43.910072326660156, 46.451934814453125, 45.42363357543945, 44.26127624511719, 45.652923583984375, 43.555442810058594, 43.57630157470703, 44.02116775512695, 44.26325607299805, 43.4632453918457, 45.34364700317383, 43.06515884399414, 43.008140563964844, 43.28809356689453, 43.39011001586914, 43.78343200683594, 42.717445373535156, 42.83662796020508, 43.04484939575195, 42.52252960205078, 41.77739334106445, 42.07320785522461, 42.756866455078125, 42.15742111206055, 41.95819091796875, 41.24994659423828, 41.35074234008789, 41.38703918457031, 41.615760803222656, 41.857818603515625, 41.425994873046875, 40.600425720214844, 41.98967361450195, 41.26502227783203, 40.88964080810547, 41.6422119140625, 41.34902572631836, 41.76755142211914, 41.27556228637695, 40.90673828125, 40.500003814697266, 41.65825653076172, 40.17479705810547, 41.22077941894531, 40.354583740234375, 41.17827224731445, 40.35563659667969, 41.16529846191406, 39.98857498168945, 40.3362922668457, 41.3307991027832, 40.01545715332031, 40.52426528930664, 40.39015197753906, 39.5432014465332, 39.902557373046875, 39.7547721862793]}