{"aucroc": 0.4895407407407407, "aucpr": 0.25148574560640313, "dataset": "46_WPBC", "method": "soft", "test_ratio": 0.25, "train_ratio": 0.125, "labeled_anomalies": 0.5, "loe_loss": [54.16070556640625, 51.5989990234375, 50.06737518310547, 49.1584358215332, 48.68516540527344, 49.30329895019531, 47.305503845214844, 47.74266815185547, 47.45042037963867, 48.454673767089844, 47.953712463378906, 47.820709228515625, 46.601375579833984, 46.38566589355469, 45.950660705566406, 47.13930892944336, 47.20159149169922, 46.662506103515625, 45.69410705566406, 45.40156173706055, 44.230831146240234, 45.78213119506836, 44.95652389526367, 45.058921813964844, 43.39078140258789, 43.39592742919922, 42.837703704833984, 44.324790954589844, 44.06007766723633, 43.33161163330078, 41.867774963378906, 42.19877243041992, 43.19132995605469, 41.86602020263672, 42.465938568115234, 42.3575553894043, 41.528995513916016, 40.720069885253906, 41.33140182495117, 43.07891082763672, 41.335147857666016, 40.269989013671875, 41.003395080566406, 40.63718032836914, 40.447166442871094, 41.46680450439453, 39.96569061279297, 39.91693115234375, 39.64716720581055, 40.10463333129883, 39.81092071533203, 40.52090072631836, 39.85980987548828, 39.30247497558594, 39.37910842895508, 40.6942024230957, 38.48284912109375, 38.887786865234375, 38.50904846191406, 39.21459197998047, 37.804473876953125, 38.466758728027344, 38.196380615234375, 38.79706573486328, 37.662452697753906, 38.956504821777344, 38.34770202636719, 38.831520080566406, 37.67339324951172, 37.31591033935547, 37.10594177246094, 37.9644775390625, 38.34603500366211, 36.130767822265625, 35.89664077758789, 36.973289489746094, 36.260555267333984, 35.77288055419922, 36.111045837402344, 36.086585998535156, 37.049842834472656, 36.52314376831055, 36.349342346191406, 35.47138977050781, 36.34524917602539, 36.23698806762695, 35.600006103515625, 36.82710647583008, 35.27421569824219, 36.12905502319336, 35.639312744140625, 34.95591735839844, 35.59457778930664, 34.43186950683594, 35.55860137939453, 34.97964859008789, 34.41558074951172, 35.123939514160156, 34.485408782958984, 35.189239501953125, 34.26943588256836, 34.754730224609375, 34.325714111328125, 34.681209564208984, 34.65502166748047, 33.487754821777344, 34.79545211791992, 32.585968017578125, 34.141319274902344, 34.4302864074707, 34.36952209472656, 33.58773422241211, 32.810935974121094, 33.58167266845703, 34.08735656738281, 33.31892395019531, 33.39322280883789, 33.241371154785156, 33.63117980957031, 33.54123306274414]}