{"aucroc": 0.4284931077694235, "aucpr": 0.30981054332030344, "dataset": "47_yeast", "method": "blind", "test_ratio": 0.34080717488789236, "train_ratio": 0.0, "labeled_anomalies": 0.0}