{"aucroc": 0.4220954171142141, "aucpr": 0.3063389722398141, "dataset": "47_yeast", "method": "refine", "test_ratio": 0.34080717488789236, "train_ratio": 0.051121076233183856, "labeled_anomalies": 0.15, "loe_loss": [14.9512300491333, 14.430049896240234, 13.964212417602539, 13.314523696899414, 13.197096824645996, 12.541259765625, 12.445496559143066, 12.148762702941895, 11.976991653442383, 11.187150001525879, 11.716145515441895, 11.50776481628418, 11.17570686340332, 11.172804832458496, 11.019022941589355, 10.978595733642578, 10.481300354003906, 10.144875526428223, 10.702934265136719, 10.418639183044434, 10.540802955627441, 10.589141845703125, 10.467280387878418, 10.326026916503906, 10.261805534362793, 10.25849723815918, 10.107741355895996, 11.030356407165527, 10.013028144836426, 10.892572402954102, 10.041001319885254, 9.983108520507812, 9.608572006225586, 9.876455307006836, 10.055898666381836, 9.82615852355957, 10.046907424926758, 10.262341499328613, 10.096843719482422, 9.606938362121582, 9.699010848999023, 10.095358848571777, 10.125900268554688, 9.768461227416992, 9.76909065246582, 9.445962905883789, 9.741809844970703, 9.752008438110352, 9.491141319274902, 9.61596393585205, 9.804524421691895, 10.130556106567383, 9.644403457641602, 9.39824104309082, 9.912796974182129, 9.780928611755371, 9.341523170471191, 9.502461433410645, 9.84741497039795, 9.680171012878418, 9.499771118164062, 10.402779579162598, 9.669960021972656, 9.714597702026367, 9.408369064331055, 9.928728103637695, 9.897444725036621, 9.493231773376465, 9.29774284362793, 9.44410228729248, 9.167913436889648, 9.554434776306152, 9.231878280639648, 9.77377700805664, 9.702353477478027, 9.862850189208984, 9.355273246765137, 9.625706672668457, 9.766834259033203, 9.410257339477539, 9.142807006835938, 9.347270965576172, 9.363227844238281, 9.479986190795898, 9.925463676452637, 9.17957592010498, 9.369583129882812, 9.493782043457031, 9.06877326965332, 9.303190231323242, 9.378313064575195, 9.245911598205566, 9.118352890014648, 9.273956298828125, 9.488293647766113, 9.156492233276367, 9.51579761505127, 9.089646339416504, 9.327590942382812, 9.071348190307617, 9.481657028198242, 9.232891082763672, 9.364422798156738, 9.241071701049805, 9.319267272949219, 9.785594940185547, 9.440750122070312, 9.417678833007812, 8.98252010345459, 9.412699699401855, 9.311067581176758, 8.874999046325684, 10.101358413696289, 9.17657470703125, 9.706761360168457, 8.855640411376953, 9.39195728302002, 9.45155143737793, 9.448988914489746, 10.141407012939453]}