{"aucroc": 0.40378625134264234, "aucpr": 0.29949064378437373, "dataset": "47_yeast", "method": "soft", "test_ratio": 0.34080717488789236, "train_ratio": 0.25560538116591924, "labeled_anomalies": 0.75, "loe_loss": [9.9498929977417, 9.400148391723633, 8.687013626098633, 8.449213027954102, 8.120871543884277, 7.555479049682617, 7.733218193054199, 7.186633586883545, 7.073144912719727, 6.915664196014404, 7.2572340965271, 7.209223747253418, 7.185385227203369, 6.662261962890625, 6.445578098297119, 6.637607097625732, 6.343591213226318, 6.113278388977051, 6.137968063354492, 6.20464563369751, 6.290496826171875, 6.417301177978516, 6.180110454559326, 6.130312442779541, 6.3122453689575195, 5.880014419555664, 6.156464576721191, 6.170156002044678, 5.947281360626221, 6.2506489753723145, 5.616215229034424, 5.629604339599609, 5.5058393478393555, 5.322054386138916, 5.400151252746582, 5.528921604156494, 5.186099529266357, 5.698473930358887, 5.2833099365234375, 5.507145881652832, 5.74098014831543, 5.39446496963501, 4.668628692626953, 5.03957986831665, 5.040048122406006, 4.759359836578369, 5.421531677246094, 4.995059490203857, 5.1893792152404785, 5.286423683166504, 5.243260383605957, 4.293995380401611, 5.203793048858643, 5.173467636108398, 5.1049485206604, 5.47954797744751, 4.845983028411865, 5.305290699005127, 5.376739978790283, 4.200604438781738, 4.964815139770508, 4.253178596496582, 4.96889066696167, 4.815976142883301, 5.601355075836182, 4.255638599395752, 4.317004203796387, 5.040638446807861, 3.7125868797302246, 4.348308086395264, 4.8371500968933105, 5.004073143005371, 3.996997117996216, 4.705127716064453, 5.300623416900635, 4.865995407104492, 3.7155203819274902, 3.908114194869995, 4.528371334075928, 4.701617240905762, 4.015635967254639, 4.342886924743652, 3.7162837982177734, 5.233989715576172, 3.9882214069366455, 4.09166145324707, 4.339803218841553, 4.443224906921387, 3.7241299152374268, 4.924214839935303, 4.526836395263672, 3.481557846069336, 4.88740873336792, 3.875279188156128, 3.8333888053894043, 4.787440776824951, 4.3542633056640625, 4.173380374908447, 4.3622541427612305, 3.694697856903076, 4.353114128112793, 4.279277801513672, 3.9994330406188965, 4.361933708190918, 4.30898380279541, 5.161416053771973, 4.853729248046875, 3.900304079055786, 4.621692657470703, 4.081630229949951, 4.388387680053711, 3.113069772720337, 4.788658618927002, 3.638005256652832, 3.488739490509033, 4.094987392425537, 4.423916339874268, 4.655536651611328, 3.154069662094116, 5.0734543800354]}