{"aucroc": 0.4111528822055138, "aucpr": 0.30234618672260566, "dataset": "47_yeast", "method": "soft", "test_ratio": 0.34080717488789236, "train_ratio": 0.17040358744394618, "labeled_anomalies": 0.5, "loe_loss": [11.962331771850586, 11.387773513793945, 10.626651763916016, 10.300979614257812, 9.871673583984375, 9.290477752685547, 9.476214408874512, 8.957813262939453, 8.845258712768555, 8.776033401489258, 8.912749290466309, 8.93813705444336, 8.817523956298828, 8.21046257019043, 7.97112512588501, 8.163345336914062, 7.977729797363281, 7.738258361816406, 7.697299957275391, 7.802448272705078, 7.814992904663086, 7.961981296539307, 7.803859710693359, 7.770888805389404, 7.84566068649292, 7.580953598022461, 7.619539737701416, 7.730404853820801, 7.594355583190918, 7.794759273529053, 7.210788726806641, 7.256768226623535, 7.154113292694092, 6.893213748931885, 7.075065612792969, 7.060405731201172, 6.923274517059326, 7.29904842376709, 6.893150329589844, 7.115354061126709, 7.29029655456543, 7.105628967285156, 6.428071022033691, 6.731110572814941, 6.697059154510498, 6.662539482116699, 6.996380805969238, 6.598258018493652, 6.7579193115234375, 6.998199462890625, 6.988167762756348, 6.043045997619629, 6.893792152404785, 6.754802227020264, 6.733972549438477, 7.211654186248779, 6.492515563964844, 6.867746829986572, 7.023812770843506, 5.929417610168457, 6.674777030944824, 5.943312644958496, 6.598105430603027, 6.594778537750244, 7.2214202880859375, 5.939168453216553, 6.102940559387207, 6.615799903869629, 5.60539436340332, 6.017541885375977, 6.50864839553833, 6.607113361358643, 5.758196830749512, 6.605618476867676, 7.055548667907715, 6.705496311187744, 5.5434651374816895, 5.728515625, 6.45025110244751, 6.413077354431152, 5.798629283905029, 6.0768280029296875, 5.51141881942749, 6.926819801330566, 5.984659194946289, 5.798086643218994, 6.027927875518799, 6.099970817565918, 5.565154552459717, 6.749715328216553, 6.234628200531006, 5.303781032562256, 6.452097415924072, 5.691949367523193, 5.821318626403809, 6.444106101989746, 6.001792907714844, 6.0230278968811035, 6.512643337249756, 5.67881441116333, 6.112100601196289, 6.132619857788086, 5.837923049926758, 6.199535369873047, 6.19974422454834, 6.847147464752197, 6.993757247924805, 5.589666366577148, 6.436657428741455, 5.969557285308838, 6.031035423278809, 5.257965087890625, 6.31220817565918, 5.436307907104492, 5.447551727294922, 6.050149917602539, 6.144048690795898, 6.615828990936279, 5.232876777648926, 6.597760200500488]}