{"aucroc": 0.41928929466523446, "aucpr": 0.3053837214351969, "dataset": "47_yeast", "method": "refine", "test_ratio": 0.34080717488789236, "train_ratio": 0.08520179372197309, "labeled_anomalies": 0.25, "loe_loss": [14.201781272888184, 13.753015518188477, 13.245951652526855, 12.650458335876465, 12.505151748657227, 11.953789710998535, 11.804619789123535, 11.479341506958008, 11.327948570251465, 10.676108360290527, 11.062024116516113, 10.886826515197754, 10.595865249633789, 10.584836959838867, 10.449954986572266, 10.37096881866455, 9.968825340270996, 9.642013549804688, 10.160470008850098, 9.87118148803711, 9.981390953063965, 9.914064407348633, 9.90334701538086, 9.784379959106445, 9.701912879943848, 9.710432052612305, 9.505254745483398, 10.114761352539062, 9.456544876098633, 10.118483543395996, 9.5259370803833, 9.432708740234375, 9.103519439697266, 9.356633186340332, 9.543207168579102, 9.305159568786621, 9.484356880187988, 9.723970413208008, 9.548345565795898, 9.118803024291992, 9.16806697845459, 9.498794555664062, 9.611929893493652, 9.216242790222168, 9.237141609191895, 8.938749313354492, 9.102324485778809, 9.243611335754395, 8.998437881469727, 9.06399917602539, 9.252973556518555, 9.587809562683105, 9.100259780883789, 8.855213165283203, 9.365649223327637, 9.193002700805664, 8.860745429992676, 8.976741790771484, 9.247028350830078, 9.103589057922363, 8.956323623657227, 9.856502532958984, 9.095499992370605, 9.101297378540039, 8.864810943603516, 9.208070755004883, 9.315399169921875, 8.96117115020752, 8.72447681427002, 8.908636093139648, 8.644432067871094, 9.043081283569336, 8.691442489624023, 9.142565727233887, 9.073663711547852, 9.264662742614746, 8.809013366699219, 9.056854248046875, 9.187819480895996, 8.876165390014648, 8.588258743286133, 8.75803279876709, 8.757919311523438, 8.890860557556152, 9.24638557434082, 8.638145446777344, 8.81894588470459, 8.87067985534668, 8.498764991760254, 8.769767761230469, 8.836812973022461, 8.726897239685059, 8.577495574951172, 8.719533920288086, 8.944581031799316, 8.587907791137695, 8.971263885498047, 8.544379234313965, 8.764264106750488, 8.54636001586914, 8.894960403442383, 8.718395233154297, 8.834567070007324, 8.67560863494873, 8.750529289245605, 9.206830024719238, 8.887133598327637, 8.804648399353027, 8.460433959960938, 8.820781707763672, 8.692479133605957, 8.275496482849121, 9.420790672302246, 8.615983009338379, 9.164790153503418, 8.250478744506836, 8.71359920501709, 8.817740440368652, 8.86931037902832, 9.386507987976074]}