{"aucroc": 0.41154672395273895, "aucpr": 0.30298284249847224, "dataset": "47_yeast", "method": "refine", "test_ratio": 0.34080717488789236, "train_ratio": 0.25560538116591924, "labeled_anomalies": 0.75, "loe_loss": [10.925196647644043, 10.513209342956543, 10.12596321105957, 9.643226623535156, 9.331775665283203, 9.138452529907227, 8.941603660583496, 8.534177780151367, 8.4457426071167, 8.136003494262695, 8.302334785461426, 8.228913307189941, 7.900940418243408, 7.886739253997803, 7.931612014770508, 7.77697229385376, 7.6063232421875, 7.276904106140137, 7.696004867553711, 7.423614978790283, 7.403860092163086, 7.322059631347656, 7.429762840270996, 7.312446117401123, 7.308277130126953, 7.288110733032227, 7.169419288635254, 7.495677947998047, 7.029364109039307, 7.356997013092041, 7.084750175476074, 7.050516605377197, 6.70970344543457, 6.943918704986572, 7.071463584899902, 6.845623016357422, 6.990023136138916, 7.189578056335449, 7.061760902404785, 6.715558052062988, 6.677719593048096, 6.96323299407959, 7.251771926879883, 6.801074504852295, 6.798806667327881, 6.605709075927734, 6.601776123046875, 6.8490705490112305, 6.675535202026367, 6.6247239112854, 6.731159210205078, 7.064558029174805, 6.655488014221191, 6.499294281005859, 6.79868221282959, 6.669590473175049, 6.522082328796387, 6.550647258758545, 6.713728427886963, 6.571240425109863, 6.462975025177002, 7.112518787384033, 6.511022090911865, 6.456252098083496, 6.4337921142578125, 6.505147457122803, 6.660854339599609, 6.495699405670166, 6.259669780731201, 6.492265701293945, 6.23039436340332, 6.5398712158203125, 6.1946587562561035, 6.433391571044922, 6.371517181396484, 6.732022285461426, 6.274136066436768, 6.506855010986328, 6.6084089279174805, 6.354578971862793, 6.185812950134277, 6.311587810516357, 6.12554407119751, 6.235431671142578, 6.534519672393799, 6.1812663078308105, 6.313961505889893, 6.194849014282227, 6.081894874572754, 6.317534446716309, 6.284646987915039, 6.387475967407227, 6.198761463165283, 6.19952392578125, 6.461392879486084, 6.113224983215332, 6.584622383117676, 6.0611467361450195, 6.276063442230225, 6.149392604827881, 6.250988483428955, 6.148571491241455, 6.299262046813965, 6.169756889343262, 6.240177154541016, 6.579955577850342, 6.458603382110596, 6.272096157073975, 5.937926769256592, 6.27902364730835, 6.105009078979492, 5.888148307800293, 6.781524658203125, 6.216557025909424, 6.565412998199463, 5.875234603881836, 6.129794120788574, 6.20863151550293, 6.481373310089111, 6.592380046844482]}