{"aucroc": 0.5137579848820825, "aucpr": 0.036736289175912484, "dataset": "01_ALOI", "method": "refine", "test_ratio": 0.030333333333333334, "train_ratio": 0.0182, "labeled_anomalies": 0.6, "loe_loss": [57.32326889038086, 53.597660064697266, 42.21873474121094, 43.115116119384766, 43.647342681884766, 43.37993240356445, 42.58207702636719, 43.13554000854492, 47.0688362121582, 40.917930603027344, 45.7549934387207, 44.87212371826172, 45.51820755004883, 39.48064041137695, 46.775169372558594, 39.97901153564453, 41.135684967041016, 43.25215530395508, 40.55320739746094, 41.91133117675781, 39.11528778076172, 39.89704895019531, 41.5684814453125, 37.71551513671875, 42.972412109375, 37.424617767333984, 39.60697937011719, 42.958518981933594, 39.83997344970703, 39.92898178100586, 44.15165710449219, 42.46610641479492, 37.79780960083008, 43.27499771118164, 38.1356086730957, 43.20757293701172, 39.10655212402344, 38.71931457519531, 39.25392150878906, 38.53724670410156, 40.24817657470703, 38.19266891479492, 36.74637985229492, 38.95625686645508, 40.11173629760742, 39.136863708496094, 35.798919677734375, 39.331138610839844, 42.25360107421875, 41.09064865112305, 37.049072265625, 36.70383071899414, 40.13212203979492, 38.50331115722656, 39.326377868652344, 39.60991668701172, 36.979156494140625, 35.310150146484375, 36.78022766113281, 36.36069107055664, 39.666622161865234, 38.74569320678711, 38.03849792480469, 40.75800704956055, 37.30812072753906, 36.06538009643555, 38.958492279052734, 38.12627029418945, 36.72477340698242, 35.057701110839844, 40.47895050048828, 35.063472747802734, 35.760833740234375, 34.3289794921875, 36.53755569458008, 43.3636589050293, 39.48360061645508, 35.26287078857422, 39.71884536743164, 40.09973907470703, 34.539894104003906, 36.0665283203125, 36.704345703125, 33.77927780151367, 37.403724670410156, 36.9061164855957, 36.64626693725586, 37.068321228027344, 39.36359786987305, 36.200775146484375, 38.51736831665039, 36.94860076904297, 37.77001190185547, 35.646854400634766, 37.12059020996094, 34.08420944213867, 38.15428924560547, 38.22242736816406, 33.75924301147461, 35.09401321411133, 41.95869445800781, 36.537784576416016, 35.91775894165039, 42.153228759765625, 35.589820861816406, 37.153221130371094, 35.65275192260742, 35.314083099365234, 36.94805908203125, 37.29167938232422, 34.8976936340332, 33.72580337524414, 32.586307525634766, 36.371524810791016, 36.86180114746094, 34.32606506347656, 36.728126525878906, 36.81412887573242, 36.88362503051758, 33.006683349609375]}