{"aucroc": 0.522550893589051, "aucpr": 0.03714141808984843, "dataset": "01_ALOI", "method": "soft", "test_ratio": 0.030333333333333334, "train_ratio": 0.012133333333333335, "labeled_anomalies": 0.4, "loe_loss": [60.68409729003906, 47.58724594116211, 49.152469635009766, 43.922943115234375, 51.829891204833984, 46.37474822998047, 44.01054382324219, 49.823001861572266, 40.24319076538086, 37.57999801635742, 47.003395080566406, 47.1353874206543, 45.51139831542969, 43.372886657714844, 46.51393508911133, 43.97848129272461, 40.49623107910156, 40.78010940551758, 40.69686508178711, 36.373779296875, 42.91020584106445, 41.11009216308594, 44.85222625732422, 39.920005798339844, 32.912086486816406, 41.098716735839844, 39.71147155761719, 39.92133331298828, 40.02978515625, 41.41733932495117, 43.27721405029297, 40.49818420410156, 38.867897033691406, 37.93471145629883, 37.9348258972168, 39.03712463378906, 40.581729888916016, 46.51536560058594, 38.31963348388672, 42.80100631713867, 37.85041809082031, 37.99958038330078, 35.93479537963867, 44.41718292236328, 36.723480224609375, 37.02559280395508, 39.963321685791016, 41.06683349609375, 36.62359619140625, 41.00569534301758, 37.18456268310547, 37.9211311340332, 42.278202056884766, 42.55156326293945, 40.71233367919922, 37.32307815551758, 43.18819808959961, 37.53227615356445, 37.65088653564453, 37.85041046142578, 39.321929931640625, 37.020591735839844, 38.15196990966797, 38.70936584472656, 36.22948455810547, 39.51198959350586, 40.07499313354492, 39.52238464355469, 36.50849151611328, 38.65836715698242, 35.82752227783203, 35.945274353027344, 37.51700973510742, 39.956512451171875, 40.832427978515625, 40.493080139160156, 34.8204231262207, 38.30113983154297, 36.269290924072266, 37.8885612487793, 39.00853729248047, 38.76711654663086, 36.01765823364258, 37.46576690673828, 37.09004211425781, 38.229530334472656, 41.06137466430664, 37.948585510253906, 36.15454864501953, 36.79199981689453, 38.354026794433594, 34.74361801147461, 37.671485900878906, 35.35459899902344, 36.906734466552734, 32.89259338378906, 37.966156005859375, 29.485754013061523, 34.72346115112305, 34.749237060546875, 39.26688003540039, 38.228023529052734, 39.45981979370117, 38.18387222290039, 34.36860656738281, 35.68740463256836, 32.75481033325195, 35.9645881652832, 34.738746643066406, 35.35133743286133, 39.40312957763672, 33.1922721862793, 35.72272491455078, 32.52519989013672, 35.852256774902344, 33.14708709716797, 35.157894134521484, 37.88618469238281, 34.469139099121094, 35.40434265136719]}