{"aucroc": 0.5209395623283557, "aucpr": 0.03704474455411017, "dataset": "01_ALOI", "method": "soft", "test_ratio": 0.030333333333333334, "train_ratio": 0.02426666666666667, "labeled_anomalies": 0.8, "loe_loss": [55.78837203979492, 43.921932220458984, 45.13518524169922, 41.54482650756836, 47.3712158203125, 42.19623565673828, 39.92185974121094, 45.73650360107422, 37.66278076171875, 32.610755920410156, 43.01830291748047, 43.560916900634766, 38.66895294189453, 40.08528137207031, 41.7813606262207, 40.711265563964844, 37.53343200683594, 38.764774322509766, 38.60697937011719, 29.24566078186035, 39.305091857910156, 38.498687744140625, 40.82783508300781, 37.80213165283203, 30.99524688720703, 38.035179138183594, 36.74283981323242, 37.67826461791992, 36.85648727416992, 38.714263916015625, 37.47283935546875, 37.37122344970703, 35.969322204589844, 35.22313690185547, 35.42392349243164, 35.57566452026367, 36.17832946777344, 42.16215515136719, 35.9261589050293, 39.036216735839844, 35.56438446044922, 34.14358901977539, 33.96552658081055, 39.14020919799805, 33.74586486816406, 35.087913513183594, 37.02235794067383, 37.16584396362305, 34.41582489013672, 38.32283020019531, 31.91729164123535, 34.247859954833984, 37.528987884521484, 38.14733123779297, 35.80966567993164, 34.21000671386719, 39.38055419921875, 32.33348083496094, 34.8857421875, 35.914466857910156, 35.497947692871094, 32.81483459472656, 34.00593185424805, 35.38993453979492, 32.54783248901367, 35.42981719970703, 35.48125076293945, 35.846534729003906, 34.28928756713867, 36.22818374633789, 33.51051712036133, 33.460391998291016, 34.395992279052734, 36.26896667480469, 37.22901153564453, 36.0194091796875, 32.530330657958984, 35.3706169128418, 34.399925231933594, 35.29899597167969, 35.6124267578125, 34.915714263916016, 33.59540557861328, 33.757232666015625, 33.593360900878906, 35.55574417114258, 34.18955612182617, 34.81315231323242, 32.909236907958984, 34.04163360595703, 34.904815673828125, 32.05370330810547, 33.79769515991211, 32.26541519165039, 34.01617431640625, 30.662567138671875, 32.54924392700195, 24.76375961303711, 31.950326919555664, 31.665950775146484, 35.84648513793945, 33.65229034423828, 33.805702209472656, 35.4781494140625, 31.187191009521484, 33.3217887878418, 29.87667465209961, 33.12678527832031, 32.701194763183594, 32.08633804321289, 35.14479064941406, 30.69432258605957, 33.19601058959961, 29.666297912597656, 32.61411666870117, 30.429241180419922, 32.429443359375, 33.00468444824219, 30.466903686523438, 30.606464385986328]}