{"aucroc": 0.689901875, "aucpr": 0.20252765908961273, "dataset": "02_annthyroid", "method": "soft", "test_ratio": 0.07407407407407407, "train_ratio": 0.04444444444444444, "labeled_anomalies": 0.6, "loe_loss": [10.603864669799805, 10.282221794128418, 10.258740425109863, 9.473060607910156, 9.12061882019043, 8.563425064086914, 8.36309814453125, 8.339179039001465, 8.109508514404297, 8.608120918273926, 8.410370826721191, 7.528008460998535, 7.7771759033203125, 7.457996368408203, 7.451854705810547, 7.624615669250488, 7.623957633972168, 7.875479221343994, 7.5661115646362305, 7.3075666427612305, 7.685515403747559, 8.099796295166016, 7.341193199157715, 7.090661525726318, 7.26185941696167, 7.196401119232178, 7.51708459854126, 7.246612548828125, 7.8627166748046875, 6.9975433349609375, 6.862395286560059, 7.074788570404053, 7.057992458343506, 7.319114685058594, 7.243056774139404, 7.046876907348633, 7.156473636627197, 6.719700336456299, 7.084375858306885, 7.638031959533691, 7.104766845703125, 6.261848449707031, 6.484230995178223, 6.816366672515869, 6.562079906463623, 6.7154998779296875, 6.882711887359619, 6.932565689086914, 6.887558460235596, 6.89756441116333, 6.790508270263672, 7.1481242179870605, 7.1780619621276855, 6.957695960998535, 6.759225368499756, 6.958204746246338, 6.989040374755859, 6.538214683532715, 6.607127666473389, 6.705803871154785, 6.890836715698242, 6.97121524810791, 6.147862911224365, 6.7243804931640625, 6.8326945304870605, 6.151714324951172, 6.709255218505859, 6.83906364440918, 6.880895137786865, 6.813639163970947, 6.638195991516113, 6.276396751403809, 6.262893199920654, 7.055161476135254, 7.702133655548096, 6.7225260734558105, 6.803953170776367, 7.030601501464844, 6.804300308227539, 7.169828414916992, 7.185704231262207, 6.949556350708008, 6.330410957336426, 6.938848495483398, 6.571261882781982, 6.929211616516113, 6.68949556350708, 6.743189334869385, 6.325131893157959, 6.488089561462402, 6.37769079208374, 7.052517890930176, 6.3132476806640625, 6.453396320343018, 6.989468097686768, 6.984419345855713, 6.555775165557861, 5.977538585662842, 6.612106800079346, 6.659780502319336, 6.616768836975098, 6.6355814933776855, 7.897828578948975, 6.556643486022949, 6.839922904968262, 6.236527442932129, 6.5854082107543945, 6.715540885925293, 6.747893333435059, 6.687211990356445, 5.551156520843506, 6.064698696136475, 6.614398956298828, 6.603536128997803, 6.250786304473877, 6.946432590484619, 6.628283977508545, 6.409623146057129, 7.083465099334717, 6.664958477020264]}