{"aucroc": 0.6857535937500001, "aucpr": 0.2046232309438342, "dataset": "02_annthyroid", "method": "refine", "test_ratio": 0.07407407407407407, "train_ratio": 0.014814814814814815, "labeled_anomalies": 0.2, "loe_loss": [11.679757118225098, 10.937372207641602, 11.780030250549316, 10.56276798248291, 9.446968078613281, 10.365507125854492, 10.230562210083008, 9.157022476196289, 8.812455177307129, 9.0043363571167, 9.000410079956055, 8.9143648147583, 8.449338912963867, 8.512417793273926, 9.372514724731445, 8.686068534851074, 8.637853622436523, 9.720690727233887, 8.638590812683105, 8.21041488647461, 7.845935821533203, 8.835759162902832, 8.223688125610352, 8.147294044494629, 9.072001457214355, 8.123208999633789, 8.098307609558105, 8.700772285461426, 8.10698413848877, 7.872446060180664, 9.033271789550781, 7.930789470672607, 7.8365702629089355, 8.00202751159668, 8.107791900634766, 7.919149398803711, 8.312779426574707, 8.36733341217041, 7.637427806854248, 8.173041343688965, 8.448471069335938, 7.6338300704956055, 7.763887882232666, 8.019923210144043, 9.549978256225586, 8.820395469665527, 7.654223442077637, 7.88790225982666, 7.658938884735107, 7.776144027709961, 8.164165496826172, 8.07424545288086, 7.885907173156738, 8.693070411682129, 8.450089454650879, 7.904097080230713, 7.821998596191406, 7.577518463134766, 8.283992767333984, 7.938841819763184, 7.719493865966797, 7.942564964294434, 8.266463279724121, 8.067986488342285, 8.04370403289795, 8.45937442779541, 7.83539342880249, 8.271769523620605, 7.974610328674316, 8.230058670043945, 7.720059394836426, 7.308465957641602, 7.479460716247559, 7.591782093048096, 7.271196365356445, 7.688845157623291, 8.030669212341309, 7.344623565673828, 7.915467262268066, 7.564282417297363, 7.851310729980469, 8.640060424804688, 7.607873439788818, 7.755785942077637, 7.510033130645752, 7.800661087036133, 7.312211036682129, 7.6672797203063965, 7.875533580780029, 7.943878173828125, 7.748816967010498, 7.6510419845581055, 8.297552108764648, 7.548292636871338, 7.317678451538086, 8.17780590057373, 7.91771936416626, 7.6017842292785645, 7.8952741622924805, 8.032843589782715, 7.42143440246582, 7.533400535583496, 8.092103004455566, 7.592512607574463, 7.908527374267578, 8.073813438415527, 7.858272552490234, 8.259571075439453, 7.995351791381836, 7.677060604095459, 7.535037517547607, 7.474052906036377, 7.461874961853027, 7.711130142211914, 7.776122093200684, 7.4789958000183105, 7.495636463165283, 7.663653373718262, 8.141467094421387, 8.283032417297363]}