{"aucroc": 0.6882221875, "aucpr": 0.20001695237987138, "dataset": "02_annthyroid", "method": "soft", "test_ratio": 0.07407407407407407, "train_ratio": 0.07333333333333333, "labeled_anomalies": 0.99, "loe_loss": [9.909476280212402, 9.50564956665039, 9.53625774383545, 8.717647552490234, 8.52363109588623, 7.808446884155273, 7.72166633605957, 7.644838333129883, 7.452110290527344, 7.855454444885254, 7.676823139190674, 7.017843246459961, 7.200599670410156, 6.824945449829102, 6.875500202178955, 6.96707820892334, 7.058266639709473, 7.160676002502441, 6.871864318847656, 6.703874111175537, 6.980008602142334, 7.334723472595215, 6.812922954559326, 6.684568405151367, 6.660996437072754, 6.688236236572266, 6.864831447601318, 6.645276069641113, 7.136619567871094, 6.505457401275635, 6.234068870544434, 6.595584392547607, 6.501420974731445, 6.724659442901611, 6.445359230041504, 6.463526248931885, 6.473696708679199, 5.809993743896484, 6.1455583572387695, 6.932756423950195, 6.447713851928711, 5.320121765136719, 5.759903907775879, 6.2078447341918945, 6.004075050354004, 6.120649337768555, 6.273399353027344, 6.1999945640563965, 6.182409286499023, 6.1674370765686035, 6.139410018920898, 6.525208950042725, 6.488822937011719, 6.383852958679199, 6.084085941314697, 6.397550106048584, 6.273594379425049, 5.952409744262695, 5.781521797180176, 6.212017059326172, 6.171664237976074, 6.44909143447876, 5.436520576477051, 6.15077018737793, 6.172488212585449, 5.416008472442627, 6.152807712554932, 6.170212268829346, 6.170822620391846, 6.068948745727539, 5.955936908721924, 5.629460334777832, 5.580192565917969, 6.44378662109375, 6.711812496185303, 5.9263763427734375, 6.182882308959961, 6.3961181640625, 6.067220687866211, 6.395822048187256, 6.215343475341797, 6.221172332763672, 5.496371269226074, 6.1404266357421875, 5.786165237426758, 6.262425899505615, 6.135276794433594, 5.94077730178833, 5.652945041656494, 5.996103763580322, 5.839359283447266, 6.400706768035889, 5.577807903289795, 5.874252796173096, 5.986971855163574, 6.20026159286499, 5.835387229919434, 5.190069198608398, 5.849506855010986, 6.044734477996826, 5.969015121459961, 5.931562423706055, 6.638363361358643, 5.9720282554626465, 5.657821178436279, 5.564098358154297, 5.649252891540527, 6.055431365966797, 6.085145473480225, 6.059693813323975, 4.241924285888672, 5.042271614074707, 6.130006790161133, 5.987415790557861, 5.562552452087402, 6.0872578620910645, 5.510293006896973, 5.51481819152832, 6.284202575683594, 5.734074115753174]}