{"aucroc": 0.683905625, "aucpr": 0.20461845037159576, "dataset": "02_annthyroid", "method": "refine", "test_ratio": 0.07407407407407407, "train_ratio": 0.0007407407407407407, "labeled_anomalies": 0.01, "loe_loss": [12.045944213867188, 11.351262092590332, 12.489435195922852, 10.91067123413086, 9.625436782836914, 10.643890380859375, 10.676944732666016, 9.481781959533691, 8.970450401306152, 9.222143173217773, 9.20702075958252, 9.26160717010498, 8.625041961669922, 8.71898365020752, 9.69223690032959, 9.017728805541992, 8.807173728942871, 10.21084213256836, 9.201411247253418, 8.35474681854248, 7.981557846069336, 9.199752807617188, 8.399049758911133, 8.456518173217773, 9.50981616973877, 8.412073135375977, 8.279644012451172, 9.124899864196777, 8.308059692382812, 8.036596298217773, 9.429378509521484, 8.118404388427734, 8.142111778259277, 8.192668914794922, 8.31050968170166, 8.059568405151367, 8.5474214553833, 8.589252471923828, 7.78529691696167, 8.344856262207031, 8.835310935974121, 8.066594123840332, 8.106942176818848, 8.250663757324219, 10.225048065185547, 9.028993606567383, 7.820071697235107, 8.152054786682129, 7.99697208404541, 8.016373634338379, 8.479119300842285, 8.406302452087402, 8.352959632873535, 9.011204719543457, 8.635157585144043, 8.18391227722168, 8.018484115600586, 7.7572832107543945, 8.535301208496094, 8.170328140258789, 7.8934197425842285, 8.077351570129395, 8.565290451049805, 8.331009864807129, 8.234688758850098, 8.844462394714355, 8.085355758666992, 8.579221725463867, 8.195686340332031, 8.513726234436035, 7.882613182067871, 7.502190589904785, 7.79894495010376, 7.744565963745117, 7.477964401245117, 7.8751606941223145, 8.193812370300293, 7.541746616363525, 9.393628120422363, 7.746808052062988, 8.435598373413086, 9.059423446655273, 7.893054485321045, 7.972894191741943, 7.688106536865234, 7.980243682861328, 7.481291770935059, 7.886383533477783, 8.065251350402832, 8.171672821044922, 8.072061538696289, 7.821390151977539, 8.486244201660156, 7.780232906341553, 7.680191993713379, 8.759383201599121, 8.198919296264648, 7.8382391929626465, 8.13233757019043, 8.246766090393066, 7.688766002655029, 7.792506694793701, 8.402811050415039, 7.791801929473877, 8.112192153930664, 8.5164794921875, 8.05323314666748, 8.606715202331543, 9.028655052185059, 8.03819465637207, 7.7696685791015625, 7.837096214294434, 7.7298784255981445, 7.904046058654785, 8.077851295471191, 7.690492630004883, 8.774890899658203, 7.961217403411865, 8.428796768188477, 8.688344955444336]}