{"aucroc": 0.6887196874999999, "aucpr": 0.20096071171156896, "dataset": "02_annthyroid", "method": "soft", "test_ratio": 0.07407407407407407, "train_ratio": 0.05925925925925926, "labeled_anomalies": 0.8, "loe_loss": [10.242321014404297, 9.876818656921387, 9.882551193237305, 9.071775436401367, 8.809409141540527, 8.164451599121094, 8.002711296081543, 7.973184585571289, 7.75296688079834, 8.205855369567871, 8.037816047668457, 7.267019271850586, 7.4648637771606445, 7.11613130569458, 7.157936096191406, 7.280957221984863, 7.3344855308532715, 7.474086761474609, 7.186124801635742, 6.964069843292236, 7.290322303771973, 7.710206031799316, 7.065398216247559, 6.886103630065918, 6.954458713531494, 6.93771505355835, 7.175115585327148, 6.928431510925293, 7.470802307128906, 6.745583534240723, 6.530245780944824, 6.825848579406738, 6.759500980377197, 7.016062259674072, 6.8314714431762695, 6.741032600402832, 6.795442581176758, 6.213296890258789, 6.5837507247924805, 7.279623031616211, 6.766390323638916, 5.74659538269043, 6.087520599365234, 6.492809295654297, 6.269214153289795, 6.406376361846924, 6.558319091796875, 6.559174537658691, 6.502322196960449, 6.515369892120361, 6.436302661895752, 6.817672252655029, 6.823963165283203, 6.654026031494141, 6.406971454620361, 6.6648993492126465, 6.601864814758301, 6.230737209320068, 6.1913251876831055, 6.44788122177124, 6.5080413818359375, 6.699920177459717, 5.79025411605835, 6.423800945281982, 6.484826564788818, 5.757645130157471, 6.427939414978027, 6.502821922302246, 6.5260329246521, 6.440617084503174, 6.2646307945251465, 5.9381208419799805, 5.913013458251953, 6.722229957580566, 7.2053937911987305, 6.296027183532715, 6.468199253082275, 6.707570552825928, 6.423117637634277, 6.7615437507629395, 6.676911354064941, 6.581630706787109, 5.8627095222473145, 6.496500015258789, 6.113186836242676, 6.547812461853027, 6.403076171875, 6.306947231292725, 5.9748148918151855, 6.238933563232422, 6.103116989135742, 6.731242656707764, 5.937258720397949, 6.154916286468506, 6.4099555015563965, 6.554138660430908, 6.144566059112549, 5.550897121429443, 6.2137322425842285, 6.3423967361450195, 6.269411087036133, 6.238315582275391, 7.242084503173828, 6.2556915283203125, 6.188787460327148, 5.869346618652344, 6.086906909942627, 6.3856000900268555, 6.4147467613220215, 6.366972923278809, 4.868965148925781, 5.526759147644043, 6.383338451385498, 6.283276081085205, 5.898986339569092, 6.476243495941162, 6.0663604736328125, 5.914525508880615, 6.718615531921387, 6.1923747062683105]}