{"aucroc": 0.6886831250000001, "aucpr": 0.20147477299429775, "dataset": "02_annthyroid", "method": "refine", "test_ratio": 0.07407407407407407, "train_ratio": 0.07333333333333333, "labeled_anomalies": 0.99, "loe_loss": [9.852348327636719, 9.429383277893066, 9.45005989074707, 9.098648071289062, 8.475715637207031, 8.61818790435791, 8.497446060180664, 8.057782173156738, 7.79139518737793, 7.759579658508301, 7.695004463195801, 7.639327526092529, 7.46240234375, 7.301390171051025, 7.9095354080200195, 7.589794158935547, 7.5214762687683105, 7.851964473724365, 7.454833030700684, 7.2433366775512695, 7.062694549560547, 7.2415242195129395, 7.10689640045166, 7.104544639587402, 7.500757694244385, 7.168857574462891, 7.0621466636657715, 7.37529182434082, 7.014005184173584, 6.924385070800781, 7.4466400146484375, 6.920613765716553, 6.75107479095459, 6.8627238273620605, 7.0771403312683105, 6.894976615905762, 6.876309394836426, 7.060854434967041, 6.735411643981934, 6.989988327026367, 7.039422512054443, 6.633612632751465, 6.769077301025391, 6.824976444244385, 7.662656307220459, 7.395639896392822, 6.720180511474609, 6.765206336975098, 6.603906631469727, 6.754948616027832, 6.983260154724121, 6.917977809906006, 6.692784309387207, 6.996435642242432, 7.164976119995117, 6.638558387756348, 6.685390472412109, 6.548856258392334, 7.019831657409668, 6.850436687469482, 6.636562347412109, 6.99492073059082, 6.784642696380615, 6.822579860687256, 6.845394134521484, 6.878204822540283, 6.658326148986816, 6.860130786895752, 6.658523082733154, 6.82417106628418, 6.735452651977539, 6.33606481552124, 6.489333152770996, 6.5073394775390625, 6.246589660644531, 6.631608486175537, 6.825655937194824, 6.301967144012451, 6.496067047119141, 6.419921875, 6.802082538604736, 7.143134593963623, 6.408668518066406, 6.586005210876465, 6.530742645263672, 6.575029373168945, 6.275750637054443, 6.443936347961426, 6.6415205001831055, 6.738170146942139, 6.572254657745361, 6.566008567810059, 6.849481105804443, 6.359472274780273, 6.352834701538086, 6.729915142059326, 6.622248649597168, 6.457242965698242, 6.6615681648254395, 6.7346014976501465, 6.297210693359375, 6.406290054321289, 6.842850208282471, 6.589622497558594, 6.72177791595459, 6.821089267730713, 6.7117156982421875, 6.8736443519592285, 6.67720365524292, 6.49851655960083, 6.329897403717041, 6.226963520050049, 6.238720417022705, 6.546751976013184, 6.367958068847656, 6.163292407989502, 6.440575122833252, 6.580812454223633, 6.66283655166626, 6.886826038360596]}