{"aucroc": 0.6848974999999999, "aucpr": 0.20347773185409695, "dataset": "02_annthyroid", "method": "soft", "test_ratio": 0.07407407407407407, "train_ratio": 0.0007407407407407407, "labeled_anomalies": 0.01, "loe_loss": [11.973917007446289, 12.07369613647461, 11.59785270690918, 10.906332969665527, 9.955843925476074, 10.729110717773438, 9.626739501953125, 9.922441482543945, 9.416242599487305, 10.131293296813965, 9.814077377319336, 8.980803489685059, 8.90562915802002, 10.585107803344727, 8.986467361450195, 8.695777893066406, 8.62633991241455, 9.142909049987793, 9.33275032043457, 8.913686752319336, 9.022038459777832, 9.3955717086792, 8.448468208312988, 7.811537265777588, 8.671430587768555, 8.269613265991211, 9.062223434448242, 8.477912902832031, 9.042061805725098, 7.890399932861328, 8.510659217834473, 8.138684272766113, 8.37225341796875, 8.607147216796875, 9.99295711517334, 8.439933776855469, 8.295397758483887, 9.33703327178955, 10.334115028381348, 8.832100868225098, 8.371894836425781, 10.533843040466309, 9.695883750915527, 7.975002765655518, 7.643339157104492, 7.709720134735107, 7.924249649047852, 8.228012084960938, 8.211590766906738, 8.1793794631958, 7.969669818878174, 8.253846168518066, 8.885717391967773, 7.8674798011779785, 8.621593475341797, 7.900608539581299, 8.13371467590332, 7.91091775894165, 8.962492942810059, 7.5169901847839355, 7.935795783996582, 7.7920331954956055, 7.859558582305908, 7.881542205810547, 8.458562850952148, 8.636109352111816, 7.550675868988037, 7.927271842956543, 8.026988983154297, 8.457857131958008, 8.11669635772705, 8.039918899536133, 8.090193748474121, 8.278493881225586, 9.234060287475586, 8.287140846252441, 7.7586236000061035, 7.964443206787109, 8.095537185668945, 8.503236770629883, 8.968965530395508, 8.060271263122559, 8.104034423828125, 8.516173362731934, 7.834290981292725, 8.526840209960938, 7.738997459411621, 8.092815399169922, 7.8448076248168945, 7.304039478302002, 7.318626880645752, 8.183045387268066, 7.866135597229004, 7.672441005706787, 8.743551254272461, 8.111491203308105, 8.112539291381836, 8.115224838256836, 7.880192756652832, 7.684250354766846, 7.9742536544799805, 7.950516700744629, 9.656472206115723, 7.616798400878906, 9.286519050598145, 7.5213165283203125, 8.355289459228516, 7.716135025024414, 8.033672332763672, 7.64243745803833, 10.677475929260254, 8.486266136169434, 7.532042503356934, 7.7295379638671875, 7.917443752288818, 8.157120704650879, 8.981895446777344, 8.11190414428711, 8.223159790039062, 8.541088104248047]}