{"aucroc": 0.689219375, "aucpr": 0.20234147327125251, "dataset": "02_annthyroid", "method": "refine", "test_ratio": 0.07407407407407407, "train_ratio": 0.05925925925925926, "labeled_anomalies": 0.8, "loe_loss": [10.138179779052734, 9.66745376586914, 9.805533409118652, 9.396154403686523, 8.676507949829102, 8.946728706359863, 8.82921028137207, 8.260940551757812, 8.003133773803711, 7.995587348937988, 7.9414191246032715, 7.836869239807129, 7.67812967300415, 7.531952857971191, 8.207818031311035, 7.823775291442871, 7.76841926574707, 8.10689640045166, 7.680377960205078, 7.440305233001709, 7.231221675872803, 7.456243515014648, 7.3285980224609375, 7.3132219314575195, 7.754795074462891, 7.358699798583984, 7.2596282958984375, 7.628228187561035, 7.232895851135254, 7.115547180175781, 7.755369186401367, 7.1095170974731445, 6.92602014541626, 7.101583957672119, 7.304762363433838, 7.116981029510498, 7.165430545806885, 7.279827117919922, 6.929435729980469, 7.248015403747559, 7.28839111328125, 6.823399543762207, 6.9778218269348145, 7.032382488250732, 7.988722801208496, 7.673543453216553, 6.915861129760742, 6.984633445739746, 6.817367076873779, 6.974328994750977, 7.224150657653809, 7.16555118560791, 6.922970294952393, 7.307979106903076, 7.44949197769165, 6.864736557006836, 6.8963236808776855, 6.754735469818115, 7.264454364776611, 7.109363555908203, 6.875371932983398, 7.217290878295898, 7.015120029449463, 7.081849575042725, 7.06948184967041, 7.123246669769287, 6.8702712059021, 7.125051021575928, 6.921267032623291, 7.1105570793151855, 6.940213680267334, 6.5421929359436035, 6.686038970947266, 6.741497039794922, 6.470580577850342, 6.843516826629639, 7.081754207611084, 6.519498348236084, 6.745657920837402, 6.665623664855957, 6.997183799743652, 7.394623279571533, 6.659560203552246, 6.816479206085205, 6.746033191680908, 6.815411567687988, 6.4965128898620605, 6.6459550857543945, 6.8878092765808105, 6.963972091674805, 6.813414573669434, 6.772269248962402, 7.175105571746826, 6.600354194641113, 6.553561687469482, 6.998305797576904, 6.884199142456055, 6.695986270904541, 6.935618877410889, 7.012506008148193, 6.50484037399292, 6.660128593444824, 7.130115032196045, 6.813727378845215, 7.014040946960449, 7.116725444793701, 6.9448418617248535, 7.13646936416626, 6.915441513061523, 6.741438388824463, 6.580998420715332, 6.4520087242126465, 6.472185134887695, 6.791340351104736, 6.631030082702637, 6.41146993637085, 6.6700358390808105, 6.816184043884277, 6.939934253692627, 7.132774353027344]}