{"aucroc": 0.6866749999999999, "aucpr": 0.20410823212384077, "dataset": "02_annthyroid", "method": "soft", "test_ratio": 0.07407407407407407, "train_ratio": 0.014814814814814815, "labeled_anomalies": 0.2, "loe_loss": [11.65495491027832, 11.59138298034668, 11.254695892333984, 10.481082916259766, 9.773628234863281, 9.865941047668457, 9.283864974975586, 9.418803215026855, 9.114901542663574, 9.770014762878418, 9.41162395477295, 8.269035339355469, 8.645398139953613, 9.443106651306152, 8.529871940612793, 8.453508377075195, 8.241302490234375, 8.837285995483398, 8.739725112915039, 8.45193862915039, 8.671911239624023, 8.98747444152832, 8.18889045715332, 7.645805358886719, 8.271637916564941, 7.8540849685668945, 8.567432403564453, 8.188630104064941, 8.730074882507324, 7.63770055770874, 7.6749653816223145, 7.831134796142578, 7.9253692626953125, 8.222305297851562, 8.551546096801758, 7.972386360168457, 7.992687702178955, 8.278776168823242, 8.818803787231445, 8.515606880187988, 7.921016693115234, 7.949966907501221, 8.193607330322266, 7.605983734130859, 7.389284133911133, 7.48498010635376, 7.638091087341309, 7.797933578491211, 7.848076820373535, 7.8177618980407715, 7.6508355140686035, 7.94154167175293, 8.331476211547852, 7.627573490142822, 7.962924003601074, 7.6912689208984375, 7.818902969360352, 7.426170825958252, 7.848384857177734, 7.304317474365234, 7.71127986907959, 7.594112396240234, 7.236974716186523, 7.477692604064941, 8.024367332458496, 7.647230625152588, 7.333243370056152, 7.5597968101501465, 7.786507606506348, 7.826827526092529, 7.572038650512695, 7.197618007659912, 7.303806781768799, 7.956468105316162, 8.884577751159668, 7.817697048187256, 7.521278381347656, 7.758313179016113, 7.693447589874268, 8.10070514678955, 8.615757942199707, 7.760894775390625, 7.2973127365112305, 8.057625770568848, 7.5010271072387695, 8.039388656616211, 7.462850570678711, 7.7645487785339355, 7.152382850646973, 7.094910621643066, 7.044161796569824, 7.906359672546387, 7.155821323394775, 7.348714351654053, 8.296842575073242, 7.877010822296143, 7.607956886291504, 7.109897136688232, 7.527881622314453, 7.3644022941589355, 7.655890941619873, 7.616872787475586, 9.224529266357422, 7.312026023864746, 8.345561027526855, 7.13834810256958, 7.7663164138793945, 7.437388896942139, 7.725644111633301, 7.408113956451416, 8.123233795166016, 7.509171962738037, 7.244174003601074, 7.420772552490234, 7.219902992248535, 7.879837989807129, 8.287591934204102, 7.6892852783203125, 7.887144088745117, 7.698498725891113]}