{"aucroc": 0.780419217249554, "aucpr": 0.27122582557358693, "dataset": "03_backdoor", "method": "refine", "test_ratio": 0.023666666666666666, "train_ratio": 0.02343, "labeled_anomalies": 0.99, "loe_loss": [278.6746826171875, 276.6900329589844, 266.64947509765625, 284.8397216796875, 266.177734375, 268.6536560058594, 271.93927001953125, 256.2232666015625, 267.3798828125, 269.9454650878906, 255.90933227539062, 306.56365966796875, 279.98272705078125, 254.00765991210938, 265.8473815917969, 251.53396606445312, 254.8854522705078, 249.57858276367188, 250.71279907226562, 251.65924072265625, 246.4738311767578, 254.0015411376953, 242.94107055664062, 249.2064208984375, 237.14761352539062, 247.57286071777344, 242.36924743652344, 243.16104125976562, 247.1646270751953, 240.98504638671875, 236.7333984375, 253.6249542236328, 234.4583740234375, 225.90890502929688, 225.560791015625, 220.3148651123047, 225.94976806640625, 236.90615844726562, 218.73770141601562, 225.90602111816406, 218.09201049804688, 230.75929260253906, 247.4428253173828, 218.5714111328125, 216.16407775878906, 219.93905639648438, 222.10769653320312, 206.9057159423828, 204.36231994628906, 208.96568298339844, 212.79336547851562, 232.33351135253906, 207.38221740722656, 202.3861083984375, 199.0812225341797, 203.7991943359375, 199.51705932617188, 198.68960571289062, 201.93435668945312, 234.4871368408203, 190.4130401611328, 206.04092407226562, 194.25146484375, 202.7420196533203, 234.67608642578125, 201.5854034423828, 182.40081787109375, 194.50160217285156, 183.781982421875, 176.36891174316406, 194.27914428710938, 217.92848205566406, 190.936767578125, 177.04212951660156, 183.1648406982422, 183.72869873046875, 178.13836669921875, 182.51280212402344, 179.89804077148438, 174.00892639160156, 174.67269897460938, 173.2292022705078, 171.9332275390625, 171.1463165283203, 166.31011962890625, 171.5365447998047, 174.81369018554688, 164.7324676513672, 161.491943359375, 171.0604248046875, 171.04393005371094, 178.87110900878906, 169.76609802246094, 156.82901000976562, 166.7521209716797, 171.41796875, 160.95901489257812, 197.4565887451172, 189.1451416015625, 163.9132537841797, 166.87936401367188, 163.52664184570312, 160.6035614013672, 144.1104278564453, 161.81436157226562, 158.5110321044922, 149.09408569335938, 146.7255096435547, 161.3875732421875, 150.07330322265625, 145.50086975097656, 153.76202392578125, 142.03839111328125, 204.42922973632812, 148.80824279785156, 143.4365692138672, 157.25534057617188, 158.22900390625, 145.5658721923828, 147.56637573242188]}