{"aucroc": 0.7786669487735562, "aucpr": 0.2711347043140087, "dataset": "03_backdoor", "method": "refine", "test_ratio": 0.023666666666666666, "train_ratio": 0.014199999999999999, "labeled_anomalies": 0.6, "loe_loss": [282.7705383300781, 293.2459716796875, 271.00244140625, 306.9852294921875, 270.4832458496094, 289.8140869140625, 286.70648193359375, 259.9835205078125, 307.0404052734375, 274.6535949707031, 259.25543212890625, 344.912841796875, 300.8490905761719, 258.8050231933594, 274.579833984375, 256.5637512207031, 259.33819580078125, 255.65159606933594, 261.4158935546875, 260.5964050292969, 252.43795776367188, 262.672607421875, 250.823974609375, 256.58380126953125, 239.7570037841797, 259.6448059082031, 250.3160400390625, 244.03372192382812, 248.06771850585938, 243.8019256591797, 237.865234375, 271.379150390625, 237.75682067871094, 229.5986328125, 234.46810913085938, 227.91578674316406, 231.83238220214844, 244.9597930908203, 226.1873321533203, 232.45474243164062, 218.44601440429688, 233.64859008789062, 281.2076416015625, 221.17739868164062, 219.0857391357422, 232.5232391357422, 234.8613739013672, 210.8001708984375, 208.3734893798828, 212.49964904785156, 214.1271209716797, 249.6796875, 209.7413330078125, 205.33383178710938, 203.8277587890625, 207.36541748046875, 205.48648071289062, 203.5937042236328, 209.16421508789062, 255.7541046142578, 200.3085174560547, 213.80455017089844, 202.38507080078125, 209.97801208496094, 274.95526123046875, 210.35533142089844, 188.74990844726562, 201.35696411132812, 190.3295440673828, 184.47210693359375, 201.69058227539062, 241.0166473388672, 198.9562530517578, 184.47213745117188, 191.70065307617188, 232.4048309326172, 186.69676208496094, 190.30494689941406, 192.44210815429688, 182.69720458984375, 184.72842407226562, 184.03976440429688, 181.18687438964844, 180.86903381347656, 179.4196014404297, 181.0787353515625, 185.1927490234375, 173.67019653320312, 171.85963439941406, 181.4246826171875, 181.50840759277344, 189.02015686035156, 177.6350555419922, 168.08837890625, 179.85784912109375, 186.79852294921875, 170.87765502929688, 225.99168395996094, 203.23562622070312, 176.30307006835938, 178.568359375, 175.6348876953125, 170.88751220703125, 155.11415100097656, 178.93048095703125, 168.5462646484375, 160.55140686035156, 158.7736053466797, 225.62530517578125, 159.739013671875, 155.6812286376953, 163.3352813720703, 152.75631713867188, 264.65545654296875, 186.70602416992188, 154.81324768066406, 166.43954467773438, 166.73297119140625, 156.45220947265625, 156.55181884765625]}