{"aucroc": 0.7788410215475166, "aucpr": 0.26940704963081374, "dataset": "03_backdoor", "method": "soft", "test_ratio": 0.023666666666666666, "train_ratio": 0.014199999999999999, "labeled_anomalies": 0.6, "loe_loss": [280.4407653808594, 265.6330871582031, 266.8006591796875, 265.0241394042969, 272.8314208984375, 262.8527526855469, 268.4317626953125, 261.7227478027344, 250.97735595703125, 263.7107238769531, 266.38201904296875, 267.8982849121094, 265.916259765625, 249.47177124023438, 292.8670654296875, 257.5473327636719, 254.46188354492188, 275.4544982910156, 253.69256591796875, 245.72007751464844, 250.93162536621094, 251.41217041015625, 242.58363342285156, 249.4005126953125, 246.4250946044922, 250.02362060546875, 249.671142578125, 256.0746765136719, 241.33811950683594, 234.372314453125, 246.96421813964844, 234.80355834960938, 238.05117797851562, 241.2868194580078, 237.8406219482422, 241.95175170898438, 231.63296508789062, 227.21009826660156, 244.18833923339844, 220.34152221679688, 227.57000732421875, 245.80416870117188, 228.66378784179688, 222.23699951171875, 220.93655395507812, 212.53823852539062, 209.43801879882812, 302.6764831542969, 210.25445556640625, 201.05581665039062, 220.92672729492188, 204.0643310546875, 199.81820678710938, 208.2697296142578, 192.4214324951172, 197.83859252929688, 203.9713134765625, 199.84039306640625, 202.6453094482422, 192.4613494873047, 194.7596435546875, 192.30015563964844, 189.892822265625, 201.35260009765625, 188.46282958984375, 192.59170532226562, 185.00570678710938, 184.1798553466797, 176.67616271972656, 188.86990356445312, 177.0205841064453, 184.05950927734375, 169.6436004638672, 189.4898681640625, 171.15625, 182.9253692626953, 175.1975860595703, 177.76113891601562, 266.2253723144531, 217.85435485839844, 198.10772705078125, 173.6632843017578, 176.35704040527344, 181.18759155273438, 172.3764190673828, 172.2370147705078, 163.13153076171875, 175.65896606445312, 174.10250854492188, 179.73793029785156, 168.61314392089844, 172.8487548828125, 159.93533325195312, 159.66622924804688, 163.90782165527344, 152.2234344482422, 165.97425842285156, 150.38629150390625, 150.82118225097656, 163.8040313720703, 152.674072265625, 178.3711700439453, 146.69781494140625, 156.3140411376953, 165.2775115966797, 149.0889892578125, 164.62818908691406, 144.192138671875, 145.09226989746094, 146.80963134765625, 138.4647216796875, 144.78549194335938, 149.8328094482422, 132.35597229003906, 139.8529052734375, 289.49700927734375, 150.0250244140625, 133.78366088867188, 142.55410766601562, 155.15357971191406]}