{"aucroc": 0.9747251157407406, "aucpr": 0.9422874464566805, "dataset": "04_breastw", "method": "refine", "test_ratio": 0.36, "train_ratio": 0.0036, "labeled_anomalies": 0.01, "loe_loss": [18.183895111083984, 16.916629791259766, 17.218835830688477, 17.632902145385742, 17.19455337524414, 17.0870418548584, 15.94234848022461, 14.963238716125488, 15.86331558227539, 15.074165344238281, 14.862298965454102, 15.177877426147461, 14.391987800598145, 15.368617057800293, 14.797281265258789, 14.91165542602539, 14.604731559753418, 14.516143798828125, 14.000211715698242, 13.549821853637695, 14.094209671020508, 13.536613464355469, 13.659464836120605, 13.325980186462402, 13.79054069519043, 14.542648315429688, 13.833306312561035, 13.321237564086914, 13.562699317932129, 13.713053703308105, 13.14247989654541, 14.046219825744629, 13.126770973205566, 12.987960815429688, 14.180644989013672, 13.889116287231445, 13.003927230834961, 12.508625984191895, 13.164156913757324, 12.807526588439941, 12.23970890045166, 12.14853572845459, 12.006632804870605, 12.475460052490234, 12.385826110839844, 12.170838356018066, 12.733154296875, 12.022839546203613, 12.964728355407715, 11.575146675109863, 12.574264526367188, 11.541446685791016, 10.996045112609863, 11.941681861877441, 11.983898162841797, 11.6483736038208, 11.656085014343262, 11.610782623291016, 11.233634948730469, 11.483598709106445, 12.05283260345459, 11.690834999084473, 11.623339653015137, 11.623639106750488, 10.580256462097168, 11.087675094604492, 11.754707336425781, 11.555929183959961, 11.65554428100586, 11.6270170211792, 11.530086517333984, 10.97387981414795, 11.415825843811035, 11.471184730529785, 10.965816497802734, 10.961883544921875, 11.119194030761719, 11.464916229248047, 11.425642013549805, 11.292181015014648, 11.0499849319458, 10.972890853881836, 11.097044944763184, 10.979775428771973, 11.197056770324707, 11.151230812072754, 11.08504867553711, 11.124649047851562, 10.355761528015137, 10.891196250915527, 11.442998886108398, 11.036274909973145, 11.012893676757812, 10.9114990234375, 10.890007019042969, 10.723217010498047, 10.85473346710205, 10.814247131347656, 10.546707153320312, 10.68184757232666, 11.265639305114746, 10.675727844238281, 10.570638656616211, 11.417881965637207, 10.992122650146484, 11.171682357788086, 10.262672424316406, 10.328510284423828, 10.788668632507324, 10.309178352355957, 10.20523452758789, 10.748918533325195, 10.311225891113281, 11.050823211669922, 10.931824684143066, 10.790823936462402, 11.15475082397461, 10.759507179260254, 10.81068229675293, 10.703508377075195]}