{"aucroc": 0.9759403935185185, "aucpr": 0.9481565818387014, "dataset": "04_breastw", "method": "soft", "test_ratio": 0.36, "train_ratio": 0.072, "labeled_anomalies": 0.2, "loe_loss": [16.45665740966797, 15.310830116271973, 15.010032653808594, 14.125454902648926, 13.95729923248291, 13.625147819519043, 12.76392650604248, 13.695866584777832, 12.537223815917969, 12.959877014160156, 13.018898963928223, 11.542818069458008, 11.67015266418457, 11.35456371307373, 11.619029998779297, 12.331361770629883, 11.323735237121582, 12.25947093963623, 10.873662948608398, 11.97546100616455, 10.273241996765137, 11.754688262939453, 11.972387313842773, 11.608772277832031, 11.590752601623535, 10.937143325805664, 11.151788711547852, 10.912084579467773, 10.613890647888184, 11.502201080322266, 11.404083251953125, 11.875411033630371, 10.997769355773926, 11.042634963989258, 10.354825019836426, 10.775440216064453, 10.27574348449707, 12.02944564819336, 11.468677520751953, 10.089105606079102, 10.315177917480469, 10.084693908691406, 11.09415054321289, 10.710468292236328, 10.20478630065918, 10.257574081420898, 9.806042671203613, 10.923877716064453, 10.337305068969727, 10.868392944335938, 10.512636184692383, 10.223296165466309, 9.63113784790039, 10.223855018615723, 10.160074234008789, 10.865762710571289, 9.835217475891113, 9.830907821655273, 9.890729904174805, 10.176645278930664, 9.425629615783691, 9.75700569152832, 9.91533374786377, 10.144949913024902, 9.539862632751465, 9.210480690002441, 9.651853561401367, 9.715487480163574, 9.569117546081543, 9.669745445251465, 9.753536224365234, 9.718588829040527, 9.762887001037598, 9.829842567443848, 9.678884506225586, 9.327881813049316, 8.725757598876953, 8.810911178588867, 9.205774307250977, 8.74860954284668, 9.098020553588867, 8.666943550109863, 9.17319107055664, 9.02889633178711, 8.489167213439941, 8.600470542907715, 9.117838859558105, 9.22108268737793, 8.983373641967773, 8.584490776062012, 8.61933708190918, 8.668649673461914, 8.800889015197754, 8.179738998413086, 8.557741165161133, 8.826643943786621, 8.87003231048584, 8.206548690795898, 8.798644065856934, 8.867319107055664, 8.012752532958984, 8.250581741333008, 8.231169700622559, 8.112491607666016, 8.503413200378418, 8.137560844421387, 8.488126754760742, 8.326085090637207, 8.097676277160645, 7.923092842102051, 8.925858497619629, 8.826531410217285, 8.504034042358398, 7.786202907562256, 7.7297749519348145, 8.475136756896973, 8.035442352294922, 8.28023624420166, 7.894298553466797, 7.655088424682617]}