{"aucroc": 0.9673177083333334, "aucpr": 0.9418903538015625, "dataset": "04_breastw", "method": "soft", "test_ratio": 0.36, "train_ratio": 0.216, "labeled_anomalies": 0.6, "loe_loss": [11.07828140258789, 10.226734161376953, 10.0363130569458, 9.668661117553711, 9.120275497436523, 8.701346397399902, 8.377399444580078, 7.647486686706543, 7.813767433166504, 7.687346458435059, 7.107385635375977, 7.032768726348877, 6.943953990936279, 6.956974506378174, 6.492651462554932, 7.755712985992432, 6.281161785125732, 6.410082817077637, 6.748447418212891, 6.391233921051025, 6.4974236488342285, 6.5564446449279785, 6.30642557144165, 5.90489387512207, 6.983540058135986, 7.277015686035156, 5.809657573699951, 5.832565784454346, 5.437441349029541, 6.6708526611328125, 5.542769432067871, 5.832437515258789, 5.597269535064697, 5.767910957336426, 5.855040073394775, 6.189391136169434, 6.331112861633301, 5.427074432373047, 6.0765790939331055, 6.109264373779297, 5.580867290496826, 5.265417575836182, 6.33768367767334, 5.5323944091796875, 6.103146076202393, 5.329664707183838, 5.782358169555664, 4.769684791564941, 5.1519455909729, 5.069142818450928, 5.727622032165527, 5.57771110534668, 4.593403339385986, 5.59610652923584, 4.659262657165527, 5.340211391448975, 5.377307891845703, 4.491631031036377, 4.640133857727051, 4.321353435516357, 4.600053310394287, 5.067500114440918, 4.013316631317139, 4.819120407104492, 3.9115703105926514, 5.257108688354492, 3.686211347579956, 4.498638153076172, 4.914572715759277, 4.854437828063965, 4.891149044036865, 4.049213409423828, 3.726120948791504, 3.5784482955932617, 2.9286887645721436, 4.084125995635986, 4.940516471862793, 4.702673435211182, 3.8473434448242188, 3.8935599327087402, 3.947016716003418, 4.257786273956299, 3.3411974906921387, 5.086761951446533, 4.712681293487549, 3.1968863010406494, 3.512580394744873, 3.332460880279541, 3.338294506072998, 3.6380879878997803, 2.908722400665283, 3.479279041290283, 2.1953275203704834, 3.6619927883148193, 2.7572784423828125, 3.545811414718628, 2.795281410217285, 2.5523154735565186, 2.9833505153656006, 2.6781837940216064, 2.05255389213562, 1.9775387048721313, 2.185164213180542, 1.6934926509857178, 1.940481424331665, 1.9463188648223877, 2.3392434120178223, 1.082158088684082, 1.6369960308074951, 1.7129700183868408, 1.2559937238693237, 0.6558541655540466, 0.6602824330329895, 1.3256418704986572, -0.2912340760231018]}