{"aucroc": 0.9875, "aucpr": 0.9768074324215986, "dataset": "04_breastw", "method": "refine", "test_ratio": 0.36, "train_ratio": 0.3564, "labeled_anomalies": 0.99, "loe_loss": [9.39376163482666, 8.97075366973877, 8.801088333129883, 8.686412811279297, 8.343423843383789, 8.092718124389648, 7.778321266174316, 7.576152324676514, 7.64484977722168, 7.2745795249938965, 7.190229892730713, 7.152830600738525, 6.861131191253662, 7.068568229675293, 6.827661037445068, 6.780141353607178, 6.475797653198242, 6.4795379638671875, 6.4404096603393555, 6.334765911102295, 6.376358509063721, 6.018891334533691, 6.1378703117370605, 5.966933250427246, 6.110058784484863, 5.909189224243164, 5.985661506652832, 5.774456024169922, 5.774654388427734, 5.666743278503418, 5.8133416175842285, 6.085818290710449, 5.5633440017700195, 5.628901481628418, 5.777778625488281, 5.522430896759033, 5.2927751541137695, 5.3770575523376465, 6.046900272369385, 5.685425281524658, 5.110439300537109, 5.145171165466309, 5.0650224685668945, 5.044119834899902, 5.162130832672119, 4.969120502471924, 4.951419353485107, 5.004786491394043, 5.41952657699585, 4.885897636413574, 5.528199672698975, 4.781455039978027, 4.700582504272461, 4.709613800048828, 4.680585861206055, 5.019237995147705, 4.780267715454102, 4.6321306228637695, 4.570895671844482, 4.720308303833008, 4.926552772521973, 4.491612911224365, 4.4848456382751465, 4.439392566680908, 4.311221122741699, 4.29873514175415, 5.115077972412109, 4.5045857429504395, 4.439157009124756, 4.625749111175537, 4.521022796630859, 4.103023529052734, 4.42481803894043, 4.447510242462158, 3.9815025329589844, 4.043384552001953, 4.295456886291504, 4.306138038635254, 5.121020317077637, 4.063938617706299, 4.227567672729492, 3.967613697052002, 3.845158815383911, 4.032670497894287, 4.138742446899414, 4.370680332183838, 3.99444842338562, 4.468896389007568, 3.5312697887420654, 3.85379695892334, 5.227035045623779, 3.5609922409057617, 4.00386381149292, 3.935478448867798, 3.517578363418579, 3.5979154109954834, 4.024935722351074, 3.7236483097076416, 3.4094321727752686, 3.5293636322021484, 3.7805261611938477, 3.764845132827759, 3.3799190521240234, 4.663773536682129, 4.08080530166626, 3.4127886295318604, 3.200910806655884, 3.124152660369873, 3.829732894897461, 3.130777359008789, 3.1311306953430176, 3.1424310207366943, 3.077284097671509, 4.866621494293213, 4.505005836486816, 3.6978700160980225, 3.997016429901123, 4.112584114074707, 4.397713661193848, 3.024428129196167]}