{"aucroc": 0.9711853780864198, "aucpr": 0.9426767430264145, "dataset": "04_breastw", "method": "soft", "test_ratio": 0.36, "train_ratio": 0.144, "labeled_anomalies": 0.4, "loe_loss": [13.819365501403809, 12.830310821533203, 12.467146873474121, 11.648883819580078, 11.61818790435791, 11.292284965515137, 10.521307945251465, 11.20785140991211, 10.368047714233398, 10.703754425048828, 10.467989921569824, 9.438220024108887, 9.515766143798828, 9.272228240966797, 9.412798881530762, 10.0022554397583, 9.007087707519531, 9.8238525390625, 8.807960510253906, 9.931074142456055, 8.188541412353516, 9.41245174407959, 9.73078727722168, 9.519906997680664, 9.430057525634766, 8.695703506469727, 8.768141746520996, 8.569289207458496, 7.992814064025879, 9.275066375732422, 9.471354484558105, 9.57532787322998, 8.714406967163086, 8.793814659118652, 8.275596618652344, 8.799840927124023, 8.07960033416748, 9.665867805480957, 9.441397666931152, 7.773527145385742, 8.024075508117676, 7.859299659729004, 8.741925239562988, 8.790157318115234, 7.935532569885254, 8.20506477355957, 7.2673797607421875, 8.823902130126953, 8.149127960205078, 8.613271713256836, 8.257376670837402, 8.052713394165039, 7.46266508102417, 8.011587142944336, 7.920144081115723, 8.428407669067383, 7.710711479187012, 7.39370584487915, 7.606662750244141, 8.106103897094727, 7.453463554382324, 7.343382835388184, 7.857004165649414, 8.026363372802734, 7.411599636077881, 6.7345781326293945, 7.293196678161621, 7.740180492401123, 6.974541187286377, 7.482728004455566, 7.63159704208374, 7.536073684692383, 7.501821517944336, 7.443199634552002, 7.286770343780518, 6.680086612701416, 6.056029319763184, 6.594668865203857, 6.810219764709473, 6.190129280090332, 6.628468036651611, 6.022584915161133, 7.337551116943359, 6.599333763122559, 6.140327453613281, 5.993993282318115, 6.83369255065918, 6.77286958694458, 6.973067760467529, 5.921931743621826, 6.165347576141357, 6.450092792510986, 6.275936126708984, 5.724006652832031, 5.731186389923096, 5.9084272384643555, 5.847716808319092, 5.4874138832092285, 5.959867000579834, 6.12601900100708, 4.950565814971924, 5.49476957321167, 5.519838809967041, 5.475118160247803, 5.693588733673096, 5.212943077087402, 5.480031490325928, 5.947309970855713, 5.152019023895264, 4.965728759765625, 6.000288486480713, 6.330080986022949, 5.856861114501953, 5.168588161468506, 4.098649024963379, 5.78516149520874, 5.0684051513671875, 5.507614612579346, 4.191471099853516, 4.573895454406738]}