{"aucroc": 0.9803674768518518, "aucpr": 0.9559855550633873, "dataset": "04_breastw", "method": "soft", "test_ratio": 0.36, "train_ratio": 0.288, "labeled_anomalies": 0.8, "loe_loss": [9.55111026763916, 8.84665584564209, 8.443669319152832, 7.688354969024658, 7.080959320068359, 6.912588119506836, 6.713410377502441, 6.780134201049805, 6.630126953125, 5.724800109863281, 5.577554225921631, 5.140829563140869, 5.493051052093506, 5.2309722900390625, 5.66598653793335, 5.1106462478637695, 5.052609443664551, 4.936001777648926, 4.250814437866211, 4.853775978088379, 4.967231750488281, 4.305016040802002, 4.0718512535095215, 4.973390579223633, 4.186503887176514, 4.875095367431641, 4.294044017791748, 4.05058479309082, 4.378386974334717, 4.4245076179504395, 3.7413628101348877, 4.264764308929443, 4.098065376281738, 3.516007423400879, 3.912384033203125, 3.244340419769287, 3.7224695682525635, 3.939297676086426, 5.005609512329102, 3.523148775100708, 3.368656635284424, 3.8075807094573975, 4.260041236877441, 3.344944953918457, 3.376861572265625, 3.965935230255127, 2.912673234939575, 3.198624610900879, 2.6183741092681885, 2.9517765045166016, 4.69944953918457, 2.681344985961914, 3.6327641010284424, 3.273057460784912, 2.5157268047332764, 2.6526036262512207, 2.8350231647491455, 2.9352869987487793, 2.9642302989959717, 2.49350905418396, 1.6613097190856934, 3.187183380126953, 3.225353956222534, 2.320558547973633, 2.472295045852661, 2.511150598526001, 2.3577489852905273, 2.6171586513519287, 2.3055031299591064, 3.056325912475586, 2.50188946723938, 2.317671537399292, 2.753563642501831, 2.6557440757751465, 1.9035286903381348, 2.1328444480895996, 2.4414913654327393, 1.5815094709396362, 0.9695099592208862, 1.2481696605682373, 2.9662439823150635, 0.8129620552062988, 1.5687150955200195, 1.4685564041137695, 0.45906054973602295, 1.5845763683319092, 1.214286208152771, 0.8813230395317078, 2.056731700897217, 1.0320429801940918, 1.299221396446228, 0.774067759513855, 0.7082310914993286, 0.13062593340873718, 0.6875901222229004, -0.20855364203453064]}