{"aucroc": 0.7250703217766026, "aucpr": 0.27401951639186006, "dataset": "05_campaign", "method": "soft", "test_ratio": 0.11033333333333334, "train_ratio": 0.10923000000000001, "labeled_anomalies": 0.99, "loe_loss": [101.82920837402344, 99.73402404785156, 96.28446197509766, 93.67396545410156, 92.1551513671875, 94.9457778930664, 94.86540985107422, 92.40685272216797, 92.43148803710938, 92.4971923828125, 89.67898559570312, 90.51338195800781, 90.63794708251953, 88.53695678710938, 89.23169708251953, 88.4410629272461, 87.87162780761719, 89.240234375, 87.33689880371094, 86.75164794921875, 86.58097076416016, 83.58032989501953, 87.82241821289062, 86.65174865722656, 83.88487243652344, 83.96883392333984, 86.06761169433594, 82.05306243896484, 81.226318359375, 81.3771743774414, 74.60304260253906, 78.78111267089844, 80.92449188232422, 78.83612823486328, 78.06802368164062, 77.7071762084961, 76.53929901123047, 76.34967803955078, 75.70048522949219, 70.12255859375, 78.608642578125, 79.14582824707031, 76.76618194580078, 75.53700256347656, 76.34947204589844, 75.61759948730469, 73.72081756591797, 72.88304138183594, 76.4290771484375, 72.91561889648438, 73.89435577392578, 75.79525756835938, 73.49278259277344, 72.58909606933594, 73.57974243164062, 74.17802429199219, 72.29927825927734, 76.23774719238281, 74.69741821289062, 73.14484405517578, 72.57306671142578, 72.56449127197266, 72.19548797607422, 75.3663558959961, 73.52117919921875, 73.41565704345703, 72.55007934570312, 74.82003784179688, 73.12185668945312, 74.0844955444336, 72.37176513671875, 72.58360290527344, 71.86221313476562, 70.99091339111328, 69.15037536621094, 72.71823120117188, 74.38314056396484, 69.8471450805664, 71.3028793334961, 70.45720672607422, 72.5777587890625, 71.574462890625, 71.28775787353516, 69.84308624267578, 73.2738037109375, 69.94862365722656, 70.12456512451172, 71.0369644165039, 72.68729400634766, 70.86003112792969, 69.09224700927734, 70.93640899658203, 70.23907470703125, 72.07946014404297, 68.52104949951172, 70.2611083984375, 70.37782287597656, 69.63042449951172, 71.60326385498047, 69.9345932006836, 70.09288787841797, 69.88648223876953, 70.51178741455078, 68.8144302368164, 72.86876678466797, 70.42887115478516, 69.73739624023438, 70.6253662109375, 71.70326232910156, 69.28619384765625, 68.18347930908203, 70.53828430175781, 68.42835235595703, 70.44671630859375, 68.68596649169922, 68.46435546875, 72.59707641601562, 69.0550765991211, 68.35863494873047, 70.14096069335938]}