{"aucroc": 0.7215556478715566, "aucpr": 0.27066084762801224, "dataset": "05_campaign", "method": "refine", "test_ratio": 0.11033333333333334, "train_ratio": 0.0662, "labeled_anomalies": 0.6, "loe_loss": [112.24446105957031, 109.50465393066406, 107.7236557006836, 103.63528442382812, 103.94599914550781, 103.15482330322266, 106.99397277832031, 102.51449584960938, 103.76895141601562, 101.53656768798828, 101.77897644042969, 102.60890197753906, 100.53180694580078, 100.85071563720703, 100.78335571289062, 98.8606185913086, 97.89668273925781, 98.9522476196289, 98.8974838256836, 97.88449096679688, 97.6025161743164, 98.05500793457031, 94.72432708740234, 96.1959228515625, 96.83869934082031, 92.05913543701172, 93.06202697753906, 96.268310546875, 92.99156951904297, 94.13255310058594, 93.99461364746094, 92.86295318603516, 87.65727233886719, 92.51666259765625, 91.37609100341797, 90.77577209472656, 87.21490478515625, 91.31690216064453, 90.948486328125, 86.39447784423828, 89.74639129638672, 88.89939880371094, 86.59514617919922, 87.01631927490234, 83.70939636230469, 86.04082489013672, 84.11617279052734, 83.84674072265625, 83.49797058105469, 83.78842163085938, 84.58422088623047, 82.12935638427734, 81.79393768310547, 86.12094116210938, 83.5689697265625, 83.8129653930664, 80.42776489257812, 85.66260528564453, 82.37935638427734, 84.07032775878906, 80.852294921875, 81.62970733642578, 84.6297607421875, 81.47423553466797, 83.3526382446289, 82.82006072998047, 80.14305877685547, 82.20721435546875, 83.27978515625, 79.45973205566406, 82.52257537841797, 81.72734832763672, 84.52803039550781, 81.35733795166016, 82.46041870117188, 79.9372329711914, 81.43510437011719, 81.05572509765625, 81.18775939941406, 81.05469512939453, 81.79830932617188, 84.10143280029297, 81.86775970458984, 81.39726257324219, 82.92276000976562, 83.03502655029297, 78.29747772216797, 81.09273529052734, 79.856689453125, 80.96688842773438, 81.28087615966797, 78.57063293457031, 82.14310455322266, 78.64064025878906, 80.089599609375, 80.73242950439453, 81.54291534423828, 82.00674438476562, 79.75577545166016, 81.18295288085938, 78.80330657958984, 80.54502868652344, 79.2596435546875, 82.40591430664062, 77.72435760498047, 81.43663024902344, 81.6865234375, 77.58319091796875, 79.37229919433594, 79.79619598388672, 79.19317626953125, 78.64334869384766, 81.11997985839844, 79.7318115234375, 78.38069152832031, 79.47361755371094, 78.98493957519531, 81.66915893554688, 80.95695495605469, 78.72870635986328]}