{"aucroc": 0.7230742586641523, "aucpr": 0.271289862380601, "dataset": "05_campaign", "method": "refine", "test_ratio": 0.11033333333333334, "train_ratio": 0.08826666666666667, "labeled_anomalies": 0.8, "loe_loss": [108.68463134765625, 105.35934448242188, 103.97268676757812, 100.11346435546875, 100.42137145996094, 99.50190734863281, 102.94300842285156, 98.71733856201172, 99.76221466064453, 98.32058715820312, 98.11456298828125, 98.81253051757812, 96.94499969482422, 97.52291107177734, 97.1632308959961, 95.60897064208984, 94.39448547363281, 95.37935638427734, 95.43415069580078, 94.57349395751953, 94.04631042480469, 94.45740509033203, 91.41230010986328, 92.94120788574219, 93.29630279541016, 89.05294799804688, 90.40167236328125, 92.79299926757812, 89.80113983154297, 91.07324981689453, 90.78445434570312, 89.01567077636719, 84.74713134765625, 89.19701385498047, 87.79872131347656, 86.43096160888672, 83.9787826538086, 88.22343444824219, 87.69163513183594, 83.21603393554688, 86.93659973144531, 86.42204284667969, 82.56816101074219, 83.82030487060547, 81.30597686767578, 82.92680358886719, 81.21697235107422, 80.84166717529297, 80.68721008300781, 80.52761840820312, 81.29647827148438, 79.38877868652344, 78.77250671386719, 82.76920318603516, 80.60038757324219, 80.74777221679688, 77.13463592529297, 82.4031982421875, 79.64398956298828, 80.68861389160156, 77.93661499023438, 78.74513244628906, 81.55240631103516, 78.47303009033203, 79.85385131835938, 79.87106323242188, 77.35164642333984, 79.29328155517578, 80.72110748291016, 76.50690460205078, 79.38679504394531, 78.94379425048828, 81.30632019042969, 78.44432067871094, 79.26078796386719, 76.68392181396484, 78.26701354980469, 78.26609802246094, 78.13909912109375, 77.86798858642578, 78.48907470703125, 81.09893798828125, 78.9119873046875, 78.29911804199219, 79.82180786132812, 79.867919921875, 75.0330810546875, 78.10184478759766, 76.56582641601562, 77.70419311523438, 78.09534454345703, 75.77975463867188, 78.68415832519531, 75.51121520996094, 77.01776885986328, 77.46698760986328, 78.41960144042969, 78.82325744628906, 76.5877456665039, 78.25579071044922, 75.92415618896484, 77.42208862304688, 76.23541259765625, 79.01728057861328, 75.18496704101562, 78.38629150390625, 78.69763946533203, 74.86939239501953, 76.48249053955078, 76.73015594482422, 76.07283020019531, 75.67124938964844, 78.25263977050781, 76.90776062011719, 75.5911636352539, 76.39913940429688, 75.94119262695312, 78.7918701171875, 78.27265930175781, 75.81509399414062]}