{"aucroc": 0.7235882726481397, "aucpr": 0.273138269880291, "dataset": "05_campaign", "method": "soft", "test_ratio": 0.11033333333333334, "train_ratio": 0.08826666666666667, "labeled_anomalies": 0.8, "loe_loss": [104.93207550048828, 102.82050323486328, 99.32490539550781, 96.77481079101562, 95.10472869873047, 98.07013702392578, 97.900634765625, 95.31562042236328, 95.13938903808594, 95.55519104003906, 92.40424346923828, 93.387451171875, 93.5337905883789, 91.38764190673828, 91.58522033691406, 91.43273162841797, 90.40331268310547, 92.00374603271484, 90.02803039550781, 89.51811981201172, 89.14466094970703, 86.27903747558594, 90.75128173828125, 89.27375793457031, 86.53300476074219, 86.93241119384766, 88.62989807128906, 84.57946014404297, 83.85475158691406, 83.23818969726562, 77.16473388671875, 80.89886474609375, 83.52546691894531, 81.45243072509766, 81.2381591796875, 80.80925750732422, 79.25238800048828, 79.00235748291016, 77.73117065429688, 72.59309387207031, 81.26420593261719, 81.49752044677734, 79.12069702148438, 78.09077453613281, 79.2802734375, 78.21895599365234, 76.46488952636719, 74.9080581665039, 78.67935943603516, 75.13667297363281, 76.25530242919922, 78.83145141601562, 76.14089965820312, 75.09689331054688, 75.74497985839844, 76.6912841796875, 74.53876495361328, 78.81531524658203, 77.38447570800781, 75.75350189208984, 74.49508666992188, 74.91766357421875, 74.61446380615234, 77.95074462890625, 75.96543884277344, 76.06063842773438, 74.71900939941406, 77.63716125488281, 75.36577606201172, 76.6812744140625, 74.35782623291016, 75.38439178466797, 74.39757537841797, 73.43142700195312, 71.14306640625, 75.22599029541016, 76.74488067626953, 72.05622863769531, 74.06415557861328, 73.10111999511719, 75.18618774414062, 73.9647216796875, 73.72562408447266, 72.25762176513672, 75.86009216308594, 72.07638549804688, 72.81744384765625, 73.49131774902344, 75.23133850097656, 73.472900390625, 71.52365112304688, 73.14898681640625, 72.73787689208984, 74.53073120117188, 70.76419067382812, 72.65595245361328, 72.70384979248047, 72.27597045898438, 74.19352722167969, 72.24993133544922, 72.57772064208984, 72.68694305419922, 73.15958404541016, 70.74408721923828, 75.50645446777344, 73.21876525878906, 71.98686981201172, 73.1960678100586, 74.42662811279297, 71.33708190917969, 70.74201965332031, 73.10115814208984, 70.91606140136719, 73.36920928955078, 71.21744537353516, 71.25277709960938, 75.20120239257812, 71.51853942871094, 70.78289031982422, 72.72296142578125]}