{"aucroc": 0.7218038823280384, "aucpr": 0.26999601193068873, "dataset": "05_campaign", "method": "refine", "test_ratio": 0.11033333333333334, "train_ratio": 0.04413333333333334, "labeled_anomalies": 0.4, "loe_loss": [116.16820526123047, 113.77191925048828, 111.7181167602539, 107.42538452148438, 107.68463134765625, 106.95572662353516, 111.39598083496094, 106.45497131347656, 108.16775512695312, 105.11062622070312, 105.88800048828125, 106.5269546508789, 104.32302856445312, 104.60755157470703, 104.61532592773438, 102.25261688232422, 101.67926788330078, 102.81807708740234, 102.58409118652344, 101.61406707763672, 101.21031188964844, 101.63358306884766, 98.01959228515625, 99.91350555419922, 100.26116943359375, 95.48645782470703, 96.99128723144531, 99.53865814208984, 96.421630859375, 97.85826873779297, 98.17378997802734, 96.5662841796875, 91.65396118164062, 96.27359008789062, 94.9781265258789, 92.90363311767578, 89.93539428710938, 95.55763244628906, 94.40302276611328, 89.5233154296875, 93.62181854248047, 92.21446228027344, 90.06465148925781, 90.4568862915039, 87.06336212158203, 88.9737777709961, 87.23667907714844, 86.7467041015625, 86.630615234375, 86.9661865234375, 88.46795654296875, 84.77515411376953, 84.82304382324219, 89.07481384277344, 87.25679016113281, 87.1280517578125, 83.33141326904297, 88.61426544189453, 85.36817932128906, 87.51537322998047, 84.285400390625, 85.09539031982422, 87.6778564453125, 84.72542572021484, 86.52135467529297, 86.10067749023438, 83.35577392578125, 85.47483825683594, 86.6356201171875, 82.37471008300781, 85.36982727050781, 84.89331817626953, 87.43738555908203, 84.3642807006836, 85.3218765258789, 82.67149353027344, 84.43180847167969, 84.32532501220703, 84.11457824707031, 84.26506042480469, 84.9242935180664, 87.07456970214844, 84.78884887695312, 84.55296325683594, 85.97647857666016, 86.11521911621094, 81.19050598144531, 84.07365417480469, 82.76453399658203, 84.1050033569336, 84.0591812133789, 81.36602783203125, 85.34457397460938, 81.76107788085938, 83.00971984863281, 83.40658569335938, 84.43022155761719, 84.85131072998047, 82.55662536621094, 83.99337768554688, 81.59554290771484, 83.54800415039062, 81.7774658203125, 85.16482543945312, 80.3386001586914, 84.14012145996094, 84.64546966552734, 80.46686553955078, 82.1727066040039, 82.81610107421875, 81.93278503417969, 81.60771942138672, 84.25425720214844, 82.8839111328125, 81.28907775878906, 82.39628601074219, 81.72733306884766, 84.63648986816406, 83.5882339477539, 81.8106689453125]}