{"aucroc": 0.7228603219916712, "aucpr": 0.2710230748927422, "dataset": "05_campaign", "method": "soft", "test_ratio": 0.11033333333333334, "train_ratio": 0.04413333333333334, "labeled_anomalies": 0.4, "loe_loss": [114.70659637451172, 112.7818603515625, 109.303466796875, 106.99214935302734, 104.5750961303711, 108.08796691894531, 107.39435577392578, 104.65511322021484, 104.37197875976562, 105.48883819580078, 103.05843353271484, 102.32170104980469, 103.260498046875, 100.95647430419922, 100.15678405761719, 101.13328552246094, 99.43562316894531, 101.21988677978516, 99.32666015625, 98.98216247558594, 97.9813461303711, 95.44904327392578, 100.42999267578125, 98.15725708007812, 95.50434875488281, 96.0016098022461, 97.603515625, 93.93719482421875, 92.73483276367188, 91.9771728515625, 86.48324584960938, 90.01074981689453, 92.634521484375, 89.28982543945312, 89.50923156738281, 89.43264770507812, 88.54380798339844, 87.16230010986328, 86.55872344970703, 81.00749969482422, 89.94004821777344, 90.38594818115234, 87.22415161132812, 85.85164642333984, 87.35214233398438, 86.31935119628906, 84.42788696289062, 82.86699676513672, 86.77590942382812, 83.15684509277344, 84.17234802246094, 87.6420669555664, 83.83621215820312, 83.4002456665039, 84.63029479980469, 84.78472137451172, 83.09204864501953, 87.64990997314453, 85.34896087646484, 83.87004089355469, 81.91796112060547, 82.97625732421875, 82.62071228027344, 86.04502868652344, 83.66204833984375, 84.25617218017578, 82.26165771484375, 85.86471557617188, 83.15057373046875, 84.43968200683594, 82.17231750488281, 83.45201110839844, 82.51721954345703, 81.42604064941406, 78.2822036743164, 83.70999908447266, 84.43074798583984, 79.94508361816406, 82.05229187011719, 81.67344665527344, 83.19779205322266, 82.30728912353516, 81.88444519042969, 80.13800048828125, 83.53107452392578, 79.9847412109375, 81.7162857055664, 81.67611694335938, 83.31947326660156, 81.75978088378906, 79.67001342773438, 80.91215515136719, 80.66349029541016, 82.77433776855469, 79.00155639648438, 80.89391326904297, 80.69994354248047, 80.01020812988281, 82.27436828613281, 80.55332946777344, 80.16320037841797, 80.76786041259766, 81.42854309082031, 78.64823913574219, 83.3035888671875, 81.08798217773438, 79.3739013671875, 81.23506927490234, 82.35193634033203, 78.96967315673828, 79.22695922851562, 81.74083709716797, 78.95147705078125, 81.764892578125, 79.15696716308594, 79.75602722167969, 83.18183898925781, 79.34297180175781, 78.49164581298828, 80.87516021728516]}