{"aucroc": 0.9497133745871456, "aucpr": 0.626145493965492, "dataset": "06_cardio", "method": "refine", "test_ratio": 0.09636363636363636, "train_ratio": 0.05781818181818181, "labeled_anomalies": 0.6, "loe_loss": [45.08583450317383, 38.82622146606445, 37.591758728027344, 37.49136734008789, 37.46751403808594, 38.30031967163086, 36.66933822631836, 36.084495544433594, 36.96013641357422, 36.66034698486328, 35.54292297363281, 34.97129440307617, 33.8089714050293, 35.340702056884766, 34.582435607910156, 33.73703384399414, 34.24163818359375, 32.81986618041992, 34.059566497802734, 33.64434814453125, 33.307716369628906, 32.62443923950195, 32.955650329589844, 31.807697296142578, 32.60151672363281, 33.734291076660156, 32.79662322998047, 32.497596740722656, 31.77941131591797, 32.553165435791016, 32.54621124267578, 31.772920608520508, 32.005950927734375, 31.515628814697266, 31.145248413085938, 31.431289672851562, 32.46012878417969, 31.330520629882812, 31.45785140991211, 31.361156463623047, 31.433460235595703, 31.169078826904297, 30.933025360107422, 30.91480255126953, 31.49361228942871, 30.33303451538086, 31.243392944335938, 31.078662872314453, 31.343355178833008, 31.757631301879883, 31.37596893310547, 30.344257354736328, 30.573596954345703, 31.327722549438477, 31.11060333251953, 30.462114334106445, 30.737224578857422, 30.89495086669922, 29.445091247558594, 30.12122917175293, 30.195709228515625, 30.66167640686035, 30.120763778686523, 29.84683609008789, 30.844636917114258, 29.30014419555664, 29.490232467651367, 30.50057601928711, 30.36762809753418, 30.254161834716797, 29.876800537109375, 29.564298629760742, 31.067459106445312, 29.18512725830078, 28.97426986694336, 28.805063247680664, 30.50222396850586, 29.294891357421875, 29.57284164428711, 29.910358428955078, 29.230457305908203, 29.330976486206055, 30.26633071899414, 28.216407775878906, 29.334623336791992, 29.463171005249023, 28.825716018676758, 28.972881317138672, 29.25605010986328, 29.259435653686523, 29.311233520507812, 28.156949996948242, 29.37285614013672, 29.127473831176758, 29.131574630737305, 28.55364227294922, 29.489917755126953, 28.884632110595703, 30.347448348999023, 28.967792510986328, 28.48196029663086, 28.490018844604492, 28.959136962890625, 29.308692932128906, 28.992280960083008, 28.173091888427734, 28.600950241088867, 28.408384323120117, 27.745473861694336, 28.09539031982422, 29.281448364257812, 28.279802322387695, 28.464818954467773, 28.641279220581055, 28.068803787231445, 28.523653030395508, 28.158769607543945, 28.46150779724121, 28.05028533935547, 27.361101150512695]}