{"aucroc": 0.9508143198815535, "aucpr": 0.6323480559570906, "dataset": "06_cardio", "method": "refine", "test_ratio": 0.09636363636363636, "train_ratio": 0.0954, "labeled_anomalies": 0.99, "loe_loss": [42.154903411865234, 36.58171844482422, 35.3242073059082, 35.2136344909668, 35.14350891113281, 35.921531677246094, 34.44073486328125, 33.790042877197266, 34.61956024169922, 34.489219665527344, 33.34737777709961, 32.658172607421875, 31.912521362304688, 33.180992126464844, 32.40362548828125, 31.800809860229492, 32.196510314941406, 30.950851440429688, 32.034027099609375, 31.628829956054688, 31.360992431640625, 30.871122360229492, 30.904563903808594, 30.074413299560547, 30.65142250061035, 31.502634048461914, 30.781009674072266, 30.711240768432617, 30.029447555541992, 30.726253509521484, 30.646297454833984, 30.053813934326172, 30.203113555908203, 29.80295181274414, 29.504138946533203, 29.610679626464844, 30.5685977935791, 29.502368927001953, 29.80815887451172, 29.83951759338379, 29.83028221130371, 29.555479049682617, 29.239755630493164, 29.269685745239258, 29.74516487121582, 28.79022979736328, 29.363704681396484, 29.352277755737305, 29.590179443359375, 29.86846160888672, 29.630741119384766, 28.747900009155273, 29.020252227783203, 29.676589965820312, 29.359638214111328, 28.867910385131836, 28.917591094970703, 29.128007888793945, 27.97941780090332, 28.49373435974121, 28.481433868408203, 29.00006675720215, 28.37805938720703, 28.301651000976562, 29.013893127441406, 27.69525909423828, 27.90007972717285, 28.857803344726562, 28.425687789916992, 28.563217163085938, 28.208093643188477, 27.948915481567383, 29.063541412353516, 27.675128936767578, 27.32124900817871, 27.20589256286621, 28.753463745117188, 27.58047103881836, 27.851953506469727, 28.26620864868164, 27.654603958129883, 27.78015899658203, 28.622865676879883, 26.826356887817383, 27.671409606933594, 27.74665641784668, 27.20815086364746, 27.283123016357422, 27.706222534179688, 27.671220779418945, 27.682491302490234, 26.643795013427734, 27.790603637695312, 27.597543716430664, 27.50335121154785, 26.933292388916016, 27.677410125732422, 27.19927406311035, 28.23235321044922, 27.248701095581055, 26.854230880737305, 26.941082000732422, 27.445505142211914, 27.718393325805664, 27.578676223754883, 26.67145538330078, 27.034687042236328, 26.889102935791016, 26.193510055541992, 26.646339416503906, 27.790029525756836, 26.459300994873047, 26.90838050842285, 27.084468841552734, 26.552066802978516, 26.779850006103516, 26.511459350585938, 27.076547622680664, 26.443143844604492, 25.775924682617188]}