{"aucroc": 0.9532857522493451, "aucpr": 0.6263088223075503, "dataset": "06_cardio", "method": "refine", "test_ratio": 0.09636363636363636, "train_ratio": 0.0009636363636363637, "labeled_anomalies": 0.01, "loe_loss": [50.60299301147461, 42.882686614990234, 42.82041931152344, 43.09979248046875, 41.51057052612305, 42.280921936035156, 40.75138473510742, 40.03915786743164, 41.05634689331055, 40.920101165771484, 40.18592834472656, 39.12336349487305, 37.03392028808594, 38.70405960083008, 38.45879364013672, 37.09828186035156, 37.799015045166016, 36.636837005615234, 38.11402893066406, 37.22578430175781, 36.6301155090332, 35.49828338623047, 36.931060791015625, 34.475040435791016, 36.05622863769531, 37.71520233154297, 36.86389923095703, 35.73649978637695, 34.98427200317383, 37.51302719116211, 36.080074310302734, 35.63602066040039, 35.239654541015625, 34.88509750366211, 34.02760696411133, 35.00770950317383, 36.3389778137207, 35.68396759033203, 34.62932586669922, 34.45669174194336, 34.158382415771484, 34.477821350097656, 34.483367919921875, 34.48632049560547, 35.131553649902344, 33.36302947998047, 35.257080078125, 34.68639373779297, 34.82483673095703, 35.655067443847656, 34.5184326171875, 33.03356170654297, 33.20820617675781, 34.22261047363281, 34.33155059814453, 33.12655258178711, 34.58259582519531, 34.54743957519531, 32.30952453613281, 32.97393798828125, 33.17251968383789, 33.69975280761719, 34.43324279785156, 33.01081466674805, 34.34770965576172, 32.402137756347656, 32.39645767211914, 33.5573844909668, 34.01823806762695, 33.261322021484375, 34.25092315673828, 33.25706481933594, 34.60179138183594, 32.46440887451172, 32.34556198120117, 32.13947677612305, 34.04078674316406, 32.306663513183594, 32.926021575927734, 33.119956970214844, 32.43743133544922, 32.335914611816406, 33.14292526245117, 30.714067459106445, 32.41203689575195, 32.723209381103516, 31.792810440063477, 32.48358917236328, 31.910053253173828, 32.022647857666016, 32.76206588745117, 31.149568557739258, 32.621673583984375, 31.99258041381836, 32.87668991088867, 31.841655731201172, 32.95625686645508, 31.908199310302734, 33.73478317260742, 31.734561920166016, 31.227115631103516, 31.187971115112305, 31.772418975830078, 32.810203552246094, 32.62257766723633, 31.30976676940918, 31.85427474975586, 31.523744583129883, 30.785430908203125, 30.528656005859375, 32.648414611816406, 31.3444881439209, 31.38968276977539, 32.23677444458008, 31.339075088500977, 30.98595428466797, 31.39945411682129, 31.2293643951416, 30.87576675415039, 30.548553466796875]}