{"aucroc": 0.9495121673436847, "aucpr": 0.6278276125818965, "dataset": "06_cardio", "method": "refine", "test_ratio": 0.09636363636363636, "train_ratio": 0.0770909090909091, "labeled_anomalies": 0.8, "loe_loss": [43.84263610839844, 37.911903381347656, 36.639739990234375, 36.565303802490234, 36.47792434692383, 37.31773376464844, 35.756126403808594, 35.1531982421875, 35.996253967285156, 35.74451446533203, 34.59965896606445, 33.929805755615234, 33.00062942504883, 34.43230438232422, 33.6694221496582, 32.94904708862305, 33.405853271484375, 32.0846061706543, 33.26889419555664, 32.88241958618164, 32.58454895019531, 31.98720359802246, 32.17120361328125, 31.151552200317383, 31.807235717773438, 32.78374099731445, 31.978288650512695, 31.7083740234375, 31.013612747192383, 31.766407012939453, 31.707134246826172, 31.01801872253418, 31.23792839050293, 30.736141204833984, 30.4006404876709, 30.628271102905273, 31.598852157592773, 30.492835998535156, 30.708251953125, 30.654386520385742, 30.686275482177734, 30.411603927612305, 30.1549015045166, 30.16143035888672, 30.712120056152344, 29.61601448059082, 30.362529754638672, 30.27307891845703, 30.553224563598633, 30.895862579345703, 30.603191375732422, 29.639598846435547, 29.88433837890625, 30.60517120361328, 30.29755973815918, 29.75875473022461, 29.924171447753906, 30.10268783569336, 28.788259506225586, 29.396034240722656, 29.441282272338867, 29.915822982788086, 29.348976135253906, 29.183107376098633, 30.033504486083984, 28.60150718688965, 28.805286407470703, 29.763708114624023, 29.51593017578125, 29.505189895629883, 29.143939971923828, 28.892499923706055, 30.178815841674805, 28.527503967285156, 28.261367797851562, 28.103384017944336, 29.71402359008789, 28.568655014038086, 28.799325942993164, 29.1845645904541, 28.554725646972656, 28.658893585205078, 29.549198150634766, 27.631866455078125, 28.61261749267578, 28.74919319152832, 28.15155792236328, 28.219646453857422, 28.608922958374023, 28.60625457763672, 28.625532150268555, 27.48661231994629, 28.743154525756836, 28.446544647216797, 28.362112045288086, 27.87428855895996, 28.71476173400879, 28.14446449279785, 29.40536880493164, 28.22663688659668, 27.77250099182129, 27.838794708251953, 28.254976272583008, 28.55904769897461, 28.331981658935547, 27.542346954345703, 27.906295776367188, 27.733938217163086, 27.08435821533203, 27.439836502075195, 28.60963249206543, 27.37981605529785, 27.732797622680664, 27.86903190612793, 27.401817321777344, 27.71198844909668, 27.43300437927246, 27.759723663330078, 27.234153747558594, 26.615100860595703]}