{"aucroc": 0.9508181162446376, "aucpr": 0.6261575144434126, "dataset": "06_cardio", "method": "refine", "test_ratio": 0.09636363636363636, "train_ratio": 0.03854545454545455, "labeled_anomalies": 0.4, "loe_loss": [47.08095932006836, 40.43855667114258, 39.1879768371582, 39.001583099365234, 39.02117919921875, 39.882266998291016, 38.27691650390625, 37.69838333129883, 38.536380767822266, 38.13739776611328, 37.03282165527344, 36.554744720458984, 35.03483963012695, 36.752838134765625, 36.08064651489258, 35.13223648071289, 35.675148010253906, 34.25461959838867, 35.64516830444336, 35.198333740234375, 34.72395324707031, 33.88179016113281, 34.500789642333984, 33.01895523071289, 34.01834487915039, 35.47058868408203, 34.59501647949219, 34.05168914794922, 33.31818771362305, 34.09024429321289, 34.1345100402832, 33.300140380859375, 33.374454498291016, 32.911521911621094, 32.52936935424805, 32.93140411376953, 34.158878326416016, 32.95137023925781, 32.89745330810547, 32.68756103515625, 32.753578186035156, 32.58808135986328, 32.50852966308594, 32.35228729248047, 33.16300582885742, 31.615808486938477, 32.943031311035156, 32.578155517578125, 32.90504455566406, 33.446495056152344, 32.7598762512207, 31.6153564453125, 31.843441009521484, 32.696495056152344, 32.583919525146484, 31.71999740600586, 32.27471923828125, 32.476524353027344, 30.72683334350586, 31.47242546081543, 31.520645141601562, 31.902116775512695, 31.843725204467773, 31.105791091918945, 32.287010192871094, 30.618610382080078, 30.643882751464844, 31.885269165039062, 31.95722770690918, 31.42657470703125, 31.254085540771484, 30.892608642578125, 32.50067138671875, 30.539522171020508, 30.237960815429688, 30.09499740600586, 31.87405776977539, 30.632762908935547, 31.048662185668945, 31.29306411743164, 30.56087875366211, 30.63817024230957, 31.421457290649414, 29.336162567138672, 30.607378005981445, 30.865131378173828, 30.18479347229004, 30.534101486206055, 30.36224365234375, 30.343971252441406, 30.507814407348633, 29.38100242614746, 30.672473907470703, 30.33051872253418, 30.58877944946289, 29.935972213745117, 30.998796463012695, 30.07600212097168, 31.78199005126953, 30.175477981567383, 29.69549560546875, 29.58965492248535, 30.15770721435547, 30.690292358398438, 30.257436752319336, 29.330059051513672, 29.938268661499023, 29.620344161987305, 29.113426208496094, 29.1437931060791, 30.709373474121094, 29.482107162475586, 29.665090560913086, 30.013301849365234, 29.474565505981445, 29.619436264038086, 29.593828201293945, 29.60080337524414, 29.185747146606445, 28.644580841064453]}