{"aucroc": 0.9551839337914279, "aucpr": 0.634584133907248, "dataset": "06_cardio", "method": "soft", "test_ratio": 0.09636363636363636, "train_ratio": 0.0009636363636363637, "labeled_anomalies": 0.01, "loe_loss": [48.797935485839844, 45.22249984741211, 43.284568786621094, 41.16413497924805, 44.224700927734375, 39.87553405761719, 40.519893646240234, 40.89462661743164, 40.70450973510742, 41.053375244140625, 38.10920333862305, 40.43370819091797, 38.03954315185547, 39.933067321777344, 39.59498596191406, 39.30797576904297, 37.767337799072266, 37.6035270690918, 37.766658782958984, 37.34278106689453, 37.595497131347656, 37.08320617675781, 38.20085144042969, 36.61396789550781, 36.803951263427734, 37.80610275268555, 37.19571304321289, 37.92844772338867, 35.52920913696289, 37.65715026855469, 35.79001235961914, 34.33851623535156, 35.645545959472656, 36.041996002197266, 34.51228713989258, 34.76079177856445, 33.31325912475586, 34.62343978881836, 35.45891189575195, 35.87867736816406, 35.098419189453125, 33.85930633544922, 34.31703567504883, 35.07579040527344, 34.4909782409668, 33.02508544921875, 34.82643127441406, 34.8369026184082, 34.35316467285156, 35.04536056518555, 34.04270553588867, 33.49344253540039, 34.85784912109375, 33.97853088378906, 34.851409912109375, 33.893611907958984, 34.49689865112305, 33.00664520263672, 33.1876220703125, 33.79483413696289, 33.18553161621094, 31.90006446838379, 34.03919982910156, 32.039058685302734, 32.236515045166016, 34.11653137207031, 33.91238021850586, 33.6177864074707, 33.468196868896484, 32.82195281982422, 33.32026672363281, 33.085166931152344, 32.686092376708984, 33.08005905151367, 32.148963928222656, 31.61800765991211, 33.09779739379883, 32.11675262451172, 33.3291015625, 35.54634094238281, 33.04975128173828, 33.331520080566406, 32.93321990966797, 32.13408660888672, 33.564151763916016, 32.50343322753906, 32.384315490722656, 32.90349197387695, 32.46824645996094, 33.1746940612793, 32.04386520385742, 31.42233657836914, 31.583253860473633, 31.169889450073242, 32.540260314941406, 33.842037200927734, 32.05901336669922, 32.34342575073242, 32.3236198425293, 32.14039993286133, 31.257667541503906, 32.4266471862793, 31.480804443359375, 31.21157455444336, 32.63172149658203, 32.4744873046875, 31.322677612304688, 30.662195205688477, 30.69632339477539, 31.208919525146484, 32.62861251831055, 31.188152313232422, 31.653486251831055, 33.26713180541992, 30.872726440429688, 32.27093505859375, 33.22416305541992, 31.293489456176758, 30.944416046142578, 30.89937400817871]}