{"aucroc": 0.693559163059163, "aucpr": 0.44222227289283567, "dataset": "07_Cardiotocography", "method": "refine", "test_ratio": 0.2204724409448819, "train_ratio": 0.04409448818897638, "labeled_anomalies": 0.2, "loe_loss": [44.32956314086914, 39.29572677612305, 37.51930618286133, 38.8444938659668, 37.71555709838867, 37.726158142089844, 36.74142074584961, 36.793800354003906, 36.69650650024414, 37.2863655090332, 35.44951629638672, 36.00733184814453, 36.25127029418945, 34.19602584838867, 35.67230987548828, 34.49135208129883, 35.823543548583984, 35.54800796508789, 34.41985321044922, 33.74692153930664, 34.32815933227539, 33.56435775756836, 33.45859909057617, 35.72304153442383, 32.80414962768555, 34.462581634521484, 34.01348876953125, 34.53031921386719, 33.085105895996094, 33.36924743652344, 33.55416488647461, 33.19941711425781, 31.516719818115234, 32.449913024902344, 32.82188415527344, 32.80223846435547, 32.08094024658203, 31.118436813354492, 31.01760482788086, 33.41941833496094, 31.731414794921875, 31.930253982543945, 32.45399475097656, 32.87113571166992, 31.970165252685547, 31.46270751953125, 32.634700775146484, 32.613555908203125, 31.336750030517578, 32.25895309448242, 32.676971435546875, 32.01772689819336, 32.44015121459961, 30.871164321899414, 31.491661071777344, 30.707035064697266, 32.01691818237305, 30.162567138671875, 31.121196746826172, 31.356891632080078, 30.06744384765625, 30.140117645263672, 31.229219436645508, 30.76120376586914, 31.357372283935547, 30.83786392211914, 30.33930206298828, 31.220857620239258, 31.344486236572266, 31.132984161376953, 30.35315704345703, 30.052139282226562, 30.10096549987793, 30.475732803344727, 30.039188385009766, 30.91448211669922, 30.519556045532227, 30.519498825073242, 30.048707962036133, 29.88963508605957, 29.986875534057617, 31.354846954345703, 30.397769927978516, 30.88287353515625, 30.22466468811035, 30.426057815551758, 30.70453643798828, 29.628034591674805, 30.434146881103516, 29.54552459716797, 30.72345733642578, 29.974924087524414, 29.957883834838867, 30.41043472290039, 30.369544982910156, 30.13713264465332, 29.919282913208008, 29.852638244628906, 29.370901107788086, 29.173398971557617, 30.468639373779297, 29.459007263183594, 28.761375427246094, 30.16480255126953, 29.08631706237793, 30.152042388916016, 31.390459060668945, 29.192665100097656, 29.650115966796875, 29.194904327392578, 29.268587112426758, 29.223052978515625, 30.077964782714844, 29.010818481445312, 29.302316665649414, 29.329145431518555, 29.14965057373047, 28.800344467163086, 28.883777618408203, 29.200353622436523]}