{"aucroc": 0.5909797979797979, "aucpr": 0.3923672918024083, "dataset": "07_Cardiotocography", "method": "soft", "test_ratio": 0.2204724409448819, "train_ratio": 0.21826771653543306, "labeled_anomalies": 0.99, "loe_loss": [31.313125610351562, 27.101531982421875, 26.605396270751953, 24.81752586364746, 25.093555450439453, 25.392208099365234, 25.301616668701172, 25.288156509399414, 24.168365478515625, 24.570695877075195, 24.374649047851562, 23.77153778076172, 23.771081924438477, 23.339826583862305, 23.615169525146484, 23.550111770629883, 23.148090362548828, 23.89759635925293, 23.465089797973633, 22.504119873046875, 22.45635414123535, 23.093299865722656, 23.412113189697266, 22.022674560546875, 23.009178161621094, 22.871667861938477, 22.716670989990234, 22.171142578125, 22.0593318939209, 22.705726623535156, 22.430038452148438, 22.29159927368164, 23.177444458007812, 21.7622127532959, 22.17682456970215, 21.79298973083496, 21.616016387939453, 21.623842239379883, 22.003211975097656, 21.44766616821289, 21.613327026367188, 21.45343017578125, 21.639902114868164, 21.96831512451172, 21.673568725585938, 20.564922332763672, 21.68838119506836, 21.466793060302734, 21.060009002685547, 21.041696548461914, 21.696781158447266, 21.23894691467285, 21.115392684936523, 20.93242073059082, 21.647335052490234, 21.467805862426758, 20.847450256347656, 20.638639450073242, 20.94918441772461, 20.590429306030273, 20.838390350341797, 20.564762115478516, 20.427154541015625, 20.179960250854492, 20.829587936401367, 21.28388023376465, 21.08881378173828, 20.63629722595215, 20.20635414123535, 21.018699645996094, 20.6635799407959, 20.933725357055664, 20.798738479614258, 20.867345809936523, 21.119848251342773, 19.710468292236328, 20.73249053955078, 20.324623107910156, 20.7391414642334, 20.695903778076172, 20.213233947753906, 21.135087966918945, 20.6259765625, 19.629980087280273, 19.949459075927734, 20.511754989624023, 19.768617630004883, 20.512718200683594, 20.11379051208496, 20.102548599243164, 19.178869247436523, 20.424381256103516, 19.83295440673828, 20.326171875, 20.11634635925293, 20.104394912719727, 19.931949615478516, 19.813922882080078, 19.990381240844727, 19.882266998291016, 20.112462997436523, 19.905296325683594, 20.05667495727539, 19.04750633239746, 19.74053955078125, 19.600317001342773, 20.323688507080078, 20.046260833740234, 18.830839157104492, 19.22602081298828, 19.595848083496094, 19.68670654296875, 18.48482322692871, 19.808937072753906, 19.134572982788086, 19.689067840576172, 19.757740020751953, 19.19599723815918, 19.628286361694336, 19.43260955810547]}