{"aucroc": 0.6282077922077922, "aucpr": 0.4063698796436256, "dataset": "07_Cardiotocography", "method": "soft", "test_ratio": 0.2204724409448819, "train_ratio": 0.13228346456692913, "labeled_anomalies": 0.6, "loe_loss": [37.499332427978516, 32.23940658569336, 32.07278823852539, 29.951705932617188, 30.243444442749023, 30.412931442260742, 30.228469848632812, 30.03008460998535, 29.018253326416016, 29.542760848999023, 29.159645080566406, 28.493305206298828, 28.60304832458496, 28.399856567382812, 27.979902267456055, 28.119552612304688, 27.940879821777344, 28.696453094482422, 27.96430015563965, 27.365894317626953, 27.00717544555664, 27.728818893432617, 27.872896194458008, 26.261531829833984, 27.737096786499023, 27.307621002197266, 27.016130447387695, 26.37118148803711, 26.24927520751953, 27.089689254760742, 26.671308517456055, 26.452482223510742, 27.644380569458008, 25.81900978088379, 26.503570556640625, 25.880870819091797, 25.969139099121094, 25.994417190551758, 26.17943572998047, 25.62367057800293, 25.91057014465332, 25.723705291748047, 25.98363494873047, 26.177001953125, 25.72170066833496, 24.871109008789062, 25.699003219604492, 25.55586814880371, 25.295021057128906, 25.217206954956055, 25.820852279663086, 25.425209045410156, 25.183629989624023, 25.084238052368164, 25.624046325683594, 25.863750457763672, 24.97510528564453, 24.852033615112305, 25.135160446166992, 24.454330444335938, 24.862850189208984, 24.728193283081055, 24.409521102905273, 24.370359420776367, 25.128103256225586, 25.256881713867188, 25.165185928344727, 24.89728546142578, 24.13412857055664, 24.89491844177246, 24.65702247619629, 24.877927780151367, 24.89052391052246, 25.096086502075195, 25.509929656982422, 24.283647537231445, 24.965625762939453, 24.372896194458008, 24.911840438842773, 25.050630569458008, 24.47881317138672, 25.395017623901367, 24.816822052001953, 23.76020622253418, 24.157136917114258, 24.773006439208984, 24.092763900756836, 24.620174407958984, 24.521900177001953, 24.649709701538086, 23.495737075805664, 24.862049102783203, 23.8972225189209, 24.612184524536133, 24.676910400390625, 24.39643096923828, 24.631196975708008, 24.29973793029785, 24.46813201904297, 24.61001968383789, 24.377595901489258, 24.028396606445312, 24.172170639038086, 23.681325912475586, 23.983739852905273, 23.77695083618164, 24.71908187866211, 24.35314178466797, 23.21108627319336, 23.460803985595703, 23.9717960357666, 24.543527603149414, 22.788623809814453, 24.068038940429688, 23.53460121154785, 23.81119728088379, 24.080360412597656, 23.714750289916992, 23.897968292236328, 23.69466781616211]}