{"aucroc": 0.6445844155844156, "aucpr": 0.41049615630537906, "dataset": "07_Cardiotocography", "method": "refine", "test_ratio": 0.2204724409448819, "train_ratio": 0.1763779527559055, "labeled_anomalies": 0.8, "loe_loss": [36.25005340576172, 32.30015563964844, 30.55061149597168, 31.20008659362793, 30.320152282714844, 30.61313819885254, 30.056570053100586, 29.970617294311523, 29.950225830078125, 30.062938690185547, 29.107789993286133, 29.37760353088379, 29.36257553100586, 28.141630172729492, 28.966327667236328, 28.30910301208496, 28.443628311157227, 28.818424224853516, 27.928543090820312, 27.59385108947754, 27.661775588989258, 27.503999710083008, 27.55978012084961, 28.0257568359375, 27.17951774597168, 28.0568790435791, 27.867122650146484, 27.35413932800293, 27.297449111938477, 27.01435661315918, 27.135517120361328, 26.590391159057617, 26.02326774597168, 26.554306030273438, 26.746891021728516, 26.365169525146484, 26.395601272583008, 25.79602813720703, 25.68413734436035, 26.86881446838379, 26.069425582885742, 25.98746681213379, 26.147632598876953, 26.578826904296875, 26.28397560119629, 25.63530158996582, 26.479694366455078, 26.56348419189453, 25.475101470947266, 25.769805908203125, 26.29314613342285, 25.931888580322266, 26.223203659057617, 25.28738021850586, 25.82151985168457, 25.16317367553711, 25.995685577392578, 24.989944458007812, 25.414932250976562, 25.459627151489258, 24.929580688476562, 24.71137809753418, 25.328210830688477, 24.77205467224121, 25.33364486694336, 25.05495262145996, 24.435245513916016, 24.910036087036133, 25.190027236938477, 25.066776275634766, 24.81742286682129, 24.79698371887207, 24.490650177001953, 24.919178009033203, 24.743154525756836, 24.81325340270996, 24.501338958740234, 24.831449508666992, 24.418933868408203, 24.27306365966797, 24.639909744262695, 24.98931884765625, 24.733863830566406, 24.804418563842773, 24.535322189331055, 24.203937530517578, 24.8233642578125, 23.963531494140625, 24.359405517578125, 24.0477352142334, 24.794591903686523, 24.521968841552734, 24.600309371948242, 24.460712432861328, 24.30678367614746, 24.09962272644043, 24.36806869506836, 24.09837532043457, 24.097461700439453, 23.50031852722168, 24.654024124145508, 23.326942443847656, 23.593971252441406, 24.15919303894043, 23.406509399414062, 24.57581901550293, 24.51739501953125, 23.5360164642334, 23.891300201416016, 24.081357955932617, 23.55419158935547, 23.63282585144043, 23.969629287719727, 23.360881805419922, 23.87562370300293, 23.587080001831055, 23.630413055419922, 23.204431533813477, 23.395559310913086, 23.82162857055664]}