{"aucroc": 0.7524069264069263, "aucpr": 0.4853144697493136, "dataset": "07_Cardiotocography", "method": "soft", "test_ratio": 0.2204724409448819, "train_ratio": 0.002204724409448819, "labeled_anomalies": 0.01, "loe_loss": [49.9286003112793, 41.69840621948242, 42.874969482421875, 42.28157424926758, 41.02920150756836, 39.958534240722656, 40.47673416137695, 38.37864685058594, 41.149208068847656, 39.63135528564453, 39.180458068847656, 38.67430877685547, 40.193172454833984, 39.79383087158203, 36.71910858154297, 37.26295852661133, 39.59408950805664, 37.31304931640625, 36.887054443359375, 40.440757751464844, 37.54198455810547, 36.77503967285156, 35.54511260986328, 35.86323928833008, 37.37920379638672, 36.468780517578125, 35.7557373046875, 35.3171501159668, 35.80630111694336, 35.963645935058594, 35.900882720947266, 33.97966384887695, 36.348636627197266, 35.55716323852539, 34.84406280517578, 34.25713348388672, 36.45954132080078, 34.807884216308594, 34.58470916748047, 36.39556121826172, 35.49285125732422, 34.90639877319336, 35.0999870300293, 34.77022933959961, 33.12393569946289, 35.979068756103516, 33.03041076660156, 34.27210998535156, 34.488365173339844, 34.2883186340332, 33.767364501953125, 33.75584030151367, 34.051387786865234, 34.79377746582031, 33.2548828125, 34.60365676879883, 33.213504791259766, 34.894039154052734, 33.696693420410156, 32.125450134277344, 32.65676498413086, 33.15052032470703, 33.18758010864258, 36.09120178222656, 33.435447692871094, 33.61361312866211, 33.633811950683594, 32.419227600097656, 32.39743423461914, 31.584199905395508, 32.77959442138672, 32.55186080932617, 33.15682601928711, 32.7274284362793, 34.35055923461914, 35.51218032836914, 33.484466552734375, 32.74597930908203, 32.82827377319336, 33.90925598144531, 32.37651443481445, 33.421566009521484, 32.7374267578125, 34.30679702758789, 32.3425407409668, 33.486236572265625, 32.16043472290039, 31.796247482299805, 32.30252456665039, 31.605121612548828, 33.36162185668945, 33.469966888427734, 30.58256721496582, 31.390029907226562, 32.02655029296875, 31.128671646118164, 33.133853912353516, 32.3480224609375, 33.105594635009766, 31.952713012695312, 31.219226837158203, 31.301372528076172, 30.410932540893555, 32.83351135253906, 31.88102912902832, 31.664045333862305, 31.6731014251709, 31.629840850830078, 31.492950439453125, 31.191551208496094, 31.82480239868164, 32.83668899536133, 32.624420166015625, 32.40320587158203, 32.60039520263672, 30.880525588989258, 31.789466857910156, 32.688053131103516, 31.253482818603516, 31.195823669433594]}