{"aucroc": 0.605112554112554, "aucpr": 0.3959843271904794, "dataset": "07_Cardiotocography", "method": "soft", "test_ratio": 0.2204724409448819, "train_ratio": 0.1763779527559055, "labeled_anomalies": 0.8, "loe_loss": [34.052391052246094, 29.40749740600586, 29.02858543395996, 27.06366539001465, 27.350666046142578, 27.60684585571289, 27.490758895874023, 27.40703773498535, 26.30011749267578, 26.727262496948242, 26.489959716796875, 25.832733154296875, 25.849464416503906, 25.53000831604004, 25.534263610839844, 25.562429428100586, 25.204513549804688, 26.006698608398438, 25.477962493896484, 24.63852310180664, 24.447917938232422, 25.11589813232422, 25.37105369567871, 23.878747940063477, 25.11767578125, 24.840797424316406, 24.63197135925293, 24.03585433959961, 23.931339263916016, 24.658153533935547, 24.331661224365234, 24.151575088500977, 25.17571258544922, 23.554155349731445, 24.093055725097656, 23.590787887573242, 23.54342269897461, 23.569536209106445, 23.89021873474121, 23.318540573120117, 23.52988052368164, 23.340559005737305, 23.529644012451172, 23.843984603881836, 23.482141494750977, 22.42267417907715, 23.48019790649414, 23.29442596435547, 22.932151794433594, 22.899866104125977, 23.52984046936035, 23.093120574951172, 22.935062408447266, 22.752700805664062, 23.42613983154297, 23.418153762817383, 22.648935317993164, 22.50135612487793, 22.771276473999023, 22.311559677124023, 22.644184112548828, 22.385730743408203, 22.184598922729492, 22.030689239501953, 22.736719131469727, 23.037609100341797, 22.922466278076172, 22.533390045166016, 21.956153869628906, 22.749042510986328, 22.431922912597656, 22.699920654296875, 22.639144897460938, 22.711233139038086, 23.056013107299805, 21.702945709228516, 22.630226135253906, 22.126264572143555, 22.600126266479492, 22.60236167907715, 22.121614456176758, 22.933637619018555, 22.526470184326172, 21.40252685546875, 21.753671646118164, 22.381793975830078, 21.603389739990234, 22.35240364074707, 21.951526641845703, 21.929035186767578, 21.004222869873047, 22.20884895324707, 21.59514617919922, 22.133716583251953, 21.968555450439453, 21.848066329956055, 21.80755043029785, 21.771760940551758, 21.82496452331543, 21.84613800048828, 21.88995933532715, 21.690078735351562, 21.777070999145508, 20.895980834960938, 21.576908111572266, 21.3703556060791, 22.219839096069336, 21.869470596313477, 20.67803955078125, 21.067712783813477, 21.453575134277344, 21.73488426208496, 20.289024353027344, 21.708683013916016, 21.11225128173828, 21.446369171142578, 21.709253311157227, 21.166481018066406, 21.546035766601562, 21.29930877685547]}