{"aucroc": 0.6647070707070706, "aucpr": 0.42363001721474375, "dataset": "07_Cardiotocography", "method": "refine", "test_ratio": 0.2204724409448819, "train_ratio": 0.08818897637795275, "labeled_anomalies": 0.4, "loe_loss": [41.11507797241211, 36.6879997253418, 34.81405258178711, 35.645416259765625, 34.68667221069336, 34.798072814941406, 34.13640213012695, 34.16305160522461, 34.004180908203125, 34.36390686035156, 32.956356048583984, 33.51137924194336, 33.438682556152344, 31.6621150970459, 32.77376937866211, 31.900409698486328, 32.539947509765625, 32.607460021972656, 31.656024932861328, 31.221710205078125, 31.430532455444336, 31.083520889282227, 31.113956451416016, 32.4294548034668, 30.59847640991211, 31.8651180267334, 31.617870330810547, 31.518348693847656, 30.85988998413086, 30.732620239257812, 30.911052703857422, 30.218082427978516, 29.3710994720459, 30.08188247680664, 30.36069679260254, 30.02273941040039, 29.873611450195312, 29.092544555664062, 28.936969757080078, 30.5413818359375, 29.497230529785156, 29.439666748046875, 29.86603355407715, 30.21613883972168, 29.704267501831055, 29.09283447265625, 30.108097076416016, 30.171552658081055, 28.93372344970703, 29.507795333862305, 29.877506256103516, 29.450237274169922, 29.829158782958984, 28.65582275390625, 29.243288040161133, 28.52904510498047, 29.45487403869629, 28.158296585083008, 28.810239791870117, 28.84201431274414, 28.026859283447266, 28.006813049316406, 28.720420837402344, 28.25128173828125, 28.845069885253906, 28.376811981201172, 27.777477264404297, 28.462890625, 28.63698959350586, 28.64801025390625, 28.03422737121582, 27.894882202148438, 27.704757690429688, 28.241458892822266, 28.023544311523438, 28.372272491455078, 27.957265853881836, 28.308979034423828, 27.751258850097656, 27.604684829711914, 27.716121673583984, 28.887826919555664, 28.038122177124023, 28.386568069458008, 27.941694259643555, 27.82559585571289, 28.33432960510254, 27.27640724182129, 28.039043426513672, 27.404508590698242, 28.256389617919922, 27.705432891845703, 27.922531127929688, 28.06281852722168, 27.928937911987305, 27.542713165283203, 27.701509475708008, 27.461021423339844, 27.357398986816406, 26.916837692260742, 28.244102478027344, 26.932987213134766, 26.74349594116211, 27.68691635131836, 26.709789276123047, 27.95132827758789, 28.68675422668457, 26.913055419921875, 27.337121963500977, 27.282779693603516, 26.863327026367188, 26.904523849487305, 27.435216903686523, 26.74176025390625, 27.18097496032715, 27.129358291625977, 27.082870483398438, 26.568679809570312, 26.813846588134766, 27.034072875976562]}