{"aucroc": 0.8366025311560168, "aucpr": 0.1720004445214439, "dataset": "08_celeba", "method": "soft", "test_ratio": 0.022333333333333334, "train_ratio": 0.0134, "labeled_anomalies": 0.6, "loe_loss": [89.47425079345703, 78.57546997070312, 79.69828796386719, 77.92377471923828, 77.21266174316406, 76.26607513427734, 74.35374450683594, 72.07931518554688, 71.67338562011719, 73.49873352050781, 71.84253692626953, 72.42469024658203, 72.02474975585938, 71.2648696899414, 71.189208984375, 69.68035888671875, 70.08445739746094, 70.296630859375, 69.4530258178711, 69.89561462402344, 67.57412719726562, 69.02838134765625, 67.14102935791016, 67.5055160522461, 67.80717468261719, 68.3487319946289, 67.76630401611328, 67.59856414794922, 68.90866088867188, 67.11335754394531, 67.44051361083984, 66.6829605102539, 68.7817611694336, 65.07827758789062, 66.73778533935547, 64.28572845458984, 66.9232177734375, 64.71794128417969, 64.36307525634766, 65.96475982666016, 64.49308013916016, 64.44144439697266, 63.963653564453125, 64.74028015136719, 64.50186157226562, 65.18299102783203, 63.605552673339844, 66.06073760986328, 62.37335968017578, 66.30499267578125, 64.15716552734375, 63.090232849121094, 62.2713737487793, 61.78788757324219, 62.9032096862793, 62.8725700378418, 63.4738883972168, 61.43537521362305, 63.10175323486328, 62.81339645385742, 64.36553192138672, 63.81268310546875, 63.03575897216797, 60.681339263916016, 63.50751495361328, 62.194541931152344, 60.84084701538086, 62.421653747558594, 61.991817474365234, 61.19768142700195, 61.76115417480469, 60.703102111816406, 62.40227508544922, 62.28656768798828, 62.698829650878906, 61.28956604003906, 58.984703063964844, 61.260520935058594, 59.19765090942383, 61.43998718261719, 61.747764587402344, 59.70738220214844, 61.21012496948242, 59.82658004760742, 62.2454833984375, 60.39912033081055, 61.10415267944336, 59.18833541870117, 61.22533416748047, 60.04743576049805, 59.6732292175293, 60.75840377807617, 60.6988639831543, 60.8721923828125, 60.072696685791016, 61.61017990112305, 60.60512924194336, 60.23542785644531, 60.15684509277344, 58.7238655090332, 60.24491500854492, 60.38478469848633, 59.36102294921875, 59.32487106323242, 58.17451858520508, 58.90601348876953, 59.268314361572266, 59.10451889038086, 60.3491096496582, 61.061676025390625, 59.05326843261719, 58.84446716308594, 58.153648376464844, 59.781524658203125, 59.107086181640625, 59.04936981201172, 59.79549789428711, 59.49034881591797, 58.65796661376953, 59.480018615722656]}