{"aucroc": 0.8361460681590345, "aucpr": 0.170749245035093, "dataset": "08_celeba", "method": "refine", "test_ratio": 0.022333333333333334, "train_ratio": 0.0134, "labeled_anomalies": 0.6, "loe_loss": [93.33030700683594, 80.55764770507812, 79.68386840820312, 78.1322250366211, 77.58842468261719, 76.70301818847656, 76.37323760986328, 74.47679901123047, 73.93318939208984, 72.02033996582031, 72.52268981933594, 72.06497955322266, 70.27387237548828, 72.1684341430664, 72.00106811523438, 70.00091552734375, 69.66902923583984, 68.47071838378906, 69.82913208007812, 67.50299072265625, 67.59387969970703, 70.21839904785156, 67.71375274658203, 68.29154968261719, 68.94256591796875, 68.86172485351562, 70.54598999023438, 68.82035827636719, 66.45571899414062, 66.72701263427734, 67.87928771972656, 67.14763641357422, 66.5769271850586, 65.12849426269531, 66.4141845703125, 66.11921691894531, 65.39375305175781, 64.84441375732422, 67.50316619873047, 66.43753814697266, 64.8900375366211, 65.17819213867188, 65.27214813232422, 63.64348220825195, 62.71147155761719, 64.3417739868164, 63.052337646484375, 63.1635856628418, 63.04671859741211, 64.1384506225586, 64.9476089477539, 63.86406707763672, 65.77986145019531, 63.30760955810547, 64.07830047607422, 62.119239807128906, 63.726470947265625, 62.66807556152344, 63.51192092895508, 62.422367095947266, 62.30617141723633, 63.23942184448242, 61.35588073730469, 62.822120666503906, 63.04145050048828, 62.94331741333008, 62.797889709472656, 62.52040100097656, 63.070194244384766, 61.81667709350586, 61.62305450439453, 61.27486801147461, 60.18413543701172, 61.37568664550781, 62.41818618774414, 61.429351806640625, 61.6278076171875, 60.26354217529297, 61.55696487426758, 60.540531158447266, 61.97917938232422, 60.041786193847656, 63.11180114746094, 59.999820709228516, 60.95780944824219, 61.14664840698242, 61.52047348022461, 61.9581298828125, 61.7387580871582, 61.00727462768555, 60.63277053833008, 61.03165817260742, 60.437522888183594, 60.709739685058594, 59.749176025390625, 60.72309494018555, 60.222293853759766, 61.13359069824219, 62.94697570800781, 58.295570373535156, 60.23101043701172, 61.2518196105957, 60.69426727294922, 59.50029754638672, 60.041770935058594, 59.46829605102539, 59.52758026123047, 59.69754409790039, 59.418312072753906, 59.9870491027832, 59.9242057800293, 58.21350860595703, 60.08528518676758, 60.3397331237793, 59.872127532958984, 59.10704803466797, 58.813873291015625, 61.54594039916992, 59.41953659057617, 58.712615966796875]}