{"aucroc": 0.6596393836109644, "aucpr": 0.08697406479330093, "dataset": "09_census", "method": "refine", "test_ratio": 0.06166666666666667, "train_ratio": 0.04933333333333334, "labeled_anomalies": 0.8, "loe_loss": [805.2313842773438, 856.331298828125, 877.7742919921875, 894.2628784179688, 853.1622924804688, 820.91455078125, 871.972412109375, 782.1820068359375, 842.7225952148438, 816.62109375, 898.1911010742188, 815.8209838867188, 806.8573608398438, 781.2991333007812, 829.026611328125, 808.2888793945312, 756.6207275390625, 815.7489624023438, 806.3010864257812, 780.9216918945312, 776.6370239257812, 802.9273681640625, 782.9595947265625, 777.8643188476562, 792.74755859375, 795.5362548828125, 792.1638793945312, 802.9423217773438, 749.498291015625, 768.630859375, 749.9561767578125, 778.0298461914062, 742.8031616210938, 738.3956909179688, 763.944091796875, 794.4923706054688, 729.541748046875, 751.8783569335938, 771.5601806640625, 728.654296875, 753.3944091796875, 752.9251708984375, 715.3931884765625, 716.1434936523438, 692.0684814453125, 699.3278198242188, 733.9302978515625, 735.5446166992188, 718.302490234375, 707.0697021484375, 691.0944213867188, 707.5969848632812, 726.483154296875, 731.3607177734375, 745.79638671875, 736.850830078125, 708.9056396484375, 730.8137817382812, 755.86181640625, 691.1734619140625, 698.059326171875, 688.634521484375, 719.695556640625, 732.1207885742188, 728.8795776367188, 727.6815185546875, 697.0239868164062, 738.9402465820312, 736.6077270507812, 710.5584716796875, 718.65478515625, 685.0682373046875, 711.8474731445312, 687.5855712890625, 702.447998046875, 704.6902465820312, 721.0164184570312, 698.4427490234375, 695.7962036132812, 663.519287109375, 690.4811401367188, 715.2935180664062, 704.6134643554688, 712.15283203125, 697.6405029296875, 721.7166748046875, 703.6468505859375, 666.3716430664062, 712.01904296875, 738.935791015625, 700.437744140625, 701.1948852539062, 690.5438232421875, 682.9779052734375, 721.9290771484375, 660.9142456054688, 725.7894287109375, 716.1917724609375, 683.660888671875, 673.3936767578125, 703.5313720703125, 691.0626831054688, 710.1163330078125, 670.2926635742188, 670.5092163085938, 674.4571533203125, 669.4724731445312, 678.8853759765625, 682.372802734375, 711.167724609375, 716.0929565429688, 716.1889038085938, 676.1591186523438, 684.312744140625, 725.762939453125, 709.3418579101562, 697.2612915039062, 712.231689453125, 693.4200439453125, 647.6263427734375]}