{"aucroc": 0.659433824588354, "aucpr": 0.086923443140591, "dataset": "09_census", "method": "soft", "test_ratio": 0.06166666666666667, "train_ratio": 0.0006166666666666667, "labeled_anomalies": 0.01, "loe_loss": [887.9976806640625, 913.994873046875, 984.7212524414062, 969.8087158203125, 928.6832275390625, 917.0516357421875, 945.9503173828125, 895.877197265625, 931.1953735351562, 903.0462036132812, 939.5557250976562, 959.9136962890625, 974.3711547851562, 919.0665893554688, 992.6626586914062, 896.9874877929688, 890.7085571289062, 934.5723876953125, 959.6572875976562, 884.959716796875, 892.035888671875, 808.3810424804688, 844.375244140625, 856.40771484375, 902.7348022460938, 828.0108642578125, 876.039306640625, 851.3134765625, 842.1084594726562, 833.8720703125, 857.4276123046875, 828.5585327148438, 878.1944580078125, 870.492431640625, 845.6885375976562, 814.4207153320312, 808.1559448242188, 889.9479370117188, 959.8336181640625, 843.6014404296875, 826.4052734375, 847.4163818359375, 868.6211547851562, 815.0828857421875, 789.1964721679688, 800.85791015625, 835.31787109375, 801.4428100585938, 850.2279052734375, 847.535888671875, 848.2913818359375, 878.5459594726562, 822.7819213867188, 868.2613525390625, 813.01220703125, 813.1316528320312, 776.02392578125, 791.4058227539062, 820.2567138671875, 784.1695556640625, 834.2811279296875, 793.2251586914062, 777.4923706054688, 760.9356689453125, 781.9935913085938, 792.7049560546875, 766.4176635742188, 803.7730712890625, 784.5477905273438, 776.4539794921875, 807.6971435546875, 790.3009643554688, 764.22705078125, 751.6888427734375, 767.9601440429688, 798.8651733398438, 798.1904296875, 781.4500122070312, 778.6444702148438, 740.927734375, 785.7677612304688, 753.633544921875, 800.1863403320312, 812.0037231445312, 808.7518310546875, 799.2483520507812, 794.0010986328125, 798.7144775390625, 793.75927734375, 847.1929931640625, 761.9737548828125, 763.3095092773438, 777.6207275390625, 776.4343872070312, 766.3687133789062, 778.9179077148438, 829.2245483398438, 763.0379638671875, 801.9462890625, 790.5289306640625, 743.8893432617188, 739.8639526367188, 730.8936767578125, 799.0162353515625, 755.5225219726562, 719.544677734375, 771.212890625, 745.9044799804688, 787.4346923828125, 734.9447631835938, 769.4150390625, 751.507568359375, 752.37548828125, 768.3131103515625, 780.1576538085938, 754.2089233398438, 790.9793090820312, 729.8220825195312, 777.3895263671875, 755.027099609375]}