{"aucroc": 0.6596280543420863, "aucpr": 0.08680707752961145, "dataset": "09_census", "method": "soft", "test_ratio": 0.06166666666666667, "train_ratio": 0.02466666666666667, "labeled_anomalies": 0.4, "loe_loss": [838.1723022460938, 855.6278076171875, 908.68896484375, 895.9083862304688, 858.4595947265625, 829.8543090820312, 808.9895629882812, 841.9096069335938, 857.0748901367188, 843.0667114257812, 865.7310180664062, 880.6448974609375, 896.7882690429688, 834.1263427734375, 880.19482421875, 822.2626953125, 803.5384521484375, 865.52880859375, 887.3258056640625, 827.4588623046875, 830.7488403320312, 767.6353759765625, 788.599853515625, 787.4440307617188, 831.4332275390625, 774.609375, 807.779296875, 770.59814453125, 787.16015625, 784.2901611328125, 786.0990600585938, 764.0848999023438, 808.3294067382812, 763.47119140625, 769.8875122070312, 758.7515869140625, 739.1148681640625, 816.244384765625, 839.2931518554688, 751.7761840820312, 758.015625, 786.602294921875, 796.7958374023438, 750.31298828125, 734.5577392578125, 748.1990966796875, 770.027099609375, 743.995849609375, 772.709716796875, 784.3170776367188, 735.335693359375, 814.797607421875, 762.9814453125, 726.9838256835938, 740.3746337890625, 745.5416870117188, 716.9510498046875, 724.9833374023438, 751.6787109375, 721.9808349609375, 761.4835815429688, 730.430419921875, 726.6333618164062, 709.5850219726562, 734.68798828125, 730.2975463867188, 710.3787841796875, 741.8907470703125, 734.4056396484375, 717.8363647460938, 739.2977294921875, 732.2456665039062, 719.3375244140625, 693.4243774414062, 712.4644775390625, 743.8321533203125, 728.3570556640625, 733.3689575195312, 730.8675537109375, 693.4305419921875, 727.5862426757812, 697.6162719726562, 723.8654174804688, 744.5709838867188, 754.2177734375, 728.677734375, 740.839599609375, 738.2381591796875, 748.46240234375, 783.3610229492188, 694.5479736328125, 708.2377319335938, 725.8380737304688, 717.0787353515625, 712.7255249023438, 732.16748046875, 769.961669921875, 698.183837890625, 753.0975952148438, 728.3074951171875, 705.698486328125, 693.6446533203125, 695.685791015625, 733.7156982421875, 713.8550415039062, 677.0609130859375, 713.9072875976562, 702.15625, 739.2861938476562, 691.29345703125, 725.0062866210938, 708.36767578125, 706.05078125, 727.4524536132812, 728.6905517578125, 708.5990600585938, 725.5792846679688, 684.321533203125, 715.9020385742188, 701.873779296875]}