{"aucroc": 0.6599122461715712, "aucpr": 0.08694938684841813, "dataset": "09_census", "method": "refine", "test_ratio": 0.06166666666666667, "train_ratio": 0.037, "labeled_anomalies": 0.6, "loe_loss": [836.3082275390625, 887.0225830078125, 908.50146484375, 922.620361328125, 881.6339721679688, 847.0330200195312, 907.20263671875, 803.6292724609375, 865.3126220703125, 834.5021362304688, 928.8991088867188, 835.589599609375, 824.2455444335938, 804.025390625, 852.0763549804688, 830.0420532226562, 774.6643676757812, 838.6531982421875, 831.14697265625, 806.06005859375, 796.1600341796875, 831.4494018554688, 807.7942504882812, 801.5950927734375, 817.1165771484375, 822.463623046875, 818.198486328125, 827.6087646484375, 770.9322509765625, 791.1505737304688, 771.0119018554688, 800.001220703125, 762.548828125, 759.7872314453125, 791.885986328125, 820.9166259765625, 754.7764282226562, 774.8209228515625, 797.4293823242188, 750.63134765625, 778.7080078125, 782.4561767578125, 738.1687622070312, 738.86083984375, 714.6495361328125, 718.301025390625, 749.997802734375, 755.7669067382812, 744.797119140625, 724.4910888671875, 712.1396484375, 724.3228149414062, 745.710693359375, 755.6470947265625, 766.561767578125, 759.615234375, 725.56689453125, 750.0863037109375, 783.2872314453125, 710.09375, 714.971435546875, 705.5401000976562, 744.6204833984375, 752.5459594726562, 750.1358032226562, 751.6954345703125, 715.4384155273438, 764.1329345703125, 758.4263916015625, 731.7163696289062, 739.5008544921875, 705.428955078125, 732.9935302734375, 707.080810546875, 724.3208618164062, 723.67236328125, 743.0590209960938, 717.14453125, 715.0525512695312, 679.5033569335938, 708.4247436523438, 743.292724609375, 729.2282104492188, 736.94189453125, 720.621826171875, 746.0435180664062, 726.5708618164062, 689.25537109375, 739.3377075195312, 766.892822265625, 723.7587280273438, 726.6784057617188, 710.2669067382812, 705.2991333007812, 748.2879638671875, 681.195556640625, 749.7836303710938, 739.8898315429688, 703.3305053710938, 690.2407836914062, 726.6519165039062, 712.7454833984375, 733.367919921875, 692.1913452148438, 694.6783447265625, 694.639404296875, 686.9971923828125, 697.7406005859375, 701.20361328125, 733.9842529296875, 740.0786743164062, 737.0972900390625, 697.7587890625, 705.5323486328125, 745.9662475585938, 730.0997314453125, 720.149658203125, 741.0276489257812, 720.4864501953125, 670.0751342773438]}