{"aucroc": 0.6585776967020307, "aucpr": 0.0867265966855282, "dataset": "09_census", "method": "refine", "test_ratio": 0.06166666666666667, "train_ratio": 0.02466666666666667, "labeled_anomalies": 0.4, "loe_loss": [852.7666015625, 903.65625, 924.0635375976562, 937.8649291992188, 901.470458984375, 867.1763305664062, 929.6802978515625, 822.181396484375, 885.5594482421875, 847.93798828125, 955.8229370117188, 852.7127075195312, 839.1146850585938, 820.689453125, 868.326416015625, 846.3719482421875, 791.17919921875, 854.3712768554688, 848.7989501953125, 823.3941650390625, 809.9490356445312, 851.1592407226562, 827.0819091796875, 818.2011108398438, 833.8890991210938, 839.752685546875, 836.7723999023438, 846.5917358398438, 787.2926025390625, 807.8413696289062, 787.1895751953125, 815.4200439453125, 778.106689453125, 774.8617553710938, 810.6680297851562, 838.4693603515625, 769.9166259765625, 788.12353515625, 818.2894897460938, 763.1315307617188, 792.4808349609375, 800.1819458007812, 750.6158447265625, 751.1978759765625, 729.1827392578125, 732.1310424804688, 761.2474365234375, 769.0054931640625, 761.2061767578125, 736.3457641601562, 724.8609008789062, 734.6369018554688, 757.652587890625, 769.6927490234375, 779.5009155273438, 773.1472778320312, 736.9417114257812, 762.5895385742188, 799.7778930664062, 722.818603515625, 726.8555297851562, 719.4889526367188, 763.00146484375, 766.8927001953125, 765.8938598632812, 765.485595703125, 728.275634765625, 782.94140625, 773.7349243164062, 746.2637939453125, 751.5137939453125, 716.2352294921875, 743.6570434570312, 717.9284057617188, 735.4515380859375, 734.0732421875, 754.8704223632812, 725.62060546875, 723.7926635742188, 689.3648071289062, 717.400146484375, 756.1083984375, 740.6425170898438, 749.2379150390625, 732.3668823242188, 757.64892578125, 738.7390747070312, 701.93994140625, 750.244140625, 779.654541015625, 734.0885009765625, 740.6958618164062, 718.9949340820312, 716.446044921875, 760.7938842773438, 692.6133422851562, 765.4425659179688, 752.9501342773438, 716.0718383789062, 703.1493530273438, 744.4392700195312, 730.6202392578125, 747.3011474609375, 705.0888671875, 710.2991943359375, 710.24365234375, 702.6600952148438, 713.0648193359375, 715.5377197265625, 746.8472290039062, 751.9117431640625, 747.7943725585938, 708.5077514648438, 716.3828735351562, 756.9769287109375, 742.9075927734375, 728.6448364257812, 749.8563842773438, 729.2274169921875, 678.3986206054688]}