{"aucroc": 0.6588442225529259, "aucpr": 0.08677199558617232, "dataset": "09_census", "method": "refine", "test_ratio": 0.06166666666666667, "train_ratio": 0.012333333333333335, "labeled_anomalies": 0.2, "loe_loss": [898.23779296875, 939.6656494140625, 961.766845703125, 968.9349975585938, 930.6171875, 898.5161743164062, 965.1763305664062, 851.472412109375, 930.0828247070312, 878.9500732421875, 1004.2887573242188, 877.6287841796875, 858.9130249023438, 852.853271484375, 899.566650390625, 872.107666015625, 821.9144287109375, 884.692138671875, 880.454345703125, 853.5011596679688, 834.2294311523438, 886.3818969726562, 858.3656005859375, 849.0887451171875, 866.426025390625, 873.0614624023438, 871.62353515625, 876.640625, 811.8692016601562, 833.540771484375, 811.908203125, 845.7119140625, 803.2897338867188, 806.4476928710938, 844.1052856445312, 874.9940795898438, 805.4673461914062, 819.13623046875, 871.4039916992188, 792.393798828125, 825.5444946289062, 839.8297119140625, 778.103271484375, 778.9918823242188, 763.0546875, 762.25927734375, 785.6944580078125, 795.9873046875, 798.375, 765.8617553710938, 761.7500610351562, 765.3173217773438, 784.7919311523438, 800.6210327148438, 807.7926025390625, 808.1431884765625, 760.7254638671875, 794.9339599609375, 837.0361938476562, 745.3717041015625, 751.2906494140625, 743.0733032226562, 796.6383666992188, 791.9934692382812, 792.538330078125, 789.853515625, 747.1832275390625, 812.1935424804688, 802.3602905273438, 767.8795166015625, 784.4208374023438, 737.7415771484375, 766.580078125, 738.7706909179688, 761.7254028320312, 759.1021118164062, 782.8307495117188, 749.3342895507812, 750.5643920898438, 714.7960205078125, 740.090087890625, 788.693359375, 766.957275390625, 777.668212890625, 754.1078491210938, 780.5249633789062, 761.6596069335938, 723.8975830078125, 788.0615844726562, 809.140625, 760.673095703125, 781.0069580078125, 745.7991943359375, 745.2269287109375, 793.1572875976562, 720.4901123046875, 799.3694458007812, 781.2991943359375, 744.623291015625, 721.4691162109375, 770.3486328125, 756.6917724609375, 772.9932250976562, 731.3267822265625, 752.5770874023438, 731.4166870117188, 726.232666015625, 731.9453735351562, 738.7949829101562, 769.3551635742188, 779.7210083007812, 771.2564086914062, 733.9780883789062, 741.146240234375, 780.6552734375, 772.7817993164062, 746.7040405273438, 779.1058959960938, 756.0667724609375, 701.8423461914062]}