{"aucroc": 0.6602094954634918, "aucpr": 0.08701449951717036, "dataset": "09_census", "method": "soft", "test_ratio": 0.06166666666666667, "train_ratio": 0.012333333333333335, "labeled_anomalies": 0.2, "loe_loss": [870.4148559570312, 892.4840698242188, 957.66748046875, 943.7313232421875, 899.9960327148438, 882.1179809570312, 874.9274291992188, 878.801025390625, 906.9534912109375, 885.42041015625, 913.5427856445312, 929.8798828125, 940.2186279296875, 890.2781372070312, 939.2857055664062, 866.323486328125, 858.6646728515625, 907.997802734375, 928.711181640625, 859.05029296875, 863.519287109375, 792.0359497070312, 822.3582153320312, 833.0037841796875, 878.1324462890625, 808.3050537109375, 851.5277709960938, 820.9522094726562, 823.155029296875, 816.4173583984375, 829.3252563476562, 804.0526123046875, 849.0032958984375, 822.983642578125, 813.429443359375, 792.641845703125, 778.5428466796875, 859.34765625, 911.4561767578125, 802.9174194335938, 800.5828857421875, 828.6863403320312, 845.23388671875, 789.436767578125, 770.39990234375, 782.5277099609375, 814.506103515625, 776.9706420898438, 824.2146606445312, 825.8833618164062, 794.1729736328125, 855.828857421875, 794.032958984375, 790.509765625, 774.0975341796875, 781.4727783203125, 746.6349487304688, 759.697509765625, 790.3961181640625, 753.6422119140625, 802.5055541992188, 766.4120483398438, 758.9319458007812, 742.9686889648438, 764.7386474609375, 767.2002563476562, 745.3010864257812, 784.53125, 770.203125, 755.2353515625, 781.5067138671875, 770.0147094726562, 747.2057495117188, 729.6637573242188, 747.3446044921875, 780.5103149414062, 774.5650634765625, 766.1115112304688, 761.72119140625, 725.3452758789062, 766.8897094726562, 733.613037109375, 773.304443359375, 788.490478515625, 789.09228515625, 771.939453125, 774.169677734375, 776.6707763671875, 778.9405517578125, 824.6756591796875, 723.7918701171875, 745.501708984375, 761.5065307617188, 754.9036865234375, 744.1973876953125, 760.4148559570312, 804.8926391601562, 736.4163818359375, 781.9296264648438, 765.0089111328125, 728.0048828125, 720.0269165039062, 713.574951171875, 763.755859375, 737.0228271484375, 699.608154296875, 748.144775390625, 730.2813110351562, 767.1329956054688, 716.7595825195312, 756.57177734375, 741.2916259765625, 740.895751953125, 758.7463989257812, 766.54248046875, 747.4457397460938, 774.9417114257812, 719.5462646484375, 765.3217163085938, 746.039306640625]}