{"aucroc": 0.65972464115981, "aucpr": 0.08692749573725801, "dataset": "09_census", "method": "soft", "test_ratio": 0.06166666666666667, "train_ratio": 0.04933333333333334, "labeled_anomalies": 0.8, "loe_loss": [794.7662353515625, 811.1834106445312, 844.419189453125, 843.492431640625, 809.5128173828125, 779.2755737304688, 754.2681274414062, 795.5286254882812, 798.8792724609375, 792.8773193359375, 806.6834106445312, 817.2738037109375, 836.734619140625, 772.275146484375, 817.9012451171875, 765.1206665039062, 750.0538330078125, 801.5111083984375, 827.503173828125, 773.7892456054688, 771.7352294921875, 730.7601318359375, 744.5130615234375, 733.4398193359375, 776.994873046875, 738.636962890625, 767.822265625, 717.1797485351562, 746.2611083984375, 746.681884765625, 745.4522705078125, 722.665283203125, 762.3765869140625, 715.6531372070312, 727.4182739257812, 718.1110229492188, 698.4052734375, 761.6434326171875, 773.3755493164062, 707.266845703125, 711.7949829101562, 739.7144165039062, 745.8526611328125, 710.333984375, 694.271728515625, 708.225830078125, 723.2208862304688, 706.1038818359375, 715.4215087890625, 738.4559936523438, 679.0903930664062, 762.930419921875, 719.6528930664062, 661.6322631835938, 697.00927734375, 700.165771484375, 677.1990356445312, 684.1401977539062, 702.5444946289062, 682.8477783203125, 716.6378784179688, 686.0113525390625, 687.6149291992188, 673.4033813476562, 699.1241455078125, 688.9484252929688, 671.9827270507812, 697.275146484375, 694.5718383789062, 677.6302490234375, 696.3828125, 683.5545654296875, 673.3558959960938, 649.314697265625, 669.9298095703125, 701.42822265625, 681.9483032226562, 689.3548583984375, 692.0529174804688, 656.067626953125, 679.9894409179688, 661.2816162109375, 664.292236328125, 705.8863525390625, 707.33056640625, 675.4287109375, 698.337646484375, 697.057861328125, 712.6533813476562, 737.1776123046875, 657.2978515625, 666.655029296875, 688.5935668945312, 677.109619140625, 668.5521850585938, 683.0714111328125, 715.891845703125, 651.9606323242188, 713.3914184570312, 683.2626342773438, 673.0912475585938, 653.2003173828125, 658.2739868164062, 681.4335327148438, 667.9134521484375, 637.8671264648438, 664.2236328125, 659.8204956054688, 698.3880615234375, 651.5302124023438, 680.0841064453125, 666.3050537109375, 665.5882568359375, 688.7426147460938, 686.639404296875, 663.608642578125, 671.7215576171875, 645.39501953125, 668.9783325195312, 656.986083984375]}