{"aucroc": 0.6592883682972493, "aucpr": 0.08683213736436034, "dataset": "09_census", "method": "refine", "test_ratio": 0.06166666666666667, "train_ratio": 0.0006166666666666667, "labeled_anomalies": 0.01, "loe_loss": [924.7271728515625, 963.4141845703125, 986.4603271484375, 985.8292846679688, 959.4931640625, 922.2879028320312, 987.6048583984375, 866.7406616210938, 956.02001953125, 896.3694458007812, 1028.5328369140625, 893.6067504882812, 873.9188232421875, 876.8919067382812, 920.840087890625, 886.6980590820312, 838.6642456054688, 910.6603393554688, 899.9620361328125, 877.44580078125, 861.561279296875, 909.1868896484375, 878.2772216796875, 864.4386596679688, 879.3128662109375, 886.4542236328125, 889.2406616210938, 889.97900390625, 826.6115112304688, 845.5505981445312, 822.3141479492188, 866.77099609375, 817.571044921875, 829.0693969726562, 862.125732421875, 896.6954956054688, 824.076416015625, 829.9498291015625, 898.7996826171875, 810.7079467773438, 837.20361328125, 858.189208984375, 787.1860961914062, 788.4927368164062, 779.8649291992188, 776.966064453125, 795.4244384765625, 812.6346435546875, 815.8815307617188, 780.47705078125, 780.8892211914062, 782.7691650390625, 798.6456298828125, 815.1468505859375, 825.2864379882812, 827.5750122070312, 770.2957153320312, 811.053955078125, 856.1517333984375, 755.7150268554688, 769.323974609375, 754.0252075195312, 813.6156616210938, 810.0281372070312, 812.6834106445312, 806.9481201171875, 761.4395141601562, 831.2647094726562, 820.6383666992188, 783.9821166992188, 808.6591796875, 753.8528442382812, 781.660888671875, 751.002197265625, 776.837646484375, 772.5130615234375, 802.2874755859375, 763.2891845703125, 769.5264282226562, 727.5421752929688, 753.5147094726562, 800.7511596679688, 778.6851806640625, 808.9819946289062, 771.5595092773438, 798.3432006835938, 774.7695922851562, 745.1925659179688, 810.6529541015625, 826.5540161132812, 769.5628662109375, 791.787841796875, 746.9073486328125, 754.6273193359375, 808.4656372070312, 734.5470581054688, 819.4253540039062, 802.2661743164062, 772.61474609375, 738.57275390625, 803.0010375976562, 774.4566650390625, 789.468994140625, 749.5438232421875, 782.3695678710938, 748.333740234375, 742.806640625, 748.35498046875, 755.5332641601562, 784.9940185546875, 799.1040649414062, 785.4768676757812, 751.82958984375, 764.3465576171875, 796.2869262695312, 799.7069702148438, 764.71142578125, 803.8922119140625, 781.7025146484375, 722.3726196289062]}