{"aucroc": 0.6601344150544861, "aucpr": 0.08698111612607058, "dataset": "09_census", "method": "refine", "test_ratio": 0.06166666666666667, "train_ratio": 0.06105, "labeled_anomalies": 0.99, "loe_loss": [790.6987915039062, 841.1044311523438, 862.838623046875, 881.0986328125, 838.6573486328125, 805.1160278320312, 851.95458984375, 766.5759887695312, 826.8654174804688, 798.3089599609375, 869.602783203125, 791.3426513671875, 785.3676147460938, 758.736572265625, 806.5723266601562, 787.1942749023438, 738.6380615234375, 796.572021484375, 787.6632080078125, 763.6939086914062, 762.5328369140625, 786.1309814453125, 769.3539428710938, 766.311767578125, 782.333740234375, 782.9061279296875, 780.2531127929688, 790.1253662109375, 738.3978881835938, 759.0856323242188, 741.9091186523438, 768.6470947265625, 732.463134765625, 727.1019287109375, 750.8651123046875, 780.9598999023438, 717.4716796875, 743.9046630859375, 763.9171752929688, 721.6883544921875, 742.99951171875, 740.5076293945312, 706.8851318359375, 706.719970703125, 680.643798828125, 688.555419921875, 722.1903686523438, 722.656005859375, 704.0955200195312, 696.4769287109375, 679.55419921875, 695.7035522460938, 713.3153076171875, 717.6524047851562, 733.3551025390625, 723.1231079101562, 698.29736328125, 720.094970703125, 740.318603515625, 681.569091796875, 687.6511840820312, 677.6947631835938, 705.2299194335938, 719.6886596679688, 724.1810913085938, 725.1552124023438, 694.1651611328125, 731.51318359375, 730.065185546875, 704.653076171875, 712.3300170898438, 678.93701171875, 704.816162109375, 681.6361083984375, 696.4962158203125, 696.9766235351562, 711.7310791015625, 694.4762573242188, 693.2532958984375, 662.361328125, 686.744140625, 709.46630859375, 700.6801147460938, 705.6903076171875, 690.3023071289062, 713.19970703125, 695.584716796875, 658.60693359375, 700.2620849609375, 725.6840209960938, 692.6486206054688, 694.261474609375, 687.6713256835938, 679.30322265625, 716.0679931640625, 656.2885131835938, 717.9368286132812, 707.7619018554688, 676.9198608398438, 667.66845703125, 696.7166748046875, 684.4860229492188, 702.347900390625, 663.3670043945312, 660.7991943359375, 666.7271728515625, 661.038330078125, 668.962158203125, 672.6654052734375, 699.2042846679688, 705.18994140625, 704.9993896484375, 664.1151123046875, 671.2547607421875, 712.1317138671875, 696.6249389648438, 686.73974609375, 702.1439208984375, 685.5830078125, 642.3800659179688]}