{"aucroc": 0.926550642930825, "aucpr": 0.07982580910031041, "dataset": "10_cover", "method": "refine", "test_ratio": 0.011, "train_ratio": 0.0044, "labeled_anomalies": 0.4, "loe_loss": [21.534160614013672, 21.43634605407715, 19.283540725708008, 19.04050636291504, 17.626680374145508, 17.07102394104004, 17.1885986328125, 16.45924949645996, 17.771846771240234, 17.37468910217285, 16.94013214111328, 16.029621124267578, 16.417980194091797, 16.195823669433594, 16.366085052490234, 15.963696479797363, 16.209733963012695, 15.990123748779297, 15.276094436645508, 15.641843795776367, 15.175337791442871, 15.571386337280273, 15.168893814086914, 15.027729034423828, 15.857192993164062, 15.144683837890625, 15.267203330993652, 15.335086822509766, 15.07717227935791, 15.469588279724121, 15.042678833007812, 15.17379379272461, 15.440604209899902, 14.592201232910156, 15.315056800842285, 14.621841430664062, 14.755826950073242, 14.274855613708496, 14.713092803955078, 15.130545616149902, 14.571714401245117, 15.011898040771484, 14.601181030273438, 14.581274032592773, 14.199191093444824, 14.845453262329102, 14.783957481384277, 14.470240592956543, 14.752840042114258, 14.246561050415039, 14.167137145996094, 14.082056045532227, 14.859853744506836, 14.198131561279297, 13.82028579711914, 14.211280822753906, 14.421161651611328, 15.342334747314453, 14.564962387084961, 14.36509895324707, 14.362298011779785, 14.315903663635254, 13.825871467590332, 13.681751251220703, 14.055669784545898, 14.874897956848145, 14.180257797241211, 14.589227676391602, 13.889928817749023, 13.939521789550781, 14.90890121459961, 13.881265640258789, 14.001850128173828, 13.609955787658691, 14.234970092773438, 14.096631050109863, 14.295619010925293, 13.979738235473633, 14.074210166931152, 13.899045944213867, 14.220895767211914, 13.771687507629395, 14.068585395812988, 13.741473197937012, 13.838025093078613, 13.954949378967285, 13.582243919372559, 14.127298355102539, 14.146184921264648, 13.438328742980957, 13.988243103027344, 13.875801086425781, 13.86904239654541, 14.148738861083984, 13.898138046264648, 13.825419425964355, 14.25079345703125, 14.068899154663086, 14.158635139465332, 13.414088249206543, 13.498059272766113, 13.816826820373535, 13.647972106933594, 13.897485733032227, 13.910490989685059, 14.316885948181152, 13.548778533935547, 13.675990104675293, 13.783416748046875, 13.281593322753906, 13.724828720092773, 13.958030700683594, 13.935349464416504, 13.992359161376953, 13.668710708618164, 14.358015060424805, 13.813700675964355, 13.64866828918457, 13.61787223815918, 13.622220039367676]}