{"aucroc": 0.746776551040117, "aucpr": 0.1279882005844351, "dataset": "11_donors", "method": "soft", "test_ratio": 0.054, "train_ratio": 0.0108, "labeled_anomalies": 0.2, "loe_loss": [19.729236602783203, 19.4816951751709, 18.933385848999023, 18.322229385375977, 18.03567123413086, 17.01190948486328, 16.570646286010742, 16.1936092376709, 16.271303176879883, 16.107534408569336, 16.176284790039062, 15.164064407348633, 15.891288757324219, 15.243660926818848, 14.78139877319336, 15.0773286819458, 15.306501388549805, 15.313556671142578, 15.879419326782227, 14.29865837097168, 14.849555015563965, 14.655320167541504, 14.785684585571289, 13.987525939941406, 14.544747352600098, 14.173303604125977, 14.223207473754883, 14.143974304199219, 14.097562789916992, 14.643668174743652, 14.207645416259766, 14.24063777923584, 14.15786361694336, 13.881675720214844, 14.18742561340332, 14.307546615600586, 13.917807579040527, 13.518040657043457, 13.308465003967285, 14.139863014221191, 13.759981155395508, 13.851381301879883, 13.754497528076172, 14.59074592590332, 13.593981742858887, 14.222805976867676, 13.307358741760254, 13.928991317749023, 13.771966934204102, 13.286587715148926, 13.25369930267334, 13.313417434692383, 13.540225982666016, 13.233161926269531, 14.388494491577148, 13.55392837524414, 13.277345657348633, 13.175034523010254, 13.233427047729492, 13.264163970947266, 13.415874481201172, 13.798222541809082, 13.166909217834473, 13.04590892791748, 12.998095512390137, 13.276440620422363, 13.369973182678223, 13.204193115234375, 13.334859848022461, 14.111526489257812, 13.715194702148438, 13.195369720458984, 14.473039627075195, 14.937738418579102, 12.910489082336426, 13.419961929321289, 13.618850708007812, 13.697543144226074, 13.537981033325195, 13.450479507446289, 13.025569915771484, 12.988422393798828, 13.222193717956543, 13.531045913696289, 13.366954803466797, 13.313886642456055, 13.411493301391602, 13.688688278198242, 15.166641235351562, 14.12437915802002, 12.869802474975586, 13.719148635864258, 14.76212215423584, 14.590132713317871, 13.056844711303711, 13.005474090576172, 14.321844100952148, 13.419355392456055, 13.345223426818848, 12.705389022827148, 13.91369342803955, 12.9029541015625, 13.481197357177734, 13.309439659118652, 12.904425621032715, 12.888500213623047, 13.219442367553711, 13.810809135437012, 12.867735862731934, 12.48265552520752, 13.102425575256348, 12.917396545410156, 13.589277267456055, 12.767560005187988, 13.174171447753906, 13.267204284667969, 13.593976020812988, 13.060367584228516, 13.52232551574707, 12.998824119567871]}