{"aucroc": 0.7382282123561195, "aucpr": 0.1236419174102779, "dataset": "11_donors", "method": "refine", "test_ratio": 0.054, "train_ratio": 0.00054, "labeled_anomalies": 0.01, "loe_loss": [20.98965835571289, 19.692710876464844, 18.286760330200195, 19.30237579345703, 18.392276763916016, 17.55694580078125, 16.71291160583496, 16.848308563232422, 16.58659553527832, 15.397074699401855, 16.61058235168457, 15.840136528015137, 15.495695114135742, 16.14201545715332, 15.031041145324707, 15.1015625, 15.066649436950684, 15.813865661621094, 14.801219940185547, 15.98690128326416, 14.849084854125977, 15.023188591003418, 14.661824226379395, 14.361295700073242, 15.142263412475586, 14.824753761291504, 15.275962829589844, 15.960321426391602, 14.692239761352539, 14.859435081481934, 14.473878860473633, 16.06270408630371, 15.02502155303955, 14.925244331359863, 14.27252197265625, 14.154417037963867, 13.769388198852539, 14.261223793029785, 14.227103233337402, 16.009967803955078, 13.850335121154785, 14.370796203613281, 13.613444328308105, 13.723039627075195, 14.972622871398926, 13.896620750427246, 16.3857364654541, 13.92022705078125, 13.31128215789795, 14.02110767364502, 14.432348251342773, 13.373170852661133, 13.572052001953125, 14.249541282653809, 13.385873794555664, 14.443306922912598, 14.324939727783203, 13.975638389587402, 13.490339279174805, 15.293269157409668, 13.82109260559082, 13.650689125061035, 13.595658302307129, 14.112163543701172, 15.422187805175781, 14.043315887451172, 14.233463287353516, 16.492467880249023, 13.30445671081543, 14.206218719482422, 14.425814628601074, 13.550507545471191, 14.561017990112305, 14.874749183654785, 14.238807678222656, 13.411869049072266, 13.719473838806152, 14.814780235290527, 13.941658020019531, 14.380758285522461, 13.092608451843262, 14.399087905883789, 13.39216423034668, 13.747535705566406, 13.517987251281738, 13.45361328125, 13.659560203552246, 13.36865234375, 13.999115943908691, 13.287825584411621, 13.545072555541992, 14.077826499938965, 14.410968780517578, 14.117259979248047, 13.53161334991455, 14.224485397338867, 13.318434715270996, 13.92819595336914, 14.201387405395508, 13.280298233032227, 13.888469696044922, 13.211362838745117, 13.174065589904785, 13.663026809692383, 13.389396667480469, 16.012115478515625, 13.588233947753906, 14.205668449401855, 14.074501991271973, 14.409415245056152, 12.96444320678711, 13.236494064331055, 13.729148864746094, 13.833913803100586, 14.423737525939941, 13.860860824584961, 13.160689353942871, 13.100360870361328, 13.01258659362793, 14.00765323638916]}