{"aucroc": 0.7917368125701459, "aucpr": 0.1503309792563208, "dataset": "11_donors", "method": "refine", "test_ratio": 0.054, "train_ratio": 0.05346, "labeled_anomalies": 0.99, "loe_loss": [18.990612030029297, 18.163644790649414, 17.041109085083008, 16.940677642822266, 16.640594482421875, 15.906135559082031, 15.415629386901855, 15.067435264587402, 15.279256820678711, 14.265992164611816, 14.638592720031738, 14.489416122436523, 14.33077621459961, 14.557353973388672, 13.910908699035645, 13.923799514770508, 13.867683410644531, 14.004620552062988, 13.690792083740234, 14.014151573181152, 13.505447387695312, 13.951333045959473, 13.348312377929688, 13.238332748413086, 13.520159721374512, 13.58714771270752, 13.259496688842773, 13.599985122680664, 13.24941635131836, 13.270837783813477, 13.320123672485352, 13.344510078430176, 13.054513931274414, 13.252458572387695, 13.186090469360352, 12.963105201721191, 12.745172500610352, 12.86349105834961, 13.132944107055664, 13.425153732299805, 12.854171752929688, 12.91368293762207, 12.6145658493042, 12.671523094177246, 12.953434944152832, 12.865670204162598, 13.01288890838623, 12.81905746459961, 12.30109691619873, 12.633074760437012, 12.587310791015625, 12.289192199707031, 12.535426139831543, 13.129968643188477, 12.333406448364258, 12.861953735351562, 12.837108612060547, 12.677599906921387, 12.434035301208496, 12.70330810546875, 12.29308032989502, 12.226371765136719, 12.272781372070312, 12.848536491394043, 12.831779479980469, 12.792919158935547, 12.771275520324707, 12.929588317871094, 12.162548065185547, 12.76664924621582, 12.709454536437988, 12.374611854553223, 12.72912883758545, 12.734750747680664, 12.543754577636719, 12.30727767944336, 12.756826400756836, 12.502894401550293, 12.694869995117188, 12.621721267700195, 12.090710639953613, 12.317279815673828, 12.224288940429688, 12.166826248168945, 12.179978370666504, 12.341761589050293, 12.123537063598633, 12.124346733093262, 12.454634666442871, 12.265594482421875, 12.499448776245117, 12.176624298095703, 12.542108535766602, 12.0302095413208, 12.326677322387695, 12.660287857055664, 12.016159057617188, 12.06462287902832, 12.432676315307617, 12.100608825683594, 12.428467750549316, 12.085738182067871, 12.1023530960083, 12.184003829956055, 11.89377498626709, 12.994490623474121, 12.30362319946289, 12.283931732177734, 12.054880142211914, 12.273516654968262, 11.873152732849121, 12.100542068481445, 12.36166000366211, 12.171354293823242, 12.264593124389648, 12.111672401428223, 11.904916763305664, 11.836893081665039, 12.010594367980957, 12.400812149047852]}