{"aucroc": 0.7543460009222283, "aucpr": 0.13087897382226826, "dataset": "11_donors", "method": "soft", "test_ratio": 0.054, "train_ratio": 0.0216, "labeled_anomalies": 0.4, "loe_loss": [19.40768814086914, 18.55883026123047, 18.460590362548828, 17.78301239013672, 17.130796432495117, 16.504718780517578, 15.933038711547852, 15.817728042602539, 15.959258079528809, 15.539857864379883, 15.561236381530762, 14.829194068908691, 14.841564178466797, 14.965632438659668, 14.504791259765625, 14.673212051391602, 15.072990417480469, 15.07101821899414, 15.05342960357666, 13.944247245788574, 14.117467880249023, 14.366012573242188, 14.182206153869629, 13.776871681213379, 14.135991096496582, 13.761556625366211, 13.937018394470215, 13.717637062072754, 13.793298721313477, 14.154951095581055, 13.589827537536621, 13.653947830200195, 13.902082443237305, 13.663867950439453, 13.943500518798828, 13.79150676727295, 13.576754570007324, 13.179142951965332, 12.939361572265625, 13.791111946105957, 13.420000076293945, 13.575555801391602, 13.404779434204102, 13.787830352783203, 13.350482940673828, 13.47370433807373, 13.003987312316895, 13.249034881591797, 13.449508666992188, 13.035463333129883, 13.042369842529297, 12.976869583129883, 13.150615692138672, 13.018864631652832, 13.648616790771484, 13.321693420410156, 12.774009704589844, 12.948644638061523, 13.035602569580078, 12.904321670532227, 13.00985336303711, 13.286201477050781, 12.818376541137695, 12.85279655456543, 12.726766586303711, 13.03136920928955, 12.693670272827148, 12.782624244689941, 13.00222110748291, 13.368408203125, 13.123473167419434, 12.906325340270996, 13.725537300109863, 14.213146209716797, 12.537843704223633, 13.156137466430664, 12.931734085083008, 13.021318435668945, 13.18576431274414, 13.064543724060059, 12.737284660339355, 12.349467277526855, 12.914363861083984, 12.981714248657227, 13.070512771606445, 12.749092102050781, 12.927682876586914, 13.291172981262207, 14.345097541809082, 13.394716262817383, 12.598576545715332, 13.337614059448242, 13.862936019897461, 13.859283447265625, 12.762151718139648, 12.6770601272583, 13.895474433898926, 13.028499603271484, 12.621210098266602, 12.31234359741211, 13.152379989624023, 12.57826042175293, 13.158276557922363, 12.800453186035156, 12.491092681884766, 12.603818893432617, 12.793700218200684, 13.091287612915039, 12.44532299041748, 11.972314834594727, 12.700689315795898, 12.615053176879883, 12.974863052368164, 12.29904556274414, 12.336811065673828, 12.90102767944336, 13.083930969238281, 12.59144115447998, 12.76860523223877, 12.717673301696777]}