{"aucroc": 0.7410141466343017, "aucpr": 0.12421068312119388, "dataset": "11_donors", "method": "soft", "test_ratio": 0.054, "train_ratio": 0.00054, "labeled_anomalies": 0.01, "loe_loss": [20.133079528808594, 20.412961959838867, 19.614059448242188, 18.990684509277344, 18.97696304321289, 17.922754287719727, 17.45713233947754, 16.60490608215332, 16.64293098449707, 16.964521408081055, 17.03194236755371, 15.915594100952148, 17.147926330566406, 15.77951717376709, 15.213445663452148, 15.920476913452148, 15.56059455871582, 15.698960304260254, 16.705156326293945, 15.11354923248291, 15.631093978881836, 15.07248306274414, 15.597099304199219, 14.232982635498047, 15.191844940185547, 15.451211929321289, 14.665191650390625, 14.76039981842041, 14.668600082397461, 15.428117752075195, 14.960917472839355, 15.08221435546875, 14.47167682647705, 14.109184265136719, 14.456073760986328, 15.060383796691895, 14.424263000488281, 13.975149154663086, 14.812893867492676, 14.720281600952148, 14.284708023071289, 14.135200500488281, 14.31871509552002, 15.642077445983887, 13.891343116760254, 14.963627815246582, 13.73843002319336, 14.675333976745605, 14.316183090209961, 13.625243186950684, 13.467576026916504, 14.144609451293945, 14.26131534576416, 13.507248878479004, 15.114215850830078, 13.894675254821777, 14.00031566619873, 13.408889770507812, 13.433929443359375, 14.033791542053223, 14.147541046142578, 14.315589904785156, 13.677635192871094, 13.270281791687012, 13.376937866210938, 13.715357780456543, 14.199542045593262, 13.930981636047363, 13.97983169555664, 14.917900085449219, 14.42348575592041, 13.680622100830078, 15.191034317016602, 15.620569229125977, 13.715584754943848, 13.68429946899414, 14.355213165283203, 14.38899040222168, 14.096014022827148, 13.911169052124023, 13.344854354858398, 14.413509368896484, 13.640439987182617, 14.233328819274902, 13.65150260925293, 14.07509708404541, 14.072519302368164, 14.368602752685547, 16.24665641784668, 14.807125091552734, 13.268158912658691, 14.406292915344238, 15.61239242553711, 15.345083236694336, 13.43092155456543, 13.382193565368652, 14.95327377319336, 14.014995574951172, 14.114362716674805, 13.55971622467041, 14.618474006652832, 13.407228469848633, 13.948131561279297, 14.047581672668457, 13.69930362701416, 13.296539306640625, 13.933469772338867, 14.653955459594727, 13.4534912109375, 13.858932495117188, 13.876729011535645, 13.259254455566406, 14.174188613891602, 13.499037742614746, 13.990280151367188, 13.933182716369629, 14.134795188903809, 13.908540725708008, 14.245240211486816, 13.434576988220215]}