{"aucroc": 0.5844481692263714, "aucpr": 0.41378643591182074, "dataset": "12_fault", "method": "soft", "test_ratio": 0.346483704974271, "train_ratio": 0.00346483704974271, "labeled_anomalies": 0.01, "loe_loss": [59.42871856689453, 54.851078033447266, 52.90869140625, 52.23080062866211, 51.60469436645508, 48.962738037109375, 49.455482482910156, 49.77959060668945, 52.02995300292969, 48.6750602722168, 48.7835693359375, 48.779640197753906, 47.34210968017578, 49.43055725097656, 47.79711151123047, 48.726715087890625, 48.89054870605469, 47.130035400390625, 47.16813659667969, 47.19947052001953, 46.984107971191406, 49.03113555908203, 47.296600341796875, 47.43699645996094, 46.81619644165039, 46.18608856201172, 45.36896514892578, 46.264793395996094, 46.525794982910156, 45.892005920410156, 46.28195571899414, 43.03392791748047, 43.141700744628906, 43.42152404785156, 43.26659393310547, 43.72028350830078, 44.374446868896484, 45.11731719970703, 43.29949951171875, 41.42082977294922, 43.544960021972656, 42.66194534301758, 42.834842681884766, 43.941932678222656, 43.493900299072266, 42.93812942504883, 42.765411376953125, 42.76070022583008, 41.734371185302734, 41.978267669677734, 41.15964126586914, 41.076881408691406, 40.670440673828125, 40.64019775390625, 40.75221633911133, 40.90420150756836, 42.9638786315918, 40.596519470214844, 39.602020263671875, 40.059776306152344, 40.330162048339844, 41.67134094238281, 41.09514617919922, 39.5528564453125, 39.96765899658203, 39.983154296875, 40.98841857910156, 40.87104415893555, 38.832279205322266, 39.057395935058594, 39.15821075439453, 39.67140197753906, 39.2237548828125, 40.04658508300781, 38.853694915771484, 39.3013916015625, 38.712303161621094, 39.62921905517578, 38.8532600402832, 38.66668701171875, 38.4427375793457, 38.978492736816406, 38.84088897705078, 38.305572509765625, 38.87189483642578, 39.0228271484375, 38.21833038330078, 39.24927520751953, 38.29233932495117, 38.45719909667969, 38.0424919128418, 38.802085876464844, 38.379478454589844, 38.96315383911133, 37.793296813964844, 37.18341827392578, 37.879878997802734, 37.59908676147461, 37.037986755371094, 38.36526870727539, 37.195648193359375, 38.072689056396484, 38.24518585205078, 37.37276840209961, 37.363887786865234, 38.70818328857422, 37.030738830566406, 37.27607345581055, 36.65055847167969, 37.1030387878418, 37.81666564941406, 38.423851013183594, 38.52914047241211, 36.74737548828125, 37.40507507324219, 36.80856704711914, 36.966590881347656, 36.47980880737305, 37.00334167480469, 37.74845504760742]}