{"aucroc": 0.4590596658091006, "aucpr": 0.30788057760268916, "dataset": "12_fault", "method": "refine", "test_ratio": 0.346483704974271, "train_ratio": 0.27718696397941683, "labeled_anomalies": 0.8, "loe_loss": [37.747276306152344, 35.659976959228516, 34.45768356323242, 33.295166015625, 33.422996520996094, 33.58439254760742, 33.135276794433594, 32.94841003417969, 32.29888153076172, 32.93654251098633, 32.1845703125, 31.696094512939453, 31.723278045654297, 31.776382446289062, 31.78923225402832, 30.552547454833984, 31.123214721679688, 30.0570068359375, 30.252628326416016, 29.660842895507812, 30.255952835083008, 29.95317840576172, 29.534481048583984, 28.6658878326416, 29.242919921875, 28.841068267822266, 29.54416275024414, 28.664134979248047, 28.066787719726562, 28.751188278198242, 28.523330688476562, 28.304401397705078, 28.86994171142578, 28.437959671020508, 28.046876907348633, 27.340150833129883, 28.6987361907959, 28.199066162109375, 27.48495864868164, 27.957279205322266, 26.951725006103516, 28.223133087158203, 27.446245193481445, 28.017541885375977, 27.15880012512207, 27.838886260986328, 27.71430015563965, 27.222562789916992, 27.12677764892578, 27.525983810424805, 27.208242416381836, 27.232646942138672, 27.682231903076172, 26.670740127563477, 27.551477432250977, 26.542953491210938, 26.511383056640625, 27.4639949798584, 26.58615493774414, 26.847881317138672, 26.357135772705078, 27.36505889892578, 26.268131256103516, 26.333831787109375, 26.79421615600586, 26.424787521362305, 26.832624435424805, 26.977779388427734, 26.061548233032227, 26.77799415588379, 26.892353057861328, 26.345979690551758, 26.043006896972656, 26.199234008789062, 26.274396896362305, 25.76812171936035, 26.01534652709961, 26.01788330078125, 25.455204010009766, 25.916645050048828, 25.78809928894043, 25.80022430419922, 25.703550338745117, 25.794830322265625, 25.86446762084961, 26.490711212158203, 25.76193618774414, 25.380577087402344, 25.36797332763672, 25.5296630859375, 26.096839904785156, 24.966983795166016, 25.09917640686035, 26.917526245117188, 25.899938583374023, 24.90374183654785, 25.409564971923828, 25.228347778320312, 25.205366134643555, 25.053606033325195, 25.452165603637695, 26.092336654663086, 25.813261032104492, 25.078378677368164, 25.671377182006836, 24.90638542175293, 24.64044761657715, 24.563678741455078, 25.793869018554688, 25.09394645690918, 24.885744094848633, 23.975910186767578, 25.018159866333008, 24.72787094116211, 24.941326141357422, 24.053159713745117, 25.785869598388672, 24.791723251342773, 24.74971580505371, 24.881206512451172]}