{"aucroc": 0.44431407707699905, "aucpr": 0.29795555273172825, "dataset": "12_fault", "method": "soft", "test_ratio": 0.346483704974271, "train_ratio": 0.20789022298456258, "labeled_anomalies": 0.6, "loe_loss": [38.41410827636719, 35.89064407348633, 34.55144119262695, 33.16376495361328, 32.52173614501953, 32.80888748168945, 33.519996643066406, 33.092987060546875, 32.91899108886719, 32.67243194580078, 32.696144104003906, 32.51856231689453, 31.563495635986328, 32.16461181640625, 31.913135528564453, 31.568096160888672, 30.465700149536133, 31.337129592895508, 30.774473190307617, 30.839515686035156, 29.603055953979492, 29.572561264038086, 29.840538024902344, 28.907995223999023, 29.5830135345459, 29.700145721435547, 29.933780670166016, 28.92194175720215, 28.820302963256836, 28.187883377075195, 29.01046371459961, 27.93633460998535, 28.190853118896484, 28.278545379638672, 27.719680786132812, 27.866065979003906, 28.098880767822266, 28.626012802124023, 28.390701293945312, 27.310380935668945, 27.832942962646484, 28.047924041748047, 27.894596099853516, 27.929094314575195, 27.015789031982422, 28.38580322265625, 27.59250259399414, 27.326345443725586, 27.61453628540039, 27.1082763671875, 27.07697105407715, 26.877649307250977, 26.929105758666992, 26.47934341430664, 27.01633071899414, 27.01935577392578, 27.04074478149414, 26.18037223815918, 26.480131149291992, 26.286884307861328, 26.92440414428711, 26.456552505493164, 26.529144287109375, 26.56686782836914, 26.974031448364258, 26.678203582763672, 26.582788467407227, 25.405982971191406, 25.697509765625, 25.55398178100586, 25.515958786010742, 25.850948333740234, 26.34585189819336, 25.723899841308594, 26.581613540649414, 25.53942108154297, 25.651880264282227, 25.802404403686523, 25.065479278564453, 25.171524047851562, 25.71586036682129, 26.000732421875, 25.878005981445312, 25.852787017822266, 25.517793655395508, 25.609926223754883, 25.498462677001953, 24.49532127380371, 26.337541580200195, 24.086959838867188, 24.470069885253906, 25.558185577392578, 24.62697982788086, 24.170154571533203, 25.102569580078125, 25.174266815185547, 24.860546112060547, 24.592016220092773, 24.004520416259766, 25.7490234375, 24.411396026611328, 25.314189910888672, 24.99197769165039, 24.455482482910156, 23.75997543334961, 25.054216384887695, 24.926618576049805, 23.380512237548828, 24.15013885498047, 24.354549407958984, 23.27513885498047, 23.21516227722168, 22.0330867767334, 24.010557174682617, 23.25815773010254, 23.06676483154297, 23.2163028717041, 23.67185401916504, 23.277729034423828, 23.359006881713867]}