{"aucroc": 0.4315922143395441, "aucpr": 0.2909254365986439, "dataset": "12_fault", "method": "soft", "test_ratio": 0.346483704974271, "train_ratio": 0.3430188679245283, "labeled_anomalies": 0.99, "loe_loss": [28.58256721496582, 26.761442184448242, 25.578645706176758, 25.157032012939453, 24.318038940429688, 24.05301284790039, 24.689208984375, 24.834436416625977, 23.511545181274414, 23.80008316040039, 23.601816177368164, 23.481277465820312, 23.293012619018555, 22.544004440307617, 23.06850242614746, 22.863359451293945, 23.053852081298828, 23.017295837402344, 22.650562286376953, 21.7860050201416, 21.726058959960938, 21.860158920288086, 21.88312339782715, 22.053619384765625, 22.00369644165039, 21.4432430267334, 20.908538818359375, 21.330615997314453, 20.501665115356445, 20.8787841796875, 21.27878761291504, 19.500022888183594, 20.351146697998047, 20.440122604370117, 20.09239959716797, 20.121070861816406, 20.568666458129883, 19.755035400390625, 19.034088134765625, 20.437456130981445, 20.377674102783203, 18.99713897705078, 19.705036163330078, 19.820627212524414, 19.458959579467773, 18.46231460571289, 19.311359405517578, 19.844205856323242, 19.263208389282227, 19.510765075683594, 18.929140090942383, 18.792617797851562, 19.070323944091797, 18.62851333618164, 19.4146785736084, 18.636058807373047, 18.407032012939453, 18.627689361572266, 17.644723892211914, 18.138959884643555, 18.827573776245117, 17.994382858276367, 18.994821548461914, 18.05563735961914, 18.143280029296875, 17.94214630126953, 18.282981872558594, 17.7197265625, 17.47244644165039, 18.396808624267578, 16.688859939575195, 17.78419303894043, 18.175443649291992, 16.788328170776367, 16.448768615722656, 16.63282012939453, 16.47510528564453, 17.07037925720215, 17.34990882873535, 16.476608276367188, 15.116128921508789, 15.030105590820312, 10.155923843383789, 12.708372116088867, 11.1629056930542, 6.242218017578125, 3.3693835735321045, 7.344722270965576, -1.197296380996704]}