{"aucroc": 0.5317182505652139, "aucpr": 0.35656465479673566, "dataset": "12_fault", "method": "refine", "test_ratio": 0.346483704974271, "train_ratio": 0.13859348198970842, "labeled_anomalies": 0.4, "loe_loss": [46.45405578613281, 44.396881103515625, 42.95582962036133, 40.911624908447266, 41.22549057006836, 41.27524948120117, 40.793800354003906, 40.60065841674805, 39.80423355102539, 41.281402587890625, 39.674068450927734, 39.36451721191406, 39.197879791259766, 39.559810638427734, 39.38675308227539, 37.97085189819336, 38.51081848144531, 37.31038284301758, 37.61759567260742, 36.76423645019531, 37.899967193603516, 37.340057373046875, 37.031551361083984, 35.999603271484375, 36.85414505004883, 35.87811279296875, 36.812400817871094, 35.9582633972168, 35.20146560668945, 35.803035736083984, 35.84444046020508, 35.38575744628906, 35.850399017333984, 35.47239303588867, 35.255409240722656, 34.09758758544922, 35.702674865722656, 35.38167953491211, 34.487762451171875, 35.208133697509766, 33.96846008300781, 35.237884521484375, 34.57799530029297, 35.06407928466797, 34.04200744628906, 34.72753143310547, 34.63262939453125, 34.3194465637207, 34.348636627197266, 34.39126968383789, 33.99608612060547, 33.96049499511719, 34.57535934448242, 33.1384391784668, 34.23116683959961, 33.20151901245117, 33.60744857788086, 34.315982818603516, 33.27312088012695, 33.449951171875, 33.07322692871094, 34.32203674316406, 32.823543548583984, 32.997535705566406, 33.47682189941406, 33.23622512817383, 33.51984405517578, 33.50069046020508, 32.35535430908203, 33.08928298950195, 33.250450134277344, 32.84560012817383, 32.718658447265625, 32.54467010498047, 32.61751937866211, 32.072486877441406, 32.438819885253906, 32.34221267700195, 32.133827209472656, 32.13884353637695, 32.01991271972656, 31.909425735473633, 32.02136993408203, 32.289180755615234, 32.37823486328125, 32.62007522583008, 32.37920379638672, 31.87643814086914, 31.75918960571289, 32.097679138183594, 32.62105941772461, 31.25371742248535, 31.217065811157227, 32.485103607177734, 32.654052734375, 31.581953048706055, 31.518098831176758, 30.807640075683594, 31.09784698486328, 31.62542724609375, 31.447139739990234, 32.21891403198242, 31.82643699645996, 31.471240997314453, 32.358272552490234, 31.352863311767578, 30.524169921875, 30.71449851989746, 31.582393646240234, 31.32085418701172, 30.708885192871094, 30.05646514892578, 30.65686798095703, 30.522785186767578, 30.06097984313965, 30.47509002685547, 30.504825592041016, 30.540912628173828, 29.931062698364258, 29.93218421936035]}