{"aucroc": 0.5680114861879888, "aucpr": 0.3889870029450728, "dataset": "12_fault", "method": "refine", "test_ratio": 0.346483704974271, "train_ratio": 0.06929674099485421, "labeled_anomalies": 0.2, "loe_loss": [51.52792739868164, 49.83202362060547, 48.10818862915039, 45.280269622802734, 45.89004898071289, 45.92509460449219, 45.06829071044922, 45.23601531982422, 44.062103271484375, 46.571712493896484, 44.03573989868164, 44.1110954284668, 43.5335578918457, 44.255802154541016, 44.07090759277344, 42.692535400390625, 42.89877700805664, 41.3027458190918, 42.014129638671875, 40.63178253173828, 42.48148727416992, 41.79373550415039, 41.7646369934082, 40.472999572753906, 41.33608627319336, 39.947750091552734, 41.27635955810547, 39.748443603515625, 39.02165603637695, 39.95936965942383, 40.879188537597656, 39.55398941040039, 39.72142028808594, 39.414215087890625, 39.35075759887695, 38.08300018310547, 39.708160400390625, 39.8882942199707, 38.4283332824707, 39.45867156982422, 37.784263610839844, 39.27223205566406, 38.41514587402344, 39.107444763183594, 37.90186309814453, 38.61766052246094, 38.33639144897461, 38.73637390136719, 38.133445739746094, 38.2535285949707, 37.7507438659668, 37.83039855957031, 38.321327209472656, 36.72594451904297, 38.03340530395508, 37.03553771972656, 37.44076156616211, 38.034645080566406, 37.14329528808594, 37.16233825683594, 36.20475387573242, 38.51178741455078, 36.295597076416016, 36.93968963623047, 37.40402603149414, 36.89530563354492, 36.726341247558594, 36.757938385009766, 35.89902877807617, 36.0382194519043, 36.33620834350586, 36.21641159057617, 36.40077590942383, 35.86247253417969, 36.1398811340332, 35.35527420043945, 35.68506622314453, 35.65005874633789, 35.877079010009766, 35.400108337402344, 34.85170364379883, 34.912193298339844, 35.18350601196289, 35.81804656982422, 35.94814682006836, 35.963890075683594, 35.783695220947266, 35.081119537353516, 34.99293899536133, 35.54133605957031, 35.95996856689453, 34.6737060546875, 34.62528991699219, 35.55080032348633, 35.65966796875, 34.91136169433594, 34.93346405029297, 34.091068267822266, 34.44625473022461, 34.79137420654297, 34.846702575683594, 35.23065185546875, 34.96654510498047, 34.63751983642578, 35.78944778442383, 34.71464920043945, 33.84471130371094, 34.146697998046875, 34.58213424682617, 34.617549896240234, 33.87140655517578, 33.398223876953125, 33.930728912353516, 33.90093994140625, 33.958683013916016, 33.660892486572266, 33.80987548828125, 33.80536651611328, 33.37907409667969, 33.243682861328125]}