{"aucroc": 0.6656810317709971, "aucpr": 0.09398204905217075, "dataset": "14_glass", "method": "refine", "test_ratio": 0.03666666666666667, "train_ratio": 0.022, "labeled_anomalies": 0.6, "loe_loss": [14.445144653320312, 12.994600296020508, 13.897849082946777, 12.381298065185547, 12.408506393432617, 12.283537864685059, 11.548635482788086, 11.277681350708008, 11.686756134033203, 11.260393142700195, 11.05586051940918, 10.717158317565918, 11.093151092529297, 9.711194038391113, 11.017111778259277, 10.086319923400879, 10.736420631408691, 10.436233520507812, 10.495628356933594, 9.974629402160645, 10.581331253051758, 10.716866493225098, 9.981682777404785, 10.299234390258789, 10.877843856811523, 11.04463005065918, 9.356538772583008, 9.625925064086914, 10.751131057739258, 10.341864585876465, 9.515442848205566, 9.573249816894531, 9.887795448303223, 9.397204399108887, 10.275311470031738, 9.260491371154785, 9.403621673583984, 10.274764060974121, 9.373958587646484, 9.782394409179688, 9.625475883483887, 9.418397903442383, 9.749141693115234, 9.079976081848145, 9.586538314819336, 9.425628662109375, 10.10462474822998, 9.503910064697266, 9.098392486572266, 8.927301406860352, 9.55557632446289, 9.708111763000488, 8.844978332519531, 9.568794250488281, 8.938830375671387, 9.761849403381348, 9.511582374572754, 9.811596870422363, 10.110437393188477, 9.746382713317871, 10.061667442321777, 9.44007682800293, 9.997512817382812, 8.821144104003906, 9.068084716796875, 9.561173439025879, 9.731164932250977, 9.908524513244629, 9.315980911254883, 9.499146461486816, 9.861207008361816, 9.044099807739258, 8.874382019042969, 9.033413887023926, 9.760497093200684, 8.938281059265137, 9.222474098205566, 8.720130920410156, 8.897109031677246, 8.806659698486328, 8.932228088378906, 9.00062370300293, 8.966986656188965, 9.877411842346191, 9.076515197753906, 9.00134563446045, 9.272520065307617, 9.672978401184082, 10.154671669006348, 8.680022239685059, 8.725645065307617, 8.79847240447998, 8.865950584411621, 9.298238754272461, 9.24055004119873, 8.772768020629883, 9.482222557067871, 8.918414115905762, 9.218282699584961, 9.405070304870605, 9.202247619628906, 8.75025463104248, 9.212445259094238, 9.271722793579102, 8.586527824401855, 9.183290481567383, 9.164438247680664, 8.755234718322754, 8.704700469970703, 9.275606155395508, 8.924641609191895, 9.061548233032227, 8.67409896850586, 9.194172859191895, 8.623396873474121, 9.353694915771484, 9.538297653198242, 9.236715316772461, 8.560816764831543, 9.669597625732422]}