{"aucroc": 0.6800566215791128, "aucpr": 0.10184721368020881, "dataset": "14_glass", "method": "soft", "test_ratio": 0.03666666666666667, "train_ratio": 0.00036666666666666667, "labeled_anomalies": 0.01, "loe_loss": [16.206480026245117, 13.81769847869873, 15.854263305664062, 13.855910301208496, 13.42333698272705, 12.980822563171387, 12.448383331298828, 14.41146469116211, 12.989328384399414, 12.24177074432373, 12.379866600036621, 11.127530097961426, 11.268680572509766, 11.924081802368164, 11.188943862915039, 12.134742736816406, 13.758016586303711, 11.262100219726562, 12.231674194335938, 10.945415496826172, 10.382291793823242, 12.130943298339844, 11.4798002243042, 10.575972557067871, 11.201465606689453, 10.56798267364502, 11.62965202331543, 11.690601348876953, 10.871710777282715, 10.78414535522461, 9.900636672973633, 10.729514122009277, 11.721392631530762, 10.45344352722168, 11.089317321777344, 10.902610778808594, 11.353631973266602, 10.836121559143066, 11.19479751586914, 9.923463821411133, 10.86268424987793, 10.036202430725098, 10.671279907226562, 11.083174705505371, 12.218873977661133, 12.037518501281738, 10.607877731323242, 11.036043167114258, 10.963115692138672, 10.693581581115723, 10.103832244873047, 10.053262710571289, 10.213513374328613, 12.859509468078613, 10.877300262451172, 11.49782943725586, 10.51326847076416, 10.03521728515625, 11.022462844848633, 9.246862411499023, 10.916991233825684, 10.666705131530762, 9.73121452331543, 10.7578763961792, 10.126727104187012, 10.357744216918945, 9.888822555541992, 10.020944595336914, 10.149789810180664, 10.946341514587402, 10.864995956420898, 10.683441162109375, 9.279308319091797, 9.819025039672852, 10.709611892700195, 10.108437538146973, 10.29127311706543, 10.459753036499023, 10.536925315856934, 10.818852424621582, 10.309931755065918, 10.766277313232422, 10.444236755371094, 10.099604606628418, 11.119404792785645, 10.602088928222656, 9.72449779510498, 10.100504875183105, 10.232682228088379, 10.451225280761719, 9.978657722473145, 10.311480522155762, 9.850872993469238, 10.153210639953613, 10.613120079040527, 9.674015045166016, 9.852653503417969, 10.391755104064941, 11.104108810424805, 9.654398918151855, 10.426430702209473, 11.048165321350098, 11.069723129272461, 11.174797058105469, 10.007408142089844, 9.455016136169434, 10.225523948669434, 10.537799835205078, 10.339341163635254, 10.029582977294922, 9.822807312011719, 10.898447036743164, 10.185604095458984, 9.982501029968262, 10.999810218811035, 9.589214324951172, 10.285299301147461, 9.75727653503418, 10.50252628326416, 10.120506286621094]}