{"aucroc": 0.6689210443535704, "aucpr": 0.09409485978638292, "dataset": "14_glass", "method": "refine", "test_ratio": 0.03666666666666667, "train_ratio": 0.029333333333333336, "labeled_anomalies": 0.8, "loe_loss": [14.166685104370117, 12.77783203125, 13.55701732635498, 12.097785949707031, 12.080946922302246, 11.870774269104004, 11.259511947631836, 11.04855728149414, 11.412768363952637, 10.965373039245605, 10.793451309204102, 10.47722339630127, 10.789362907409668, 9.534446716308594, 10.743208885192871, 9.80716609954834, 10.466780662536621, 10.152697563171387, 10.201788902282715, 9.711883544921875, 10.337305068969727, 10.341732025146484, 9.694433212280273, 10.0506591796875, 10.605879783630371, 10.705355644226074, 9.198549270629883, 9.410843849182129, 10.499533653259277, 10.098939895629883, 9.258627891540527, 9.335617065429688, 9.661107063293457, 9.05258846282959, 9.945965766906738, 8.999568939208984, 9.141351699829102, 10.0125732421875, 9.177321434020996, 9.547701835632324, 9.416133880615234, 9.210225105285645, 9.494668960571289, 8.861546516418457, 9.358916282653809, 9.183082580566406, 9.842608451843262, 9.241681098937988, 8.883220672607422, 8.693778991699219, 9.329002380371094, 9.494866371154785, 8.641002655029297, 9.317198753356934, 8.717266082763672, 9.542031288146973, 9.283784866333008, 9.549217224121094, 9.864778518676758, 9.430901527404785, 9.730783462524414, 9.232059478759766, 9.679322242736816, 8.613509178161621, 8.883588790893555, 9.325943946838379, 9.509906768798828, 9.67822551727295, 9.111834526062012, 9.272810935974121, 9.606213569641113, 8.826289176940918, 8.665067672729492, 8.764917373657227, 9.433173179626465, 8.688974380493164, 8.969950675964355, 8.464812278747559, 8.644088745117188, 8.603612899780273, 8.72995376586914, 8.751662254333496, 8.717838287353516, 9.64459228515625, 8.819031715393066, 8.794758796691895, 9.042957305908203, 9.428217887878418, 9.697144508361816, 8.502976417541504, 8.481966018676758, 8.540372848510742, 8.700758934020996, 9.045927047729492, 8.869161605834961, 8.508790969848633, 9.23211669921875, 8.697160720825195, 8.95313835144043, 9.158531188964844, 8.94049072265625, 8.478320121765137, 8.951987266540527, 9.042823791503906, 8.340518951416016, 8.868825912475586, 8.892478942871094, 8.487472534179688, 8.418683052062988, 8.981976509094238, 8.645886421203613, 8.772281646728516, 8.397932052612305, 8.940840721130371, 8.313745498657227, 9.001384735107422, 9.225093841552734, 8.960601806640625, 8.240557670593262, 9.359251022338867]}