{"aucroc": 0.662126454860019, "aucpr": 0.09524281395626817, "dataset": "14_glass", "method": "refine", "test_ratio": 0.03666666666666667, "train_ratio": 0.014666666666666668, "labeled_anomalies": 0.4, "loe_loss": [14.749032974243164, 13.252836227416992, 14.325690269470215, 12.806802749633789, 12.740843772888184, 12.856772422790527, 11.948629379272461, 11.527088165283203, 12.082192420959473, 11.663860321044922, 11.350957870483398, 11.103290557861328, 11.486146926879883, 9.971702575683594, 11.300065040588379, 10.47701644897461, 11.004822731018066, 10.814008712768555, 10.877302169799805, 10.252453804016113, 10.830761909484863, 11.231672286987305, 10.342744827270508, 10.550569534301758, 11.21434497833252, 11.54831314086914, 9.550291061401367, 9.858030319213867, 11.095033645629883, 10.590782165527344, 9.784065246582031, 9.82192611694336, 10.116252899169922, 9.747649192810059, 10.613397598266602, 9.526067733764648, 9.682963371276855, 10.758074760437012, 9.716801643371582, 10.028529167175293, 9.84177303314209, 9.67801284790039, 10.080071449279785, 9.34872817993164, 9.827455520629883, 9.767428398132324, 10.421395301818848, 9.98275375366211, 9.33958625793457, 9.173035621643066, 9.789189338684082, 9.924417495727539, 9.052838325500488, 9.83788776397705, 9.190366744995117, 10.011489868164062, 9.747547149658203, 10.152377128601074, 10.569330215454102, 10.05760383605957, 10.375059127807617, 9.66920280456543, 10.457584381103516, 9.082763671875, 9.265790939331055, 9.876099586486816, 9.955812454223633, 10.145575523376465, 9.55439281463623, 9.739736557006836, 10.332108497619629, 9.289432525634766, 9.116477012634277, 9.384324073791504, 10.212915420532227, 9.186174392700195, 9.537111282348633, 8.983047485351562, 9.155661582946777, 9.038908004760742, 9.171509742736816, 9.263065338134766, 9.234611511230469, 10.09848403930664, 9.571555137634277, 9.351733207702637, 9.513538360595703, 9.925139427185059, 10.610810279846191, 8.956063270568848, 8.968893051147461, 9.070107460021973, 9.087800025939941, 9.543420791625977, 9.751215934753418, 9.053101539611816, 9.739367485046387, 9.156167030334473, 9.564493179321289, 9.735089302062988, 9.558073043823242, 9.046539306640625, 9.480846405029297, 9.59347152709961, 8.889013290405273, 9.514528274536133, 9.43071460723877, 9.088757514953613, 9.006547927856445, 9.639636993408203, 9.20877456665039, 9.367121696472168, 8.965270042419434, 9.451824188232422, 8.98481559753418, 9.867012023925781, 9.8367338180542, 9.546854019165039, 8.95251750946045, 10.154179573059082]}