{"aucroc": 0.6769738911607425, "aucpr": 0.095063804473643, "dataset": "14_glass", "method": "soft", "test_ratio": 0.03666666666666667, "train_ratio": 0.0363, "labeled_anomalies": 0.99, "loe_loss": [13.790685653686523, 12.273571014404297, 13.24252986907959, 11.302543640136719, 11.688547134399414, 10.313081741333008, 10.217815399169922, 11.385635375976562, 10.591384887695312, 10.063030242919922, 10.30939769744873, 9.693236351013184, 9.569708824157715, 9.730205535888672, 9.307930946350098, 9.897546768188477, 11.259833335876465, 9.265403747558594, 9.420370101928711, 9.44125747680664, 8.728109359741211, 9.76850700378418, 9.401419639587402, 9.172567367553711, 8.645331382751465, 8.735780715942383, 9.396771430969238, 9.106953620910645, 8.76054859161377, 9.061164855957031, 8.559951782226562, 8.741935729980469, 9.164360046386719, 8.97922134399414, 9.359184265136719, 8.92746353149414, 9.23426628112793, 9.284500122070312, 9.007871627807617, 8.339750289916992, 8.689164161682129, 8.264485359191895, 8.659978866577148, 8.881141662597656, 9.631982803344727, 9.613308906555176, 8.381696701049805, 8.560794830322266, 8.91047191619873, 8.3734130859375, 8.751869201660156, 8.076531410217285, 8.467833518981934, 10.351003646850586, 8.546473503112793, 9.03978443145752, 8.738064765930176, 8.576626777648926, 8.855452537536621, 8.166495323181152, 8.9340238571167, 8.793808937072754, 8.198979377746582, 8.625402450561523, 8.402387619018555, 8.671159744262695, 8.381710052490234, 8.637945175170898, 8.194391250610352, 8.859381675720215, 9.16972827911377, 8.61269474029541, 8.349907875061035, 8.345704078674316, 8.295886039733887, 8.329183578491211, 8.077788352966309, 8.68659782409668, 8.707776069641113, 8.815658569335938, 8.296815872192383, 8.624059677124023, 8.590696334838867, 8.210662841796875, 8.759381294250488, 8.753591537475586, 8.254600524902344, 8.178279876708984, 7.9920148849487305, 8.720540046691895, 7.956748962402344, 8.168502807617188, 8.084518432617188, 8.80962085723877, 8.736428260803223, 8.121698379516602, 8.35299015045166, 8.039566993713379, 9.146610260009766, 8.28879451751709, 8.269464492797852, 9.523510932922363, 8.631905555725098, 9.28678035736084, 8.282995223999023, 7.905511379241943, 8.39224624633789, 8.346925735473633, 8.629720687866211, 8.158005714416504, 7.774757385253906, 8.438587188720703, 8.330830574035645, 7.915816783905029, 8.896842002868652, 7.921546936035156, 8.283623695373535, 7.6889495849609375, 8.467119216918945, 8.959495544433594]}