{"aucroc": 0.8022993936530435, "aucpr": 0.4409556479407099, "dataset": "15_Hepatitis", "method": "soft", "test_ratio": 0.17, "train_ratio": 0.10200000000000001, "labeled_anomalies": 0.6, "loe_loss": [34.10542678833008, 33.39338684082031, 31.283306121826172, 30.60281753540039, 29.852397918701172, 30.019786834716797, 29.954973220825195, 28.975963592529297, 29.262413024902344, 27.96375846862793, 28.630943298339844, 28.189170837402344, 27.429872512817383, 27.248613357543945, 27.526630401611328, 27.92845916748047, 28.025056838989258, 27.505313873291016, 27.03220558166504, 27.403759002685547, 26.15520477294922, 26.522911071777344, 25.71023178100586, 26.485567092895508, 26.284494400024414, 26.559473037719727, 26.065597534179688, 25.182159423828125, 25.710180282592773, 25.65192985534668, 26.18642807006836, 25.54535675048828, 25.937641143798828, 24.889673233032227, 25.735883712768555, 24.31104278564453, 25.25237274169922, 24.770360946655273, 24.82447624206543, 25.310340881347656, 24.4766845703125, 25.283945083618164, 24.332317352294922, 24.979141235351562, 24.614547729492188, 24.787296295166016, 24.121353149414062, 24.457386016845703, 25.34052276611328, 23.87082290649414, 24.29755401611328, 23.977903366088867, 24.469989776611328, 24.280651092529297, 23.59229850769043, 24.219158172607422, 24.64244270324707, 24.468534469604492, 24.25679588317871, 25.084680557250977, 23.805763244628906, 24.24329948425293, 24.517576217651367, 24.307811737060547, 25.436840057373047, 23.636350631713867, 23.628746032714844, 24.11278533935547, 24.275184631347656, 23.60682487487793, 24.487869262695312, 23.83000946044922, 23.176755905151367, 23.892417907714844, 24.267621994018555, 23.509397506713867, 23.765247344970703, 23.533599853515625, 23.906003952026367, 23.739484786987305, 23.536128997802734, 23.577789306640625, 23.235946655273438, 23.28790855407715, 23.151273727416992, 23.3500919342041, 24.106462478637695, 22.79448890686035, 23.599285125732422, 23.402284622192383, 22.821949005126953, 23.833892822265625, 23.23512840270996, 23.280540466308594, 23.410436630249023, 22.51117706298828, 23.38766098022461, 23.110368728637695, 23.394153594970703, 23.080738067626953, 23.46950340270996, 22.71087074279785, 23.54810905456543, 22.690481185913086, 23.07229995727539, 23.483823776245117, 23.363065719604492, 23.254056930541992, 23.83322525024414, 23.56084442138672, 23.540761947631836, 24.004051208496094, 23.21101188659668, 22.693119049072266, 23.00414276123047, 23.3520450592041, 23.070558547973633, 22.660829544067383, 22.72618293762207, 22.85298728942871]}