{"aucroc": 0.7353807386408377, "aucpr": 0.2767630291384833, "dataset": "15_Hepatitis", "method": "refine", "test_ratio": 0.17, "train_ratio": 0.0017000000000000001, "labeled_anomalies": 0.01, "loe_loss": [41.89851760864258, 39.99381637573242, 37.548179626464844, 37.86266326904297, 36.51386642456055, 37.039634704589844, 35.28385543823242, 34.97044372558594, 34.960548400878906, 35.04930877685547, 33.83293533325195, 34.09804916381836, 33.965248107910156, 33.09120178222656, 33.72135925292969, 33.26622772216797, 32.865474700927734, 32.21290588378906, 31.654544830322266, 32.73460006713867, 31.444429397583008, 33.99497985839844, 31.667177200317383, 31.925994873046875, 31.775611877441406, 31.62691879272461, 31.32200813293457, 31.51493263244629, 30.84221649169922, 31.480405807495117, 31.174640655517578, 30.913497924804688, 30.136573791503906, 30.78148651123047, 30.42363739013672, 29.94879150390625, 29.763139724731445, 31.40500831604004, 30.71177864074707, 29.752849578857422, 29.202260971069336, 30.20749855041504, 29.71765899658203, 29.23760414123535, 30.727523803710938, 29.753358840942383, 29.70109748840332, 29.723541259765625, 29.954086303710938, 29.207862854003906, 29.470577239990234, 29.0064754486084, 28.614721298217773, 28.937685012817383, 28.878307342529297, 29.292266845703125, 29.059589385986328, 28.764406204223633, 28.978059768676758, 28.636682510375977, 28.996292114257812, 29.12833023071289, 28.081201553344727, 27.819683074951172, 29.58147621154785, 28.556726455688477, 29.362972259521484, 28.723033905029297, 28.85420799255371, 27.983592987060547, 29.241594314575195, 28.42485809326172, 29.23710823059082, 28.897676467895508, 29.267478942871094, 28.24174690246582, 28.83343505859375, 28.308725357055664, 28.644472122192383, 28.70876693725586, 28.650312423706055, 28.450809478759766, 28.203174591064453, 27.968685150146484, 28.320472717285156, 27.51844024658203, 28.144798278808594, 27.584136962890625, 28.33539581298828, 28.127511978149414, 28.85556411743164, 28.295381546020508, 28.070621490478516, 28.258344650268555, 27.59234619140625, 28.694896697998047, 27.947471618652344, 27.919538497924805, 28.15497398376465, 27.634620666503906, 27.800830841064453, 28.26382827758789, 27.917659759521484, 27.634130477905273, 27.670440673828125, 27.72591781616211, 27.860252380371094, 28.054248809814453, 27.865074157714844, 27.773420333862305, 27.795650482177734, 28.436214447021484, 28.027494430541992, 27.670475006103516, 27.988088607788086, 28.033143997192383, 27.691608428955078, 27.354442596435547, 27.763092041015625, 27.914670944213867]}