{"aucroc": 0.7762658477045437, "aucpr": 0.3820293495479704, "dataset": "15_Hepatitis", "method": "soft", "test_ratio": 0.17, "train_ratio": 0.068, "labeled_anomalies": 0.4, "loe_loss": [36.20296096801758, 35.42771911621094, 33.257266998291016, 32.499900817871094, 31.67483139038086, 31.88083267211914, 31.83084487915039, 30.79075813293457, 31.042802810668945, 29.740739822387695, 30.510507583618164, 30.009979248046875, 29.19305992126465, 28.971580505371094, 29.301292419433594, 29.653581619262695, 29.828208923339844, 29.319580078125, 28.840627670288086, 29.114238739013672, 27.892791748046875, 28.19579315185547, 27.41411018371582, 28.23933219909668, 27.99860382080078, 28.141639709472656, 27.73540687561035, 26.825069427490234, 27.41862678527832, 27.234710693359375, 27.760147094726562, 27.122745513916016, 27.484996795654297, 26.485820770263672, 27.389118194580078, 25.950767517089844, 26.765762329101562, 26.32938003540039, 26.44570541381836, 26.807411193847656, 26.036893844604492, 26.977025985717773, 25.831871032714844, 26.463998794555664, 26.16396713256836, 26.332042694091797, 25.62114906311035, 26.01716423034668, 26.841190338134766, 25.40159797668457, 25.802001953125, 25.440305709838867, 25.95673179626465, 25.778573989868164, 25.09172821044922, 25.669265747070312, 26.110307693481445, 25.94821548461914, 25.784393310546875, 26.51634407043457, 25.202600479125977, 25.78054428100586, 25.98085594177246, 25.70577621459961, 26.70947265625, 24.940584182739258, 25.11078643798828, 25.53020477294922, 25.5949764251709, 25.042884826660156, 25.830150604248047, 25.2089900970459, 24.602331161499023, 25.2535343170166, 25.692960739135742, 24.936481475830078, 25.08077621459961, 25.004188537597656, 25.26738166809082, 25.080524444580078, 25.05143165588379, 25.273038864135742, 24.91206169128418, 24.78098487854004, 24.667293548583984, 24.708477020263672, 25.390525817871094, 24.194414138793945, 25.02568244934082, 24.838665008544922, 24.235584259033203, 25.22221565246582, 24.604116439819336, 24.731868743896484, 24.841625213623047, 23.985687255859375, 24.859933853149414, 24.547800064086914, 24.962833404541016, 24.4578914642334, 24.83123207092285, 24.275100708007812, 24.897686004638672, 24.19119644165039, 24.600393295288086, 24.912519454956055, 24.7868709564209, 24.752485275268555, 24.973262786865234, 24.893827438354492, 24.971681594848633, 25.460330963134766, 24.678085327148438, 24.116409301757812, 24.411325454711914, 24.75762176513672, 24.70519256591797, 24.07384490966797, 24.245498657226562, 24.277307510375977]}