{"aucroc": 0.8180014174344435, "aucpr": 0.46686569916127263, "dataset": "15_Hepatitis", "method": "soft", "test_ratio": 0.17, "train_ratio": 0.136, "labeled_anomalies": 0.8, "loe_loss": [31.64168930053711, 30.957901000976562, 28.90608024597168, 28.269569396972656, 27.600391387939453, 27.797561645507812, 27.708221435546875, 26.796588897705078, 27.136457443237305, 25.959922790527344, 26.402040481567383, 26.01837921142578, 25.30760955810547, 25.258792877197266, 25.3518009185791, 25.806509017944336, 25.888723373413086, 25.29612922668457, 24.81199073791504, 25.32809066772461, 24.05354118347168, 24.433433532714844, 23.640525817871094, 24.41950798034668, 24.256267547607422, 24.644771575927734, 24.021785736083984, 23.269054412841797, 23.656496047973633, 23.683555603027344, 24.200382232666016, 23.584827423095703, 23.959259033203125, 23.02564239501953, 23.636215209960938, 22.366127014160156, 23.37034797668457, 22.801626205444336, 22.883481979370117, 23.372005462646484, 22.486465454101562, 23.276439666748047, 22.604843139648438, 23.144424438476562, 22.82471466064453, 22.953670501708984, 22.227834701538086, 22.535507202148438, 23.54187774658203, 22.039913177490234, 22.454591751098633, 22.131467819213867, 22.641407012939453, 22.50873374938965, 21.77564811706543, 22.345722198486328, 22.805116653442383, 22.682758331298828, 22.33745574951172, 23.201797485351562, 21.965354919433594, 22.452672958374023, 22.63846778869629, 22.48065185546875, 23.706844329833984, 21.809951782226562, 21.815921783447266, 22.318702697753906, 22.54425811767578, 21.737024307250977, 22.81813621520996, 22.04071617126465, 21.47739601135254, 22.226240158081055, 22.505109786987305, 21.590173721313477, 22.12329864501953, 21.83066177368164, 22.168453216552734, 22.076190948486328, 21.76231575012207, 21.719192504882812, 21.624454498291016, 21.518945693969727, 21.358810424804688, 21.614734649658203, 22.440462112426758, 21.08555030822754, 21.918323516845703, 21.724668502807617, 21.042272567749023, 22.02040672302246, 21.38477325439453, 21.555376052856445, 21.661348342895508, 20.733749389648438, 21.55559539794922, 21.38345718383789, 21.621732711791992, 21.4168758392334, 21.696552276611328, 20.997419357299805, 21.659849166870117, 20.914541244506836, 21.431283950805664, 21.727489471435547, 21.584808349609375, 21.383777618408203, 22.02463722229004, 21.857933044433594, 21.920095443725586, 22.09856605529785, 21.532880783081055, 20.802967071533203, 21.083778381347656, 21.5164852142334, 21.347532272338867, 20.893054962158203, 20.960561752319336, 21.17576789855957]}