{"aucroc": 0.8045357902197023, "aucpr": 0.419492011278818, "dataset": "15_Hepatitis", "method": "refine", "test_ratio": 0.17, "train_ratio": 0.136, "labeled_anomalies": 0.8, "loe_loss": [34.52655029296875, 32.5605583190918, 30.894542694091797, 30.739736557006836, 29.68062973022461, 29.957088470458984, 28.563478469848633, 28.306747436523438, 28.39801597595215, 28.214828491210938, 27.312597274780273, 27.78426170349121, 27.491796493530273, 26.821407318115234, 27.153583526611328, 26.912826538085938, 26.799577713012695, 26.149930953979492, 25.636566162109375, 26.52074432373047, 25.60145378112793, 27.77609634399414, 26.01559829711914, 26.272048950195312, 25.67519760131836, 26.019622802734375, 25.326807022094727, 25.533344268798828, 25.04652976989746, 25.637161254882812, 25.2767391204834, 25.20244598388672, 24.656158447265625, 25.250202178955078, 24.864887237548828, 24.456541061401367, 24.140155792236328, 25.6509952545166, 25.27389144897461, 24.311498641967773, 23.90934181213379, 24.64569854736328, 24.13023567199707, 23.897653579711914, 25.18902015686035, 24.300487518310547, 24.048280715942383, 24.05533790588379, 24.490345001220703, 24.108402252197266, 24.289119720458984, 23.717247009277344, 23.349699020385742, 23.711328506469727, 23.813396453857422, 24.198467254638672, 23.93251609802246, 23.465911865234375, 23.8699893951416, 23.461196899414062, 23.633365631103516, 24.195026397705078, 23.101818084716797, 22.796846389770508, 24.758638381958008, 23.34121322631836, 24.434097290039062, 23.48690414428711, 24.061357498168945, 23.151700973510742, 24.08115005493164, 23.471750259399414, 24.57158660888672, 24.08770751953125, 24.296239852905273, 23.262697219848633, 24.271278381347656, 23.36768341064453, 23.58816909790039, 23.660554885864258, 24.133371353149414, 23.720306396484375, 23.55856704711914, 23.35049057006836, 23.753253936767578, 22.871477127075195, 23.354564666748047, 22.868032455444336, 23.472309112548828, 23.177831649780273, 24.068572998046875, 23.422264099121094, 23.313140869140625, 23.737098693847656, 22.710617065429688, 24.05244255065918, 23.405311584472656, 23.13334083557129, 23.346834182739258, 22.84652328491211, 23.224853515625, 23.42978286743164, 23.16292381286621, 22.602035522460938, 23.050765991210938, 22.695594787597656, 23.1115665435791, 23.31247901916504, 22.991050720214844, 22.78326416015625, 23.040115356445312, 23.59695053100586, 23.316679000854492, 22.841899871826172, 23.18342399597168, 23.284912109375, 22.965883255004883, 22.3749942779541, 23.03632926940918, 22.93211555480957]}