{"aucroc": 0.7877313174265691, "aucpr": 0.38306540166655745, "dataset": "15_Hepatitis", "method": "refine", "test_ratio": 0.17, "train_ratio": 0.10200000000000001, "labeled_anomalies": 0.6, "loe_loss": [36.53042221069336, 34.53842544555664, 32.66423034667969, 32.603355407714844, 31.502727508544922, 31.8702449798584, 30.302230834960938, 30.083141326904297, 30.18337631225586, 30.1138916015625, 29.098939895629883, 29.58470344543457, 29.326982498168945, 28.640052795410156, 29.008193969726562, 28.715307235717773, 28.528827667236328, 27.854358673095703, 27.33136558532715, 28.31785774230957, 27.251352310180664, 29.515729904174805, 27.729944229125977, 27.87834930419922, 27.352975845336914, 27.621597290039062, 27.040071487426758, 27.158262252807617, 26.66367530822754, 27.217208862304688, 26.964216232299805, 26.825252532958984, 26.154172897338867, 26.871572494506836, 26.396202087402344, 26.0352783203125, 25.60857391357422, 27.17349624633789, 26.833568572998047, 25.893091201782227, 25.36174201965332, 26.168498992919922, 25.70383071899414, 25.42505645751953, 26.800838470458984, 25.816579818725586, 25.59943389892578, 25.679292678833008, 25.999929428100586, 25.57628059387207, 25.686676025390625, 25.272645950317383, 24.86695671081543, 25.22110939025879, 25.3377685546875, 25.659639358520508, 25.458192825317383, 24.98453140258789, 25.326658248901367, 24.927350997924805, 25.151695251464844, 25.567853927612305, 24.52059555053711, 24.218406677246094, 26.256196975708008, 24.78974151611328, 25.80148696899414, 24.92862319946289, 25.490846633911133, 24.482177734375, 25.637693405151367, 24.970155715942383, 25.934558868408203, 25.44394302368164, 25.661834716796875, 24.65668487548828, 25.58717155456543, 24.813095092773438, 25.022235870361328, 25.15142059326172, 25.435821533203125, 25.123075485229492, 24.903573989868164, 24.700572967529297, 25.07713508605957, 24.097564697265625, 24.726871490478516, 24.206260681152344, 24.813785552978516, 24.551549911499023, 25.389198303222656, 24.76226806640625, 24.598434448242188, 24.932086944580078, 24.060190200805664, 25.36650276184082, 24.74376678466797, 24.413026809692383, 24.68546485900879, 24.167781829833984, 24.464584350585938, 24.720138549804688, 24.380733489990234, 23.96123504638672, 24.310043334960938, 24.066293716430664, 24.362396240234375, 24.56908416748047, 24.22579574584961, 24.024429321289062, 24.237075805664062, 24.945859909057617, 24.507328033447266, 24.028005599975586, 24.512765884399414, 24.597736358642578, 24.217876434326172, 23.77985191345215, 24.32619857788086, 24.266586303710938]}