{"aucroc": 0.7268761319788961, "aucpr": 0.2659977694029919, "dataset": "15_Hepatitis", "method": "soft", "test_ratio": 0.17, "train_ratio": 0.0017000000000000001, "labeled_anomalies": 0.01, "loe_loss": [40.568756103515625, 39.79207229614258, 37.42117691040039, 37.0539665222168, 35.69676971435547, 36.273765563964844, 36.163394927978516, 35.04628372192383, 35.11366653442383, 33.773738861083984, 34.92314147949219, 33.96091079711914, 33.028480529785156, 32.767478942871094, 33.260345458984375, 33.48849868774414, 33.725772857666016, 33.224327087402344, 32.7607421875, 32.76661682128906, 31.53468894958496, 31.788209915161133, 31.369836807250977, 32.082706451416016, 32.047515869140625, 31.625499725341797, 31.204545974731445, 30.32937240600586, 30.965978622436523, 30.620136260986328, 31.370574951171875, 30.40365982055664, 30.768396377563477, 29.83868980407715, 30.68052864074707, 29.569902420043945, 30.062597274780273, 29.59877586364746, 29.64821434020996, 29.90896224975586, 29.198406219482422, 30.460010528564453, 28.995697021484375, 29.45059585571289, 29.22164535522461, 29.434322357177734, 28.712932586669922, 28.978792190551758, 29.841693878173828, 28.57206153869629, 28.621061325073242, 28.648479461669922, 28.91463279724121, 28.82613182067871, 28.250455856323242, 28.62312889099121, 28.93975257873535, 28.863969802856445, 28.760454177856445, 29.208913803100586, 28.171945571899414, 28.97638511657715, 28.99325180053711, 28.786331176757812, 29.24653434753418, 27.7789306640625, 27.96687889099121, 28.32686996459961, 28.34726333618164, 28.0194149017334, 28.596982955932617, 28.146465301513672, 27.699291229248047, 28.368398666381836, 28.728763580322266, 27.83078384399414, 28.06075096130371, 27.90347671508789, 28.479177474975586, 28.084436416625977, 28.176671981811523, 28.131458282470703, 28.000539779663086, 27.85816764831543, 27.60264015197754, 27.867557525634766, 28.1794490814209, 27.33711814880371, 27.945402145385742, 27.958721160888672, 27.40345001220703, 28.113542556762695, 27.56656837463379, 27.661401748657227, 27.93731689453125, 27.093080520629883, 28.005849838256836, 27.377918243408203, 27.753440856933594, 27.460981369018555, 27.8394718170166, 27.430038452148438, 27.797086715698242, 27.476062774658203, 27.61231803894043, 27.81244659423828, 27.746585845947266, 27.786407470703125, 27.93941307067871, 27.912879943847656, 28.083681106567383, 28.16828727722168, 27.85239028930664, 27.01116180419922, 27.3317928314209, 27.826377868652344, 27.771610260009766, 27.091201782226562, 27.417428970336914, 27.26763343811035]}