{"aucroc": 0.7399559020395307, "aucpr": 0.293627907112657, "dataset": "15_Hepatitis", "method": "refine", "test_ratio": 0.17, "train_ratio": 0.034, "labeled_anomalies": 0.2, "loe_loss": [39.91705322265625, 37.953304290771484, 35.71745300292969, 35.8785514831543, 34.70435333251953, 35.15050506591797, 33.409202575683594, 33.044185638427734, 33.260379791259766, 33.22533416748047, 32.132347106933594, 32.52565002441406, 32.324440002441406, 31.60877227783203, 32.072906494140625, 31.668197631835938, 31.47344970703125, 30.732837677001953, 30.280391693115234, 31.270137786865234, 30.026981353759766, 32.45481491088867, 30.35274314880371, 30.606090545654297, 30.162118911743164, 30.227663040161133, 29.75558090209961, 29.994112014770508, 29.451650619506836, 29.986385345458984, 29.70816993713379, 29.586332321166992, 28.856000900268555, 29.364818572998047, 28.969810485839844, 28.713703155517578, 28.282020568847656, 29.878313064575195, 29.41905403137207, 28.40447235107422, 27.918869018554688, 28.781343460083008, 28.390247344970703, 27.92923355102539, 29.41472053527832, 28.403263092041016, 28.272008895874023, 28.35330581665039, 28.601848602294922, 27.992998123168945, 28.16192626953125, 27.779800415039062, 27.461307525634766, 27.748018264770508, 27.816434860229492, 28.114452362060547, 27.88494110107422, 27.455259323120117, 27.79309844970703, 27.512407302856445, 27.695528030395508, 27.886972427368164, 27.041221618652344, 26.648822784423828, 28.737468719482422, 27.354515075683594, 28.25787353515625, 27.572738647460938, 27.926044464111328, 26.859113693237305, 28.198999404907227, 27.38071060180664, 28.5460147857666, 27.922134399414062, 28.12627601623535, 27.05423355102539, 28.003137588500977, 27.272544860839844, 27.76835060119629, 27.725135803222656, 27.833572387695312, 27.53485107421875, 27.320270538330078, 27.02907371520996, 27.361879348754883, 26.461702346801758, 27.175947189331055, 26.572248458862305, 27.071083068847656, 27.030029296875, 27.704322814941406, 27.140111923217773, 26.92416000366211, 27.17815399169922, 26.4296817779541, 27.65810203552246, 26.96526527404785, 26.66529655456543, 27.120845794677734, 26.52708625793457, 26.74561882019043, 27.059316635131836, 26.709463119506836, 26.458642959594727, 26.628530502319336, 26.40542984008789, 26.736326217651367, 26.984777450561523, 26.59882354736328, 26.662792205810547, 26.558448791503906, 27.392410278320312, 26.824487686157227, 26.313465118408203, 26.848445892333984, 27.00217628479004, 26.552045822143555, 26.17278480529785, 26.602521896362305, 26.611509323120117]}