{"aucroc": 0.9969839142091154, "aucpr": 0.4448181678707952, "dataset": "16_http", "method": "refine", "test_ratio": 0.005333333333333333, "train_ratio": 5.333333333333333e-05, "labeled_anomalies": 0.01, "loe_loss": [5.749860763549805, 7.757199287414551, 7.2983551025390625, 7.3391032218933105, 5.4100823402404785, 5.315133094787598, 4.714353561401367, 6.441596984863281, 4.975149154663086, 5.626514434814453, 4.871025085449219, 5.128424167633057, 5.592119216918945, 5.297985076904297, 4.055135250091553, 5.020832538604736, 4.170673370361328, 3.761899948120117, 3.6685945987701416, 5.277179718017578, 4.748905181884766, 7.7700653076171875, 4.308554172515869, 4.302568435668945, 5.831238746643066, 5.035975456237793, 7.364638328552246, 3.4658000469207764, 4.017116069793701, 4.714912414550781, 4.144110679626465, 4.398193359375, 4.932438850402832, 6.480169773101807, 4.499052047729492, 4.938005447387695, 3.971207618713379, 3.9784891605377197, 5.209144592285156, 5.144900321960449, 4.097531795501709, 4.001893520355225, 6.169572830200195, 3.2592451572418213, 3.757915496826172, 3.8762102127075195, 3.337589740753174, 3.959256649017334, 5.463478088378906, 3.3468716144561768, 3.304551601409912, 3.383157253265381, 4.781558990478516, 3.938203811645508, 5.319663047790527, 3.488412380218506, 5.297029495239258, 3.720977306365967, 3.973275899887085, 3.474355697631836, 4.534528732299805, 3.375757932662964, 3.836751937866211, 3.930908203125, 4.2090959548950195, 3.9200215339660645, 4.441124439239502, 4.383783340454102, 3.9176411628723145, 3.8346219062805176, 3.842123508453369, 4.0041351318359375, 4.092745780944824, 3.596843957901001, 3.8965537548065186, 4.349074363708496, 3.861165761947632, 3.90777325630188, 4.895219802856445, 4.567634582519531, 3.8324615955352783, 3.3738272190093994, 5.133192539215088, 5.058596611022949, 4.4713239669799805, 4.939132213592529, 4.447259902954102, 4.389865875244141, 4.164035797119141, 5.331865310668945, 5.171999931335449, 4.343445777893066, 5.53298282623291, 5.82114315032959, 5.183509826660156, 3.3773038387298584, 3.831514596939087, 3.21151065826416, 6.126434326171875, 3.913539409637451, 4.394167900085449, 4.145750045776367, 3.992269515991211, 3.238368511199951, 5.068225860595703, 4.6992268562316895, 4.620938301086426, 3.9059882164001465, 5.040643692016602, 5.995970726013184, 3.7895102500915527, 3.5522890090942383, 4.233358860015869, 3.428518056869507, 6.301407337188721, 5.96759033203125, 3.8333590030670166, 7.0183587074279785, 3.3005781173706055, 5.8134765625]}