{"aucroc": 0.9969839142091154, "aucpr": 0.4448181678707952, "dataset": "16_http", "method": "soft", "test_ratio": 0.005333333333333333, "train_ratio": 5.333333333333333e-05, "labeled_anomalies": 0.01, "loe_loss": [7.921587944030762, 5.427454471588135, 6.825323104858398, 4.481593608856201, 8.274789810180664, 4.209471225738525, 4.1583404541015625, 4.158337593078613, 4.571103572845459, 5.4048943519592285, 7.197935581207275, 3.868062734603882, 5.976181983947754, 5.793890953063965, 5.192023277282715, 4.415205001831055, 3.5131726264953613, 4.361878395080566, 6.409073829650879, 6.7229766845703125, 6.355596542358398, 5.053608417510986, 5.033880233764648, 4.642936706542969, 4.113883018493652, 3.426677703857422, 5.282428741455078, 3.4608407020568848, 3.4429259300231934, 6.299856185913086, 4.132667541503906, 5.062294006347656, 3.3578238487243652, 3.9575324058532715, 3.365833282470703, 3.363290548324585, 4.628793716430664, 4.752093315124512, 3.840294361114502, 3.3589906692504883, 4.541220664978027, 3.306401491165161, 3.9244933128356934, 6.7999467849731445, 4.398674488067627, 3.349928140640259, 5.382418632507324, 3.276052474975586, 3.208158016204834, 3.292581796646118, 4.497675895690918, 6.1560139656066895, 3.240098714828491, 3.301879644393921, 4.556025505065918, 5.639759063720703, 3.3928070068359375, 4.654227256774902, 3.257174253463745, 3.286102056503296, 4.33062219619751, 5.130679130554199, 3.239173173904419, 6.352622032165527, 3.845221996307373, 6.563867568969727, 4.94809627532959, 4.854501247406006, 4.017425060272217, 3.2787418365478516, 4.389771461486816, 5.8148980140686035, 4.466146945953369, 3.3491744995117188, 5.290509223937988, 5.3006110191345215, 5.725437164306641, 4.471569061279297, 6.013187885284424, 3.2924883365631104, 5.894210338592529, 3.3217105865478516, 3.244375467300415, 4.271556854248047, 3.9077820777893066, 4.448241710662842, 3.2218942642211914, 5.473188400268555, 3.202566623687744, 3.26720929145813, 3.395914077758789, 3.2359800338745117, 5.896604537963867, 5.963049411773682, 5.127901554107666, 3.806030035018921, 5.6301798820495605, 5.799864768981934, 3.3496711254119873, 4.557560920715332, 3.5152010917663574, 5.267419815063477, 3.699841022491455, 4.378907680511475, 3.2054643630981445, 4.331475257873535, 3.346135377883911, 3.886378526687622, 4.779881477355957, 3.8307063579559326, 3.9644687175750732, 7.357835292816162, 3.8621129989624023, 6.824727535247803, 3.3055427074432373, 3.7361207008361816, 3.8598990440368652, 5.444632053375244, 4.391393661499023, 4.735434532165527]}