{"aucroc": 0.6272064393939394, "aucpr": 0.30338663845548214, "dataset": "17_InternetAds", "method": "refine", "test_ratio": 0.1864406779661017, "train_ratio": 0.03728813559322034, "labeled_anomalies": 0.2, "loe_loss": [2880.65771484375, 2694.047119140625, 2664.45947265625, 2738.40966796875, 2615.504638671875, 2682.629638671875, 2755.284912109375, 2573.3037109375, 2738.452392578125, 2651.575927734375, 2715.562255859375, 2616.175537109375, 2570.9609375, 2632.1640625, 2740.09765625, 2530.31298828125, 2484.62353515625, 2552.9541015625, 2501.093017578125, 2470.182373046875, 2593.13330078125, 2487.833251953125, 2414.324462890625, 2591.422607421875, 2614.715576171875, 2559.16015625, 2522.4423828125, 2515.36279296875, 2446.88623046875, 2476.543701171875, 2552.3330078125, 2446.104248046875, 2403.42041015625, 2432.4169921875, 2471.569091796875, 2602.407470703125, 2514.3515625, 2334.318603515625, 2424.990966796875, 2429.698974609375, 2417.036376953125, 2441.78515625, 2321.01904296875, 2430.453125, 2452.21533203125, 2445.87451171875, 2492.572998046875, 2547.783447265625, 2441.7265625, 2320.4775390625, 2361.942626953125, 2334.522216796875, 2322.10986328125, 2357.381103515625, 2341.7421875, 2343.596923828125, 2375.641357421875, 2296.27490234375, 2370.521484375, 2279.78759765625, 2310.900634765625, 2353.40771484375, 2449.1494140625, 2308.14599609375, 2407.047607421875, 2276.880615234375, 2364.70849609375, 2329.9189453125, 2367.385498046875, 2364.703369140625, 2312.152099609375, 2287.247314453125, 2236.857666015625, 2369.061767578125, 2373.899658203125, 2298.60595703125, 2380.525146484375, 2348.991943359375, 2220.736328125, 2255.82666015625, 2298.635498046875, 2333.295654296875, 2334.822509765625, 2264.7744140625, 2359.53076171875, 2246.4150390625, 2283.439697265625, 2290.921875, 2255.748779296875, 2381.427734375, 2225.02587890625, 2307.861328125, 2271.441650390625, 2258.130126953125, 2239.817626953125, 2274.73779296875, 2236.70703125, 2257.716796875, 2263.82763671875, 2305.60595703125, 2300.409423828125, 2278.97900390625, 2303.402099609375, 2318.886474609375, 2230.307373046875, 2346.71533203125, 2278.4609375, 2271.74169921875, 2225.7353515625, 2249.37939453125, 2264.301025390625, 2234.23876953125, 2303.7255859375, 2264.25830078125, 2398.18359375, 2400.83642578125, 2235.60693359375, 2251.896484375, 2218.384765625, 2295.757568359375]}