{"aucroc": 0.6274147727272726, "aucpr": 0.30366237728695794, "dataset": "17_InternetAds", "method": "refine", "test_ratio": 0.1864406779661017, "train_ratio": 0.18457627118644068, "labeled_anomalies": 0.99, "loe_loss": [2173.97607421875, 2104.876220703125, 2100.213134765625, 2107.710693359375, 2088.8994140625, 2125.13037109375, 2114.98388671875, 2037.9346923828125, 2139.62744140625, 2061.431396484375, 2077.467041015625, 2059.5078125, 2014.55029296875, 2081.556640625, 2084.694091796875, 2012.572998046875, 1936.121826171875, 2004.77685546875, 1963.983154296875, 1959.84375, 2016.16552734375, 1961.23828125, 1921.274658203125, 2015.7073974609375, 2018.772705078125, 2004.9276123046875, 1985.5150146484375, 1950.314453125, 1932.798095703125, 1929.490478515625, 2001.007080078125, 1918.765380859375, 1893.0185546875, 1897.2020263671875, 1924.8140869140625, 2011.6053466796875, 1933.556640625, 1861.001953125, 1925.962890625, 1867.44921875, 1913.6484375, 1920.10791015625, 1818.9267578125, 1917.470458984375, 1923.9130859375, 1899.04833984375, 1972.54150390625, 1985.25390625, 1916.382568359375, 1838.2457275390625, 1894.03662109375, 1842.5260009765625, 1844.8040771484375, 1851.0098876953125, 1860.035888671875, 1837.8978271484375, 1858.0328369140625, 1833.95654296875, 1878.127685546875, 1798.914794921875, 1816.142822265625, 1894.083251953125, 1912.5947265625, 1823.4329833984375, 1875.079345703125, 1806.81103515625, 1847.634521484375, 1813.755859375, 1872.147705078125, 1862.987548828125, 1825.3458251953125, 1796.364990234375, 1781.6546630859375, 1869.60302734375, 1863.6817626953125, 1834.1373291015625, 1890.3740234375, 1846.352783203125, 1756.1668701171875, 1798.839599609375, 1803.619873046875, 1859.708984375, 1843.0963134765625, 1793.663818359375, 1837.442138671875, 1801.484619140625, 1798.9488525390625, 1804.6724853515625, 1777.89013671875, 1883.5228271484375, 1779.1424560546875, 1815.4871826171875, 1807.6510009765625, 1807.6258544921875, 1776.75927734375, 1813.2071533203125, 1766.7440185546875, 1779.8699951171875, 1779.7667236328125, 1798.2421875, 1797.752197265625, 1817.2579345703125, 1820.4322509765625, 1798.026123046875, 1740.429443359375, 1842.0501708984375, 1792.8411865234375, 1799.1053466796875, 1775.1212158203125, 1776.607177734375, 1799.101806640625, 1754.478515625, 1783.4083251953125, 1798.013916015625, 1872.1282958984375, 1829.5758056640625, 1770.812744140625, 1772.953857421875, 1751.465087890625, 1836.2789306640625]}