{"aucroc": 0.6272026515151514, "aucpr": 0.30350319720342783, "dataset": "17_InternetAds", "method": "refine", "test_ratio": 0.1864406779661017, "train_ratio": 0.11186440677966102, "labeled_anomalies": 0.6, "loe_loss": [2455.3623046875, 2360.476806640625, 2341.64697265625, 2375.00634765625, 2324.028076171875, 2374.221923828125, 2373.31640625, 2271.71875, 2393.316650390625, 2317.615478515625, 2344.934814453125, 2302.04296875, 2249.5888671875, 2319.43212890625, 2352.41943359375, 2234.372802734375, 2167.0205078125, 2243.314453125, 2193.8994140625, 2187.23388671875, 2261.995361328125, 2188.982177734375, 2142.285400390625, 2257.172119140625, 2269.746826171875, 2249.08203125, 2214.89599609375, 2187.10498046875, 2158.158935546875, 2159.742431640625, 2238.309326171875, 2148.806884765625, 2108.10888671875, 2125.801513671875, 2157.77197265625, 2256.25732421875, 2176.31396484375, 2065.719482421875, 2146.165283203125, 2090.057861328125, 2134.35595703125, 2143.467041015625, 2029.4481201171875, 2131.720947265625, 2150.878662109375, 2122.9765625, 2196.41650390625, 2231.260009765625, 2146.914306640625, 2047.1710205078125, 2106.607421875, 2056.68310546875, 2053.50732421875, 2063.374755859375, 2067.299072265625, 2048.434326171875, 2082.114013671875, 2038.8455810546875, 2092.3974609375, 2012.591064453125, 2029.7694091796875, 2095.81787109375, 2142.94873046875, 2033.9202880859375, 2109.656982421875, 2011.654052734375, 2060.63525390625, 2032.832763671875, 2089.15966796875, 2078.992431640625, 2033.33740234375, 2010.3377685546875, 1984.8121337890625, 2087.24462890625, 2087.333740234375, 2047.4598388671875, 2108.92578125, 2070.93310546875, 1961.3662109375, 2001.03515625, 2014.708740234375, 2070.175537109375, 2059.37890625, 2000.1807861328125, 2071.8828125, 1999.5101318359375, 2005.8106689453125, 2017.308837890625, 1987.541259765625, 2104.704345703125, 1972.8009033203125, 2033.379638671875, 2007.4964599609375, 2010.6265869140625, 1979.20263671875, 2014.5418701171875, 1973.4429931640625, 1983.9813232421875, 1989.6632080078125, 2013.65625, 2009.0621337890625, 2024.166748046875, 2029.999267578125, 2014.17626953125, 1954.369140625, 2062.1787109375, 2005.214111328125, 2002.7984619140625, 1976.535400390625, 1980.136962890625, 1998.836181640625, 1964.608154296875, 2000.1162109375, 2006.9544677734375, 2098.97119140625, 2065.28173828125, 1976.986083984375, 1975.4298095703125, 1955.5621337890625, 2045.69091796875]}