{"aucroc": 0.6269204545454544, "aucpr": 0.303238829641917, "dataset": "17_InternetAds", "method": "soft", "test_ratio": 0.1864406779661017, "train_ratio": 0.03728813559322034, "labeled_anomalies": 0.2, "loe_loss": [2703.739013671875, 2735.344970703125, 2635.9443359375, 2662.861328125, 2713.286376953125, 2731.763671875, 2635.709716796875, 2671.991455078125, 2649.85205078125, 2587.15185546875, 2637.5087890625, 2670.816650390625, 2568.767578125, 2615.863525390625, 2526.369140625, 2487.67724609375, 2518.623291015625, 2423.64453125, 2524.0224609375, 2491.30908203125, 2511.505126953125, 2508.06396484375, 2447.002197265625, 2456.54443359375, 2512.695556640625, 2403.707763671875, 2434.44091796875, 2495.026611328125, 2444.884521484375, 2451.995361328125, 2454.68115234375, 2402.164794921875, 2436.103271484375, 2420.345458984375, 2390.044189453125, 2396.558837890625, 2425.533203125, 2417.558349609375, 2466.001953125, 2468.187744140625, 2407.1201171875, 2343.387451171875, 2302.248779296875, 2315.818359375, 2314.26513671875, 2295.017578125, 2398.114013671875, 2393.61962890625, 2423.919189453125, 2350.50048828125, 2302.688232421875, 2293.80859375, 2417.949951171875, 2452.686767578125, 2520.5224609375, 2262.218994140625, 2240.10009765625, 2330.7431640625, 2246.176513671875, 2288.942626953125, 2260.218017578125, 2300.729248046875, 2366.18603515625, 2331.15087890625, 2289.645263671875, 2267.166015625, 2264.366455078125, 2329.33544921875, 2243.431396484375, 2257.127685546875, 2291.25244140625, 2273.336669921875, 2194.57275390625, 2299.04541015625, 2353.318359375, 2280.2763671875, 2340.137451171875, 2238.916748046875, 2341.68603515625, 2259.9990234375, 2334.445068359375, 2212.531005859375, 2207.601318359375, 2291.190673828125, 2214.9658203125, 2237.24853515625, 2226.493408203125, 2230.853271484375, 2219.679931640625, 2310.375244140625, 2179.586669921875, 2295.0947265625, 2289.897705078125, 2230.9931640625, 2181.44287109375, 2275.49169921875, 2237.73046875, 2252.440185546875, 2245.639892578125, 2291.327392578125, 2208.8876953125, 2235.3623046875, 2205.986328125, 2227.7216796875, 2179.275390625, 2270.638916015625, 2206.85888671875, 2148.15869140625, 2196.24169921875, 2186.081787109375, 2160.408203125, 2209.132080078125, 2168.603271484375, 2261.719970703125, 2206.86328125, 2195.4658203125, 2121.062744140625, 2200.24755859375, 2129.499755859375, 2217.00439453125]}