{"aucroc": 0.6272992424242425, "aucpr": 0.30357641944420777, "dataset": "17_InternetAds", "method": "refine", "test_ratio": 0.1864406779661017, "train_ratio": 0.07457627118644068, "labeled_anomalies": 0.4, "loe_loss": [2638.689453125, 2517.33935546875, 2485.61376953125, 2544.349609375, 2459.59375, 2521.236083984375, 2550.235107421875, 2412.50927734375, 2556.344970703125, 2475.894287109375, 2514.521240234375, 2449.037109375, 2391.3466796875, 2467.681640625, 2523.736572265625, 2371.886962890625, 2309.259765625, 2387.48681640625, 2336.92578125, 2323.279052734375, 2414.91064453125, 2326.380126953125, 2270.609375, 2414.0400390625, 2428.008056640625, 2398.846435546875, 2357.857177734375, 2340.160400390625, 2294.34619140625, 2308.380859375, 2385.466796875, 2290.273193359375, 2238.735107421875, 2269.314697265625, 2304.432373046875, 2412.3388671875, 2327.5107421875, 2189.94140625, 2278.52685546875, 2230.962646484375, 2268.14501953125, 2283.1181640625, 2168.666748046875, 2264.4013671875, 2293.677734375, 2263.665283203125, 2337.304931640625, 2379.626708984375, 2283.47412109375, 2167.447509765625, 2229.597412109375, 2188.35986328125, 2176.379150390625, 2199.327880859375, 2199.064453125, 2180.5126953125, 2220.9794921875, 2158.373779296875, 2220.25390625, 2139.919677734375, 2160.350341796875, 2213.892333984375, 2286.55126953125, 2161.821533203125, 2252.5263671875, 2138.223388671875, 2197.078857421875, 2169.594482421875, 2214.51953125, 2212.13623046875, 2162.283203125, 2143.71142578125, 2105.013427734375, 2221.382080078125, 2225.603515625, 2170.947021484375, 2239.259765625, 2204.418701171875, 2084.10791015625, 2119.232421875, 2147.66162109375, 2197.694091796875, 2190.263671875, 2122.05419921875, 2210.19775390625, 2113.66943359375, 2131.676025390625, 2143.294921875, 2116.231689453125, 2235.73095703125, 2090.9638671875, 2161.775146484375, 2133.697998046875, 2130.45458984375, 2100.9755859375, 2138.156494140625, 2095.420166015625, 2108.15185546875, 2118.87646484375, 2149.89599609375, 2141.22802734375, 2143.322509765625, 2158.408203125, 2153.318115234375, 2085.345947265625, 2199.114013671875, 2132.7333984375, 2128.93017578125, 2094.42724609375, 2104.605712890625, 2121.927978515625, 2086.97216796875, 2131.96533203125, 2128.144287109375, 2235.4228515625, 2212.502197265625, 2100.60986328125, 2102.19921875, 2077.76123046875, 2164.85107421875]}