{"aucroc": 0.627217803030303, "aucpr": 0.30343269059151756, "dataset": "17_InternetAds", "method": "soft", "test_ratio": 0.1864406779661017, "train_ratio": 0.001864406779661017, "labeled_anomalies": 0.01, "loe_loss": [2975.595458984375, 3080.883544921875, 2856.7685546875, 3044.497314453125, 2937.15966796875, 3005.6953125, 2885.254638671875, 2995.900634765625, 2912.59716796875, 2952.681884765625, 2897.64013671875, 2903.818603515625, 2852.548583984375, 2904.824951171875, 2952.3447265625, 2712.620849609375, 2708.72509765625, 2740.791015625, 2738.20556640625, 2718.654296875, 2751.68212890625, 2778.359130859375, 2620.43896484375, 2691.5009765625, 2733.14306640625, 2677.36767578125, 2685.9013671875, 2749.1083984375, 2634.06005859375, 2679.956787109375, 2679.33935546875, 2589.443359375, 2795.629638671875, 2684.323974609375, 2704.8984375, 2660.0673828125, 2602.387451171875, 2583.42333984375, 2722.690185546875, 2713.975830078125, 2610.154052734375, 2527.955810546875, 2491.955322265625, 2533.4404296875, 2515.57177734375, 2509.986083984375, 2651.906494140625, 2591.26904296875, 2606.10693359375, 2524.0146484375, 2519.62548828125, 2554.610107421875, 2604.508056640625, 2677.87744140625, 2764.76953125, 2468.939453125, 2391.96337890625, 2504.02099609375, 2403.5029296875, 2449.443603515625, 2526.76708984375, 2503.0751953125, 2592.30419921875, 2519.936279296875, 2510.800048828125, 2488.67626953125, 2466.6376953125, 2570.901611328125, 2420.292236328125, 2441.455078125, 2461.603515625, 2452.76123046875, 2391.114013671875, 2551.328369140625, 2563.539306640625, 2452.3779296875, 2562.826904296875, 2424.382568359375, 2518.236572265625, 2468.744140625, 2513.838623046875, 2423.678955078125, 2402.18017578125, 2499.898681640625, 2461.28564453125, 2419.61669921875, 2423.2802734375, 2450.017578125, 2383.874267578125, 2500.834228515625, 2382.011962890625, 2491.11572265625, 2485.32763671875, 2445.463134765625, 2418.882568359375, 2506.56982421875, 2422.673828125, 2414.028076171875, 2474.643798828125, 2449.034423828125, 2396.4970703125, 2406.375732421875, 2423.074951171875, 2444.657470703125, 2395.19873046875, 2422.21044921875, 2401.187255859375, 2473.05078125, 2427.293212890625, 2451.0615234375, 2345.464599609375, 2413.47705078125, 2403.5537109375, 2506.948974609375, 2421.895751953125, 2375.700439453125, 2276.6748046875, 2382.45068359375, 2370.3837890625, 2392.619140625]}