{"aucroc": 0.627842803030303, "aucpr": 0.3036877278071215, "dataset": "17_InternetAds", "method": "refine", "test_ratio": 0.1864406779661017, "train_ratio": 0.001864406779661017, "labeled_anomalies": 0.01, "loe_loss": [3162.3642578125, 2891.423828125, 2857.259765625, 2938.567626953125, 2807.67041015625, 2837.21728515625, 2964.357421875, 2749.443603515625, 2932.99755859375, 2824.357177734375, 2982.2451171875, 2765.86767578125, 2834.460205078125, 2794.93701171875, 2981.81396484375, 2681.79638671875, 2687.47509765625, 2736.572509765625, 2669.7333984375, 2662.687744140625, 2802.713134765625, 2724.57666015625, 2652.165771484375, 2770.802734375, 2815.0537109375, 2748.58154296875, 2691.195556640625, 2700.8232421875, 2602.593017578125, 2690.510986328125, 2729.53857421875, 2591.66845703125, 2616.58203125, 2576.921630859375, 2634.7626953125, 2822.4501953125, 2741.81005859375, 2483.90478515625, 2557.126708984375, 2639.9931640625, 2579.259521484375, 2593.03076171875, 2528.72021484375, 2648.747802734375, 2610.15673828125, 2658.8056640625, 2657.126220703125, 2696.931884765625, 2640.958251953125, 2490.845947265625, 2480.052734375, 2466.44189453125, 2459.33154296875, 2551.30810546875, 2461.8037109375, 2532.836669921875, 2511.25927734375, 2418.046875, 2515.468505859375, 2423.166259765625, 2449.802490234375, 2481.065185546875, 2679.111328125, 2471.71826171875, 2579.2294921875, 2398.029541015625, 2565.310546875, 2502.60107421875, 2547.39990234375, 2526.5615234375, 2457.517822265625, 2437.75390625, 2369.075439453125, 2509.388427734375, 2527.4013671875, 2431.98828125, 2520.525390625, 2504.388671875, 2364.30078125, 2420.8369140625, 2458.882568359375, 2460.878662109375, 2471.50146484375, 2422.81689453125, 2511.46044921875, 2380.843017578125, 2446.08349609375, 2440.06787109375, 2398.41748046875, 2532.016357421875, 2334.88720703125, 2506.4130859375, 2392.98681640625, 2384.37646484375, 2370.014404296875, 2394.783203125, 2430.813720703125, 2399.167236328125, 2379.5791015625, 2468.158447265625, 2469.993408203125, 2414.490478515625, 2462.032470703125, 2491.746337890625, 2362.03173828125, 2475.21484375, 2395.375732421875, 2423.338623046875, 2363.77685546875, 2373.89013671875, 2405.037841796875, 2380.96630859375, 2473.9443359375, 2407.966796875, 2630.12744140625, 2588.874267578125, 2375.08251953125, 2416.7392578125, 2362.044921875, 2410.96923828125]}