{"aucroc": 0.6271003787878787, "aucpr": 0.3034491928004962, "dataset": "17_InternetAds", "method": "soft", "test_ratio": 0.1864406779661017, "train_ratio": 0.07457627118644068, "labeled_anomalies": 0.4, "loe_loss": [2461.0009765625, 2485.330078125, 2407.3076171875, 2414.630126953125, 2496.208984375, 2489.47802734375, 2420.1025390625, 2448.63134765625, 2415.316650390625, 2348.43798828125, 2400.60888671875, 2435.06103515625, 2329.783935546875, 2379.97021484375, 2319.705322265625, 2297.290283203125, 2323.256103515625, 2196.14599609375, 2308.290283203125, 2282.1904296875, 2300.939697265625, 2279.904541015625, 2256.46875, 2235.642578125, 2292.14453125, 2199.677734375, 2227.613525390625, 2263.939697265625, 2238.484375, 2256.2880859375, 2241.256591796875, 2206.962890625, 2221.72509765625, 2204.2822265625, 2176.552001953125, 2186.166748046875, 2241.018798828125, 2233.094482421875, 2258.487548828125, 2242.8466796875, 2211.39892578125, 2170.393310546875, 2109.574951171875, 2126.05419921875, 2118.663818359375, 2124.44189453125, 2195.105224609375, 2204.354736328125, 2228.546875, 2155.153564453125, 2111.102294921875, 2106.22705078125, 2213.828369140625, 2247.8271484375, 2308.46630859375, 2091.5400390625, 2076.06298828125, 2148.6220703125, 2084.87255859375, 2115.3671875, 2077.5234375, 2105.270263671875, 2161.49560546875, 2141.572265625, 2099.9951171875, 2058.460205078125, 2093.31103515625, 2110.97265625, 2073.478271484375, 2086.433349609375, 2114.58154296875, 2091.40283203125, 2021.220947265625, 2106.38818359375, 2159.1572265625, 2097.623046875, 2120.36474609375, 2068.820068359375, 2151.24658203125, 2083.00732421875, 2143.24169921875, 2026.40625, 2027.711181640625, 2096.371826171875, 2020.9951171875, 2057.810302734375, 2055.59619140625, 2045.088134765625, 2044.1495361328125, 2108.99267578125, 2007.7183837890625, 2100.66064453125, 2094.38330078125, 2045.7412109375, 2006.4769287109375, 2059.2646484375, 2059.8134765625, 2080.561767578125, 2036.2957763671875, 2117.262451171875, 2026.9326171875, 2061.861572265625, 2030.0220947265625, 2052.399169921875, 1998.97509765625, 2096.283203125, 2016.009521484375, 1974.909912109375, 2011.1287841796875, 2000.430419921875, 1991.3660888671875, 2022.100341796875, 1992.1566162109375, 2031.0816650390625, 2015.010986328125, 2022.8831787109375, 1953.76025390625, 2029.7587890625, 1951.3284912109375, 2026.7208251953125]}