{"aucroc": 0.8663444976076555, "aucpr": 0.7802320124489398, "dataset": "18_Ionosphere", "method": "refine", "test_ratio": 0.36666666666666664, "train_ratio": 0.363, "labeled_anomalies": 0.99, "loe_loss": [37.25910568237305, 35.01556396484375, 33.74140930175781, 32.60403823852539, 32.04827880859375, 31.89105987548828, 33.93777084350586, 32.44773864746094, 31.960582733154297, 31.018810272216797, 30.516382217407227, 32.15812301635742, 31.32052993774414, 32.37520217895508, 31.40697479248047, 32.52861022949219, 30.23444366455078, 29.948854446411133, 29.977249145507812, 30.733665466308594, 29.66122055053711, 29.67605209350586, 30.775890350341797, 29.594196319580078, 30.039060592651367, 29.274202346801758, 29.888755798339844, 28.71698760986328, 29.370677947998047, 29.484865188598633, 28.177602767944336, 28.593032836914062, 29.18851661682129, 29.10110855102539, 28.3891658782959, 27.722858428955078, 28.64415740966797, 26.992021560668945, 27.235157012939453, 28.439897537231445, 27.92897605895996, 29.197277069091797, 27.363378524780273, 27.609758377075195, 27.026426315307617, 27.896263122558594, 28.25415802001953, 25.414033889770508, 26.789318084716797, 28.164226531982422, 27.030296325683594, 27.278120040893555, 27.321420669555664, 27.846099853515625, 25.71907615661621, 27.820354461669922, 26.546504974365234, 27.10028648376465, 26.85991668701172, 26.476308822631836, 27.133464813232422, 27.012880325317383, 26.31425666809082, 24.255733489990234, 25.920608520507812, 26.385875701904297, 26.06165313720703, 27.09139633178711, 26.288619995117188, 25.520626068115234, 25.906200408935547, 25.529319763183594, 25.55085563659668, 25.71783447265625, 25.64171600341797, 24.447586059570312, 26.470746994018555, 27.349056243896484, 25.011981964111328, 23.296146392822266, 24.717771530151367, 25.538232803344727, 27.280851364135742, 26.01751708984375, 25.42932891845703, 25.033000946044922, 24.72459602355957, 24.96480941772461, 25.155616760253906, 24.42450714111328, 23.5654296875, 24.00636863708496, 24.638179779052734, 24.765575408935547, 25.089693069458008, 26.053234100341797, 22.68555450439453, 23.508651733398438, 26.48868751525879, 26.17787742614746, 25.030914306640625, 22.93198585510254, 24.19729995727539, 23.835403442382812, 22.293500900268555, 24.706857681274414, 25.115951538085938, 24.0432071685791, 23.79574966430664, 23.075895309448242, 22.878868103027344, 22.78023910522461, 25.076383590698242, 22.456510543823242, 23.61419677734375, 23.554649353027344, 22.67630386352539, 21.82138442993164, 21.501026153564453, 24.374696731567383]}