{"aucroc": 0.8921291866028707, "aucpr": 0.8525968517125767, "dataset": "18_Ionosphere", "method": "refine", "test_ratio": 0.36666666666666664, "train_ratio": 0.07333333333333333, "labeled_anomalies": 0.2, "loe_loss": [60.94001388549805, 58.976200103759766, 57.086036682128906, 54.25748825073242, 54.11906051635742, 51.74828338623047, 57.176353454589844, 53.98402404785156, 53.60444259643555, 51.049598693847656, 50.506019592285156, 54.29354476928711, 52.47505569458008, 53.40572738647461, 52.08060073852539, 53.92897033691406, 49.43632125854492, 49.968929290771484, 50.604705810546875, 51.040035247802734, 49.84567642211914, 49.80198669433594, 50.76234817504883, 50.37300491333008, 49.872554779052734, 49.8402214050293, 50.189674377441406, 48.735107421875, 49.599449157714844, 50.24835968017578, 47.80413055419922, 48.272361755371094, 49.051177978515625, 50.194671630859375, 47.94657897949219, 47.96794891357422, 49.40483093261719, 46.587093353271484, 45.02709197998047, 49.6663932800293, 47.505958557128906, 50.1208610534668, 46.98479080200195, 46.52210235595703, 46.71232223510742, 47.824790954589844, 47.63340377807617, 43.51544952392578, 46.24448776245117, 47.83236312866211, 46.015411376953125, 46.58051300048828, 45.69233322143555, 47.597164154052734, 44.46842956542969, 45.95113754272461, 45.09341049194336, 45.296287536621094, 45.684329986572266, 46.08686065673828, 46.151832580566406, 45.582618713378906, 45.33835220336914, 42.81559753417969, 44.066749572753906, 43.63175964355469, 44.0662727355957, 46.55849838256836, 43.837894439697266, 44.381996154785156, 43.71910858154297, 43.504817962646484, 43.563838958740234, 43.13045883178711, 44.09302520751953, 43.584774017333984, 43.88344192504883, 44.86085891723633, 43.51415252685547, 40.46778106689453, 42.31452560424805, 43.550960540771484, 45.35408020019531, 44.585609436035156, 42.74252700805664, 42.47099304199219, 42.187992095947266, 41.0059700012207, 41.38551712036133, 41.45243835449219, 41.37202453613281, 41.474769592285156, 42.08641815185547, 42.38335037231445, 42.482879638671875, 43.95441436767578, 40.49877166748047, 40.08248519897461, 42.58659744262695, 43.86671447753906, 42.1956787109375, 39.596473693847656, 41.697776794433594, 40.2431755065918, 40.518760681152344, 42.1621208190918, 42.74790954589844, 41.8358154296875, 41.68730926513672, 40.77508544921875, 39.287193298339844, 39.465797424316406, 41.64406204223633, 40.403602600097656, 41.376041412353516, 41.02745056152344, 40.66337585449219, 39.025146484375, 39.022789001464844, 41.77257537841797]}