{"aucroc": 0.8783014354066987, "aucpr": 0.7931176656480698, "dataset": "18_Ionosphere", "method": "soft", "test_ratio": 0.36666666666666664, "train_ratio": 0.29333333333333333, "labeled_anomalies": 0.8, "loe_loss": [34.79082107543945, 31.924726486206055, 32.506988525390625, 31.006309509277344, 31.660449981689453, 30.766279220581055, 31.244009017944336, 30.568328857421875, 30.30211639404297, 29.430606842041016, 29.73456573486328, 29.97381591796875, 28.968645095825195, 29.823509216308594, 30.291900634765625, 29.38593864440918, 29.04339599609375, 28.793174743652344, 28.24297523498535, 28.96626091003418, 29.22382164001465, 30.03158950805664, 27.957780838012695, 28.5937442779541, 27.048389434814453, 27.96769905090332, 29.136823654174805, 28.370502471923828, 27.249755859375, 26.553020477294922, 27.09995460510254, 28.80008316040039, 27.580856323242188, 26.675233840942383, 26.037866592407227, 26.024438858032227, 26.06159782409668, 27.882816314697266, 26.307584762573242, 26.47477149963379, 26.930870056152344, 25.999670028686523, 24.839622497558594, 26.023845672607422, 25.022979736328125, 25.859302520751953, 25.3526611328125, 26.469375610351562, 26.954944610595703, 24.49351692199707, 24.973833084106445, 25.834089279174805, 26.20231056213379, 23.722515106201172, 26.121997833251953, 25.7446346282959, 25.4978084564209, 26.5328311920166, 24.96233367919922, 24.888465881347656, 25.88559913635254, 25.59746551513672, 25.86501121520996, 25.676246643066406, 26.12327766418457, 25.325712203979492, 24.66377067565918, 22.1634578704834, 24.08730697631836, 22.85699462890625, 23.733257293701172, 26.069196701049805, 25.118614196777344, 23.566009521484375, 24.11767578125, 24.738298416137695, 23.521631240844727, 22.364635467529297, 25.501846313476562, 23.607128143310547, 22.695720672607422, 23.51695442199707, 22.44936180114746, 22.309309005737305, 24.960660934448242, 24.761749267578125, 22.513389587402344, 24.211034774780273, 23.47041130065918, 22.60824203491211, 21.65680694580078, 22.312175750732422, 22.24551773071289, 21.132511138916016, 22.43013572692871, 23.57159996032715, 24.01714324951172, 21.280115127563477, 21.446805953979492, 21.524112701416016, 21.31985855102539, 22.15694808959961, 22.56897735595703, 20.641244888305664, 22.69982147216797, 21.26103401184082, 21.750240325927734, 19.934640884399414, 19.721569061279297, 21.88214111328125, 20.058849334716797, 20.47941780090332, 19.71055030822754, 22.12676429748535, 19.844562530517578, 20.843326568603516, 20.581737518310547, 18.783323287963867, 19.535444259643555, 17.84344482421875]}