{"aucroc": 0.9007416267942583, "aucpr": 0.853607255459098, "dataset": "18_Ionosphere", "method": "soft", "test_ratio": 0.36666666666666664, "train_ratio": 0.21999999999999997, "labeled_anomalies": 0.6, "loe_loss": [42.57279968261719, 38.95536804199219, 39.79315948486328, 37.554588317871094, 38.538169860839844, 37.900997161865234, 38.11640548706055, 37.371917724609375, 37.14394760131836, 36.41329574584961, 35.998695373535156, 36.898040771484375, 35.07939910888672, 36.62498474121094, 37.06058883666992, 36.2440299987793, 35.6151237487793, 35.302520751953125, 34.49324035644531, 36.02503967285156, 35.850894927978516, 36.53900909423828, 34.04002380371094, 35.04835510253906, 33.151512145996094, 34.25953674316406, 36.02516174316406, 34.70323181152344, 33.63091278076172, 32.87749481201172, 33.789852142333984, 35.26539993286133, 33.96201705932617, 33.17238235473633, 32.50676727294922, 32.53080749511719, 32.79670333862305, 34.32399368286133, 33.00121307373047, 33.275291442871094, 33.37644958496094, 32.33050537109375, 30.628631591796875, 32.452903747558594, 31.308805465698242, 32.13856887817383, 31.843034744262695, 32.724754333496094, 33.165306091308594, 30.575820922851562, 31.507965087890625, 32.2953987121582, 32.339813232421875, 30.336517333984375, 32.57244110107422, 32.03831100463867, 31.472023010253906, 33.011470794677734, 31.487274169921875, 31.255390167236328, 32.08379364013672, 32.30297088623047, 32.314476013183594, 32.0941047668457, 32.736045837402344, 31.972949981689453, 30.95166778564453, 28.864171981811523, 30.763385772705078, 29.16295623779297, 30.316129684448242, 32.621788024902344, 31.488096237182617, 29.8387508392334, 30.89352035522461, 30.833980560302734, 30.220373153686523, 29.42406463623047, 31.88388442993164, 30.249448776245117, 29.6661376953125, 30.192913055419922, 29.357192993164062, 29.55320167541504, 31.21283721923828, 31.302289962768555, 29.234479904174805, 31.16823959350586, 30.10820960998535, 29.818222045898438, 28.622312545776367, 28.990880966186523, 28.991985321044922, 28.005786895751953, 28.828041076660156, 29.998716354370117, 30.00945281982422, 28.074541091918945, 28.223180770874023, 27.97580909729004, 27.95757484436035, 28.958295822143555, 29.128416061401367, 27.641847610473633, 29.114517211914062, 28.13666343688965, 28.344240188598633, 27.323997497558594, 27.085174560546875, 28.39449119567871, 27.397075653076172, 27.59087371826172, 26.95281219482422, 28.391469955444336, 26.83905029296875, 28.126792907714844, 27.399127960205078, 26.07727813720703, 26.646709442138672, 26.455995559692383]}