{"aucroc": 0.8166076555023924, "aucpr": 0.6050514913710456, "dataset": "18_Ionosphere", "method": "soft", "test_ratio": 0.36666666666666664, "train_ratio": 0.363, "labeled_anomalies": 0.99, "loe_loss": [28.439311981201172, 26.100643157958984, 26.492862701416016, 25.343721389770508, 25.86048698425293, 24.893709182739258, 25.572452545166016, 24.9758358001709, 24.589767456054688, 23.696224212646484, 24.41950225830078, 24.117542266845703, 23.741722106933594, 24.06068992614746, 24.53984832763672, 23.57883644104004, 23.553119659423828, 23.399993896484375, 22.96597671508789, 23.13251304626465, 23.65226936340332, 24.359268188476562, 22.863035202026367, 23.20594024658203, 21.729991912841797, 22.634931564331055, 23.365243911743164, 22.842870712280273, 21.70376968383789, 21.40667724609375, 21.39767837524414, 23.07819175720215, 22.143369674682617, 21.016380310058594, 20.760072708129883, 20.631114959716797, 20.222028732299805, 22.171537399291992, 20.911828994750977, 21.09576988220215, 21.674575805664062, 20.75762176513672, 19.928356170654297, 20.445161819458008, 19.44871711730957, 20.209415435791016, 19.66716766357422, 20.758329391479492, 21.326242446899414, 18.81686019897461, 19.057649612426758, 19.86827278137207, 20.79889678955078, 17.989715576171875, 20.226421356201172, 19.952817916870117, 19.817359924316406, 20.955806732177734, 19.046411514282227, 19.33882713317871, 20.120223999023438, 19.853246688842773, 20.051660537719727, 19.976104736328125, 20.056983947753906, 19.563905715942383, 19.285186767578125, 16.398651123046875, 17.781579971313477, 17.18280029296875, 17.74600601196289, 19.831483840942383, 19.047861099243164, 17.70162582397461, 18.236038208007812, 19.249929428100586, 17.31197738647461, 16.113733291625977, 19.57407569885254, 17.540191650390625, 16.908985137939453, 17.833412170410156, 16.308837890625, 16.459291458129883, 19.04166603088379, 18.98933219909668, 16.38603401184082, 18.243375778198242, 18.10540008544922, 16.433656692504883, 15.489377975463867, 15.699287414550781, 15.600973129272461, 14.8719482421875, 16.130586624145508, 16.913373947143555, 17.777219772338867, 14.90599250793457, 15.17337417602539, 14.46042251586914, 14.631327629089355, 15.96822452545166, 16.398571014404297, 14.216217041015625, 16.872676849365234, 15.741190910339355, 15.58107852935791, 14.10108757019043, 12.483396530151367, 15.732227325439453, 12.936019897460938, 12.744614601135254, 12.37531852722168, 16.31241226196289, 13.20433235168457, 13.412511825561523, 13.615668296813965, 12.84516716003418, 11.659114837646484, 10.857331275939941]}