{"aucroc": 0.4417694317439582, "aucpr": 0.17782829358849225, "dataset": "19_landsat", "method": "refine", "test_ratio": 0.20714655618850336, "train_ratio": 0.0020714655618850335, "labeled_anomalies": 0.01, "loe_loss": [77.13846588134766, 69.86892700195312, 67.7672348022461, 72.78958129882812, 69.05702209472656, 69.3174819946289, 71.09506225585938, 72.06625366210938, 67.23795318603516, 64.3880386352539, 65.11751556396484, 62.77703857421875, 67.28656005859375, 63.38570022583008, 68.74639129638672, 63.79258346557617, 62.930809020996094, 60.82224655151367, 64.06758880615234, 59.89491271972656, 60.921966552734375, 61.50838851928711, 63.06000900268555, 62.160888671875, 64.04412078857422, 59.29789352416992, 62.42808151245117, 64.11235809326172, 56.4133186340332, 58.49332046508789, 60.60954284667969, 61.24401092529297, 59.359195709228516, 58.48240280151367, 57.91346740722656, 55.864376068115234, 57.05360412597656, 56.98581314086914, 58.993934631347656, 60.05006408691406, 63.00794982910156, 59.16103744506836, 55.97624969482422, 60.684478759765625, 57.79914855957031, 54.32860565185547, 57.305320739746094, 56.96699523925781, 56.85344696044922, 56.17052459716797, 55.11575698852539, 53.75908660888672, 52.648277282714844, 55.75035095214844, 51.473960876464844, 52.26464080810547, 51.475975036621094, 54.155494689941406, 50.354164123535156, 51.46942138671875, 51.64931106567383, 48.84705352783203, 52.248870849609375, 52.521976470947266, 51.38954162597656, 49.40345764160156, 51.146507263183594, 49.6111946105957, 52.06237030029297, 50.272132873535156, 49.09449768066406, 50.90241622924805, 50.17253875732422, 48.735660552978516, 45.10641098022461, 51.999298095703125, 48.33271026611328, 50.96763229370117, 49.62456512451172, 50.8592529296875, 49.056236267089844, 48.97870635986328, 47.06492233276367, 46.7774658203125, 45.009315490722656, 48.12916564941406, 46.58184051513672, 45.56051254272461, 47.32762145996094, 47.42498016357422, 46.07984161376953, 45.21063232421875, 45.32193374633789, 44.5449333190918, 45.13388442993164, 44.989776611328125, 44.282772064208984, 44.07722473144531, 44.73958206176758, 44.34449768066406, 43.11524200439453, 44.094261169433594, 42.8017578125, 43.75716018676758, 43.68935012817383, 42.9908561706543, 42.54384994506836, 43.580711364746094, 42.35483169555664, 42.65037155151367, 43.0113410949707, 42.31388473510742, 42.914920806884766, 42.3649787902832, 42.74704360961914, 42.166133880615234, 41.44328689575195, 41.586830139160156, 41.50949478149414, 41.63715744018555]}