{"aucroc": 0.45508915741345524, "aucpr": 0.17989603133227122, "dataset": "19_landsat", "method": "refine", "test_ratio": 0.20714655618850336, "train_ratio": 0.08285862247540135, "labeled_anomalies": 0.4, "loe_loss": [65.71903991699219, 59.985443115234375, 57.98811340332031, 61.44586181640625, 58.824951171875, 58.85051345825195, 60.29932403564453, 59.78682327270508, 57.23640441894531, 54.879703521728516, 55.39605712890625, 53.954097747802734, 57.2403564453125, 53.999454498291016, 57.34626007080078, 54.710205078125, 53.65991973876953, 52.2238655090332, 54.23689270019531, 51.203800201416016, 52.98531723022461, 51.776851654052734, 52.8740348815918, 52.28076171875, 53.570987701416016, 50.71500015258789, 51.15394592285156, 53.33285140991211, 48.69977569580078, 50.26634216308594, 50.518836975097656, 51.890262603759766, 49.687232971191406, 49.668113708496094, 49.67263412475586, 48.01381301879883, 49.210060119628906, 47.628257751464844, 50.76007080078125, 51.26546096801758, 52.53949737548828, 50.26927185058594, 48.58360290527344, 51.451297760009766, 49.898136138916016, 47.063987731933594, 48.255653381347656, 48.421348571777344, 48.55024337768555, 47.68357849121094, 47.29619216918945, 45.601016998291016, 44.48769760131836, 46.71652603149414, 43.336578369140625, 43.71718215942383, 45.19454574584961, 45.903343200683594, 42.56365203857422, 42.90623474121094, 43.79347229003906, 41.855159759521484, 44.74483871459961, 43.420867919921875, 42.549476623535156, 42.055397033691406, 42.273345947265625, 41.06013870239258, 43.493568420410156, 41.77381896972656, 41.0120964050293, 43.11595916748047, 41.15584182739258, 40.934104919433594, 39.53972625732422, 43.857154846191406, 40.1632080078125, 42.05577087402344, 42.00787353515625, 41.427406311035156, 40.563995361328125, 41.77405548095703, 40.5131950378418, 39.701805114746094, 38.96863555908203, 42.22611999511719, 39.8145866394043, 39.04923629760742, 40.06330871582031, 40.009727478027344, 39.034950256347656, 38.578426361083984, 38.71348190307617, 38.18212127685547, 38.142303466796875, 38.20252990722656, 37.205020904541016, 37.36947250366211, 37.9125862121582, 37.75687789916992, 36.830230712890625, 38.68954849243164, 36.18081283569336, 37.935943603515625, 37.941654205322266, 36.3509635925293, 35.71315383911133, 37.35305404663086, 36.41753387451172, 35.443363189697266, 36.23603057861328, 36.22515106201172, 36.70161819458008, 35.0393180847168, 36.31844711303711, 35.638465881347656, 34.66474151611328, 36.607242584228516, 34.209808349609375, 35.72965621948242]}