{"aucroc": 0.4740896472893533, "aucpr": 0.187700739995066, "dataset": "19_landsat", "method": "soft", "test_ratio": 0.20714655618850336, "train_ratio": 0.12428793371310201, "labeled_anomalies": 0.6, "loe_loss": [57.28218078613281, 53.712928771972656, 53.61351776123047, 48.863651275634766, 49.24406433105469, 49.856163024902344, 50.8491325378418, 50.33987808227539, 49.983306884765625, 49.680213928222656, 49.9116325378418, 46.622657775878906, 47.401451110839844, 47.64265060424805, 47.099639892578125, 47.3035774230957, 47.85582733154297, 48.13090133666992, 46.95112609863281, 47.785484313964844, 45.93014144897461, 45.6710319519043, 47.42287063598633, 44.82164001464844, 44.31383514404297, 44.08256530761719, 44.870147705078125, 43.214237213134766, 46.17080307006836, 41.78150177001953, 44.40207290649414, 43.70126724243164, 41.80429458618164, 41.21841812133789, 44.04966354370117, 42.96172332763672, 42.106624603271484, 41.58673095703125, 43.38236999511719, 41.4011116027832, 40.437232971191406, 41.4432258605957, 39.61927795410156, 40.23011779785156, 40.72146224975586, 39.34816360473633, 40.245887756347656, 39.0750732421875, 39.53669738769531, 37.92856216430664, 37.20970153808594, 37.97993469238281, 37.829280853271484, 38.633506774902344, 38.1143684387207, 36.88665771484375, 36.58270263671875, 36.30872344970703, 37.220359802246094, 37.202674865722656, 35.863319396972656, 36.0393180847168, 35.628231048583984, 36.1519660949707, 35.98527908325195, 34.508419036865234, 35.35403823852539, 34.1540641784668, 33.3753547668457, 35.01464080810547, 33.58094024658203, 33.74772262573242, 33.6451530456543, 33.23554229736328, 32.739158630371094, 31.210725784301758, 33.41393280029297, 32.73805236816406, 33.22075653076172, 32.29461669921875, 31.885000228881836, 31.889930725097656, 31.30196762084961, 31.82022476196289, 31.227725982666016, 31.25159454345703, 31.006925582885742, 29.557315826416016, 30.66162109375, 31.376249313354492, 30.06753921508789, 30.5775146484375, 29.078140258789062, 29.78960609436035, 29.262754440307617, 29.315467834472656, 28.17742156982422, 30.296594619750977, 28.509750366210938, 27.74648666381836, 27.575393676757812, 29.029605865478516, 27.060287475585938, 26.75621795654297, 27.003557205200195, 28.401540756225586, 23.70318031311035, 26.297924041748047, 26.51202392578125, 24.792348861694336, 24.214080810546875, 22.373580932617188, 21.385570526123047, 22.00724983215332, 24.873048782348633, 23.076202392578125, 23.65513801574707, 24.27076530456543, 20.33061981201172, 18.755924224853516]}