{"aucroc": 0.4514193337687786, "aucpr": 0.18203691421875579, "dataset": "19_landsat", "method": "soft", "test_ratio": 0.20714655618850336, "train_ratio": 0.0020714655618850335, "labeled_anomalies": 0.01, "loe_loss": [74.50352478027344, 68.34736633300781, 74.444580078125, 66.84700012207031, 65.10144805908203, 66.78107452392578, 69.97200012207031, 66.29313659667969, 67.10292053222656, 66.11480712890625, 68.60767364501953, 62.352874755859375, 64.57854461669922, 64.48204803466797, 63.4820556640625, 64.28091430664062, 64.3167724609375, 65.5433578491211, 64.5052719116211, 65.14286041259766, 60.551544189453125, 63.70266342163086, 64.96723937988281, 60.26061248779297, 60.84912109375, 59.62141036987305, 63.655303955078125, 56.19240188598633, 64.38704681396484, 60.849090576171875, 60.391929626464844, 63.50442886352539, 58.378299713134766, 53.84727478027344, 60.897422790527344, 60.31962585449219, 56.15989685058594, 54.78691482543945, 57.817779541015625, 54.82979202270508, 55.27070999145508, 55.55577850341797, 55.73345947265625, 53.16584396362305, 54.402854919433594, 53.10878372192383, 53.77167892456055, 53.746761322021484, 51.28535842895508, 52.129150390625, 54.23515319824219, 53.7552490234375, 50.706363677978516, 51.415103912353516, 49.94917297363281, 52.97929382324219, 53.816314697265625, 49.369285583496094, 52.132362365722656, 48.77731704711914, 49.00144958496094, 50.78897476196289, 48.3941650390625, 50.23323440551758, 49.703765869140625, 49.16809844970703, 49.546260833740234, 47.987117767333984, 49.41789245605469, 49.736183166503906, 51.46122360229492, 50.596221923828125, 48.84126281738281, 48.023292541503906, 50.588844299316406, 47.99532699584961, 45.61725616455078, 46.471282958984375, 48.5723762512207, 48.23371505737305, 47.467708587646484, 46.63883590698242, 46.379180908203125, 44.94365692138672, 46.89128112792969, 45.87703323364258, 44.60900115966797, 45.881282806396484, 45.02996063232422, 45.43679428100586, 44.78182601928711, 43.86737060546875, 45.25873947143555, 44.31697082519531, 44.98599624633789, 43.365806579589844, 44.16317367553711, 44.031856536865234, 43.508270263671875, 43.00690460205078, 43.04813003540039, 43.351009368896484, 42.16031265258789, 42.879730224609375, 43.37668228149414, 42.499359130859375, 42.14603042602539, 42.84965133666992, 41.469688415527344, 43.352813720703125, 42.020572662353516, 41.91901397705078, 41.25312805175781, 41.74632263183594, 41.19598388671875, 40.98514175415039, 41.079994201660156, 41.19435501098633, 41.50252914428711, 41.07905578613281]}