{"aucroc": 0.47777139124755064, "aucpr": 0.1895032849899591, "dataset": "19_landsat", "method": "refine", "test_ratio": 0.20714655618850336, "train_ratio": 0.1657172449508027, "labeled_anomalies": 0.8, "loe_loss": [57.71812057495117, 52.03090286254883, 50.50381851196289, 52.203704833984375, 50.38791275024414, 51.26824951171875, 51.73090362548828, 50.84628677368164, 49.66936492919922, 47.77348327636719, 48.43874740600586, 47.3477897644043, 49.730712890625, 47.686424255371094, 48.88685607910156, 47.71426010131836, 46.634822845458984, 45.74917221069336, 47.28752517700195, 44.84410095214844, 46.47880554199219, 45.100006103515625, 45.70527267456055, 45.341102600097656, 46.418251037597656, 44.59114074707031, 43.98611831665039, 45.2548828125, 43.09376525878906, 44.00740432739258, 43.301246643066406, 43.86888885498047, 42.8624382019043, 42.64313507080078, 43.03260803222656, 41.92737579345703, 42.6778450012207, 42.162574768066406, 43.09706115722656, 42.83333206176758, 43.73023986816406, 42.19301223754883, 41.231075286865234, 42.7447509765625, 41.60542297363281, 40.63312530517578, 40.49994659423828, 41.66608810424805, 41.48713684082031, 40.86994552612305, 40.91292190551758, 39.56425476074219, 38.83303451538086, 39.415443420410156, 37.680755615234375, 38.449562072753906, 40.626468658447266, 39.93138885498047, 37.1376953125, 38.93373489379883, 38.38689422607422, 37.6898307800293, 40.28126525878906, 36.877052307128906, 38.93496322631836, 37.61720275878906, 37.8387451171875, 36.872276306152344, 37.96580123901367, 36.55296325683594, 36.66972732543945, 37.09531784057617, 36.14237594604492, 35.905517578125, 35.02552032470703, 36.96640396118164, 35.09260559082031, 34.98961639404297, 35.83373260498047, 35.07255554199219, 34.351646423339844, 35.184837341308594, 34.420589447021484, 34.36667251586914, 34.597389221191406, 35.28565216064453, 33.999046325683594, 33.634483337402344, 33.696842193603516, 33.538124084472656, 33.14677047729492, 33.23534393310547, 32.939353942871094, 33.029823303222656, 32.954986572265625, 32.48167419433594, 31.80740737915039, 32.03181838989258, 31.980037689208984, 32.430999755859375, 31.214040756225586, 32.03615188598633, 30.988304138183594, 31.273113250732422, 32.021446228027344, 31.205354690551758, 30.399662017822266, 31.551076889038086, 31.001911163330078, 30.774850845336914, 30.83420181274414, 30.892576217651367, 30.60101318359375, 30.095975875854492, 30.847213745117188, 30.369020462036133, 29.595060348510742, 30.09554672241211, 29.59442138671875, 30.260683059692383]}