{"aucroc": 0.46720885042455906, "aucpr": 0.1847285607903198, "dataset": "19_landsat", "method": "refine", "test_ratio": 0.20714655618850336, "train_ratio": 0.12428793371310201, "labeled_anomalies": 0.6, "loe_loss": [61.906341552734375, 56.07583999633789, 54.359100341796875, 56.92941665649414, 54.53938674926758, 55.251129150390625, 56.0921516418457, 55.295387268066406, 53.41151428222656, 51.47661590576172, 52.1533203125, 50.81898880004883, 53.61701583862305, 51.04310607910156, 53.09604263305664, 51.36030197143555, 50.20302963256836, 49.145050048828125, 50.83018493652344, 48.09654998779297, 49.85871505737305, 48.53382110595703, 49.145286560058594, 48.65018844604492, 50.153167724609375, 47.540435791015625, 47.52726364135742, 49.107643127441406, 45.939857482910156, 47.05470275878906, 47.061180114746094, 48.30160140991211, 47.02457809448242, 46.764739990234375, 46.16753387451172, 44.9020881652832, 45.75171661376953, 44.5723991394043, 46.696048736572266, 46.26823806762695, 47.76815414428711, 45.81306457519531, 44.29254150390625, 46.49094772338867, 45.33366012573242, 43.580223083496094, 43.43267822265625, 44.9825439453125, 44.80311965942383, 43.982322692871094, 43.686439514160156, 42.281558990478516, 41.68595886230469, 42.439720153808594, 40.48129653930664, 40.379756927490234, 42.44160461425781, 42.72686767578125, 39.526004791259766, 40.60084915161133, 40.46633529663086, 39.599422454833984, 42.08729553222656, 39.100982666015625, 40.008636474609375, 39.53334045410156, 39.42379379272461, 38.64032745361328, 39.97989273071289, 38.36841583251953, 38.45124435424805, 39.55863952636719, 38.13045120239258, 37.76839828491211, 37.10506057739258, 39.74677276611328, 37.34065246582031, 37.74913024902344, 38.05522918701172, 37.25252151489258, 36.83158493041992, 37.85213851928711, 36.86913299560547, 36.36212921142578, 36.20323181152344, 38.10908126831055, 36.76681900024414, 35.99909591674805, 36.488677978515625, 36.12665557861328, 35.78955078125, 35.649288177490234, 35.39670944213867, 34.9207649230957, 35.54393005371094, 35.11231231689453, 34.88346481323242, 34.677520751953125, 34.46236801147461, 34.98604202270508, 33.799827575683594, 35.057891845703125, 33.42510223388672, 33.773719787597656, 34.599727630615234, 33.46078872680664, 32.84599304199219, 33.87669372558594, 33.82628631591797, 33.12509536743164, 33.489990234375, 33.5986328125, 33.04975509643555, 32.362857818603516, 32.9030876159668, 32.88885498046875, 31.798519134521484, 32.51531982421875, 31.731918334960938, 32.98781204223633]}