{"aucroc": 0.5232940071848465, "aucpr": 0.21084656897632534, "dataset": "19_landsat", "method": "soft", "test_ratio": 0.20714655618850336, "train_ratio": 0.1657172449508027, "labeled_anomalies": 0.8, "loe_loss": [52.47429656982422, 48.57843780517578, 46.2664794921875, 45.57807922363281, 43.954002380371094, 44.49883270263672, 45.0869026184082, 45.272274017333984, 45.043357849121094, 43.81017303466797, 44.435142517089844, 44.085636138916016, 44.025962829589844, 44.608097076416016, 41.37428283691406, 42.107032775878906, 42.615203857421875, 43.05980682373047, 42.46436309814453, 42.323158264160156, 42.34663009643555, 41.901756286621094, 39.91415023803711, 40.330291748046875, 40.50992965698242, 40.38566207885742, 40.14197540283203, 41.192039489746094, 41.05764389038086, 40.026031494140625, 40.723243713378906, 39.822959899902344, 38.731666564941406, 40.206485748291016, 38.21461486816406, 38.06645965576172, 38.96696472167969, 38.87123489379883, 37.755821228027344, 40.081241607666016, 36.09022521972656, 38.50215530395508, 37.21208190917969, 36.25079345703125, 36.465824127197266, 37.94810485839844, 36.71287155151367, 35.773895263671875, 35.50489044189453, 36.57335662841797, 35.41490173339844, 34.342803955078125, 35.38954162597656, 34.0161247253418, 34.82195281982422, 34.32139587402344, 33.81967544555664, 34.56605529785156, 33.41392135620117, 34.102577209472656, 32.37993240356445, 31.866147994995117, 31.574831008911133, 31.484100341796875, 33.073692321777344, 32.94462203979492, 30.697811126708984, 30.487239837646484, 30.88374900817871, 31.3332462310791, 31.500669479370117, 30.59710693359375, 30.269489288330078, 30.757522583007812, 30.977745056152344, 30.803508758544922, 30.318923950195312, 30.199771881103516, 29.13939666748047, 28.369548797607422, 30.184410095214844, 27.801862716674805, 27.66305923461914, 28.460725784301758, 28.149492263793945, 26.813386917114258, 25.954370498657227, 28.410083770751953, 27.895524978637695, 27.061555862426758, 26.86385726928711, 26.515480041503906, 26.590612411499023, 25.9022274017334, 26.796464920043945, 25.319839477539062, 25.603334426879883, 25.99339485168457, 23.840965270996094, 25.10080337524414, 26.047632217407227, 24.576181411743164, 25.549840927124023, 22.502737045288086, 24.338960647583008, 24.158233642578125, 24.14582061767578, 22.483991622924805, 22.236923217773438, 22.697471618652344, 22.627065658569336, 22.298002243041992, 22.839092254638672, 21.193166732788086, 22.281768798828125, 20.80178451538086, 23.25798797607422, 17.78508949279785, 19.63235855102539, 22.046306610107422]}