{"aucroc": 0.6722592592592592, "aucpr": 0.14069512480722574, "dataset": "20_letter", "method": "soft", "test_ratio": 0.0625, "train_ratio": 0.025, "labeled_anomalies": 0.4, "loe_loss": [65.34538269042969, 62.19379806518555, 59.97932434082031, 58.07896423339844, 58.3747673034668, 58.53894805908203, 59.10858154296875, 57.82943344116211, 58.36980056762695, 58.03144073486328, 57.05583953857422, 56.54551696777344, 57.02012634277344, 56.55411911010742, 55.695152282714844, 55.935447692871094, 56.31732940673828, 55.86871337890625, 55.693729400634766, 55.58050537109375, 54.23534393310547, 55.6456184387207, 54.72291946411133, 54.8686408996582, 53.5557861328125, 53.49458312988281, 51.9771728515625, 54.348976135253906, 52.749027252197266, 52.825130462646484, 53.541473388671875, 52.7707633972168, 51.81203842163086, 51.00848388671875, 51.00332260131836, 51.482391357421875, 51.55720901489258, 49.776145935058594, 50.74579620361328, 49.198097229003906, 50.17039489746094, 50.87874221801758, 50.04383087158203, 48.553199768066406, 49.13826370239258, 48.30329895019531, 48.788150787353516, 48.50331115722656, 48.46002960205078, 48.73567581176758, 48.80853271484375, 48.417144775390625, 47.961856842041016, 47.891380310058594, 48.30476760864258, 48.14424133300781, 47.670108795166016, 46.66499710083008, 47.86613082885742, 48.11265182495117, 46.86488723754883, 47.601436614990234, 46.28384017944336, 45.6584358215332, 45.50376510620117, 46.58999252319336, 46.16926956176758, 47.408905029296875, 46.285888671875, 46.01972961425781, 45.97674560546875, 46.808570861816406, 45.98355484008789, 44.7423095703125, 45.90081024169922, 45.14418029785156, 44.83353042602539, 45.26841735839844, 44.98139190673828, 44.622474670410156, 44.90687942504883, 44.619483947753906, 44.311790466308594, 43.87970733642578, 44.846519470214844, 43.985694885253906, 44.097412109375, 43.643829345703125, 44.632381439208984, 43.97502899169922, 43.34760284423828, 43.951332092285156, 43.998165130615234, 44.14500427246094, 44.251808166503906, 43.42623519897461, 44.23436737060547, 43.52690505981445, 43.34938430786133, 43.04958724975586, 43.411285400390625, 42.80064010620117, 44.606536865234375, 43.734458923339844, 43.02950668334961, 43.54930114746094, 42.31462478637695, 43.505985260009766, 43.04404067993164, 43.40991973876953, 43.17723083496094, 43.297218322753906, 42.59553527832031, 43.04480743408203, 43.039337158203125, 42.59217834472656, 42.224002838134766, 41.44659423828125, 42.42520523071289, 42.75969696044922]}