{"aucroc": 0.6776296296296296, "aucpr": 0.13809411601869304, "dataset": "20_letter", "method": "refine", "test_ratio": 0.0625, "train_ratio": 0.025, "labeled_anomalies": 0.4, "loe_loss": [66.66227722167969, 63.16617965698242, 61.76322555541992, 59.60935592651367, 59.58103942871094, 59.28212356567383, 60.129066467285156, 59.876434326171875, 60.26268768310547, 59.16081619262695, 58.95184326171875, 57.93416976928711, 56.70235061645508, 57.368865966796875, 56.91529846191406, 56.83488845825195, 55.95508575439453, 56.02998733520508, 56.846649169921875, 56.32072448730469, 56.25813293457031, 55.19719696044922, 54.009498596191406, 54.593727111816406, 54.18903732299805, 53.84339141845703, 53.25459289550781, 53.808677673339844, 54.09877014160156, 54.25080490112305, 53.92420959472656, 53.44874572753906, 52.72027587890625, 53.53224182128906, 51.915924072265625, 52.355018615722656, 52.73175811767578, 52.525115966796875, 53.25254821777344, 51.65648651123047, 51.442161560058594, 50.722747802734375, 50.58338928222656, 50.1353874206543, 50.05474090576172, 51.333030700683594, 49.35409927368164, 49.80995178222656, 50.03443145751953, 49.15872573852539, 48.892295837402344, 48.89393997192383, 48.4908561706543, 48.92933654785156, 49.65502166748047, 48.35099792480469, 48.66208267211914, 48.282352447509766, 48.26768112182617, 47.94853210449219, 48.505558013916016, 47.682132720947266, 47.893707275390625, 47.536041259765625, 48.12289047241211, 48.37269973754883, 46.57688522338867, 47.689273834228516, 46.73724365234375, 46.85475158691406, 46.86227035522461, 46.68307876586914, 46.93155288696289, 46.325538635253906, 46.91648483276367, 45.94908142089844, 46.46888732910156, 45.91297912597656, 46.376216888427734, 46.33845138549805, 45.559059143066406, 46.40250778198242, 45.94696044921875, 45.230587005615234, 45.965965270996094, 45.39472961425781, 45.32184982299805, 44.74323272705078, 44.486942291259766, 45.24776840209961, 44.767574310302734, 44.34956741333008, 45.47331619262695, 44.94623565673828, 44.198909759521484, 45.2808837890625, 44.11296844482422, 45.02068328857422, 44.337608337402344, 44.45024108886719, 45.414825439453125, 44.01543426513672, 43.55957794189453, 44.728580474853516, 44.61131286621094, 44.128299713134766, 43.655914306640625, 43.73054504394531, 44.458831787109375, 44.470611572265625, 44.061378479003906, 43.84095001220703, 43.336421966552734, 44.138328552246094, 43.71658706665039, 43.860755920410156, 43.83323669433594, 43.50539779663086, 43.13719177246094, 43.029090881347656]}