{"aucroc": 0.6685925925925926, "aucpr": 0.1320474791658326, "dataset": "20_letter", "method": "refine", "test_ratio": 0.0625, "train_ratio": 0.061875, "labeled_anomalies": 0.99, "loe_loss": [63.76726531982422, 60.522911071777344, 59.31387710571289, 57.120845794677734, 57.278167724609375, 56.80461883544922, 57.607093811035156, 57.38139724731445, 57.7235221862793, 56.636592864990234, 56.48975372314453, 55.49959182739258, 54.453826904296875, 54.9754638671875, 54.597694396972656, 54.43708801269531, 53.652584075927734, 53.86256408691406, 54.44430923461914, 54.006614685058594, 54.029762268066406, 52.928138732910156, 51.71405792236328, 52.24477767944336, 51.86408996582031, 51.573089599609375, 50.86511993408203, 51.57321548461914, 51.799434661865234, 51.866241455078125, 51.312286376953125, 51.003604888916016, 50.50749206542969, 50.9866828918457, 49.927162170410156, 49.8297004699707, 50.50876235961914, 50.291259765625, 50.80055618286133, 49.31044006347656, 49.13285827636719, 48.72123718261719, 48.7713508605957, 48.36651611328125, 48.18741989135742, 49.398014068603516, 47.339210510253906, 47.735923767089844, 48.29393005371094, 47.07978439331055, 46.83165740966797, 46.88322448730469, 46.601619720458984, 46.904510498046875, 47.841819763183594, 46.28581237792969, 46.68218994140625, 46.57447052001953, 46.39153289794922, 46.06513595581055, 46.567771911621094, 45.67523193359375, 46.159725189208984, 45.880130767822266, 46.48176193237305, 46.57013702392578, 45.02044677734375, 46.100303649902344, 45.4765510559082, 45.53266525268555, 45.38196563720703, 44.99342346191406, 45.69849395751953, 45.20341110229492, 45.81324768066406, 44.45280838012695, 44.85726547241211, 44.732704162597656, 44.85516357421875, 44.838809967041016, 44.2380256652832, 44.899208068847656, 44.452049255371094, 43.83649444580078, 44.611305236816406, 43.88078308105469, 43.89586639404297, 43.248016357421875, 43.353694915771484, 43.61204147338867, 43.185813903808594, 42.86015701293945, 43.85737609863281, 43.32074737548828, 42.703121185302734, 43.57372283935547, 42.55742645263672, 43.43338394165039, 42.82194519042969, 42.970252990722656, 43.38800811767578, 42.49931335449219, 42.01431655883789, 43.094974517822266, 43.03675842285156, 42.36798095703125, 42.15812301635742, 41.9418830871582, 42.70750045776367, 42.86384963989258, 42.406158447265625, 42.33643341064453, 41.69906997680664, 42.60477066040039, 42.11643981933594, 42.090702056884766, 42.22688293457031, 42.043155670166016, 41.707122802734375, 41.480567932128906]}