{"aucroc": 0.6791037037037037, "aucpr": 0.13608514333430333, "dataset": "20_letter", "method": "refine", "test_ratio": 0.0625, "train_ratio": 0.0375, "labeled_anomalies": 0.6, "loe_loss": [65.93101501464844, 62.4770393371582, 61.13013458251953, 58.9721794128418, 58.998634338378906, 58.607112884521484, 59.49760818481445, 59.250972747802734, 59.64356231689453, 58.571800231933594, 58.35314178466797, 57.36389923095703, 56.126827239990234, 56.69054412841797, 56.29777526855469, 56.27277374267578, 55.46548843383789, 55.6328010559082, 56.25325012207031, 55.75041198730469, 55.74414825439453, 54.69382095336914, 53.493141174316406, 54.00328063964844, 53.620059967041016, 53.413265228271484, 52.65238952636719, 53.19162368774414, 53.667633056640625, 53.59615707397461, 53.045589447021484, 52.78162384033203, 52.16236877441406, 52.72047424316406, 51.227603912353516, 51.43882369995117, 52.04764938354492, 51.90846252441406, 52.40766906738281, 51.14523696899414, 50.65531539916992, 49.90810012817383, 50.027671813964844, 49.62709045410156, 49.419227600097656, 50.98118209838867, 48.90565490722656, 49.35003662109375, 49.64186096191406, 48.64476013183594, 48.2586669921875, 48.25616455078125, 48.0704460144043, 48.42756652832031, 49.188934326171875, 47.74582290649414, 47.88047790527344, 47.901702880859375, 47.92283630371094, 47.55339431762695, 48.191402435302734, 47.04103088378906, 47.41353988647461, 47.14329147338867, 47.637718200683594, 47.860443115234375, 46.24720001220703, 47.37614822387695, 46.331485748291016, 46.496063232421875, 46.34236526489258, 46.14692687988281, 46.7670783996582, 46.03843688964844, 46.78544235229492, 45.63279342651367, 45.92478561401367, 45.761878967285156, 46.11079406738281, 46.23274230957031, 45.38267135620117, 46.0537223815918, 45.702430725097656, 45.0022087097168, 45.91500473022461, 45.207557678222656, 45.3787956237793, 44.606178283691406, 44.47119140625, 45.0711555480957, 44.59735107421875, 44.18634796142578, 45.44898223876953, 44.57979965209961, 44.116886138916016, 45.09135437011719, 43.97990417480469, 44.989540100097656, 44.24681854248047, 44.3210334777832, 44.94974899291992, 43.85445022583008, 43.32795715332031, 44.49493408203125, 44.477970123291016, 43.907379150390625, 43.58751678466797, 43.540584564208984, 44.1243782043457, 44.15502166748047, 43.74849319458008, 43.92221450805664, 43.303314208984375, 43.99276351928711, 43.494789123535156, 43.33562469482422, 43.5850830078125, 43.59279251098633, 42.940345764160156, 42.87675476074219]}