{"aucroc": 0.6784444444444444, "aucpr": 0.1409896965773817, "dataset": "20_letter", "method": "refine", "test_ratio": 0.0625, "train_ratio": 0.0125, "labeled_anomalies": 0.2, "loe_loss": [68.2919921875, 64.59691619873047, 63.1676139831543, 60.95696258544922, 60.70683670043945, 60.64997100830078, 61.47062683105469, 61.204071044921875, 61.632652282714844, 60.49774932861328, 60.28150177001953, 59.21963882446289, 57.892189025878906, 58.69670486450195, 58.15336227416992, 58.12380599975586, 57.169097900390625, 57.280914306640625, 58.0758056640625, 57.63957977294922, 57.41112518310547, 56.4924430847168, 55.08674621582031, 55.6168327331543, 55.38568878173828, 54.94193649291992, 54.45664978027344, 54.942020416259766, 55.513004302978516, 55.410457611083984, 54.879268646240234, 54.598533630371094, 53.65814208984375, 54.55486297607422, 52.98016357421875, 53.42311477661133, 53.90937423706055, 53.692867279052734, 54.18649673461914, 52.66395568847656, 52.3377685546875, 51.943382263183594, 51.66311264038086, 51.499820709228516, 51.45329666137695, 52.64521026611328, 50.248077392578125, 51.04573059082031, 51.223716735839844, 50.555076599121094, 50.06913757324219, 49.771751403808594, 49.50408935546875, 49.922508239746094, 50.57628631591797, 49.34203338623047, 49.55713653564453, 49.46585464477539, 49.296607971191406, 48.79167175292969, 49.6791877746582, 48.58397674560547, 49.02492141723633, 48.52963638305664, 49.1474609375, 49.35832595825195, 47.68806457519531, 48.56590270996094, 48.1507453918457, 47.946632385253906, 47.92678451538086, 47.807952880859375, 48.13622283935547, 47.41242218017578, 48.0429801940918, 46.94759750366211, 47.18193054199219, 47.079437255859375, 47.341957092285156, 47.3201904296875, 46.5650634765625, 47.45793151855469, 46.8423957824707, 46.301475524902344, 47.039588928222656, 46.46959686279297, 46.43903732299805, 46.006797790527344, 45.5821647644043, 46.09495162963867, 45.82347106933594, 45.47105407714844, 46.465484619140625, 45.88290023803711, 45.12285614013672, 46.34818649291992, 45.048126220703125, 45.960819244384766, 45.22603225708008, 45.30983352661133, 46.20751953125, 44.75321578979492, 44.26641082763672, 45.57537841796875, 45.54304122924805, 45.0576286315918, 44.43741226196289, 44.48931884765625, 45.31624984741211, 45.24155807495117, 44.801300048828125, 44.80500793457031, 44.161617279052734, 45.07598876953125, 44.639678955078125, 44.571083068847656, 44.5114860534668, 44.29193878173828, 43.997840881347656, 43.758628845214844]}