{"aucroc": 0.9991508491508491, "aucpr": 0.9830239018684395, "dataset": "21_Lymphography", "method": "refine", "test_ratio": 0.04666666666666667, "train_ratio": 0.037333333333333336, "labeled_anomalies": 0.8, "loe_loss": [35.73630142211914, 34.6131706237793, 33.48816680908203, 30.61654281616211, 30.680742263793945, 30.20336151123047, 29.489303588867188, 28.407005310058594, 29.91322135925293, 30.62334442138672, 27.87456703186035, 29.141599655151367, 29.255563735961914, 27.15915298461914, 27.75272560119629, 26.963943481445312, 30.12448501586914, 25.907333374023438, 26.385324478149414, 28.476112365722656, 27.57837677001953, 26.825679779052734, 25.945470809936523, 28.236392974853516, 26.606399536132812, 28.5444393157959, 25.19670295715332, 29.219484329223633, 25.861278533935547, 25.053800582885742, 26.172330856323242, 24.49576759338379, 26.42855453491211, 25.607656478881836, 25.023767471313477, 26.213014602661133, 25.59668731689453, 26.135093688964844, 24.01789093017578, 27.55551528930664, 26.907764434814453, 26.23310089111328, 26.73877716064453, 24.451171875, 25.430288314819336, 25.2934627532959, 26.366104125976562, 25.09149932861328, 24.040531158447266, 26.167869567871094, 24.78412628173828, 25.851696014404297, 25.652711868286133, 24.07282066345215, 26.08731460571289, 25.586872100830078, 25.814727783203125, 24.81957244873047, 26.396644592285156, 25.07404327392578, 25.334444046020508, 25.163297653198242, 24.7315673828125, 25.35157585144043, 24.505651473999023, 25.289541244506836, 24.76146697998047, 25.352487564086914, 23.551334381103516, 24.582653045654297, 25.236745834350586, 26.38526153564453, 24.764999389648438, 24.31125831604004, 25.600860595703125, 23.217653274536133, 24.247108459472656, 24.891416549682617, 23.799091339111328, 24.01656150817871, 24.846206665039062, 24.85633659362793, 24.55845069885254, 24.020273208618164, 24.33533477783203, 25.4238224029541, 24.23877716064453, 25.013988494873047, 23.469411849975586, 23.820194244384766, 24.350730895996094, 25.154857635498047, 25.075763702392578, 24.734519958496094, 24.051525115966797, 24.690404891967773, 25.044828414916992, 24.616596221923828, 24.100807189941406, 22.903650283813477, 23.372678756713867, 23.966745376586914, 24.071571350097656, 23.335140228271484, 25.852933883666992, 24.165287017822266, 23.24603271484375, 23.120891571044922, 24.603271484375, 24.244789123535156, 23.305112838745117, 25.070627212524414, 23.836986541748047, 23.189647674560547, 24.052703857421875, 23.710649490356445, 22.5850887298584, 23.408653259277344, 24.99701690673828, 23.087493896484375]}