{"aucroc": 0.999075924075924, "aucpr": 0.9815016443640392, "dataset": "21_Lymphography", "method": "soft", "test_ratio": 0.04666666666666667, "train_ratio": 0.009333333333333334, "labeled_anomalies": 0.2, "loe_loss": [37.65786361694336, 37.723548889160156, 35.344844818115234, 31.717185974121094, 33.955936431884766, 31.022781372070312, 30.232406616210938, 33.05513000488281, 30.202585220336914, 29.018186569213867, 30.41232681274414, 29.236492156982422, 30.765531539916992, 29.83730697631836, 32.47760772705078, 34.28495788574219, 30.423404693603516, 30.356840133666992, 28.76756477355957, 29.611143112182617, 28.153934478759766, 28.242942810058594, 29.042705535888672, 27.351289749145508, 28.057472229003906, 28.627906799316406, 27.720355987548828, 27.492298126220703, 28.006349563598633, 28.02315330505371, 28.126785278320312, 29.340229034423828, 28.364200592041016, 29.964096069335938, 27.681089401245117, 27.873682022094727, 28.67445182800293, 26.891433715820312, 26.482433319091797, 26.989940643310547, 26.33745765686035, 27.897258758544922, 26.81385612487793, 25.977094650268555, 26.785181045532227, 26.3963565826416, 25.798444747924805, 28.48059844970703, 27.358863830566406, 27.850507736206055, 26.560609817504883, 26.543821334838867, 27.952911376953125, 26.68578338623047, 26.794509887695312, 26.877649307250977, 27.114355087280273, 27.067407608032227, 24.783111572265625, 25.765972137451172, 26.79245376586914, 25.894296646118164, 26.43462371826172, 26.323593139648438, 26.96430015563965, 27.680038452148438, 27.44385528564453, 26.773408889770508, 26.34077262878418, 26.489822387695312, 26.811872482299805, 24.796300888061523, 26.966827392578125, 26.81825065612793, 25.726049423217773, 25.75545883178711, 26.19070053100586, 26.69574737548828, 25.83000373840332, 26.33074188232422, 26.389719009399414, 24.39012336730957, 26.593706130981445, 25.991453170776367, 25.53668212890625, 26.227018356323242, 26.966365814208984, 25.309696197509766, 25.487417221069336, 25.66733169555664, 26.90204620361328, 25.480295181274414, 27.40843391418457, 26.121906280517578, 26.603761672973633, 25.966922760009766, 25.217443466186523, 25.728303909301758, 25.31559944152832, 24.494016647338867, 25.72330093383789, 26.332548141479492, 25.22987174987793, 25.800493240356445, 25.65890121459961, 24.48341941833496, 25.786468505859375, 24.630956649780273, 24.064241409301758, 24.27471923828125, 25.99882698059082, 25.59796905517578, 25.031803131103516, 24.970256805419922, 24.966440200805664, 25.808101654052734, 24.875444412231445, 25.4277400970459, 24.74696922302246, 24.995189666748047]}