{"aucroc": 0.999075924075924, "aucpr": 0.9816327801516875, "dataset": "21_Lymphography", "method": "soft", "test_ratio": 0.04666666666666667, "train_ratio": 0.037333333333333336, "labeled_anomalies": 0.8, "loe_loss": [35.016353607177734, 34.43828201293945, 32.39524459838867, 29.473386764526367, 31.084732055664062, 28.474853515625, 27.902454376220703, 30.38187599182129, 27.84067153930664, 27.255212783813477, 28.154407501220703, 26.853878021240234, 27.92923355102539, 27.643423080444336, 29.58588409423828, 31.240930557250977, 27.577009201049805, 28.18939781188965, 26.30997085571289, 27.14539337158203, 25.896514892578125, 25.89152717590332, 26.773448944091797, 25.313552856445312, 25.62689781188965, 26.504451751708984, 25.679584503173828, 25.11730194091797, 25.180423736572266, 25.95427894592285, 26.06210708618164, 26.674524307250977, 25.75855827331543, 27.30489730834961, 25.5048828125, 25.44537353515625, 25.97808265686035, 24.717538833618164, 24.344539642333984, 24.60620880126953, 24.335159301757812, 25.53123664855957, 24.396907806396484, 24.01185417175293, 24.60610580444336, 24.484045028686523, 23.842761993408203, 25.949600219726562, 25.086904525756836, 25.329509735107422, 24.278928756713867, 24.436500549316406, 25.774818420410156, 24.543203353881836, 24.178987503051758, 24.80016326904297, 24.82472038269043, 24.667369842529297, 22.768123626708984, 23.645137786865234, 24.700105667114258, 24.086475372314453, 23.931106567382812, 24.16853141784668, 24.64113998413086, 25.435272216796875, 25.051578521728516, 24.95691680908203, 24.586292266845703, 24.79807472229004, 24.41047477722168, 23.028980255126953, 24.552927017211914, 25.05902862548828, 23.64397430419922, 23.74962615966797, 24.101802825927734, 24.803619384765625, 23.792428970336914, 24.1848087310791, 23.917734146118164, 22.681262969970703, 24.49172592163086, 24.256921768188477, 23.72615623474121, 24.152099609375, 25.171789169311523, 23.466041564941406, 23.77276039123535, 23.42155647277832, 24.921178817749023, 23.20372200012207, 25.250898361206055, 23.618328094482422, 24.747108459472656, 24.01983070373535, 23.114608764648438, 23.462596893310547, 23.325340270996094, 22.930938720703125, 23.4284725189209, 24.357454299926758, 23.211559295654297, 23.909704208374023, 23.277545928955078, 22.64650535583496, 23.839189529418945, 22.696216583251953, 22.337507247924805, 22.287944793701172, 24.313322067260742, 23.286468505859375, 22.74618911743164, 22.957866668701172, 22.791887283325195, 23.956329345703125, 22.493806838989258, 23.038503646850586, 22.549137115478516, 22.432830810546875]}