{"aucroc": 0.6982443239044043, "aucpr": 0.6177906851980721, "dataset": "22_magic.gamma", "method": "refine", "test_ratio": 0.3506666666666667, "train_ratio": 0.28053333333333336, "labeled_anomalies": 0.8, "loe_loss": [12.361435890197754, 12.010232925415039, 11.583511352539062, 10.940876007080078, 10.487141609191895, 10.622955322265625, 10.408629417419434, 10.06347942352295, 10.105528831481934, 9.63754653930664, 9.66849136352539, 9.467355728149414, 9.255029678344727, 9.18907642364502, 9.074453353881836, 9.372953414916992, 9.08104419708252, 9.345695495605469, 8.966936111450195, 8.52324390411377, 8.726886749267578, 8.673307418823242, 8.605730056762695, 8.227906227111816, 8.907045364379883, 8.404876708984375, 8.548849105834961, 8.543597221374512, 8.38638973236084, 8.255096435546875, 8.109416007995605, 8.407205581665039, 8.389994621276855, 8.150324821472168, 7.918351173400879, 8.277981758117676, 8.604626655578613, 7.97384786605835, 7.775363445281982, 7.928310871124268, 7.870338439941406, 7.901487350463867, 8.007085800170898, 8.078312873840332, 7.830968856811523, 7.841790676116943, 7.956837177276611, 8.248189926147461, 7.866334915161133, 7.788152694702148, 7.642189025878906, 7.819480895996094, 7.8823957443237305, 7.821011543273926, 7.534465312957764, 7.462264537811279, 7.778604507446289, 7.888650417327881, 7.596983909606934, 7.805703639984131, 7.296539306640625, 7.746698379516602, 7.59232759475708, 7.723079681396484, 7.397279739379883, 7.463102340698242, 7.159609794616699, 7.538730621337891, 7.440777778625488, 7.685014724731445, 7.342772483825684, 7.294339656829834, 7.473203182220459, 7.145278453826904, 7.311835765838623, 7.327519416809082, 7.295987129211426, 7.168825626373291, 7.028564929962158, 6.954349517822266, 7.332845211029053, 7.13115119934082, 7.130548477172852, 6.927419662475586, 6.684726715087891, 7.107971668243408, 6.833177089691162, 7.055132865905762, 7.040471076965332, 6.612617015838623, 6.749945640563965, 6.907156944274902, 6.716627597808838, 6.8219709396362305, 6.947840690612793, 6.972104072570801, 6.698452472686768, 7.033839702606201, 6.441032886505127, 6.703711032867432, 6.647953987121582, 6.994674205780029, 6.523500919342041, 6.490175724029541, 6.784409999847412, 6.533452987670898, 6.266998291015625, 6.657425403594971, 6.621164321899414, 6.2779059410095215, 6.184399604797363, 6.255480766296387, 6.327522277832031, 6.483407020568848, 6.3325700759887695, 6.464960098266602, 6.229005813598633, 6.223831653594971, 6.522389888763428, 6.746500492095947]}