{"aucroc": 0.7011497119010627, "aucpr": 0.6373184678663615, "dataset": "22_magic.gamma", "method": "refine", "test_ratio": 0.3506666666666667, "train_ratio": 0.07013333333333334, "labeled_anomalies": 0.2, "loe_loss": [17.729129791259766, 16.86821174621582, 16.50977897644043, 15.172971725463867, 14.614123344421387, 15.208118438720703, 15.142899513244629, 14.366901397705078, 14.406180381774902, 13.94852066040039, 13.619540214538574, 13.794713973999023, 13.446235656738281, 13.147270202636719, 13.342731475830078, 13.392337799072266, 12.826847076416016, 13.476990699768066, 12.877673149108887, 12.35436725616455, 12.415587425231934, 12.589683532714844, 12.630849838256836, 12.260143280029297, 12.956645011901855, 12.179031372070312, 12.34053897857666, 12.344799041748047, 12.026735305786133, 12.356780052185059, 12.00088882446289, 12.463235855102539, 12.463967323303223, 12.133298873901367, 11.460960388183594, 11.793572425842285, 12.947976112365723, 11.348360061645508, 11.377896308898926, 11.650687217712402, 11.475598335266113, 12.02401065826416, 11.658225059509277, 11.67776870727539, 11.843782424926758, 11.34439754486084, 11.420655250549316, 11.985116004943848, 11.87424087524414, 11.545158386230469, 11.311018943786621, 11.106839179992676, 11.77861499786377, 11.765290260314941, 11.10396957397461, 11.03062915802002, 11.76899242401123, 12.150875091552734, 11.29665756225586, 11.40751838684082, 10.581883430480957, 11.766291618347168, 11.205286026000977, 10.989341735839844, 10.85074234008789, 11.122045516967773, 10.50828742980957, 10.955209732055664, 11.606670379638672, 11.256053924560547, 10.664661407470703, 11.090658187866211, 11.474863052368164, 10.671124458312988, 10.844812393188477, 10.839338302612305, 11.13548755645752, 11.010009765625, 10.959976196289062, 10.728158950805664, 10.769296646118164, 10.829719543457031, 10.782734870910645, 10.624290466308594, 10.390816688537598, 10.67032527923584, 10.572172164916992, 10.899759292602539, 10.553452491760254, 10.20531940460205, 10.534534454345703, 10.794248580932617, 10.682220458984375, 10.635263442993164, 11.153220176696777, 10.984356880187988, 10.930755615234375, 11.202695846557617, 10.07016372680664, 10.356820106506348, 10.599798202514648, 10.776853561401367, 10.255093574523926, 10.356683731079102, 10.596614837646484, 10.422316551208496, 10.071762084960938, 10.688079833984375, 10.449546813964844, 10.429956436157227, 9.946569442749023, 10.206722259521484, 9.813445091247559, 10.32010269165039, 9.8494234085083, 10.358986854553223, 9.847872734069824, 9.816071510314941, 10.513076782226562, 10.717071533203125]}