{"aucroc": 0.8719018337212102, "aucpr": 0.18576682053682417, "dataset": "23_mammography", "method": "soft", "test_ratio": 0.02266666666666667, "train_ratio": 0.013600000000000001, "labeled_anomalies": 0.6, "loe_loss": [10.818963050842285, 11.281145095825195, 10.589421272277832, 11.067880630493164, 10.306451797485352, 10.005940437316895, 10.216551780700684, 9.850381851196289, 9.291718482971191, 8.987692832946777, 9.945638656616211, 9.430170059204102, 9.497804641723633, 9.256354331970215, 9.044517517089844, 9.042289733886719, 8.699117660522461, 8.775537490844727, 9.40068244934082, 8.532299041748047, 8.342649459838867, 8.635912895202637, 8.491994857788086, 8.152077674865723, 8.794940948486328, 8.945375442504883, 7.8131022453308105, 7.978338241577148, 8.660597801208496, 9.310246467590332, 9.200338363647461, 8.251632690429688, 8.79550552368164, 8.57541275024414, 7.969125747680664, 8.161384582519531, 8.24895191192627, 8.312442779541016, 8.22754192352295, 8.006378173828125, 7.883614540100098, 8.529047966003418, 8.306519508361816, 7.8647918701171875, 8.071470260620117, 8.214295387268066, 8.302316665649414, 8.645055770874023, 8.04839038848877, 8.271829605102539, 8.250960350036621, 7.967593193054199, 7.790963172912598, 7.805707931518555, 8.17065143585205, 7.815442085266113, 8.119091033935547, 8.708839416503906, 7.553680419921875, 7.768249034881592, 8.770978927612305, 8.028512954711914, 7.592166900634766, 7.9879608154296875, 7.8517537117004395, 8.380010604858398, 8.113739013671875, 8.370976448059082, 8.720389366149902, 8.108150482177734, 8.439966201782227, 7.881966590881348, 7.738658428192139, 7.8341383934021, 8.01852035522461, 7.723852634429932, 7.786909103393555, 7.897237300872803, 7.477011680603027, 7.339909553527832, 7.892817497253418, 7.590935707092285, 7.748100280761719, 8.065093994140625, 7.494692802429199, 7.835886001586914, 7.529909610748291, 7.777988910675049, 7.657132625579834, 7.556195259094238, 8.317976951599121, 7.827578544616699, 7.858807563781738, 7.635871410369873, 7.566033363342285, 7.680755615234375, 7.664888858795166, 7.429478645324707, 7.790359973907471, 7.417074203491211, 7.5619049072265625, 7.1612701416015625, 7.926753044128418, 7.232586860656738, 7.710073947906494, 7.693611145019531, 7.636665344238281, 7.349250793457031, 7.30810022354126, 7.093188285827637, 7.704294204711914, 7.2035698890686035, 8.037580490112305, 7.077579498291016, 7.692008972167969, 7.597437858581543, 7.779204845428467, 6.982540130615234, 8.004840850830078, 6.609405517578125]}