{"aucroc": 0.8730321101837735, "aucpr": 0.18963626408877937, "dataset": "23_mammography", "method": "refine", "test_ratio": 0.02266666666666667, "train_ratio": 0.00022666666666666668, "labeled_anomalies": 0.01, "loe_loss": [12.077750205993652, 12.061354637145996, 11.025062561035156, 10.6647367477417, 10.475604057312012, 11.477256774902344, 10.701704025268555, 10.284889221191406, 10.228652954101562, 9.681580543518066, 9.884102821350098, 9.520828247070312, 9.789299964904785, 9.976262092590332, 10.069244384765625, 8.795236587524414, 9.158519744873047, 9.11966609954834, 8.930620193481445, 8.549214363098145, 9.675535202026367, 9.167384147644043, 8.401693344116211, 9.588427543640137, 8.485950469970703, 8.833495140075684, 8.971049308776855, 8.734705924987793, 8.81820011138916, 9.189484596252441, 9.332053184509277, 8.081324577331543, 9.845337867736816, 8.599888801574707, 8.164084434509277, 9.619105339050293, 8.47881031036377, 8.31131362915039, 8.434359550476074, 8.539461135864258, 8.393291473388672, 9.563597679138184, 8.415122985839844, 8.714127540588379, 8.303796768188477, 8.646230697631836, 8.497060775756836, 7.965542316436768, 8.549158096313477, 8.035285949707031, 8.320993423461914, 8.412128448486328, 8.7984037399292, 8.750703811645508, 8.706236839294434, 8.155083656311035, 7.823179721832275, 8.87851333618164, 7.980228424072266, 8.097982406616211, 8.598409652709961, 8.839874267578125, 8.359535217285156, 8.148491859436035, 8.483579635620117, 7.630435466766357, 8.095849990844727, 8.145817756652832, 7.871013641357422, 8.311992645263672, 8.446823120117188, 8.029370307922363, 8.40388011932373, 8.261587142944336, 8.309147834777832, 7.896694660186768, 8.488574028015137, 8.304609298706055, 8.443281173706055, 7.881134033203125, 8.123029708862305, 8.203343391418457, 9.188605308532715, 8.373239517211914, 8.2097806930542, 8.110085487365723, 8.486669540405273, 7.902405261993408, 8.747152328491211, 8.041166305541992, 8.277200698852539, 7.730295181274414, 7.763725280761719, 7.833678245544434, 9.06797981262207, 8.430140495300293, 8.68360424041748, 8.01380729675293, 8.062395095825195, 8.01611042022705, 8.15928840637207, 8.352252006530762, 8.690728187561035, 7.611615180969238, 8.55128288269043, 8.348065376281738, 8.159854888916016, 7.94036865234375, 8.563302993774414, 8.558944702148438, 8.083342552185059, 8.035358428955078, 7.552486419677734, 9.162880897521973, 7.820721626281738, 7.171858787536621, 7.497724533081055, 8.34203815460205, 7.921135902404785, 7.352214336395264]}