{"aucroc": 0.8712041569697456, "aucpr": 0.18414704499811493, "dataset": "23_mammography", "method": "soft", "test_ratio": 0.02266666666666667, "train_ratio": 0.02244, "labeled_anomalies": 0.99, "loe_loss": [10.499587059020996, 10.730728149414062, 10.296772003173828, 10.510626792907715, 9.843948364257812, 9.723764419555664, 9.809806823730469, 9.566746711730957, 8.931724548339844, 8.715286254882812, 9.660661697387695, 9.031554222106934, 9.230949401855469, 8.958863258361816, 8.786116600036621, 8.710851669311523, 8.469060897827148, 8.565657615661621, 9.148200988769531, 8.212774276733398, 8.170772552490234, 8.36762523651123, 8.151212692260742, 7.888487339019775, 8.514914512634277, 8.576088905334473, 7.620542049407959, 7.74513053894043, 8.429512023925781, 8.974002838134766, 8.832944869995117, 8.039726257324219, 8.129029273986816, 8.253461837768555, 7.687469959259033, 7.9155049324035645, 7.943347930908203, 8.085504531860352, 8.025827407836914, 7.74800443649292, 7.643322467803955, 8.325921058654785, 8.011762619018555, 7.594692230224609, 7.823686599731445, 7.923526287078857, 8.03210163116455, 8.410892486572266, 7.781255722045898, 8.050004005432129, 8.011319160461426, 7.742624282836914, 7.558926582336426, 7.605109691619873, 7.965018272399902, 7.609655380249023, 7.884099960327148, 8.401127815246582, 7.117137908935547, 7.475733757019043, 8.466034889221191, 7.785695552825928, 7.405120372772217, 7.729084014892578, 7.592175483703613, 8.088896751403809, 7.786534786224365, 8.181830406188965, 8.350807189941406, 7.846465587615967, 7.766534328460693, 7.628619194030762, 7.509296894073486, 7.595477104187012, 7.770009994506836, 7.497786521911621, 7.50453519821167, 7.622827053070068, 7.283493995666504, 7.192280292510986, 6.991804122924805, 7.3637776374816895, 7.522520065307617, 7.496849536895752, 7.263991832733154, 7.443162441253662, 7.2946085929870605, 7.3187336921691895, 7.379393577575684, 7.329680919647217, 7.865178108215332, 7.611137390136719, 7.452194690704346, 7.224576473236084, 7.327693462371826, 7.384683132171631, 7.428452014923096, 7.162842273712158, 7.1178364753723145, 7.196323871612549, 7.318817138671875, 6.9487481117248535, 7.700610160827637, 7.004197120666504, 7.433149337768555, 7.389264106750488, 7.314639568328857, 7.133005142211914, 7.032083988189697, 6.793404579162598, 7.344315052032471, 6.621396064758301, 7.75709342956543, 6.631104469299316, 7.439786911010742, 7.3300323486328125, 7.5171685218811035, 6.764171600341797, 7.4956464767456055, 6.3581390380859375]}