{"aucroc": 0.8705375772409919, "aucpr": 0.18505700533938674, "dataset": "23_mammography", "method": "soft", "test_ratio": 0.02266666666666667, "train_ratio": 0.004533333333333334, "labeled_anomalies": 0.2, "loe_loss": [11.438277244567871, 11.948673248291016, 10.98923397064209, 12.030000686645508, 10.874199867248535, 10.381092071533203, 10.756023406982422, 10.309687614440918, 10.048673629760742, 9.47378158569336, 10.297272682189941, 10.007528305053711, 9.812357902526855, 9.763456344604492, 9.309229850769043, 9.531021118164062, 8.994245529174805, 9.023353576660156, 9.69730281829834, 9.25092601776123, 8.581209182739258, 8.937393188476562, 9.062131881713867, 8.538993835449219, 9.10088062286377, 9.363286018371582, 8.165980339050293, 8.442151069641113, 8.890511512756348, 9.78788948059082, 9.690299987792969, 8.465641975402832, 9.654114723205566, 9.053383827209473, 8.376978874206543, 8.56313705444336, 8.720869064331055, 8.545159339904785, 8.455533027648926, 8.31204605102539, 8.162027359008789, 8.89751148223877, 8.821090698242188, 8.356060028076172, 8.538168907165527, 9.068196296691895, 8.57856559753418, 9.000863075256348, 8.424391746520996, 8.510563850402832, 8.583769798278809, 8.213706016540527, 8.042485237121582, 8.040056228637695, 8.436931610107422, 8.043916702270508, 8.382814407348633, 9.029825210571289, 8.654402732849121, 8.078152656555176, 9.10647201538086, 8.30078125, 7.953369617462158, 8.431973457336426, 8.34814167022705, 8.72358512878418, 8.728289604187012, 8.571516990661621, 9.325722694396973, 8.430910110473633, 9.560029029846191, 8.156837463378906, 8.023550033569336, 8.129697799682617, 8.308501243591309, 8.009486198425293, 8.351715087890625, 8.218188285827637, 7.723826885223389, 7.534249782562256, 9.367392539978027, 7.845267295837402, 8.031439781188965, 8.86009693145752, 7.854912757873535, 8.619348526000977, 7.792728424072266, 9.004427909851074, 8.053281784057617, 7.851911544799805, 9.08764934539795, 8.103515625, 9.007617950439453, 8.192850112915039, 8.045196533203125, 8.034856796264648, 8.026050567626953, 8.041111946105957, 8.660866737365723, 7.8088698387146, 7.879975318908691, 7.45604944229126, 8.20159912109375, 7.562192440032959, 8.301398277282715, 8.042482376098633, 8.168119430541992, 7.644044399261475, 7.690141677856445, 7.630001068115234, 8.306199073791504, 7.956219673156738, 8.56325626373291, 7.599543571472168, 8.011171340942383, 7.938591957092285, 8.167928695678711, 7.289135932922363, 8.657220840454102, 6.9931769371032715]}