{"aucroc": 0.8739163690715032, "aucpr": 0.18977405899677952, "dataset": "23_mammography", "method": "refine", "test_ratio": 0.02266666666666667, "train_ratio": 0.009066666666666667, "labeled_anomalies": 0.4, "loe_loss": [11.843183517456055, 11.820718765258789, 10.797109603881836, 10.43442153930664, 10.268839836120605, 11.112706184387207, 10.32282543182373, 10.0392484664917, 9.783111572265625, 9.463581085205078, 9.670065879821777, 9.23243522644043, 9.24019718170166, 9.740092277526855, 9.662840843200684, 8.598881721496582, 8.90999984741211, 8.903979301452637, 8.741009712219238, 8.307984352111816, 9.424095153808594, 8.9186429977417, 8.2191743850708, 9.211957931518555, 8.305652618408203, 8.518501281738281, 8.614391326904297, 8.432592391967773, 8.602622032165527, 8.872261047363281, 8.673643112182617, 7.926264762878418, 9.374409675598145, 8.36077880859375, 7.99044132232666, 8.872452735900879, 8.3029203414917, 8.098973274230957, 8.130132675170898, 8.295692443847656, 8.135893821716309, 8.625067710876465, 8.244401931762695, 8.416059494018555, 8.110211372375488, 8.334200859069824, 8.2660551071167, 7.772251129150391, 8.37695598602295, 7.901770114898682, 8.138880729675293, 8.21081256866455, 8.484823226928711, 8.524332046508789, 8.520517349243164, 7.957083225250244, 7.664787769317627, 8.629717826843262, 7.8029279708862305, 7.804594993591309, 8.408279418945312, 8.56428337097168, 8.07070255279541, 7.971963882446289, 8.299568176269531, 7.459896087646484, 7.916314601898193, 7.973422050476074, 7.711452484130859, 8.12702751159668, 8.146886825561523, 7.8583784103393555, 8.121369361877441, 8.00111198425293, 7.954326629638672, 7.700246334075928, 8.272923469543457, 8.061544418334961, 8.105204582214355, 7.744847774505615, 7.931534767150879, 7.828996658325195, 8.604423522949219, 7.894057273864746, 7.967562198638916, 7.9059953689575195, 8.219710350036621, 7.681253910064697, 8.438497543334961, 7.848453998565674, 8.028007507324219, 7.325855731964111, 7.557521820068359, 7.649661540985107, 8.679118156433105, 8.08938217163086, 8.210258483886719, 7.838051795959473, 7.867166996002197, 7.809774875640869, 7.820708751678467, 8.166624069213867, 8.356670379638672, 7.39807653427124, 8.291410446166992, 8.127142906188965, 7.869620323181152, 7.674335479736328, 8.381251335144043, 8.34671401977539, 7.868995666503906, 7.749319076538086, 7.302049160003662, 8.267969131469727, 7.484016418457031, 6.945022106170654, 7.273449897766113, 8.1065673828125, 7.686075210571289, 7.080146312713623]}