{"aucroc": 0.8400650709342162, "aucpr": 0.4309176765577517, "dataset": "24_mnist", "method": "refine", "test_ratio": 0.0920648838228847, "train_ratio": 0.000920648838228847, "labeled_anomalies": 0.01, "loe_loss": [174.90145874023438, 167.98361206054688, 164.26931762695312, 169.0882568359375, 159.32513427734375, 159.92636108398438, 159.70828247070312, 167.3454132080078, 156.21966552734375, 159.95848083496094, 161.89547729492188, 157.13412475585938, 162.64434814453125, 160.35464477539062, 164.80274963378906, 151.22271728515625, 151.2477264404297, 149.6277618408203, 150.6902618408203, 151.67440795898438, 145.24948120117188, 146.54409790039062, 162.50662231445312, 146.91946411132812, 151.70008850097656, 149.35623168945312, 174.54808044433594, 143.4810791015625, 150.1586151123047, 147.2102813720703, 149.3255157470703, 154.27359008789062, 141.21006774902344, 143.4425811767578, 138.42767333984375, 137.53761291503906, 140.15585327148438, 145.83544921875, 141.48341369628906, 134.6797637939453, 142.62086486816406, 134.71299743652344, 134.33526611328125, 133.06683349609375, 137.303466796875, 131.61526489257812, 142.07704162597656, 132.69619750976562, 132.2540283203125, 130.49429321289062, 133.35006713867188, 130.4296875, 139.11541748046875, 128.48585510253906, 134.31607055664062, 129.92454528808594, 128.47421264648438, 127.69367218017578, 129.87648010253906, 131.19244384765625, 128.81590270996094, 131.5326690673828, 130.8592529296875, 135.4700927734375, 127.75989532470703, 132.15882873535156, 126.6624526977539, 126.91545104980469, 135.06027221679688, 128.1427459716797, 131.0352783203125, 141.18563842773438, 125.24639892578125, 125.92884063720703, 126.41976165771484, 152.9054412841797, 127.63597869873047, 124.91620635986328, 124.09930419921875, 123.4590835571289, 123.4444351196289, 120.5587387084961, 128.87747192382812, 124.52439880371094, 124.96330261230469, 138.53973388671875, 121.15055084228516, 126.62271118164062, 127.05967712402344, 124.89814758300781, 185.15960693359375, 122.13755798339844, 124.77876281738281, 124.94273376464844, 122.65058898925781, 119.87303161621094, 123.95182800292969, 119.3553695678711, 120.91719818115234, 117.49933624267578, 118.99077606201172, 118.89907836914062, 121.50474548339844, 139.3957061767578, 124.55604553222656, 138.49583435058594, 120.15393829345703, 149.9373016357422, 115.40867614746094, 115.18954467773438, 118.38084411621094, 118.8453140258789, 117.56904602050781, 124.1914291381836, 125.01657104492188, 120.71355438232422, 128.90037536621094, 115.31446075439453, 112.99253845214844, 126.19204711914062]}