{"aucroc": 0.841815663010738, "aucpr": 0.4304020734495581, "dataset": "24_mnist", "method": "refine", "test_ratio": 0.0920648838228847, "train_ratio": 0.05523893029373082, "labeled_anomalies": 0.6, "loe_loss": [158.47677612304688, 151.4274444580078, 149.97665405273438, 148.0825653076172, 147.58660888671875, 147.67977905273438, 147.28109741210938, 150.3151092529297, 144.03668212890625, 144.1102294921875, 144.6072235107422, 143.55934143066406, 144.61424255371094, 144.3205108642578, 142.48910522460938, 138.83682250976562, 139.33343505859375, 137.9512176513672, 139.3999481201172, 139.94224548339844, 135.72030639648438, 135.42352294921875, 136.83554077148438, 136.37994384765625, 135.96002197265625, 136.3361053466797, 135.82644653320312, 131.91661071777344, 131.50990295410156, 135.44859313964844, 131.44900512695312, 132.54420471191406, 128.33233642578125, 128.98294067382812, 126.5348892211914, 126.65967559814453, 129.73770141601562, 129.38327026367188, 127.36061096191406, 124.2661361694336, 126.73143005371094, 123.53287506103516, 122.26300048828125, 123.13428497314453, 124.1227798461914, 120.93911743164062, 123.76811981201172, 118.84304809570312, 120.4051513671875, 117.23085021972656, 121.30499267578125, 120.25646209716797, 121.35244750976562, 117.11861419677734, 117.1615219116211, 118.42376708984375, 118.2644271850586, 117.38639831542969, 118.76905822753906, 117.6281509399414, 117.24296569824219, 116.1079330444336, 117.24410247802734, 116.76702880859375, 116.12682342529297, 116.38371276855469, 115.67520904541016, 114.71575927734375, 115.98255920410156, 115.40577697753906, 114.90433502197266, 117.41575622558594, 112.46837615966797, 114.76211547851562, 112.25161743164062, 113.10443878173828, 113.37664031982422, 112.70682525634766, 112.68663787841797, 109.52525329589844, 110.4714126586914, 109.23353576660156, 110.56798553466797, 109.35523223876953, 111.2544174194336, 113.35188293457031, 109.49422454833984, 108.86343383789062, 109.67837524414062, 110.36326599121094, 112.99945068359375, 109.02440643310547, 105.97821807861328, 106.56000518798828, 108.84905242919922, 108.78857421875, 106.54425048828125, 105.58699035644531, 106.8177261352539, 105.76712036132812, 104.32860565185547, 104.28611755371094, 105.91647338867188, 109.50079345703125, 107.71206665039062, 107.81280517578125, 107.40852355957031, 106.05134582519531, 102.65887451171875, 102.60020446777344, 106.26695251464844, 104.36186981201172, 104.79010009765625, 103.84211730957031, 105.74469757080078, 105.65159606933594, 108.00686645507812, 102.24201202392578, 100.74197387695312, 104.47152709960938]}