{"aucroc": 0.8436858200547238, "aucpr": 0.42795048250900863, "dataset": "24_mnist", "method": "refine", "test_ratio": 0.0920648838228847, "train_ratio": 0.09114423498465586, "labeled_anomalies": 0.99, "loe_loss": [152.0661163330078, 145.2880096435547, 143.5756378173828, 141.73439025878906, 141.6422119140625, 141.493896484375, 141.2252197265625, 143.68829345703125, 138.18580627441406, 138.1757049560547, 138.25685119628906, 137.85751342773438, 138.52163696289062, 138.0858154296875, 136.6278839111328, 132.9551544189453, 133.29043579101562, 132.1426239013672, 132.49363708496094, 133.46095275878906, 128.72235107421875, 128.82061767578125, 129.63632202148438, 129.60801696777344, 128.0494384765625, 130.36148071289062, 128.18995666503906, 126.24581909179688, 125.02962493896484, 128.74156188964844, 125.48226165771484, 125.0472412109375, 122.22288513183594, 122.10675811767578, 120.06053161621094, 120.42866516113281, 123.54635620117188, 123.0063247680664, 122.07035827636719, 119.69823455810547, 120.84571838378906, 118.86253356933594, 117.23731231689453, 118.44068908691406, 118.58990478515625, 116.37173461914062, 117.58902740478516, 113.75472259521484, 115.83368682861328, 112.21260833740234, 116.00227355957031, 114.68771362304688, 115.49861907958984, 112.08436584472656, 111.9391098022461, 112.76244354248047, 112.6805419921875, 111.72514343261719, 113.51040649414062, 112.43150329589844, 112.03760528564453, 111.0715103149414, 112.15348052978516, 110.79083251953125, 110.83039855957031, 111.02790832519531, 110.23863220214844, 109.5110855102539, 110.21348571777344, 109.70089721679688, 109.90028381347656, 111.71746063232422, 107.85308837890625, 109.04841613769531, 107.12397766113281, 107.37103271484375, 108.05272674560547, 107.40345001220703, 107.58392333984375, 103.72742462158203, 104.97699737548828, 103.98713684082031, 104.91327667236328, 103.84029388427734, 105.68856048583984, 107.01513671875, 104.18706512451172, 103.11421966552734, 103.93157958984375, 104.72382354736328, 105.10334014892578, 103.06278991699219, 100.56967163085938, 101.1988754272461, 103.77420806884766, 102.96768951416016, 100.61579132080078, 100.17755126953125, 100.96691131591797, 100.58892059326172, 99.4931869506836, 98.8961410522461, 100.47285461425781, 102.68699645996094, 101.70974731445312, 101.58857727050781, 102.36053466796875, 100.43224334716797, 97.44866943359375, 97.69216918945312, 100.42465209960938, 98.51262664794922, 98.85055541992188, 97.98368072509766, 100.61307525634766, 100.23728942871094, 100.81334686279297, 97.15325927734375, 95.26543426513672, 98.26904296875]}