{"aucroc": 0.8426950403531765, "aucpr": 0.4356936513065482, "dataset": "24_mnist", "method": "soft", "test_ratio": 0.0920648838228847, "train_ratio": 0.01841297676457694, "labeled_anomalies": 0.2, "loe_loss": [156.54153442382812, 156.72506713867188, 156.9994659423828, 156.8184051513672, 153.2537384033203, 156.0799560546875, 152.85533142089844, 152.6234130859375, 151.9138946533203, 152.66273498535156, 153.05738830566406, 150.1123504638672, 144.5414276123047, 148.56768798828125, 148.51422119140625, 148.83799743652344, 150.44900512695312, 147.56797790527344, 145.59156799316406, 142.28311157226562, 143.9630126953125, 142.8302764892578, 144.17897033691406, 141.91464233398438, 141.88937377929688, 143.67762756347656, 139.28170776367188, 138.77671813964844, 140.50521850585938, 140.01849365234375, 138.03871154785156, 137.75523376464844, 129.7848663330078, 135.16705322265625, 130.1762237548828, 135.11834716796875, 135.44004821777344, 131.1439208984375, 129.5487518310547, 126.81926727294922, 129.83544921875, 139.14981079101562, 127.13548278808594, 128.5271453857422, 131.55108642578125, 129.46868896484375, 119.7153549194336, 131.99925231933594, 120.92901611328125, 127.73065948486328, 120.71660614013672, 127.65215301513672, 128.68841552734375, 136.96881103515625, 126.29916381835938, 124.33196258544922, 112.68387603759766, 124.75503540039062, 119.101318359375, 120.27848052978516, 123.26537322998047, 120.36627197265625, 121.49847412109375, 121.40734100341797, 119.00081634521484, 116.71896362304688, 118.29790496826172, 119.65489959716797, 121.12364196777344, 120.55130767822266, 122.46793365478516, 114.93299102783203, 121.29663848876953, 116.6903076171875, 121.9970932006836, 118.46823120117188, 115.83232879638672, 119.26654815673828, 121.04037475585938, 117.59844970703125, 123.30648040771484, 117.01963806152344, 118.17971801757812, 115.29295349121094, 115.41815948486328, 119.44994354248047, 106.60202026367188, 116.17533874511719, 120.26744079589844, 115.93204498291016, 118.00833129882812, 114.54016876220703, 119.811767578125, 112.43780517578125, 103.7198486328125, 113.81348419189453, 115.09618377685547, 100.41294860839844, 115.48599243164062, 115.19066619873047, 118.70196533203125, 105.01919555664062, 118.21687316894531, 111.70256042480469, 106.41432189941406, 109.24775695800781, 107.87342834472656, 111.4588623046875, 112.47622680664062, 106.73543548583984, 113.74600219726562, 109.41231536865234, 110.59453582763672, 107.09491729736328, 112.37467193603516, 106.48387908935547, 102.48605346679688, 100.80850219726562, 107.15009307861328, 109.88868713378906]}