{"aucroc": 0.8424921248074314, "aucpr": 0.43572629870664575, "dataset": "24_mnist", "method": "soft", "test_ratio": 0.0920648838228847, "train_ratio": 0.03682595352915388, "labeled_anomalies": 0.4, "loe_loss": [151.27154541015625, 151.72293090820312, 151.69517517089844, 150.6488494873047, 148.06683349609375, 150.89100646972656, 148.2468719482422, 147.2069854736328, 147.41212463378906, 146.4355926513672, 146.83616638183594, 144.23773193359375, 140.61183166503906, 143.65457153320312, 142.6171417236328, 143.35743713378906, 143.94667053222656, 142.5673065185547, 142.25331115722656, 139.29071044921875, 141.16639709472656, 140.3149871826172, 140.42254638671875, 137.7071533203125, 138.1783905029297, 132.63438415527344, 136.46917724609375, 136.2332000732422, 135.8507537841797, 137.21578979492188, 132.75314331054688, 133.681640625, 126.33802032470703, 132.56309509277344, 121.45112609863281, 129.79542541503906, 132.4294891357422, 128.7963104248047, 125.29903411865234, 120.57498931884766, 127.16627502441406, 131.95849609375, 122.83757019042969, 125.45304107666016, 129.06280517578125, 126.70623016357422, 117.68704223632812, 127.95986938476562, 117.50914001464844, 126.09454345703125, 118.84967803955078, 124.64413452148438, 124.46688079833984, 129.85057067871094, 121.41340637207031, 121.36690521240234, 110.75003051757812, 122.09351348876953, 115.2225570678711, 117.44075012207031, 120.71659851074219, 116.58500671386719, 116.92022705078125, 118.67706298828125, 113.89139556884766, 113.43389892578125, 110.3938980102539, 116.39553833007812, 117.02821350097656, 115.79985809326172, 117.4909896850586, 111.73897552490234, 118.42594146728516, 111.14704895019531, 118.11309051513672, 113.03314208984375, 112.14972686767578, 114.34647369384766, 115.78875732421875, 114.59833526611328, 117.07683563232422, 111.86503601074219, 113.9177017211914, 111.90953826904297, 111.51109313964844, 113.5689926147461, 102.02146911621094, 110.48277282714844, 112.50051879882812, 111.57158660888672, 109.82951354980469, 110.53311920166016, 112.25701904296875, 108.281982421875, 99.47946166992188, 109.59544372558594, 109.86862182617188, 93.75861358642578, 109.22795867919922, 108.92637634277344, 113.33071899414062, 100.72090148925781, 111.26251983642578, 104.74040985107422, 99.96814727783203, 104.17223358154297, 102.02014923095703, 103.83041381835938, 106.78821563720703, 100.15280151367188, 107.50818634033203, 104.92302703857422, 105.57840728759766, 102.58491516113281, 107.81802368164062, 97.51776885986328, 92.77621459960938, 94.27655029296875, 101.29624938964844, 103.03816223144531]}