{"aucroc": 0.5283350773209832, "aucpr": 0.03738895502286425, "dataset": "01_ALOI", "method": "blind", "test_ratio": 0.030333333333333334, "train_ratio": 0.030333333333333334, "labeled_anomalies": 1.0, "loe_loss": [67.33952331542969, 51.707542419433594, 64.95874786376953, 67.47826385498047, 45.401458740234375, 52.953758239746094, 46.78413009643555, 49.119110107421875, 47.7719612121582, 42.4050178527832, 52.55006790161133, 49.54275894165039, 47.28443908691406, 41.038414001464844, 47.55787658691406, 50.21125030517578, 42.90304183959961, 49.19990539550781, 51.091651916503906, 44.79340362548828, 44.2570686340332, 43.80390930175781, 46.97579574584961, 47.672691345214844, 39.31317138671875, 47.991737365722656, 45.857112884521484, 45.20716094970703, 44.675392150878906, 43.6943359375, 38.29710006713867, 44.17910385131836, 48.70671081542969, 64.62177276611328, 41.46552658081055, 40.863712310791016, 45.142730712890625, 46.6958122253418, 40.91942596435547, 42.55587387084961, 48.67552947998047, 40.163299560546875, 41.64612579345703, 45.66368865966797, 44.47721481323242, 42.846832275390625, 38.73324966430664, 50.3674430847168, 41.558258056640625, 41.367103576660156, 41.619720458984375, 40.79524612426758, 56.117340087890625, 40.74972152709961, 47.09183120727539, 43.01142883300781, 47.42897415161133, 47.555030822753906, 43.7807731628418, 41.29376220703125, 78.21512603759766, 43.65217971801758, 40.296993255615234, 55.236572265625, 40.897762298583984, 43.5935173034668, 41.46073532104492, 39.96350860595703, 42.730960845947266, 42.42438888549805, 41.66631317138672, 74.72863006591797, 39.62124252319336, 52.37220764160156, 40.118927001953125, 46.57431411743164, 42.33582305908203, 39.206626892089844, 38.10777282714844, 47.90840148925781, 40.30405807495117, 41.56894302368164, 44.8973388671875, 42.938941955566406, 41.600669860839844, 41.10926818847656, 41.80519485473633, 37.35757827758789, 40.55363464355469, 45.44377136230469, 43.58386993408203, 66.94296264648438, 40.14693069458008, 38.795963287353516, 44.20348358154297, 40.71440505981445, 43.85047912597656, 43.137489318847656, 42.715980529785156, 41.309974670410156, 47.89493942260742, 41.99135971069336, 36.50012969970703, 45.15619659423828, 44.38011169433594, 38.85478591918945, 39.948875427246094, 42.622528076171875, 41.56407165527344, 38.85725021362305, 45.241615295410156, 37.56278991699219, 36.56013488769531, 40.14381408691406, 41.45936965942383, 39.213134765625, 35.70268630981445, 51.896705627441406, 43.338104248046875, 42.731231689453125, 39.404144287109375, 41.50668716430664, 36.80122375488281, 39.684288024902344, 42.43169403076172, 45.19265365600586, 36.74837112426758, 39.522247314453125, 41.83395004272461, 38.89302062988281, 50.17347717285156, 40.079742431640625, 38.111289978027344, 34.3104248046875, 38.534767150878906, 41.825130462646484, 38.22149658203125, 41.964813232421875, 38.929115295410156, 38.8909912109375, 41.032020568847656, 44.0390510559082, 41.49650192260742, 38.967193603515625, 39.352325439453125, 37.272830963134766, 36.69976806640625, 41.36128616333008, 41.85881805419922, 39.50885772705078, 36.92060852050781, 41.42375946044922, 36.181339263916016, 37.707244873046875, 38.95602798461914, 45.411712646484375, 36.730350494384766, 43.55962371826172, 43.74057388305664, 37.70992660522461, 35.25929260253906, 41.06708526611328, 39.102149963378906, 42.18326187133789, 36.68285369873047, 41.70944595336914, 42.674991607666016, 35.54364776611328, 44.32819747924805, 40.12543869018555, 36.021263122558594, 64.18476104736328, 40.69363021850586, 38.91089630126953, 49.51020812988281, 39.40242004394531, 40.617488861083984, 35.734432220458984, 39.27420425415039, 36.144718170166016, 40.24372100830078, 35.852970123291016, 37.57117462158203, 38.041481018066406, 45.96384048461914, 47.38115692138672, 42.08527755737305, 39.59108352661133, 42.05253601074219, 39.55856704711914, 41.14211654663086, 44.462921142578125, 37.64194107055664, 40.70323181152344, 37.794822692871094, 43.586063385009766, 39.24861526489258, 35.277435302734375, 39.079933166503906, 39.36518859863281, 46.98030090332031, 34.35969543457031, 38.6168212890625, 41.50572967529297, 42.569427490234375, 34.6690673828125, 38.902381896972656, 42.84409713745117, 36.94676971435547, 46.0337028503418, 41.714447021484375, 33.7221565246582, 35.53786849975586, 37.26124954223633, 36.62376403808594, 37.514488220214844, 39.51952362060547, 35.45742416381836, 37.57537841796875, 36.48259735107422, 37.510528564453125, 43.24576950073242, 39.68026351928711, 40.403533935546875, 41.14842224121094, 38.21556091308594, 46.46282958984375, 39.84720993041992, 35.307743072509766, 42.769317626953125, 39.201934814453125, 39.61207962036133, 36.92405700683594, 38.288536071777344, 37.27458953857422, 40.07771301269531, 41.416465759277344, 43.2158317565918, 46.756385803222656, 36.4148063659668, 46.61963653564453, 38.411441802978516, 35.99709701538086, 36.51649475097656, 35.614463806152344, 38.1362419128418, 40.781856536865234, 35.781494140625, 36.78590393066406, 37.37395477294922, 34.180728912353516, 38.534549713134766, 46.57235336303711, 42.80247497558594, 34.87697219848633, 39.78266143798828, 34.53264236450195, 39.47895431518555, 33.76124954223633, 38.38595962524414, 41.95903015136719, 36.93966293334961, 45.87910079956055, 36.31850051879883, 37.716064453125, 38.9798583984375, 38.27010726928711, 37.13818359375, 43.651611328125, 33.46255874633789, 34.70808029174805, 35.950958251953125, 41.522640228271484, 31.97052001953125, 37.710533142089844, 36.7109489440918, 35.39729309082031, 34.33781433105469, 36.07936477661133, 43.179931640625, 38.359153747558594, 36.612876892089844, 39.7274284362793, 33.77009963989258, 40.59739303588867, 38.43445587158203, 40.22917175292969, 42.14215850830078, 34.336021423339844, 67.12936401367188, 38.97153091430664, 39.1871337890625, 45.122161865234375, 37.423622131347656, 40.629112243652344, 37.33061218261719, 37.247310638427734, 34.73220443725586, 34.17487716674805, 71.0831298828125, 37.89593505859375, 36.3073844909668, 39.0900993347168, 35.153751373291016, 52.830596923828125, 38.718406677246094, 36.34502410888672, 35.84233093261719, 36.61991500854492, 37.23921585083008, 44.692665100097656, 37.033897399902344, 37.92205047607422, 38.76405715942383, 33.47657012939453, 38.16272735595703, 37.62989807128906, 44.27561569213867, 34.79941940307617, 39.418209075927734, 35.39358901977539, 36.54528045654297, 33.32862091064453, 46.90769958496094, 35.55634307861328, 34.232666015625, 37.09439468383789, 39.741065979003906, 35.851829528808594, 37.6468505859375, 60.23491668701172, 36.68678283691406, 46.14649963378906, 41.35404968261719, 39.19731140136719, 35.00697326660156, 41.942325592041016, 45.995506286621094, 36.78773498535156, 37.124900817871094, 37.31205368041992, 40.8766975402832, 38.25393295288086, 37.79543685913086, 40.11145782470703, 37.810306549072266, 39.60649108886719, 39.341461181640625, 34.98880386352539, 41.10454177856445, 34.85175323486328, 34.3099365234375, 36.8978271484375, 38.21662521362305, 43.979061126708984, 43.371891021728516, 38.752227783203125, 37.088539123535156, 34.15395736694336, 37.05137252807617, 37.47398376464844, 38.795616149902344, 35.459617614746094, 38.533050537109375, 38.36674499511719, 36.955223083496094, 45.78007888793945, 37.7443962097168, 36.1553955078125, 37.27061462402344, 38.24272918701172, 34.048465728759766, 40.77318572998047, 35.497772216796875, 35.89259338378906, 32.12321472167969, 43.21815872192383, 66.41964721679688, 34.275672912597656, 35.45937728881836, 39.92190933227539, 39.160850524902344, 40.769378662109375, 39.67814636230469, 36.84645080566406, 34.67001724243164, 38.24238967895508, 35.0076904296875, 35.239051818847656, 36.75690460205078, 43.211524963378906, 33.28892517089844, 36.03649139404297, 35.297950744628906, 38.368831634521484, 33.135276794433594, 34.572086334228516, 42.66301727294922, 35.82236862182617, 60.543277740478516, 39.14982223510742, 37.547733306884766, 39.22785186767578, 41.79072570800781, 33.37501907348633, 