{"aucroc": 0.5294179866197741, "aucpr": 0.03744481368135372, "dataset": "01_ALOI", "method": "hard", "test_ratio": 0.030333333333333334, "train_ratio": 0.030333333333333334, "labeled_anomalies": 1.0, "loe_loss": [51.65974426269531, 39.437049865722656, 29.028968811035156, 42.68684005737305, 39.50176239013672, 36.84101867675781, 32.5194206237793, 38.29328918457031, 34.226932525634766, 28.047313690185547, 35.959781646728516, 35.058345794677734, 39.638423919677734, 35.650421142578125, 27.651382446289062, 33.47501754760742, 32.056602478027344, 34.62248229980469, 35.95787811279297, 31.616241455078125, 35.61952209472656, 33.816524505615234, 35.89530944824219, 36.44867706298828, 31.94479751586914, 35.21015167236328, 30.181821823120117, 34.22931671142578, 37.30450439453125, 28.1771240234375, 31.228107452392578, 36.3797492980957, 34.76445388793945, 31.474069595336914, 32.634830474853516, 30.262481689453125, 31.3544864654541, 31.56456756591797, 31.030296325683594, 29.0690975189209, 36.19474792480469, 30.17671012878418, 30.30311393737793, 30.21456527709961, 29.891756057739258, 33.53105926513672, 23.582578659057617, 29.890743255615234, 31.499792098999023, 31.40860366821289, 26.504104614257812, 28.514575958251953, 33.76205825805664, 32.73552703857422, 9.974054336547852, 30.0810489654541, 33.443843841552734, 28.963041305541992, 36.24075698852539, 32.1157341003418, 32.586856842041016, 30.704465866088867, 31.04055404663086, 33.35017395019531, -1.247602939605713], "n_epochs": 64}