{"aucroc": 0.524893692305174, "aucpr": 0.037003964589308644, "dataset": "01_ALOI", "method": "refine", "test_ratio": 0.030333333333333334, "train_ratio": 0.030333333333333334, "labeled_anomalies": 1.0, "loe_loss": [56.45819091796875, 45.842655181884766, 50.539669036865234, 48.93650817871094, 41.487369537353516, 44.59324645996094, 41.61272430419922, 41.62868118286133, 42.057960510253906, 38.52440643310547, 41.85777282714844, 38.66935729980469, 40.68421936035156, 38.25063705444336, 39.07767868041992, 43.71986770629883, 38.1815299987793, 42.742103576660156, 40.52922058105469, 39.661582946777344, 37.959468841552734, 39.716251373291016, 39.36469268798828, 41.38419723510742, 36.16584396362305, 39.47023010253906, 37.838775634765625, 39.17286682128906, 38.032875061035156, 38.18902587890625, 35.966453552246094, 37.88147735595703, 39.378971099853516, 36.55763626098633, 37.62636947631836, 36.55152130126953, 37.36151123046875, 38.468841552734375, 36.50691604614258, 36.74380874633789, 36.96902847290039, 36.60913848876953, 37.259254455566406, 38.4766960144043, 36.93738555908203, 36.6082649230957, 34.92692565917969, 38.42986297607422, 36.67351150512695, 37.89714050292969, 35.704830169677734, 34.81367111206055, 40.087432861328125, 35.23955535888672, 40.02448272705078, 35.57341766357422, 39.720550537109375, 39.970191955566406, 37.49559783935547, 35.235416412353516, 39.436676025390625, 37.90632247924805, 36.2860107421875, 38.967430114746094, 35.237369537353516, 35.36579895019531, 36.20325469970703, 34.19998550415039, 36.22187423706055, 36.916805267333984, 36.647705078125, 37.543182373046875, 35.2393684387207, 37.856529235839844, 34.388916015625, 40.527244567871094, 37.51584243774414, 35.690399169921875, 33.78526306152344, 38.333988189697266, 34.09672164916992, 35.84757995605469, 36.7601203918457, 36.37794494628906, 35.19313049316406, 34.76866149902344, 32.794921875, 33.611209869384766, 34.19123077392578, 34.61896896362305, 37.413883209228516, 39.379852294921875, 34.685203552246094, 33.57431411743164, 35.79613494873047, 35.439640045166016, 35.765380859375, 37.735137939453125, 35.433380126953125, 32.99898147583008, 36.25892639160156, 33.817626953125, 31.52931785583496, 36.03567886352539, 35.13872528076172, 34.3751106262207, 33.28517150878906, 35.66442108154297, 35.2805290222168, 31.863048553466797, 35.49794006347656, 33.60592269897461, 32.80521011352539, 34.14049530029297, 36.44818115234375, 32.437076568603516, 31.91834259033203, 34.72050857543945, 35.64580535888672, 34.53379821777344, 33.84421157836914, 35.89227294921875, 32.29713439941406, 34.19819641113281, 34.928565979003906, 37.69245910644531, 32.2512321472168, 32.93073654174805, 32.937965393066406, 33.26001739501953, 37.28512191772461, 34.162540435791016, 34.05471420288086, 30.093486785888672, 31.53158950805664, 33.33689880371094, 32.92242431640625, 35.237361907958984, 32.46736526489258, 33.094871520996094, 33.85466766357422, 33.52075958251953, 34.20070266723633, 33.04248809814453, 32.049556732177734, 29.893943786621094, 28.912168502807617, 34.7171516418457, 34.44169998168945, 32.71638488769531, 29.800567626953125, 31.761302947998047, 30.900142669677734, 31.103364944458008, 32.304012298583984, 32.86562728881836, 31.77651023864746, 36.19026184082031, 37.37892150878906, 30.75627326965332, 29.22732925415039, 35.02452087402344, 34.61015319824219, 32.78229522705078, 30.885953903198242, 30.938154220581055, 33.819339752197266, 30.02863883972168, 32.89211654663086, 33.98419189453125, 31.10882568359375, 32.236961364746094, 31.835372924804688, 31.041088104248047, 34.804752349853516, 31.191587448120117, 34.640830993652344, 29.102312088012695, 32.873046875, 30.110393524169922, 31.79142189025879, 29.699874877929688, 32.82998275756836, 29.873327255249023, 34.323570251464844, 33.46762466430664, 36.862613677978516, 31.7591495513916, 34.49268341064453, 30.711849212646484, 32.08525085449219, 34.903907775878906, 28.58047866821289, 32.33564376831055, 30.057626724243164, 35.512882232666016, 29.593942642211914, 28.781085968017578, 31.966514587402344, 31.025314331054688, 35.412776947021484, 28.28845977783203, 30.01700210571289, 29.257389068603516, 31.066761016845703, 28.26055145263672, 34.081424713134766, 30.086803436279297, 30.98004913330078, 36.153663635253906, 33.65471267700195, 26.420209884643555, 28.177215576171875, 29.981847763061523, 27.800159454345703, 29.561708450317383, 31.295597076416016, 28.490440368652344, 30.53826141357422, 30.303817749023438, 30.39850616455078, 31.51239776611328, 32.652870178222656, 32.53734588623047, 32.248722076416016, 29.405517578125, 38.66818618774414, 32.25239944458008, 27.38487434387207, 33.03752899169922, 31.11574935913086, 30.91897964477539, 30.112258911132812, 29.598569869995117, 29.441904067993164, 31.196285247802734, 30.96776580810547, 35.39239501953125, 37.04744338989258, 27.370336532592773, 32.60466384887695, 34.11906433105469, 27.824153900146484, 28.419498443603516, 28.916187286376953, 29.723268508911133, 29.540754318237305, 27.28036117553711, 29.06194305419922, 30.108829498291016, 26.668237686157227, 31.733346939086914, 37.186431884765625, 32.142147064208984, 27.643604278564453, 32.92616271972656, 25.239002227783203, 28.969682693481445, 25.959503173828125, 29.603506088256836, 32.270301818847656, 27.144798278808594, 32.439605712890625, 29.191158294677734, 31.053775787353516, 31.83063507080078, 30.6220645904541, 29.637584686279297, 33.86277770996094, 26.85882568359375, 27.795015335083008, 28.60915184020996, 30.00411605834961, 24.427263259887695, 29.41696548461914, 28.759693145751953, 24.936573028564453, 26.593326568603516, 27.98992919921875, 35.11143112182617, 29.7763729095459, 27.43924903869629, 31.774370193481445, 26.338153839111328, 35.0648193359375, 30.41636848449707, 28.90450096130371, 35.21575927734375, 24.974422454833984, 31.212726593017578, 32.39622116088867, 33.05287170410156, 30.24753189086914, 29.563312530517578, 32.294654846191406, 30.362205505371094, 26.944761276245117, 27.593612670898438, 27.600595474243164, 30.41616439819336, 29.876476287841797, 28.781518936157227, 32.01531982421875, 27.453975677490234, 26.319604873657227, 29.24422264099121, 27.538330078125, 28.48889923095703, 27.088834762573242, 29.971471786499023, 31.80425262451172, 27.916725158691406, 27.976411819458008, 26.310434341430664, 25.347497940063477, 27.453128814697266, 27.802501678466797, 38.561771392822266, 26.418821334838867, 32.405921936035156, 26.827417373657227, 25.58890151977539, 24.22601318359375, 35.98007583618164, 24.053165435791016, 25.771169662475586, 29.651926040649414, 30.662063598632812, 25.334321975708008, 32.33744430541992, 31.772743225097656, 26.050819396972656, 35.024497985839844, 32.77167510986328, 29.291919708251953, 25.641794204711914, 35.535057067871094, 27.6720027923584, 27.46554183959961, 28.395139694213867, 28.068344116210938, 25.851083755493164, 27.480932235717773, 29.541921615600586, 26.2646541595459, 29.265857696533203, 28.973825454711914, 30.562091827392578, 26.16082191467285, 31.889795303344727, 25.44847869873047, 25.010215759277344, 27.437837600708008, 30.83816146850586, 33.94572448730469, 32.713829040527344, 25.45563507080078, 28.609058380126953, 27.366783142089844, 28.896142959594727, 29.867834091186523, 29.3828182220459, 26.53664779663086, 29.01764678955078, 27.855588912963867, 29.74259376525879, 32.446834564208984, 28.976259231567383, 26.34087562561035, 28.30396270751953, 29.667789459228516, 24.505584716796875, 29.825077056884766, 25.334306716918945, 28.15801239013672, 22.547367095947266, 29.65827178955078, 27.77326202392578, 25.339685440063477, 24.914005279541016, 32.98870086669922, 29.680456161499023, 29.971914291381836, 31.763225555419922, 25.662052154541016, 27.263042449951172, 24.199256896972656, 26.980209350585938, 26.16588020324707, 27.13123893737793, 33.323524475097656, 24.15946388244629, 27.937408447265625, 23.720632553100586, 28.28643226623535, 23.96436309814453, 27.204477310180664, 31.404544830322266, 25.363582611083984, 35.84282302856445, 30.608135223388672, 