{"aucroc": 0.6896729166666665, "aucpr": 0.19368209966002617, "dataset": "02_annthyroid", "method": "soft", "test_ratio": 0.07407407407407407, "train_ratio": 0.07407407407407407, "labeled_anomalies": 1.0, "loe_loss": [10.06878662109375, 9.480364799499512, 8.849008560180664, 7.94525146484375, 8.258248329162598, 8.448087692260742, 7.677031993865967, 7.545630931854248, 7.272815704345703, 7.658519744873047, 7.3876190185546875, 7.408954620361328, 7.208624839782715, 7.083362102508545, 7.072015285491943, 6.975051403045654, 7.0088791847229, 6.79148006439209, 6.8353962898254395, 6.697871208190918, 7.083539962768555, 6.919105052947998, 7.004526615142822, 7.0051589012146, 5.954604148864746, 6.749172210693359, 6.554113388061523, 6.457803249359131, 6.618157386779785, 6.3950276374816895, 6.37721061706543, 6.586582660675049, 6.587146759033203, 6.661168098449707, 6.511361122131348, 6.446164131164551, 6.688997268676758, 5.994560718536377, 6.180379390716553, 6.260565280914307, 6.6277756690979, 6.470044136047363, 5.665044784545898, 6.495909214019775, 6.289338111877441, 6.4979658126831055, 6.304141044616699, 5.993973731994629, 6.223043918609619, 6.277632713317871, 6.613292217254639, 6.574197292327881, 6.271691799163818, 6.249916076660156, 5.5313029289245605, 6.29435396194458, 6.155328750610352, 5.902963638305664, 5.575217247009277, 6.277463436126709, 6.628305435180664, 5.793021202087402, 6.181191444396973, 5.968886852264404, 6.467114448547363, 5.911766052246094, 6.1395721435546875, 6.682175636291504, 6.041942119598389, 6.287661075592041, 6.372810363769531, 5.661508083343506, 6.084747791290283, 6.128599166870117, 6.029797554016113, 6.1142377853393555, 6.326693058013916, 5.868882656097412, 5.926023483276367, 6.005105018615723, 5.681792259216309, 6.227997779846191, 6.307460784912109, 5.835246562957764, 4.750621318817139, 5.924490451812744, 6.007364273071289, 6.415258407592773, 5.428067207336426, 6.056018352508545, 6.105280876159668, 6.033980369567871, 5.7353315353393555, 5.845200538635254, 6.117396831512451, 6.1989946365356445, 5.987517356872559, 6.041637420654297, 6.210879802703857, 5.805787086486816, 5.795569896697998, 5.565682411193848, 5.622813701629639, 5.4626054763793945, 6.0675201416015625, 6.18592643737793, 5.689809799194336, 5.835258960723877, 6.260072231292725, 6.158352375030518, 6.202854633331299, 6.100208282470703, 6.245129585266113, 6.018826007843018, 5.10051965713501, 5.505692005157471, 5.779669284820557, 5.128144264221191, 5.620480537414551, 6.045604705810547, 5.675556182861328, 5.1695780754089355, 4.848242282867432, 6.00747013092041, 5.653741359710693, 4.866207122802734, 6.240514278411865, 6.055567264556885, 5.854391574859619, 6.006130218505859, 5.85869026184082, 6.076597213745117, 5.99837589263916, 5.35886812210083, 5.380939483642578, 6.411185264587402, 5.783101558685303, 5.7504096031188965, 4.0997490882873535, 5.932541847229004, 6.282222747802734, 5.730618000030518, 5.91275691986084, 5.8859052658081055, 5.568828582763672, 5.622137069702148, 6.120981693267822, 4.363004684448242, 5.829853534698486, 5.718917369842529, 6.32467794418335, 5.215625762939453, 5.5471625328063965, 5.704779148101807, 5.501173973083496, 4.855236053466797, 5.836151599884033, 5.640458583831787, 5.41921329498291, 5.945688724517822, 6.15470552444458, 5.926773548126221, 5.6559529304504395, 5.317196846008301, 6.04799747467041, 5.723961353302002, 5.9508256912231445, 5.751997470855713, 5.184536933898926, 5.267996311187744, 6.063085079193115, 5.48521089553833, 5.900547027587891, 5.383946895599365, 5.636213302612305, 5.568716526031494, 5.999617576599121, 6.123349189758301, 5.864454746246338, 5.534121513366699, 5.65128231048584, 6.076807498931885, 5.580542087554932, 5.342740535736084, 5.785506248474121, 5.586592197418213, 5.58050537109375, 5.49795389175415, 4.784942626953125, 5.552756309509277, 5.871562480926514, 5.638335227966309, 5.854211807250977, 4.915557861328125, 5.728292942047119, 4.519831657409668, 5.640214920043945, 5.324176788330078, 5.441874027252197, 5.642996311187744, 6.591261386871338, 4.106481552124023, 5.553507328033447, 5.789838790893555, 5.1462507247924805, 5.271110534667969, 5.683560848236084, 4.767534255981445, 5.487248420715332, 5.592352867126465, 5.49833869934082, 5.3260602951049805, 4.856118679046631, 5.507904529571533, 4.67244815826416, 5.301941871643066, 5.715243339538574, 5.040358066558838, 5.576577186584473, 5.188232421875, 5.4847517013549805, 4.894964694976807, 4.6903252601623535, 4.94389533996582, 5.547102928161621, 4.260490417480469, 5.5633978843688965, 5.252262115478516, 5.635520935058594, 6.04028844833374, 5.6815056800842285, 5.4983625411987305, 5.416634559631348, 5.816834449768066, 5.380688190460205, 6.310232162475586, 5.72659969329834, 5.440481662750244, 5.581575870513916, 5.510218620300293, 5.716238498687744, 6.175047874450684, 5.611140727996826, 5.103792667388916, 5.254158973693848, 5.4217376708984375, 4.8007941246032715, 4.188859462738037, 5.423228740692139, 4.117895603179932, 4.544167518615723, 5.3401689529418945, 5.181922435760498, 5.479089736938477, 5.033674716949463, 5.267023086547852, 4.05900239944458, 5.042057514190674, 5.34534215927124, 4.976850509643555, 5.384488105773926, 4.870633125305176, 6.594908237457275, 3.989269733428955, 5.583359718322754, 5.780850887298584, 4.192591190338135, 4.894218921661377, 4.783308029174805, 5.296986103057861, 4.915547847747803, 5.133123397827148, 5.938414573669434, 4.884086608886719, 5.398571491241455, 5.139853477478027, 4.747248649597168, 3.0022125244140625, 3.167220115661621, 5.023677825927734, 5.825135231018066, 5.705587387084961, 6.331920146942139, 5.098206043243408, 5.327275276184082, 5.422175407409668, 4.730238437652588, 5.341292381286621, 5.610591411590576, 5.750646114349365, 6.166897773742676, 5.647006988525391, 4.6711273193359375, 5.305495262145996, 5.216665744781494, 5.366333961486816, 4.962331771850586, 4.714361667633057, 3.0989973545074463, 5.578134536743164, 4.698405742645264, 5.296988487243652, 4.994126796722412, 5.196640491485596, 5.458684921264648, 4.0866570472717285, 5.004450798034668, 5.796746730804443, 5.200054168701172, 4.896430969238281, 5.363091468811035, 5.230337619781494, 4.770737648010254, 5.279867649078369, 5.680777549743652, 3.083700656890869, 5.472368240356445, 5.0252861976623535, 5.328276634216309, 5.7126054763793945, 6.64187479019165, 6.167971611022949, 6.032811164855957, 5.625004768371582, 4.052703857421875, 5.971718788146973, 4.132098197937012, 5.459525108337402, 4.027507781982422, 3.542012929916382, 4.855706214904785, 5.092841148376465, 2.5191891193389893, 2.969137668609619, 4.895420551300049, 4.015758514404297, 5.25376033782959, 5.426028251647949, 6.077143669128418, 4.676646709442139, 4.554149627685547, 5.188572406768799, 5.143643856048584, 4.315803050994873, 5.3580121994018555, 4.685133934020996, 5.049178123474121, 7.06809663772583, 4.528661727905273, 5.5477094650268555, 4.782359600067139, 3.6026434898376465, 5.448337554931641, 5.723060131072998, 5.864307880401611, 4.848933219909668, 5.505035400390625, 5.738969802856445, 5.683379650115967, 4.6713361740112305, 5.5583367347717285, 4.224946022033691, 5.326420783996582, 5.647769927978516, 4.214052677154541, 5.251387596130371, 5.759353160858154, 5.199370384216309, 2.475749969482422, 5.886988162994385, 5.492372512817383, 5.797124862670898, 4.817383766174316, 4.864371299743652, 4.033329486846924, 5.652221202850342, 4.760205268859863, 4.360867977142334, 5.135618209838867, 4.495001316070557, 5.209028244018555, 5.006743431091309, 5.673491477966309, 5.359225273132324, 5.519562721252441, 4.974696159362793, 4.359247207641602, 3.0729196071624756, 4.901830196380615, 5.068964958190918, 5.559889793395996, 5.165436744689941, 4.253334045410156, 5.931989669799805, 4.585221767425537, 4.289693355560303, 4.072633266448975, 4.561740875244141, 4.8074727058410645, 4.286813259124756, 4.930137634277344, 3.7684082984924316, 5.346864223480225, 5.210418701171875, 5.127573490142822, 5.179180145263672, 5.687426567077637, 4.622551918029785, 5.005055904388428, 