{"aucroc": 0.6760906250000001, "aucpr": 0.19258206774182351, "dataset": "02_annthyroid", "method": "hard", "test_ratio": 0.07407407407407407, "train_ratio": 0.07407407407407407, "labeled_anomalies": 1.0, "loe_loss": [8.07584285736084, 10.31772518157959, 9.545429229736328, 8.80961799621582, 7.549757957458496, 5.7094573974609375, 7.713410377502441, 7.382182598114014, 6.871784210205078, 7.344112396240234, 6.982163429260254, 6.519957542419434, 6.388983726501465, 6.280553817749023, 5.558610916137695, 4.931849956512451, 6.028721332550049, 6.315567493438721, 5.3554229736328125, 5.79764986038208, 2.663517475128174, 5.751110553741455, 6.249242782592773, 3.361846685409546, 0.473355770111084, 5.6385498046875, 5.649380683898926, 6.044055461883545, 6.071496963500977, 5.355763912200928, 2.543806552886963, 4.009641170501709, 4.417179584503174, 5.286838531494141, 4.618612289428711, 4.875885963439941, 5.796187400817871, 2.83852481842041, 2.638259172439575, 5.183505535125732, -1.307937741279602], "n_epochs": 40}