{"aucroc": 0.6894468749999999, "aucpr": 0.20243385814337853, "dataset": "02_annthyroid", "method": "hard", "test_ratio": 0.07407407407407407, "train_ratio": 0.07407407407407407, "labeled_anomalies": 1.0, "loe_loss": [7.484002590179443, 7.4404191970825195, 7.204048156738281, 7.297272205352783, 5.95292329788208, 6.927692890167236, 4.528680801391602, 3.780783176422119, 5.0064697265625, 6.23668098449707, 2.031369686126709, 5.185127258300781, 4.73440408706665, 6.137767791748047, 6.029179096221924, 5.653898239135742, 5.911872863769531, 4.947803497314453, 3.8691000938415527, 5.729069709777832, 5.8311076164245605, 5.8652119636535645, 3.4630658626556396, 5.598160266876221, 5.233290672302246, 4.073766231536865, 3.2452609539031982, 4.160544395446777, 5.719422340393066, 5.424228191375732, 4.533849716186523, 4.020090579986572, 5.762879848480225, 3.28098726272583, 4.835947036743164, 5.639350891113281, 3.6461899280548096, 5.206522464752197, 5.049493312835693, 5.276888370513916, 4.9137725830078125, 3.6552720069885254, 5.014832496643066, 5.366718769073486, 2.7174317836761475, 5.583762168884277, 4.6345014572143555, 5.175139904022217, 5.383038520812988, 5.022760391235352, 5.103250026702881, 5.230662822723389, 5.0559587478637695, 4.844587326049805, 4.435340404510498, 5.313572883605957, 5.304410457611084, 4.7380571365356445, 4.598643779754639, 3.3711352348327637, 4.962757110595703, 3.0444769859313965, 5.187124252319336, 5.367308139801025, 4.998295783996582, 5.347504615783691, 5.104337215423584, 4.6045989990234375, 4.736227512359619, 4.030879974365234, 3.846364974975586, 4.892939567565918, 4.767374038696289, 5.115999698638916, 3.990454912185669, 4.696106433868408, 4.105797290802002, 0.841163694858551, 5.037479877471924, 1.817010521888733, 1.0186784267425537, 4.863035678863525, 5.026035308837891, 5.049096584320068, 3.059664726257324, 0.41713666915893555, 3.3527045249938965, 3.7395739555358887, 5.061734199523926, 5.455899715423584, 4.113921165466309, 4.592573165893555, 5.324037551879883, 2.2234272956848145, 4.915460109710693, 4.878960609436035, 1.6123950481414795, 4.631412506103516, 4.6401448249816895, 2.7762765884399414, 5.370336532592773, 5.088916778564453, 5.082633972167969, 4.972460746765137, 5.43306827545166, 4.715429782867432, 4.883073806762695, 4.677373886108398, 3.174561023712158, 4.512437343597412, 2.4057536125183105, 4.836128234863281, 2.099669933319092, 5.02128267288208, 4.978124618530273, 4.493743896484375, 4.030839920043945, 5.314334392547607, 3.99619722366333, 4.417624473571777, 4.674054145812988, 4.817827224731445, 3.742053985595703, 4.95236873626709, 4.263106346130371, 2.2649331092834473, 4.403629779815674, 4.566160678863525, 5.324319362640381, 4.510975360870361, 4.678839683532715, 4.404041767120361, 4.721355438232422, 2.628976345062256, 4.237049102783203, 4.079721450805664, 4.4184370040893555, 4.873011589050293, 4.873875617980957, 3.815946340560913, -0.44170987606048584], "n_epochs": 140}