{"aucroc": 0.6547614583333333, "aucpr": 0.19244108869914536, "dataset": "02_annthyroid", "method": "blind", "test_ratio": 0.07407407407407407, "train_ratio": 0.07407407407407407, "labeled_anomalies": 1.0, "loe_loss": [12.301466941833496, 11.55174446105957, 15.700162887573242, 10.706607818603516, 12.350723266601562, 9.701333045959473, 9.610334396362305, 10.24783706665039, 9.940208435058594, 9.697547912597656, 9.498594284057617, 12.518708229064941, 9.753952980041504, 9.351785659790039, 10.878334045410156, 9.986845016479492, 11.033803939819336, 9.293266296386719, 8.716361999511719, 11.20594596862793, 9.060290336608887, 9.94858169555664, 9.521868705749512, 8.67608642578125, 8.658147811889648, 8.63182258605957, 8.44249153137207, 9.520550727844238, 9.138628005981445, 9.548541069030762, 9.711793899536133, 8.909894943237305, 8.58035659790039, 7.703668594360352, 9.651813507080078, 8.808854103088379, 8.449102401733398, 8.998896598815918, 8.565462112426758, 11.340301513671875, 8.110669136047363, 9.034411430358887, 9.371973037719727, 8.329009056091309, 8.126688957214355, 10.1069974899292, 13.165846824645996, 10.33750057220459, 8.927207946777344, 10.22098159790039, 8.577614784240723, 8.982568740844727, 8.524747848510742, 10.900415420532227, 8.561573028564453, 8.267162322998047, 8.957026481628418, 8.299205780029297, 8.758843421936035, 8.28316879272461, 8.407188415527344, 8.68780517578125, 9.474766731262207, 11.540352821350098, 9.737678527832031, 9.066481590270996, 8.615399360656738, 8.515161514282227, 9.774049758911133, 8.513275146484375, 8.079233169555664, 8.42813491821289, 8.586339950561523, 7.856372356414795, 8.597609519958496, 8.368060111999512, 8.481600761413574, 7.820436000823975, 9.43323802947998, 8.901997566223145, 9.566516876220703, 8.538687705993652, 8.588139533996582, 8.897486686706543, 9.119877815246582, 8.187300682067871, 9.704170227050781, 8.748936653137207, 9.942279815673828, 8.183514595031738, 7.94152307510376, 8.445595741271973, 8.411762237548828, 7.815710544586182, 9.408573150634766, 8.27739143371582, 9.496970176696777, 9.6255464553833, 8.940201759338379, 8.113821029663086, 9.82586669921875, 8.236995697021484, 8.089000701904297, 8.509050369262695, 8.379985809326172, 7.780776500701904, 8.460675239562988, 8.982072830200195, 8.635086059570312, 7.884082794189453, 8.21596908569336, 8.377798080444336, 8.197535514831543, 8.019780158996582, 8.787970542907715, 8.559098243713379, 9.063288688659668, 8.120561599731445, 9.387810707092285, 8.71253776550293, 8.26401138305664, 8.075112342834473, 8.095256805419922, 7.967674255371094, 8.36987018585205, 9.764822006225586, 9.622072219848633, 7.990191459655762, 10.595598220825195, 8.266708374023438, 8.006274223327637, 8.741791725158691, 12.118699073791504, 9.626995086669922, 9.354909896850586, 10.971405029296875, 8.2781343460083, 8.69677734375, 9.560604095458984, 8.322054862976074, 9.212121963500977, 8.676078796386719, 8.463143348693848, 8.139205932617188, 7.606560707092285, 7.822774887084961, 7.88155460357666, 10.718320846557617, 7.730630397796631, 12.091719627380371, 8.217440605163574, 8.040151596069336, 8.31690788269043, 9.351497650146484, 8.053947448730469, 8.536925315856934, 7.782034397125244, 9.772466659545898, 8.113455772399902, 10.227518081665039, 8.431499481201172, 8.21481704711914, 8.624346733093262, 9.709129333496094, 7.915153980255127, 8.177666664123535, 9.388771057128906, 8.075024604797363, 7.985663414001465, 8.605710983276367, 7.898454189300537, 9.690529823303223, 8.181607246398926, 9.507905960083008, 7.562320709228516, 8.798025131225586, 7.829536437988281, 8.256572723388672, 9.069664001464844, 8.413775444030762, 8.689996719360352, 9.422287940979004, 8.24173641204834, 7.697925567626953, 8.556560516357422, 7.674208164215088, 8.357149124145508, 7.836232662200928, 7.69743537902832, 9.523988723754883, 8.026389122009277, 8.19831371307373, 7.518401145935059, 8.606877326965332, 9.249785423278809, 7.813344955444336, 7.907544136047363, 8.239038467407227, 9.436820983886719, 8.271540641784668, 9.591251373291016, 9.370074272155762, 9.009147644042969, 8.197307586669922, 8.918658256530762, 7.679079055786133, 8.015933990478516, 7.864185810089111, 8.953075408935547, 7.721123218536377, 11.388607025146484, 8.562284469604492, 8.294197082519531, 7.955479145050049, 7.930009365081787, 7.765112400054932, 8.160475730895996, 8.076834678649902, 8.776946067810059, 7.579005241394043, 8.050057411193848, 8.45427131652832, 8.1796875, 9.436071395874023, 7.845139503479004, 10.619919776916504, 7.551015377044678, 7.576721668243408, 7.9945454597473145, 9.174753189086914, 8.23874282836914, 8.086751937866211, 7.718118667602539, 7.840093612670898, 8.38233470916748, 7.636912822723389, 8.138726234436035, 8.177308082580566, 8.256956100463867, 8.014607429504395, 7.571792125701904, 9.788604736328125, 9.425597190856934, 8.366750717163086, 7.916519641876221, 7.7667412757873535, 9.448515892028809, 8.125017166137695, 10.199103355407715, 8.418712615966797, 7.915050983428955, 7.7933125495910645, 7.791217803955078, 8.240802764892578, 10.256771087646484, 9.305578231811523, 8.536508560180664, 8.254793167114258, 9.712172508239746, 8.137395858764648, 8.145807266235352, 7.820907115936279, 11.20809555053711, 7.440053939819336, 10.087119102478027, 7.7621870040893555, 7.857532501220703, 7.874913692474365, 7.6112165451049805, 9.16927719116211, 7.771724700927734, 7.917433261871338, 7.959527969360352, 12.23072624206543, 8.14542293548584, 9.398590087890625, 8.233503341674805, 7.396635055541992, 8.77861213684082, 8.031403541564941, 7.902517318725586, 8.176175117492676, 8.069291114807129, 8.24327564239502, 7.556861877441406, 9.324636459350586, 7.613264083862305, 8.169079780578613, 7.814101219177246, 8.192745208740234, 8.496525764465332, 9.14509105682373, 7.62541389465332, 9.828652381896973, 8.02762508392334, 7.67048978805542, 8.21801471710205, 8.029825210571289, 8.474088668823242, 8.146249771118164, 8.24285888671875, 8.482610702514648, 7.693147659301758, 7.25941276550293, 8.262128829956055, 7.908156394958496, 8.345224380493164, 7.934744834899902, 8.324588775634766, 7.461122989654541, 9.556093215942383, 7.875939846038818, 8.240795135498047, 8.204010009765625, 11.04642391204834, 8.3875150680542, 7.7902913093566895, 10.636359214782715, 11.12104606628418, 8.383844375610352, 7.992881774902344, 11.822425842285156, 10.564675331115723, 7.828042507171631, 7.503253936767578, 7.54738187789917, 7.880799770355225, 8.09822940826416, 8.234787940979004, 8.034065246582031, 7.8615312576293945, 8.102972030639648, 8.90252685546875, 7.709761142730713, 9.051283836364746, 7.658299446105957, 7.899951457977295, 7.871954917907715, 9.345647811889648, 7.460451126098633, 7.526917457580566, 7.655996322631836, 8.670653343200684, 7.905472278594971, 8.209831237792969, 9.324647903442383, 7.644310474395752, 7.725398063659668, 7.857125759124756, 8.82795238494873, 8.151288986206055, 9.389823913574219, 9.92199993133545, 8.009900093078613, 9.072372436523438, 8.298956871032715, 7.569285869598389, 7.824516773223877, 7.920447826385498, 8.371953010559082, 8.670713424682617, 7.9493303298950195, 9.733211517333984, 8.561653137207031, 7.749143600463867, 8.385451316833496, 7.569308280944824, 8.224156379699707, 8.768799781799316, 7.314242839813232, 7.281259536743164, 8.029855728149414, 9.509417533874512, 7.507699966430664, 8.821167945861816, 7.840415954589844, 8.130865097045898, 9.340001106262207, 7.987325668334961, 7.726806640625, 7.905744552612305, 7.748979568481445, 9.319504737854004, 7.635749816894531, 9.600396156311035, 7.750302791595459, 9.19379711151123, 7.834841251373291, 7.7475080490112305, 7.57652473449707, 13.26994514465332, 10.314114570617676, 7.432055950164795, 7.7774810791015625, 9.518415451049805, 7.997547626495361, 9.724271774291992, 7.895113468170166, 8.326154708862305, 9.351369857788086, 7.4124956130981445, 8.772154808044434, 7.900400638580322, 9.274749755859375, 7.598116874694824, 7.750143051147461, 9.50156307220459, 8.208806991577148, 8.239917755126953, 9.320650100708008, 7.816282272338867, 