{"aucroc": 0.7823096539862825, "aucpr": 0.27688545362712524, "dataset": "03_backdoor", "method": "soft", "test_ratio": 0.023666666666666666, "train_ratio": 0.023666666666666666, "labeled_anomalies": 1.0, "loe_loss": [272.9476623535156, 254.73876953125, 253.55612182617188, 242.17453002929688, 252.2753143310547, 247.38064575195312, 255.9888153076172, 236.87994384765625, 235.17958068847656, 240.53799438476562, 236.90118408203125, 233.81436157226562, 253.15200805664062, 245.93426513671875, 247.5934600830078, 246.85525512695312, 234.25439453125, 233.47872924804688, 248.51846313476562, 229.1230010986328, 230.78614807128906, 228.31346130371094, 230.9312744140625, 236.8240966796875, 225.57200622558594, 231.41929626464844, 230.97987365722656, 217.24234008789062, 229.1537628173828, 204.97341918945312, 224.19549560546875, 223.62559509277344, 222.45616149902344, 220.2817840576172, 225.15248107910156, 213.9693145751953, 214.60369873046875, 211.63632202148438, 193.05648803710938, 204.37741088867188, 204.52236938476562, 203.3340301513672, 195.36268615722656, 197.32571411132812, 200.10806274414062, 198.61268615722656, 203.9367218017578, 190.81771850585938, 186.86038208007812, 191.38589477539062, 192.4543914794922, 188.69097900390625, 179.53335571289062, 196.08343505859375, 196.19749450683594, 195.54458618164062, 191.24005126953125, 188.55014038085938, 194.25790405273438, 192.70086669921875, 188.9338836669922, 186.1009063720703, 185.3046112060547, 181.13314819335938, 190.8836669921875, 188.33782958984375, 173.6951141357422, 181.7585906982422, 178.12168884277344, 181.18209838867188, 172.8237762451172, 167.85626220703125, 169.13250732421875, 163.3340301513672, 181.7937469482422, 168.96884155273438, 170.83990478515625, 184.80978393554688, 169.69122314453125, 177.77545166015625, 171.56956481933594, 167.5070037841797, 168.53529357910156, 178.98388671875, 178.70455932617188, 172.31646728515625, 162.78843688964844, 162.70162963867188, 158.56700134277344, 153.23635864257812, 170.65902709960938, 147.61988830566406, 171.86692810058594, 145.54788208007812, 167.70394897460938, 170.55816650390625, 174.58335876464844, 171.668212890625, 161.41958618164062, 171.77569580078125, 161.41232299804688, 148.193603515625, 157.8448028564453, 160.49362182617188, 148.94534301757812, 156.67185974121094, 170.16265869140625, 141.643798828125, 143.0830078125, 137.86187744140625, 161.16549682617188, 146.338134765625, 165.14418029785156, 155.32412719726562, 167.9730987548828, 138.11875915527344, 145.711669921875, 144.77996826171875, 147.76388549804688, 161.20928955078125, 152.80271911621094, 148.64324951171875, 165.37530517578125, 156.51791381835938, 148.8297119140625, 156.4216766357422, 163.35610961914062, 164.3650360107422, 158.02976989746094, 159.46539306640625, 156.78085327148438, 125.22491455078125, 139.77618408203125, 148.9115447998047, 130.63784790039062, 150.69296264648438, 137.59803771972656, 160.78135681152344, 140.45260620117188, 152.18946838378906, 149.10386657714844, 141.7267303466797, 136.2747802734375, 142.14402770996094, 139.0810546875, 130.4420928955078, 149.97528076171875, 152.7130584716797, 125.89508056640625, 146.44577026367188, 140.1727294921875, 130.48658752441406, 145.723388671875, 128.14694213867188, 130.29759216308594, 132.62603759765625, 140.8898468017578, 145.31259155273438, 119.76620483398438, 144.91737365722656, 120.47338104248047, 115.43643188476562, 117.70886993408203, 124.90708923339844, 124.71992492675781, 121.79911041259766, 133.8867645263672, 128.20440673828125, 141.28689575195312, 137.23257446289062, 117.73054504394531, 131.07872009277344, 139.91978454589844, 126.58294677734375, 112.0995864868164, 126.58779907226562, 114.49774169921875, 140.5620574951172, 132.18812561035156, 109.95718383789062, 114.97309875488281, 139.3673858642578, 127.42154693603516, 122.69815063476562, 136.89944458007812, 121.77452087402344, 81.98636627197266, 88.50641632080078, 120.72293090820312, 125.9315185546875, 124.7821044921875, 126.54437255859375, 122.47271728515625, 104.77731323242188, 102.6077880859375, 119.31251525878906, 121.9532470703125, 102.42565155029297, 115.05552673339844, 91.200927734375, 99.9640121459961, 126.15327453613281, 109.18495178222656, 101.03895568847656, 116.95402526855469, 112.58038330078125, 114.04313659667969, 75.92189025878906, 97.54365539550781, 116.2100830078125, 109.44368743896484, 93.81587219238281, 77.19351196289062, 96.51404571533203, 88.80996704101562, 101.92703247070312, 117.73273468017578, 117.05914306640625, 56.613311767578125, 112.68313598632812, 116.37218475341797, 97.81257629394531, 93.04522705078125, 98.94464111328125, 112.60233306884766, 110.99031066894531, 80.11481475830078, 118.39873504638672, 67.83912658691406, 99.8606948852539, 77.23678588867188, 70.51996612548828, 64.78614044189453, 110.89099884033203, 84.2578125, 86.34851837158203, 91.63745880126953, 60.65287780761719, 73.65067291259766, 101.99475860595703, 109.42402648925781, 89.1626205444336, 102.78726196289062, 98.37501525878906, 113.43832397460938, 111.40727996826172, 100.29199981689453, 95.85816955566406, 75.44841766357422, 97.68880462646484, 59.66144561767578, 91.66169738769531, 97.30879211425781, 55.769744873046875, 99.45323944091797, 85.41438293457031, 106.16747283935547, 121.4946060180664, 93.76385498046875, 103.95415496826172, 71.1712646484375, 111.0247802734375, 83.8243637084961, 83.48214721679688, 82.39867401123047, 106.41770935058594, 103.94215393066406, 90.9613265991211, 94.74608612060547, 100.6944580078125, 110.34152221679688, 95.35517120361328, 98.39444732666016, 94.50762939453125, 43.4662971496582, 94.21412658691406, 43.68873596191406, 47.306358337402344, 102.5723876953125, 97.5359115600586, 108.08304595947266, 105.03484344482422, 78.76517486572266, 97.64765930175781, 111.4704818725586, 86.50894165039062, 89.99554443359375, 95.24164581298828, 91.14804077148438, 87.63969421386719, 88.8289794921875, 99.46438598632812, 131.4727783203125, 90.05384826660156, 74.74954986572266, 129.935302734375, 120.85733032226562, 83.35916900634766, 102.7193603515625, 71.80958557128906, 104.36564636230469, 119.7691879272461, 61.082611083984375, 104.2564697265625, 110.76920318603516, 85.77687072753906, 125.18711853027344, 92.52207946777344, 92.93916320800781, 93.31013488769531, 106.15939331054688, 93.3388671875, 99.29742431640625, 106.00564575195312, 119.92558288574219, 108.10968780517578, 98.24012756347656, 74.3299560546875, 73.5006332397461, 75.84341430664062, 117.0966796875, 83.46409606933594, 111.47364807128906, 98.26666259765625, 103.23141479492188, 68.92274475097656, 91.19306945800781, 105.10548400878906, 108.23027801513672, 95.23631286621094, 128.69334411621094, 80.71435546875, 75.98548889160156, 118.79856872558594, 80.52428436279297, 108.06936645507812, 97.15673828125, 94.43260192871094, 111.26304626464844, 92.2845687866211, 112.65740203857422, 112.51347351074219, 83.74064636230469, 100.5951919555664, 92.36436462402344, 104.67163848876953, 91.12576293945312, 99.20704650878906, 87.75997924804688, 95.30473327636719, 80.55777740478516, 81.22077941894531, 80.56504821777344, 115.07866668701172, 92.91822814941406, 110.25768280029297, 84.0333480834961, 103.35954284667969, 55.736236572265625, 60.7855224609375, 92.89636993408203, 103.26829528808594, 75.83333587646484, 105.21528625488281, 105.44398498535156, 98.46788787841797, 57.3349609375, 105.91938781738281, 86.80904388427734, 88.80211639404297, 106.35822296142578, 100.09783172607422, 94.65564727783203, 79.89749908447266, 102.49053192138672, 83.73052978515625, 103.3509521484375, 70.74176025390625, 78.17696380615234, 78.3107681274414, 82.22007751464844, 62.18788528442383, 88.41849517822266, 93.67908477783203, 50.02055358886719, 88.10186767578125, 76.21550750732422, 52.5101318359375, 77.93756103515625, 51.677879333496094, 78.85906982421875, 98.61091613769531, 70.26043701171875, 72.15425109863281, 53.748374938964844, 61.17884826660156, 98.13607025146484, 53.14301300048828, 80.56016540527344, 93.53404235839844, 85.31076049804688, 