{"aucroc": 0.8265683780617011, "aucpr": 0.2862185097301803, "dataset": "03_backdoor", "method": "blind", "test_ratio": 0.023666666666666666, "train_ratio": 0.023666666666666666, "labeled_anomalies": 1.0, "loe_loss": [294.25390625, 335.1578369140625, 294.54583740234375, 376.0699157714844, 299.89874267578125, 313.7967529296875, 281.4297790527344, 390.62396240234375, 352.952392578125, 324.47454833984375, 346.39996337890625, 348.21905517578125, 269.7785949707031, 286.0287780761719, 280.02105712890625, 262.684814453125, 295.48968505859375, 301.169921875, 286.46063232421875, 290.45672607421875, 299.0145568847656, 335.71295166015625, 297.89422607421875, 256.96783447265625, 285.2028503417969, 250.01449584960938, 301.1991271972656, 314.47735595703125, 246.77523803710938, 321.4159240722656, 264.3174133300781, 264.28717041015625, 299.3630065917969, 242.16009521484375, 275.7917785644531, 302.398193359375, 241.90933227539062, 250.15550231933594, 347.6667175292969, 260.19921875, 328.62591552734375, 243.93406677246094, 278.1556396484375, 263.3002014160156, 259.8938903808594, 263.2984313964844, 245.4412384033203, 293.178955078125, 284.5697937011719, 259.27593994140625, 260.063232421875, 228.9261474609375, 303.06549072265625, 219.3304443359375, 218.46006774902344, 230.57275390625, 215.36851501464844, 256.6507263183594, 222.5192413330078, 249.60137939453125, 238.3688201904297, 219.43609619140625, 227.1410369873047, 336.7540283203125, 212.81295776367188, 233.075927734375, 257.1408386230469, 246.74151611328125, 245.77139282226562, 261.2940979003906, 264.1690673828125, 257.03656005859375, 320.8588562011719, 277.0646057128906, 210.26913452148438, 289.9479064941406, 238.43145751953125, 217.41485595703125, 240.0768280029297, 210.17129516601562, 249.0503692626953, 291.749267578125, 308.0689392089844, 211.50201416015625, 211.4562225341797, 197.92974853515625, 255.20668029785156, 323.3352966308594, 252.17459106445312, 269.1353759765625, 198.4030303955078, 307.286376953125, 207.29632568359375, 285.14935302734375, 221.42703247070312, 199.2272491455078, 206.12351989746094, 206.5982666015625, 213.25025939941406, 197.5052032470703, 242.65281677246094, 292.91424560546875, 254.46710205078125, 240.988525390625, 307.33935546875, 272.1395263671875, 221.79885864257812, 264.9657287597656, 274.908203125, 310.4182434082031, 197.39134216308594, 270.1010437011719, 197.60885620117188, 239.947021484375, 195.9789581298828, 264.6905822753906, 271.7052001953125, 236.01344299316406, 251.080810546875, 194.82827758789062, 231.53533935546875, 228.53684997558594, 198.15560913085938, 234.85675048828125, 252.64002990722656, 235.93077087402344, 198.92027282714844, 200.60479736328125, 198.8389892578125, 191.452880859375, 220.0551300048828, 307.5520935058594, 250.35733032226562, 281.6833190917969, 287.87066650390625, 205.77871704101562, 249.03988647460938, 203.19541931152344, 240.0697784423828, 188.70651245117188, 347.3220520019531, 225.08935546875, 237.6566619873047, 232.33035278320312, 232.79112243652344, 285.9023742675781, 193.59951782226562, 191.34866333007812, 269.5390930175781, 183.13418579101562, 242.0025177001953, 234.29393005371094, 184.91827392578125, 262.666748046875, 258.9641418457031, 277.57806396484375, 179.76893615722656, 188.80931091308594, 240.9035186767578, 180.71258544921875, 236.52792358398438, 273.5812072753906, 310.52435302734375, 222.20394897460938, 243.8592529296875, 220.10580444335938, 233.14183044433594, 235.66921997070312, 194.24349975585938, 189.12628173828125, 230.49227905273438, 199.2638702392578, 201.44314575195312, 212.21926879882812, 298.1175842285156, 194.36611938476562, 242.1307830810547, 187.81826782226562, 202.29269409179688, 239.6157989501953, 225.6148223876953, 216.10067749023438, 204.66262817382812, 192.1852264404297, 196.49423217773438, 202.91746520996094, 289.98333740234375, 313.56182861328125, 180.47743225097656, 169.60391235351562, 170.75938415527344, 169.07730102539062, 170.72610473632812, 234.32281494140625, 258.3577880859375, 233.6762237548828, 163.71835327148438, 243.66470336914062, 222.5459442138672, 273.08184814453125, 264.4751892089844, 183.8446502685547, 170.79949951171875, 232.655517578125, 176.1263427734375, 253.97177124023438, 223.03536987304688, 289.87078857421875, 253.27294921875, 164.5203399658203, 221.87899780273438, 239.53599548339844, 290.6465759277344, 211.24510192871094, 270.6092224121094, 216.96774291992188, 171.514404296875, 195.63320922851562, 356.7867431640625, 161.9654541015625, 202.4874267578125, 227.52420043945312, 212.71340942382812, 220.2130584716797, 161.82200622558594, 160.1613311767578, 267.3984069824219, 168.69692993164062, 348.2684631347656, 220.11123657226562, 235.55490112304688, 260.3907775878906, 293.1146240234375, 213.444580078125, 220.4766082763672, 215.38516235351562, 210.88479614257812, 311.1977844238281, 242.26695251464844, 173.9442901611328, 169.7569122314453, 219.84579467773438, 183.61026000976562, 188.49957275390625, 193.93359375, 162.49505615234375, 221.59173583984375, 195.89691162109375, 265.1547546386719, 157.2083740234375, 272.3055419921875, 251.9285125732422, 227.0252685546875, 266.6982421875, 154.21705627441406, 242.0356903076172, 192.69915771484375, 163.7115478515625, 256.4220275878906, 153.38430786132812, 300.6507873535156, 160.61697387695312, 217.4799346923828, 210.31707763671875, 255.12771606445312, 172.7701873779297, 173.8395538330078, 212.0271453857422, 218.2006072998047, 192.3707275390625, 167.5621795654297, 221.9464874267578, 249.9492645263672, 250.74647521972656, 346.8398742675781, 227.85324096679688, 304.0347900390625, 345.52764892578125, 160.8040771484375, 168.09552001953125, 157.83607482910156, 188.6139373779297, 269.46136474609375, 192.48397827148438, 181.22451782226562, 221.99786376953125, 252.20359802246094, 232.8831329345703, 206.05653381347656, 248.624755859375, 280.45159912109375, 260.605224609375, 177.16461181640625, 211.88133239746094, 325.9835510253906, 160.18441772460938, 155.70082092285156, 306.9445495605469, 213.55526733398438, 260.9273681640625, 218.41897583007812, 154.2783203125, 263.0704345703125, 212.85447692871094, 183.83058166503906, 245.76809692382812, 172.3968505859375, 289.1234130859375, 241.42120361328125, 207.42221069335938, 224.29893493652344, 218.9676513671875, 214.1062774658203, 199.6419219970703, 164.7131805419922, 216.3990478515625, 229.05715942382812, 261.84136962890625, 290.4197692871094, 229.72267150878906, 163.3657684326172, 301.0396423339844, 180.02508544921875, 223.77125549316406, 227.8863983154297, 261.47088623046875, 214.1231231689453, 422.9063720703125, 220.16119384765625, 215.40554809570312, 177.49693298339844, 238.42950439453125, 251.76576232910156, 157.03659057617188, 220.1405029296875, 161.16021728515625, 236.60696411132812, 241.03457641601562, 178.8900909423828, 223.9682159423828, 172.8094940185547, 159.36007690429688, 250.1464385986328, 225.0952606201172, 238.4705352783203, 195.2292022705078, 220.14279174804688, 182.82749938964844, 212.17117309570312, 226.56295776367188, 234.6874237060547, 269.129150390625, 238.59613037109375, 171.1026153564453, 210.27456665039062, 161.7135772705078, 245.1495361328125, 182.28265380859375, 369.3867492675781, 313.28729248046875, 262.7250061035156, 159.70277404785156, 268.1283874511719, 161.44346618652344, 155.18971252441406, 161.5534210205078, 289.3707275390625, 164.27301025390625, 215.831298828125, 253.8660888671875, 160.39405822753906, 173.45550537109375, 146.38331604003906, 229.05116271972656, 154.50439453125, 212.70643615722656, 162.2353973388672, 232.7583465576172, 216.303955078125, 213.06463623046875, 212.28277587890625, 259.9442443847656, 175.36453247070312, 155.60227966308594, 256.4110107421875, 176.82415771484375, 246.8406982421875, 261.1836242675781, 201.67184448242188, 266.1269836425781, 214.47479248046875, 147.36471557617188, 265.34771728515625, 205.49102783203125, 264.43194580078125, 381.78936767578125, 181.8933868408203, 293.1037902832031, 228.82928466796875, 227.2845916748047, 208.7621612548828, 