{"aucroc": 0.7722980651634858, "aucpr": 0.2657263567109851, "dataset": "03_backdoor", "method": "hard", "test_ratio": 0.023666666666666666, "train_ratio": 0.023666666666666666, "labeled_anomalies": 1.0, "loe_loss": [202.8798370361328, 211.2950897216797, 203.81655883789062, 235.6849365234375, 253.0945281982422, 202.2978515625, 208.18704223632812, 247.45248413085938, 208.45339965820312, 208.21371459960938, 206.6225128173828, 212.4860382080078, 207.0666961669922, 206.56024169921875, 199.3550262451172, 222.16629028320312, 181.22860717773438, 209.1042938232422, 228.06643676757812, 175.3760986328125, 217.13137817382812, 143.00094604492188, 228.47962951660156, 152.18585205078125, 219.9693145751953, 186.60797119140625, 215.43899536132812, 178.57565307617188, 216.59716796875, 219.50634765625, 172.1995391845703, 138.38613891601562, 174.10400390625, 127.90133666992188, 155.61672973632812, 169.21945190429688, 195.56341552734375, 101.448974609375, 103.01154327392578, 149.111083984375, 136.93226623535156, 162.83958435058594, 103.48332214355469, 178.16458129882812, 193.6488800048828, 115.00740814208984, 116.63533020019531, 173.74818420410156, 137.51873779296875, 111.78593444824219, 142.07199096679688, 185.39100646972656, 183.34231567382812, 189.5116424560547, 117.88345336914062, 157.4541473388672, 175.1101837158203, 141.8720703125, 98.27640533447266, 166.22727966308594, 172.6262969970703, 67.7423095703125, 99.57437133789062, 139.00965881347656, 183.49313354492188, 89.45866394042969, 162.59048461914062, 154.29791259765625, 171.84986877441406, 132.1374969482422, 124.31387329101562, 115.21501922607422, 170.28895568847656, 169.64353942871094, 107.69283294677734, 126.55935668945312, 124.83843994140625, 121.25829315185547, 35.06977844238281, 132.0824432373047, 147.7621307373047, 76.93869018554688, 69.97787475585938, 138.56639099121094, 89.4891357421875, 154.55108642578125, 140.10874938964844, 91.20571899414062, 39.135406494140625, 94.688720703125, 119.29047393798828, 162.802490234375, 159.52993774414062, 99.94124603271484, 132.7017059326172, 137.75363159179688, 24.927576065063477, 159.74777221679688, 107.80403137207031, 95.32632446289062, 103.65384674072266, 151.16612243652344, 73.92501831054688, 98.52288818359375, 146.9705352783203, 120.41569519042969, 86.33432006835938, 56.570030212402344, 117.25260925292969, 18.621641159057617, 46.197296142578125, 94.16987609863281, 63.3280029296875, 61.360923767089844, 7.439289093017578, 139.96807861328125, 135.68836975097656, 106.208984375, 115.9025650024414, 148.4941864013672, 78.76913452148438, 58.787078857421875, 117.9310073852539, 60.99753189086914, 6.789052963256836, -10.778610229492188], "n_epochs": 125}