{"aucroc": 0.8265683780617011, "aucpr": 0.2862185097301803, "dataset": "03_backdoor", "method": "soft", "test_ratio": 0.023666666666666666, "train_ratio": 0.023666666666666666, "labeled_anomalies": 1.0, "loe_loss": [272.9476623535156, 254.7159423828125, 253.56016540527344, 242.155029296875, 252.27890014648438, 247.37181091308594, 255.7009735107422, 236.87474060058594, 235.5343017578125, 240.967041015625, 238.32345581054688, 235.0878448486328, 253.83351135253906, 246.39590454101562, 247.60897827148438, 246.81402587890625, 235.08779907226562, 235.17630004882812, 249.26048278808594, 231.13241577148438, 231.84136962890625, 230.12677001953125, 232.8905029296875, 239.07302856445312, 226.5690460205078, 233.4173126220703, 233.37696838378906, 216.64161682128906, 228.92384338378906, 206.93948364257812, 224.143798828125, 222.8779754638672, 224.33657836914062, 221.54559326171875, 226.56338500976562, 216.52511596679688, 218.90403747558594, 215.7691192626953, 199.09054565429688, 206.4013671875, 210.43585205078125, 207.82974243164062, 202.47584533691406, 202.20181274414062, 206.5201416015625, 204.69117736816406, 209.92214965820312, 195.54959106445312, 192.25527954101562, 197.98370361328125, 199.31796264648438, 196.9551544189453, 188.97821044921875, 204.7224884033203, 203.32574462890625, 202.84825134277344, 199.56808471679688, 196.6061248779297, 201.25250244140625, 200.78855895996094, 197.3193817138672, 194.9724578857422, 193.5968780517578, 189.48060607910156, 198.87393188476562, 196.821533203125, 184.03488159179688, 191.32516479492188, 188.85008239746094, 191.6990966796875, 184.00643920898438, 180.24884033203125, 181.309326171875, 176.45872497558594, 192.505126953125, 181.78555297851562, 183.5873260498047, 195.66571044921875, 182.6278839111328, 189.70286560058594, 184.11434936523438, 180.87083435058594, 181.96591186523438, 190.59234619140625, 191.41932678222656, 185.408203125, 178.43490600585938, 177.7103271484375, 174.6551055908203, 170.75491333007812, 184.5465850830078, 166.69677734375, 186.73025512695312, 165.320068359375, 182.85960388183594, 183.69290161132812, 187.56524658203125, 185.34764099121094, 177.2310333251953, 185.7207794189453, 177.92742919921875, 166.37477111816406, 174.28189086914062, 176.3780059814453, 167.78773498535156, 173.26483154296875, 184.33151245117188, 161.5914306640625, 162.83505249023438, 158.77684020996094, 177.53976440429688, 165.97698974609375, 180.65916442871094, 173.25836181640625, 182.87216186523438, 159.8093719482422, 165.47705078125, 165.22244262695312, 167.12612915039062, 178.51022338867188, 171.66793823242188, 168.20196533203125, 180.70460510253906, 173.76156616210938, 168.11151123046875, 174.17604064941406, 179.42796325683594, 180.1603240966797, 175.1786346435547, 176.48757934570312, 174.51510620117188, 150.55209350585938, 161.65806579589844, 168.89366149902344, 154.1183624267578, 169.677001953125, 159.8618927001953, 177.3921356201172, 162.15386962890625, 172.2786102294922, 168.3875274658203, 164.10031127929688, 160.3278350830078, 164.9959716796875, 162.43701171875, 156.85348510742188, 171.54090881347656, 173.1991424560547, 153.7626495361328, 168.67559814453125, 164.6901092529297, 157.96514892578125, 168.67068481445312, 155.7470703125, 157.74331665039062, 158.67910766601562, 165.01231384277344, 167.45513916015625, 149.96615600585938, 167.62001037597656, 150.14288330078125, 147.79859924316406, 147.994140625, 153.77618408203125, 154.01959228515625, 151.7667236328125, 160.98028564453125, 157.1570587158203, 165.92135620117188, 163.95777893066406, 150.22740173339844, 158.76934814453125, 164.9384002685547, 155.82122802734375, 146.15757751464844, 155.61508178710938, 148.25955200195312, 166.55914306640625, 159.20098876953125, 144.65069580078125, 148.1231689453125, 163.3513946533203, 157.0439910888672, 153.3441162109375, 163.26531982421875, 153.16957092285156, 126.04503631591797, 131.05563354492188, 151.6771240234375, 155.9916534423828, 155.13121032714844, 155.94711303710938, 152.62008666992188, 140.47389221191406, 139.547607421875, 150.80902099609375, 152.48789978027344, 139.77883911132812, 148.6186981201172, 132.5691375732422, 137.88934326171875, 155.06988525390625, 143.96051025390625, 139.197021484375, 150.52935791015625, 145.35244750976562, 146.53201293945312, 120.76080322265625, 137.16427612304688, 148.91424560546875, 144.20440673828125, 133.44468688964844, 121.79855346679688, 135.66763305664062, 130.62313842773438, 139.6820831298828, 151.424560546875, 150.9459228515625, 110.59060668945312, 148.5235595703125, 150.88656616210938, 139.38026428222656, 136.22337341308594, 141.41712951660156, 149.74777221679688, 148.10838317871094, 128.23728942871094, 151.93142700195312, 122.37915802001953, 143.61000061035156, 127.61690521240234, 123.24858856201172, 120.64814758300781, 149.08773803710938, 133.81838989257812, 133.8427276611328, 136.9674072265625, 119.97209167480469, 126.2696762084961, 143.4613800048828, 149.65045166015625, 137.55352783203125, 145.83984375, 141.95603942871094, 149.98793029785156, 149.437255859375, 143.25537109375, 139.64419555664062, 128.14878845214844, 142.0929718017578, 122.6121826171875, 137.24880981445312, 142.7888641357422, 118.35844421386719, 141.5457000732422, 132.3638916015625, 143.01002502441406, 149.38531494140625, 135.9256591796875, 142.35073852539062, 121.18333435058594, 144.73358154296875, 130.92831420898438, 130.34872436523438, 129.67779541015625, 143.12986755371094, 141.8238525390625, 133.5029754638672, 135.27996826171875, 139.8721466064453, 145.9501953125, 138.0963592529297, 135.29336547851562, 135.5701446533203, 108.13558959960938, 133.59120178222656, 108.8479995727539, 107.77958679199219, 140.83250427246094, 134.96817016601562, 140.029296875, 135.09158325195312, 123.65355682373047, 135.71307373046875, 141.94369506835938, 128.99197387695312, 128.13104248046875, 127.98847961425781, 128.47567749023438, 127.6555404663086, 123.8052978515625, 133.2390594482422, 147.77337646484375, 125.02468872070312, 114.4017333984375, 145.84808349609375, 142.92689514160156, 124.51176452636719, 133.79319763183594, 115.4922866821289, 134.85818481445312, 143.20762634277344, 113.35504150390625, 133.44590759277344, 138.1739044189453, 124.48292541503906, 146.28131103515625, 129.3321075439453, 131.04989624023438, 128.17855834960938, 135.12960815429688, 133.67005920410156, 134.8657989501953, 137.0484161376953, 144.3561553955078, 139.4542999267578, 132.36590576171875, 118.53170776367188, 115.90902709960938, 120.04116821289062, 141.93197631835938, 123.77883911132812, 140.6056365966797, 133.52401733398438, 134.3292236328125, 114.58528137207031, 126.00885772705078, 131.3941192626953, 138.0581512451172, 131.32772827148438, 147.9146728515625, 122.51190185546875, 120.84751892089844, 144.8952178955078, 123.77958679199219, 141.653076171875, 130.67874145507812, 128.62713623046875, 141.46719360351562, 129.05856323242188, 140.9290771484375, 143.0388946533203, 122.97944641113281, 134.7509002685547, 128.29241943359375, 136.9173583984375, 130.47654724121094, 133.7272186279297, 126.55758666992188, 130.95928955078125, 123.03990173339844, 122.2959213256836, 121.65605163574219, 143.38751220703125, 132.01487731933594, 141.59030151367188, 125.82373046875, 139.03164672851562, 108.81856536865234, 111.73627471923828, 131.81747436523438, 140.59207153320312, 120.56987762451172, 138.6935272216797, 140.45660400390625, 136.8478546142578, 111.28816223144531, 143.7320098876953, 133.960205078125, 132.93377685546875, 142.8421173095703, 138.3336181640625, 136.1681671142578, 126.51773071289062, 140.33160400390625, 127.86650085449219, 138.8380126953125, 121.48875427246094, 125.3047866821289, 124.29095458984375, 124.99459838867188, 114.57832336425781, 131.29534912109375, 133.3477020263672, 108.9051284790039, 129.25343322753906, 121.67957305908203, 106.1621322631836, 122.73277282714844, 106.7281723022461, 124.15679168701172, 132.8971710205078, 114.07393646240234, 119.5778579711914, 106.54570770263672, 109.11222839355469, 130.5044708251953, 105.25071716308594, 