{"aucroc": 0.9680748456790124, "aucpr": 0.9256861292334841, "dataset": "04_breastw", "method": "blind", "test_ratio": 0.36, "train_ratio": 0.36, "labeled_anomalies": 1.0, "loe_loss": [20.18514633178711, 18.341581344604492, 17.106876373291016, 17.44614601135254, 17.40729522705078, 17.4732723236084, 16.276695251464844, 16.610918045043945, 15.90727710723877, 16.052684783935547, 15.220553398132324, 15.029214859008789, 15.948259353637695, 14.732184410095215, 14.614946365356445, 14.251014709472656, 14.454751968383789, 15.193680763244629, 13.532745361328125, 14.21676254272461, 14.187498092651367, 13.927109718322754, 13.793066024780273, 13.651424407958984, 12.97703742980957, 13.126510620117188, 13.883550643920898, 12.980925559997559, 13.12393856048584, 12.89337158203125, 12.760588645935059, 12.560600280761719, 12.393959045410156, 12.355633735656738, 12.603322982788086, 12.375849723815918, 13.279329299926758, 12.924142837524414, 12.205904960632324, 12.353555679321289, 12.275609970092773, 12.196874618530273, 12.265677452087402, 11.85971450805664, 11.615998268127441, 11.492186546325684, 12.035179138183594, 12.337618827819824, 12.099544525146484, 11.901713371276855, 11.968719482421875, 11.922648429870605, 11.631357192993164, 11.60832691192627, 11.362565040588379, 11.63448429107666, 11.810997009277344, 12.130620956420898, 11.699979782104492, 11.806354522705078, 11.799905776977539, 11.483236312866211, 11.310371398925781, 11.334049224853516, 11.429914474487305, 10.971134185791016, 11.654730796813965, 11.3506441116333, 11.26101303100586, 11.502374649047852, 11.129167556762695, 11.562753677368164, 11.12216567993164, 11.204841613769531, 11.156204223632812, 11.843879699707031, 11.6845703125, 11.526989936828613, 11.359489440917969, 11.335819244384766, 11.012980461120605, 11.234025001525879, 11.016521453857422, 11.178680419921875, 10.94992446899414, 10.92672061920166, 11.044894218444824, 11.114885330200195, 10.835524559020996, 10.761240005493164, 11.111001968383789, 10.918844223022461, 10.966919898986816, 10.830265998840332, 11.116647720336914, 11.151664733886719, 10.890960693359375, 11.017581939697266, 11.159720420837402, 11.188753128051758, 10.844039916992188, 11.306533813476562, 11.135880470275879, 10.985690116882324, 10.677276611328125, 10.697089195251465, 9.870565414428711, 11.11811637878418, 11.176651000976562, 11.055257797241211, 10.767194747924805, 10.498531341552734, 10.71291446685791, 11.115724563598633, 10.638229370117188, 10.815352439880371, 10.650493621826172, 10.727645874023438, 11.13214111328125, 10.218984603881836, 10.954910278320312, 10.704646110534668, 10.640653610229492, 10.689221382141113, 10.477004051208496, 10.491958618164062, 11.216017723083496, 10.574851989746094, 11.487049102783203, 10.8254976272583, 10.13333511352539, 10.536599159240723, 10.92762279510498, 10.751465797424316, 10.437300682067871, 10.126945495605469, 10.611593246459961, 10.627825736999512, 10.970519065856934, 9.986902236938477, 9.861696243286133, 10.459975242614746, 10.41566276550293, 9.942519187927246, 10.786506652832031, 10.559610366821289, 10.681353569030762, 10.651089668273926, 9.965841293334961, 10.112586975097656, 10.581162452697754, 10.328275680541992, 10.81226921081543, 10.238513946533203, 10.506746292114258, 10.849935531616211, 10.172586441040039, 10.971257209777832, 10.078221321105957, 10.292235374450684, 10.574312210083008, 9.987333297729492, 10.557116508483887, 9.701521873474121, 10.781063079833984, 10.963556289672852, 10.755833625793457, 10.245085716247559, 10.724729537963867, 9.782196998596191, 9.965291976928711, 10.569474220275879, 10.761514663696289, 10.313375473022461, 10.730497360229492, 9.95985221862793, 10.829819679260254, 10.530174255371094, 10.418970108032227, 10.369943618774414, 10.78747272491455, 10.317120552062988, 9.903291702270508, 9.87519645690918, 10.657308578491211, 9.833074569702148, 10.404068946838379, 10.346298217773438, 10.202187538146973, 9.965139389038086, 9.945233345031738, 9.789365768432617, 10.105033874511719, 10.41518783569336, 10.339543342590332, 9.582334518432617, 10.574990272521973, 10.492094039916992, 10.487238883972168, 10.7217378616333, 10.027935028076172, 10.392614364624023, 9.701020240783691, 10.504217147827148, 9.699806213378906, 9.889307022094727, 9.504875183105469, 10.558984756469727, 10.750572204589844, 9.76409912109375, 10.09279727935791, 10.845314025878906, 10.346152305603027, 9.611331939697266, 9.708585739135742, 9.9470853805542, 10.137856483459473, 11.012619972229004, 10.127623558044434, 9.929071426391602, 9.85352611541748, 10.06362247467041, 10.332266807556152, 10.543999671936035, 9.60964298248291, 9.629103660583496, 10.425353050231934, 9.989696502685547, 10.195284843444824, 11.295737266540527, 9.63102912902832, 9.873286247253418, 11.174222946166992, 9.543197631835938, 9.78966236114502, 9.925101280212402, 11.259625434875488, 10.898780822753906, 10.406431198120117, 10.177781105041504, 10.313741683959961, 9.039682388305664, 10.426013946533203, 9.893068313598633, 9.892152786254883, 9.812679290771484, 10.205817222595215, 10.255070686340332, 9.40110969543457, 10.980409622192383, 10.13159465789795, 9.921216011047363, 10.289997100830078, 10.05737590789795, 10.0166015625, 9.845011711120605, 9.821606636047363, 9.921140670776367, 10.002087593078613, 10.93343448638916, 9.603111267089844, 9.400089263916016, 9.902364730834961, 10.175493240356445, 9.469477653503418, 10.612674713134766, 9.754683494567871, 11.253518104553223, 10.417913436889648, 10.120956420898438, 10.683621406555176, 9.421876907348633, 10.073966979980469, 10.701672554016113, 9.567924499511719, 10.152875900268555, 10.367331504821777, 9.963008880615234, 10.38686752319336, 10.166857719421387, 10.072872161865234, 9.850199699401855, 10.399831771850586, 9.562670707702637, 10.194503784179688, 10.428873062133789, 9.381634712219238, 10.825596809387207, 9.537181854248047, 10.004520416259766, 10.611489295959473, 9.447044372558594, 9.463664054870605, 9.741735458374023, 9.757977485656738, 9.968152046203613, 9.41912841796875, 10.088170051574707, 9.449471473693848, 10.589683532714844, 9.1378755569458, 10.232710838317871, 10.755953788757324, 10.61913013458252, 10.494305610656738, 9.711569786071777, 10.013982772827148, 10.328146934509277, 9.320701599121094, 10.55950927734375, 10.76760196685791, 10.574460983276367, 9.553625106811523, 9.981995582580566, 9.379816055297852, 10.399563789367676, 10.008904457092285, 11.516427993774414, 10.319473266601562, 9.181760787963867, 9.848997116088867, 9.562580108642578, 10.160518646240234, 10.49878978729248, 9.485992431640625, 9.906713485717773, 9.419710159301758, 10.597888946533203, 10.030013084411621, 10.771942138671875, 10.45563793182373, 10.243432998657227, 9.478041648864746, 9.985053062438965, 10.285937309265137, 10.63346004486084, 9.767898559570312, 9.900206565856934, 9.708374977111816, 9.997201919555664, 10.11925983428955, 9.78487491607666, 10.25312614440918, 10.507932662963867, 9.419022560119629, 9.286579132080078, 9.901788711547852, 10.123562812805176, 9.987617492675781, 9.842011451721191, 10.284088134765625, 9.743677139282227, 10.094736099243164, 9.891703605651855, 10.166739463806152, 9.663629531860352, 9.184270858764648, 9.594616889953613, 10.096394538879395, 9.528244972229004, 10.127506256103516, 9.706707954406738, 10.131021499633789, 10.050935745239258, 9.47916030883789, 9.5717191696167, 10.334046363830566, 10.015911102294922, 10.39129638671875, 9.766813278198242, 9.917141914367676, 9.659818649291992, 10.080764770507812, 9.967109680175781, 9.779296875, 9.711257934570312, 10.206522941589355, 9.690800666809082, 9.744118690490723, 10.38984203338623, 9.210641860961914, 9.559103965759277, 10.355767250061035, 9.797871589660645, 9.765825271606445, 9.661792755126953, 10.19773006439209, 9.876965522766113, 10.01465892791748, 9.999384880065918, 10.264293670654297, 10.812705993652344, 10.072264671325684, 9.868562698364258, 9.825213432312012, 10.165230751037598, 10.123852729797363, 9.965385437011719, 9.637470245361328, 10.139869689941406, 