{"aucroc": 0.9680748456790124, "aucpr": 0.9256861292334841, "dataset": "04_breastw", "method": "soft", "test_ratio": 0.36, "train_ratio": 0.36, "labeled_anomalies": 1.0, "loe_loss": [7.605854034423828, 7.1931633949279785, 6.720889091491699, 6.354997634887695, 6.008427143096924, 6.184883117675781, 5.823896408081055, 5.716494560241699, 5.740447044372559, 5.458771228790283, 5.524927139282227, 5.403969764709473, 5.390193939208984, 5.265778064727783, 5.1712870597839355, 5.125890254974365, 5.173019886016846, 5.2171711921691895, 5.2200493812561035, 5.11025333404541, 5.065152168273926, 4.960699558258057, 5.090207099914551, 5.1593732833862305, 5.142995834350586, 5.2249369621276855, 4.979907035827637, 4.858633041381836, 5.018686771392822, 5.050887107849121, 4.852140426635742, 4.87216854095459, 5.137703895568848, 5.05970573425293, 4.905786991119385, 5.077169418334961, 4.897764205932617, 4.877962112426758, 5.064083099365234, 5.009372711181641, 5.034852981567383, 5.045895099639893, 5.023482799530029, 5.170491695404053, 5.065776348114014, 4.877374172210693, 4.989572525024414, 5.015411853790283, 4.774022102355957, 4.901248931884766, 4.814213275909424, 4.755815029144287, 4.98089599609375, 4.898538112640381, 4.723998069763184, 4.849289894104004, 4.820705890655518, 4.623826026916504, 4.719060897827148, 4.899164199829102, 4.617154598236084, 4.811093807220459, 4.828640937805176, 4.849271297454834, 4.81925630569458, 4.784530162811279, 4.703994274139404, 4.651216983795166, 4.694360733032227, 4.6789751052856445, 4.720335960388184, 4.601120471954346, 4.6904520988464355, 4.572944641113281, 4.592439651489258, 4.665274620056152, 4.469559669494629, 4.436862468719482, 4.450031757354736, 4.50150203704834, 4.46536922454834, 4.439399242401123, 4.548452377319336, 4.507489204406738, 4.439260959625244, 4.543820858001709, 4.324598789215088, 4.451263904571533, 4.357125282287598, 4.3057169914245605, 4.341874122619629, 4.396227836608887, 4.269380569458008, 4.14448881149292, 4.129722595214844, 4.230019569396973, 4.156400203704834, 4.220321178436279, 4.258436679840088, 4.134822368621826, 4.196556568145752, 4.254899978637695, 4.308089256286621, 4.155595302581787, 4.154942989349365, 4.178610324859619, 4.186329364776611, 4.069431304931641, 3.931912899017334, 4.013044357299805, 3.93131947517395, 4.0950140953063965, 4.019065856933594, 4.0515947341918945, 4.061740398406982, 4.017735481262207, 3.9624433517456055, 3.982006072998047, 4.121501445770264, 3.975674867630005, 4.100656509399414, 4.004123210906982, 3.975836753845215, 3.924752950668335, 3.929838180541992, 3.9647090435028076, 3.9282894134521484, 3.8451454639434814, 3.9780378341674805, 3.6280667781829834, 3.795546531677246, 3.8328442573547363, 3.8562536239624023, 3.629655361175537, 3.7771525382995605, 3.8317394256591797, 3.6439523696899414, 3.6817328929901123, 3.8416030406951904, 3.765815496444702, 3.670745611190796, 3.6019458770751953, 3.522968053817749, 3.710610866546631, 3.6128482818603516, 3.5938680171966553, 3.5958824157714844, 3.540562868118286, 3.534960985183716, 3.5368754863739014, 3.3566088676452637, 3.517220973968506, 3.7738163471221924, 3.4732043743133545, 3.4918179512023926, 3.3939034938812256, 3.437636137008667, 3.5061471462249756, 3.517895460128784, 3.5891904830932617, 3.3429200649261475, 3.35683536529541, 3.5040807723999023, 3.453599691390991, 3.3713717460632324, 3.3832037448883057, 3.570493221282959, 3.3896055221557617, 3.3383731842041016, 3.4142274856567383, 3.4225940704345703, 3.469360828399658, 3.3395180702209473, 3.365501642227173, 3.118682861328125, 3.2518491744995117, 3.2809507846832275, 3.4245331287384033, 3.253612518310547, 3.5617916584014893, 3.3015053272247314, 3.293189525604248, 3.229550361633301, 3.371115207672119, 3.4087235927581787, 3.3756721019744873, 3.478032112121582, 3.19234037399292, 3.3505423069000244, 3.1030921936035156, 3.3401148319244385, 3.158097982406616, 3.0845184326171875, 3.1661505699157715, 2.9943790435791016, 3.1305832862854004, 3.145639419555664, 3.1911306381225586, 3.0598251819610596, 2.9861795902252197, 3.1881604194641113, 3.079495429992676, 3.2652101516723633, 3.342525005340576, 3.364020586013794, 3.151538610458374, 3.1714494228363037, 3.0239951610565186, 3.060544967651367, 3.145631790161133, 3.0996344089508057, 3.3504490852355957, 3.139582633972168, 3.0320098400115967, 3.262197256088257, 3.004352569580078, 3.1089911460876465, 2.9706673622131348, 2.89984130859375, 3.0437538623809814, 3.0017812252044678, 2.879246234893799, 2.769209861755371, 3.2493038177490234, 3.155787944793701, 3.157898426055908, 3.0416252613067627, 3.1111390590667725, 3.1503407955169678, 2.8898532390594482, 2.9877407550811768, 2.888265371322632, 2.886453628540039, 2.8948845863342285, 2.8695764541625977, 2.999429702758789, 3.11259126663208, 2.9043633937835693, 2.982917308807373, 3.056248426437378, 2.8932149410247803, 3.0994534492492676, 2.9731147289276123, 2.85907244682312, 2.9745712280273438, 2.8403398990631104, 2.766141414642334, 2.8445703983306885, 3.0518109798431396, 3.1009747982025146, 3.070955276489258, 2.845599412918091, 3.0500545501708984, 2.890159845352173, 3.005160331726074, 2.845595359802246, 2.922863006591797, 2.763695240020752, 3.0467474460601807, 3.046990394592285, 2.8848793506622314, 2.9149019718170166, 2.860278367996216, 2.991288423538208, 2.8970491886138916, 2.7192397117614746, 2.6891636848449707, 2.5575966835021973, 2.761404275894165, 2.93206524848938, 2.9804258346557617, 2.790313243865967, 2.982292652130127, 3.075374126434326, 2.852923631668091, 2.927574872970581, 3.056138038635254, 2.910334348678589, 2.985649824142456, 2.9240105152130127, 3.067493200302124, 2.8766613006591797, 2.762068271636963, 2.8544347286224365, 2.9072608947753906, 2.8437156677246094, 2.842294692993164, 2.845625162124634, 2.903374671936035, 2.9316024780273438, 2.919118881225586, 2.8877029418945312, 2.851670742034912, 2.8018364906311035, 2.753185510635376, 2.8869853019714355, 2.797161340713501, 2.8956406116485596, 2.704644203186035, 2.7446703910827637, 2.776158332824707, 2.755650758743286, 2.865389823913574, 2.858261823654175, 2.806129217147827, 2.991246461868286, 2.6726772785186768, 2.8500983715057373, 2.7799289226531982, 2.773730754852295, 2.8987159729003906, 2.740917921066284, 2.8324499130249023, 2.7160098552703857, 2.788844108581543, 2.836763381958008, 2.575579881668091, 2.9265575408935547, 3.1044554710388184, 2.985374927520752, 2.833951950073242, 2.9961071014404297, 2.9462480545043945, 3.150493860244751, 2.790189027786255, 2.822781562805176, 2.7163310050964355, 2.912349224090576, 2.751512289047241, 2.7814700603485107, 2.7193450927734375, 2.7526164054870605, 2.9497475624084473, 2.9978957176208496, 3.092576026916504, 2.8533577919006348, 2.934011697769165, 2.7666268348693848, 2.8251004219055176, 2.691561698913574, 2.748616933822632, 2.6652112007141113, 2.7114083766937256, 2.8345284461975098, 2.874484062194824, 2.810110330581665, 2.9913032054901123, 3.0991945266723633, 2.838475465774536, 2.8366174697875977, 2.7783515453338623, 2.9573912620544434, 3.0139360427856445, 2.921689033508301, 2.876948118209839, 2.7410740852355957, 2.793287992477417, 2.8689017295837402, 2.6371707916259766, 2.692298650741577, 2.723351001739502, 2.7848381996154785, 3.0435612201690674, 2.780677318572998, 2.7324585914611816, 2.7997775077819824, 2.738189935684204, 2.95965838432312, 2.8999693393707275, 2.824747085571289, 2.875171184539795, 2.8050737380981445, 2.8663971424102783, 2.8346362113952637, 2.904188632965088, 2.6748011112213135, 2.9203262329101562, 2.853607177734375, 2.905094861984253, 2.9131550788879395, 2.8006720542907715, 2.783780574798584, 2.68625545501709, 2.7333004474639893, 2.807772636413574, 2.646907091140747, 2.871976852416992, 2.6607606410980225, 2.6059067249298096, 2.6171436309814453, 2.9604737758636475, 2.6837005615234375, 2.6949901580810547, 2.6237986087799072, 2.6324503421783447, 2.8155786991119385, 2.7330715656280518, 2.746656894683838, 2.930384874343872, 2.689851760864258, 2.7102603912353516, 2.810976982116699, 2.8185977935791016, 