{"aucroc": 0.9804205246913581, "aucpr": 0.971117029775676, "dataset": "04_breastw", "method": "hard", "test_ratio": 0.36, "train_ratio": 0.36, "labeled_anomalies": 1.0, "loe_loss": [0.5848538875579834, 0.4610716998577118, -0.4507928788661957, -0.476878821849823, -0.02221299707889557, -1.419844627380371, -1.149847388267517, -1.168961524963379, -0.991367757320404, -1.888239860534668, -1.2034320831298828, -2.914497137069702, -2.1238808631896973, -2.864863395690918, -1.3498913049697876, -2.331264019012451, -2.2175519466400146, -3.478849411010742, -3.060202121734619, -3.438871145248413, -2.5914177894592285, -3.4354732036590576], "n_epochs": 21}