{"aucroc": 0.9871720679012346, "aucpr": 0.9760206250362828, "dataset": "04_breastw", "method": "soft", "test_ratio": 0.36, "train_ratio": 0.36, "labeled_anomalies": 1.0, "loe_loss": [7.2074384689331055, 6.650002956390381, 6.133961200714111, 5.634916305541992, 5.177257537841797, 5.012134552001953, 4.708078861236572, 4.614066123962402, 4.129460334777832, 3.8491010665893555, 4.078402519226074, 3.583064556121826, 3.2614617347717285, 3.3597524166107178, 3.0813674926757812, 3.381343364715576, 2.9944519996643066, 3.0074219703674316, 2.6502768993377686, 2.943587064743042, 2.659865379333496, 2.7393815517425537, 2.6160614490509033, 2.8844311237335205, 2.184577465057373, 2.011298894882202, 2.6617918014526367, 2.555881977081299, 2.4700608253479004, 2.6807003021240234, 2.205127716064453, 1.8798465728759766, 1.9939526319503784, 1.965826392173767, 2.1023621559143066, 1.72446608543396, 2.073077440261841, 2.316908359527588, 1.7717208862304688, 2.0969324111938477, 1.7297780513763428, 1.2237333059310913, 1.7577965259552002, 1.2993820905685425, 1.2214863300323486, 1.0188994407653809, 1.094653844833374, 1.3368380069732666, 0.7468793392181396, 0.5457310676574707, 0.7856003046035767, 1.4472848176956177, 1.0963624715805054, 0.9968063831329346, -0.29315632581710815], "n_epochs": 54}