{"aucroc": 0.9702610596707819, "aucpr": 0.923212514498812, "dataset": "04_breastw", "method": "soft", "test_ratio": 0.36, "train_ratio": 0.36, "labeled_anomalies": 1.0, "loe_loss": [7.605854034423828, 7.1176910400390625, 6.590279579162598, 6.198045253753662, 5.827099800109863, 5.999631404876709, 5.504227161407471, 5.374891757965088, 5.352038383483887, 5.029891014099121, 4.9923624992370605, 4.856821537017822, 4.801608562469482, 4.672608375549316, 4.534998893737793, 4.443722248077393, 4.406094074249268, 4.566464900970459, 4.452654838562012, 4.370340824127197, 4.209433555603027, 4.02463436126709, 4.093715190887451, 4.187380790710449, 4.224735260009766, 4.168606758117676, 3.853527545928955, 3.9301772117614746, 4.004970550537109, 3.975396156311035, 3.896695613861084, 3.7858641147613525, 4.1425981521606445, 3.94865083694458, 3.83836030960083, 3.880195140838623, 3.9664905071258545, 3.63689923286438, 3.940288543701172, 3.969750165939331, 3.814016103744507, 3.838886260986328, 3.8785908222198486, 3.8911197185516357, 3.9802818298339844, 3.7512617111206055, 3.6590614318847656, 3.847569465637207, 3.5834734439849854, 3.7763512134552, 3.922647714614868, 3.769630193710327, 3.882280111312866, 3.7738375663757324, 3.915167808532715, 3.911871910095215, 3.7013916969299316, 3.7484302520751953, 3.865464210510254, 3.8084943294525146, 3.702052593231201, 3.8267736434936523, 3.7745494842529297, 3.933915376663208, 3.770888090133667, 3.856675386428833, 3.7987468242645264, 3.7893781661987305, 3.945992946624756, 3.9322540760040283, 4.051918029785156, 3.779481887817383, 3.96290922164917, 3.8516154289245605, 3.9285740852355957, 4.022374629974365, 3.7309134006500244, 3.770595073699951, 3.738126039505005, 3.5906484127044678, 3.747368812561035, 3.8286304473876953, 3.9079718589782715, 3.8895034790039062, 3.8860960006713867, 3.9409632682800293, 3.7958860397338867, 3.7139601707458496, 3.795267343521118, 3.7595415115356445, 3.676806926727295, 3.8840079307556152, 3.8172414302825928, 3.6540799140930176, 3.6227152347564697, 3.6400933265686035, 3.839156150817871, 3.6177239418029785, 3.7542996406555176, 3.5974538326263428, 3.651432514190674, 3.7316572666168213, 3.7063076496124268, 3.540480136871338, 3.649735689163208, 3.6144535541534424, 3.772583484649658, 3.6041669845581055, 3.3478472232818604, 3.5067858695983887, 3.3797900676727295, 3.637680768966675, 3.4285218715667725, 3.4407145977020264, 3.436162233352661, 3.2606589794158936, 3.285629987716675, 3.449795722961426, 3.353519916534424, 3.3195483684539795, 3.371572732925415, 3.3707127571105957, 3.337779998779297, 3.244135856628418, 3.417527198791504, 3.4012269973754883, 3.4955480098724365, 3.4696803092956543, 3.5939903259277344, 3.2254531383514404, 3.293618679046631, 3.2604479789733887, 3.286355972290039, 3.025660514831543, 3.1945509910583496, 3.252825975418091, 2.95703125, 3.0572917461395264, 3.297095775604248, 3.2185206413269043, 3.092052936553955, 2.9986965656280518, 3.035997152328491, 3.1473870277404785, 2.8822760581970215, 3.0155646800994873, 2.9850704669952393, 2.871863842010498, 2.929227352142334, 2.982381820678711, 2.845651388168335, 2.9656145572662354, 3.217348098754883, 2.839203357696533, 2.869129180908203, 2.708232879638672, 2.7205569744110107, 2.824836254119873, 2.8624749183654785, 2.902186393737793, 2.6328699588775635, 2.703645706176758, 2.9449117183685303, 2.909196376800537, 2.641526699066162, 2.7948808670043945, 2.982839345932007, 2.783327102661133, 2.699007511138916, 2.714231014251709, 2.742903709411621, 2.8762145042419434, 2.7164859771728516, 2.6789278984069824, 2.3812081813812256, 2.5647871494293213, 2.5270862579345703, 2.650815010070801, 2.4325504302978516, 2.8498458862304688, 2.5726468563079834, 2.5827386379241943, 2.5275256633758545, 2.6948044300079346, 2.8618202209472656, 2.7557520866394043, 2.7510528564453125, 2.4162509441375732, 2.581103563308716, 2.4061784744262695, 2.679746150970459, 2.5261037349700928, 2.324359893798828, 2.4544808864593506, 2.1166863441467285, 2.3222639560699463, 2.352458953857422, 2.413200616836548, 2.3380074501037598, 2.213409185409546, 2.2928481101989746, 2.188977003097534, 2.3974645137786865, 2.485642671585083, 2.5742931365966797, 2.328817367553711, 2.4492621421813965, 2.18489670753479, 2.1498618125915527, 2.300956964492798, 2.130932569503784, 2.440095901489258, 2.1537067890167236, 2.0020828247070312, 2.4457571506500244, 2.078917980194092, 2.311406373977661, 2.163865804672241, 2.112017869949341, 2.3785243034362793, 2.2770042419433594, 2.0680031776428223, 2.105950117111206, 2.533078193664551, 2.2227988243103027, 2.198312520980835, 2.1061439514160156, 2.0881969928741455, 2.168861150741577, 1.8880140781402588, 2.099714517593384, 2.174645185470581, 2.025437593460083, 2.0520567893981934, 2.045325517654419, 2.1578502655029297, 2.130312204360962, 2.0584843158721924, 1.9962152242660522, 2.0440564155578613, 1.9316750764846802, 2.1484949588775635, 1.9897433519363403, 1.789739727973938, 2.0093297958374023, 1.8616055250167847, 1.8567023277282715, 1.8655956983566284, 2.1134002208709717, 2.2681214809417725, 1.8374528884887695, 1.7606480121612549, 2.0949079990386963, 1.8988028764724731, 2.18054461479187, 1.8715271949768066, 1.8630645275115967, 1.6940981149673462, 2.0447511672973633, 2.0376474857330322, 1.7942588329315186, 1.7247059345245361, 1.555704951286316, 2.016754627227783, 1.888344645500183, 1.4823530912399292, 1.636657476425171, 1.4431275129318237, 1.7477366924285889, 1.9360995292663574, 2.0537712574005127, 1.8937828540802002, 2.131033420562744, 2.1705703735351562, 1.9107147455215454, 1.9842942953109741, 2.0735106468200684, 1.7532155513763428, 1.871131420135498, 1.712761402130127, 1.8131753206253052, 1.5559961795806885, 1.4730087518692017, 1.6622910499572754, 1.7339917421340942, 1.6902244091033936, 1.7414495944976807, 1.5242586135864258, 1.6550296545028687, 1.6114100217819214, 1.833017110824585, 1.7610434293746948, 1.709580898284912, 1.5600608587265015, 1.8099538087844849, 1.7493057250976562, 1.7984910011291504, 1.8648823499679565, 1.6041810512542725, 1.6655404567718506, 1.7369590997695923, 1.5775976181030273, 1.7708802223205566, 1.7326723337173462, 1.6274833679199219, 1.765809178352356, 1.4298385381698608, 1.4641844034194946, 1.6046444177627563, 1.4192609786987305, 1.7757995128631592, 1.5232698917388916, 1.871638536453247, 1.5780220031738281, 1.7280888557434082, 1.7212820053100586, 1.4802507162094116, 1.6395132541656494, 2.17333722114563, 1.8052982091903687, 1.5946862697601318, 1.8275337219238281, 1.6662189960479736, 1.9301093816757202, 1.5865906476974487, 1.5394912958145142, 1.4593044519424438, 1.8438928127288818, 1.507195234298706, 1.5378923416137695, 1.5060594081878662, 1.5691254138946533, 1.7735962867736816, 1.6621739864349365, 1.8911559581756592, 1.4791851043701172, 1.796952486038208, 1.6020970344543457, 1.7462040185928345, 1.7513413429260254, 1.5625715255737305, 1.3724640607833862, 1.5939488410949707, 1.7565923929214478, 1.6273112297058105, 1.572497844696045, 1.6262121200561523, 1.6845406293869019, 1.4473109245300293, 1.508544683456421, 1.4887586832046509, 1.7551648616790771, 1.9788001775741577, 1.3938109874725342, 1.5982879400253296, 1.4532454013824463, 1.5923277139663696, 1.5209503173828125, 1.3017889261245728, 1.1649576425552368, 1.523167610168457, 1.4393999576568604, 1.8671586513519287, 1.6395741701126099, 1.570371150970459, 1.5037049055099487, 1.363511562347412, 1.566004753112793, 1.7444313764572144, 1.4074532985687256, 1.5962345600128174, 1.707249641418457, 1.5870311260223389, 1.4854304790496826, 1.4790432453155518, 1.3967260122299194, 1.531125545501709, 1.5792962312698364, 1.4835190773010254, 1.7998096942901611, 1.6093590259552002, 1.4409414529800415, 1.390662670135498, 1.416663646697998, 1.5419412851333618, 1.3981072902679443, 1.3378159999847412, 1.1777907609939575, 1.1999181509017944, 1.2803609371185303, 1.5065364837646484, 1.2737228870391846, 1.4074115753173828, 0.9704821109771729, 1.102086067199707, 1.624585747718811, 1.3177834749221802, 1.4362380504608154, 1.57880437374115, 