{"aucroc": 0.9822370113168724, "aucpr": 0.9667233283261373, "dataset": "04_breastw", "method": "refine", "test_ratio": 0.36, "train_ratio": 0.36, "labeled_anomalies": 1.0, "loe_loss": [10.026310920715332, 9.378209114074707, 8.757079124450684, 8.402406692504883, 8.15496826171875, 7.773321151733398, 7.6524763107299805, 7.407006740570068, 7.359015941619873, 7.073197364807129, 6.888924598693848, 6.716840744018555, 6.461071014404297, 6.45953893661499, 6.035728931427002, 6.6303534507751465, 6.224259376525879, 5.737392425537109, 5.795231819152832, 5.777880668640137, 5.633640289306641, 5.581137180328369, 5.702436923980713, 5.651258945465088, 5.807766437530518, 5.507185459136963, 5.641002655029297, 5.437588691711426, 5.85491943359375, 5.634270668029785, 5.231688499450684, 5.138640880584717, 5.205090045928955, 5.290584564208984, 4.985172271728516, 5.136973857879639, 5.084587097167969, 5.160573959350586, 4.967733383178711, 5.964043617248535, 5.450417995452881, 4.764552593231201, 4.668489933013916, 5.03508186340332, 4.6799139976501465, 4.950241565704346, 5.000034332275391, 4.821962833404541, 4.649317264556885, 4.748821258544922, 4.946152210235596, 5.298705577850342, 4.604486465454102, 4.758481979370117, 4.58704948425293, 4.621421813964844, 4.360779285430908, 4.681785583496094, 4.389252662658691, 4.266767978668213, 4.755059719085693, 4.245639801025391, 4.2521185874938965, 4.485542297363281, 4.931467056274414, 4.366456985473633, 4.596257209777832, 4.193587303161621, 5.183323383331299, 4.10444974899292, 4.393243312835693, 4.2695417404174805, 4.6910014152526855, 4.471222400665283, 4.723438262939453, 3.8803770542144775, 4.050212860107422, 3.937251091003418, 4.25079345703125, 3.761592388153076, 3.883758783340454, 3.820657730102539, 3.7126059532165527, 3.845576763153076, 3.8081655502319336, 3.6815390586853027, 3.6454989910125732, 3.87176775932312, 3.565441370010376, 3.552199125289917, 3.5074987411499023, 4.439767837524414, 3.4281961917877197, 3.4160895347595215, 3.602281093597412, 3.394664764404297, 3.799394130706787, 3.249052047729492, 3.428056001663208, 3.7239575386047363, 3.3214428424835205, 3.3874552249908447, 4.034160614013672, 3.2893052101135254, 3.6159443855285645, 3.2199771404266357, 3.259446382522583, 3.209367275238037, 3.286076068878174, 3.0367088317871094, 3.156865119934082, 3.1066980361938477, 3.315711259841919, 3.287919521331787, 3.1681861877441406, 3.6814539432525635, 2.8641233444213867, 3.4538092613220215, 6.054289817810059, 2.908863067626953, 3.029381275177002, 3.9489035606384277, 2.797854423522949, 2.9206995964050293, 4.354663372039795, 3.5759856700897217, 2.6647653579711914, 2.733698844909668, 2.8467226028442383, 3.1249303817749023, 3.1425607204437256, 3.396568536758423, 3.0672197341918945, 2.6817626953125, 2.8203487396240234, 2.9796674251556396, 3.4540367126464844, 2.605095386505127, 2.5483686923980713, 3.9118616580963135, 3.1718313694000244, 3.1181955337524414, 3.0417609214782715, 2.5313398838043213, 2.4406118392944336, 2.9251766204833984, 2.693302631378174, 2.334669589996338, 2.289836883544922, 2.4527130126953125, 2.661452531814575, 3.85394024848938, 3.212493658065796, 3.6962127685546875, 3.6230716705322266, 3.6010162830352783, 2.289062738418579, 2.855112314224243, 2.2052621841430664, 2.7845754623413086, 2.1703085899353027, 2.149151086807251, 2.361159324645996, 2.465891122817993, 4.978978633880615, 2.6059186458587646, 2.291948080062866, 2.199483633041382, 2.1022768020629883, 2.2087433338165283, 2.3203651905059814, 2.270674228668213, 3.277080535888672, 2.6107070446014404, 2.2128868103027344, 2.6629483699798584, 3.906907558441162, 2.276912212371826, 3.411529779434204, 2.9108591079711914, 1.8713434934616089, 3.6734447479248047, 1.9779268503189087, 2.576378107070923, 2.5016977787017822, 1.8605659008026123, 2.179751396179199, 2.181286334991455, 2.9735312461853027, 2.211197853088379, 2.003242015838623, 2.1169142723083496, 2.0324349403381348, 2.060035228729248, 1.8963954448699951, 1.8134794235229492, 5.507516860961914, 2.324779510498047, 3.1208670139312744, 1.8597900867462158, 2.90936279296875, 2.029304027557373, 1.7767579555511475, 2.109379291534424, 1.5460635423660278, 2.4641904830932617, 1.8018763065338135, 1.7441856861114502, 2.263585090637207, 1.7760298252105713, 1.391161561012268, 2.12035870552063, 1.9871125221252441, 2.359612226486206, 1.5487730503082275, 1.2510347366333008, 1.6825404167175293, 1.523165225982666, 1.7143990993499756, 3.2378010749816895, 1.9850951433181763, 2.3640458583831787, 2.404447555541992, 1.2492643594741821, 1.8853429555892944, 3.1409239768981934, 1.3543072938919067, 1.9909226894378662, 1.9568445682525635, 3.079946517944336, 1.167634129524231, 1.4641823768615723, 1.7950621843338013, 1.291743278503418, 4.080102920532227, 1.0947538614273071, 1.2867624759674072, 3.2353615760803223, 1.1529502868652344, 2.062347650527954, 1.3518794775009155, 0.8663380146026611, 1.1692854166030884, 1.7810965776443481, 0.825366735458374, 0.9034596681594849, 2.0107743740081787, 2.2111573219299316, 0.8691455125808716, 1.624259114265442, 4.275430679321289, 1.7748719453811646, 1.0424625873565674, 1.6307342052459717, 1.1194945573806763, 1.1018425226211548, 1.4726182222366333, 0.8240163326263428, 1.7386974096298218, 0.8738168478012085, 1.49351167678833, 2.7033848762512207, 0.9297842979431152, 1.3158196210861206, 2.929389715194702, 1.3558799028396606, 1.6155864000320435, 1.1635445356369019, 0.8876416683197021, 0.748039186000824, 0.8856025338172913, 1.5851291418075562, 1.0873939990997314, 0.6520363092422485, 0.7777973413467407, 1.8784537315368652, 2.078516721725464, 0.3831949532032013, 0.9246332049369812, 0.8194259405136108, 1.1892426013946533, 0.47678834199905396, 1.6786881685256958, 1.8356778621673584, 0.8754674196243286, 0.2630767524242401, 0.7469810247421265, 0.5709461569786072, 2.298940420150757, 0.9449626207351685, 1.3448998928070068, 0.7806038856506348, 1.2165042161941528, 0.5886011123657227, 0.9656938314437866, 0.8301457166671753, 0.3776301145553589, 1.6119143962860107, 0.3386877179145813, 0.42270752787590027, 2.292433023452759, 0.752610445022583, 3.0627362728118896, 0.3552045226097107, 0.4599675238132477, 0.2583264708518982, 0.1693236082792282, 0.5262606739997864, 0.6826862692832947, 2.6650919914245605, 1.218881607055664, 0.6245537996292114, 0.8685781955718994, 0.15995532274246216, 1.2290079593658447, 5.125491142272949, 3.0588738918304443, 2.1011922359466553, 1.0802433490753174, 0.20168529450893402, -0.0665012001991272], "n_epochs": 320}