{"aucroc": 0.716275637970854, "aucpr": 0.23652185777987622, "dataset": "05_campaign", "method": "hard", "test_ratio": 0.11033333333333334, "train_ratio": 0.11033333333333334, "labeled_anomalies": 1.0, "loe_loss": [83.4991226196289, 81.75398254394531, 79.14550018310547, 79.67118835449219, 78.51924133300781, 78.73927307128906, 77.6976089477539, 75.69573974609375, 76.85991668701172, 73.6780014038086, 75.78672790527344, 76.28917694091797, 75.39139556884766, 71.91851043701172, 73.55713653564453, 73.53299713134766, 74.09222412109375, 74.88408660888672, 69.40126037597656, 70.51078033447266, 71.98954010009766, 73.78807067871094, 71.52738952636719, 73.0074691772461, 73.122802734375, 71.02119445800781, 69.50883483886719, 69.17550659179688, 71.06493377685547, 68.1800765991211, 67.23638916015625, 67.31694030761719, 67.79685974121094, 65.7791976928711, 66.93222045898438, 66.6761474609375, 66.33244323730469, 65.52469635009766, 67.0909423828125, 65.70606231689453, 63.653770446777344, 60.48556900024414, 64.42708587646484, 63.407596588134766, 62.80839920043945, 64.36759948730469, 63.137393951416016, 60.475215911865234, 63.57859802246094, 62.44664001464844, 63.00006866455078, 64.56133270263672, 62.288814544677734, 61.42496871948242, 60.45805740356445, 59.5040283203125, 59.864173889160156, 61.407470703125, 59.70371627807617, 60.70298385620117, 60.86924743652344, 61.675140380859375, 59.203365325927734, 58.59075927734375, 63.102622985839844, 61.7444953918457, 62.03668212890625, 60.09355545043945, 61.2368049621582, 60.85692596435547, 59.600341796875, 63.06254577636719, 61.014488220214844, 59.204837799072266, 58.392066955566406, 58.68715286254883, 60.280792236328125, 61.245445251464844, 61.96562194824219, 59.77930450439453, 58.667442321777344, 61.076873779296875, 58.29399871826172, 61.16687774658203, 60.25164794921875, 29.6346435546875, 59.81365966796875, 62.12178039550781, 61.29082107543945, 60.04528045654297, 59.916229248046875, 61.095882415771484, 62.12101745605469, 60.19415283203125, 60.026458740234375, 61.273353576660156, 59.948978424072266, 59.860252380371094, 62.031280517578125, 60.495872497558594, 61.91184997558594, 61.35296630859375, 61.010772705078125, 58.84885025024414, 59.1755485534668, 59.180091857910156, 59.248779296875, 60.28541946411133, 57.651939392089844, 59.354957580566406, 58.53809356689453, 58.90313720703125, 58.25334167480469, 31.930683135986328, 57.05910110473633, 54.672576904296875, 59.36444091796875, 58.128902435302734, 59.53756332397461, 59.38740539550781, 57.73925018310547, 59.93800354003906, 58.497718811035156, 59.78587341308594, 57.28428649902344, 59.32748794555664, 58.15068817138672, 55.18301773071289, 57.63694763183594, 60.640113830566406, 60.160343170166016, 60.4852180480957, 59.0507926940918, 58.18156814575195, 59.424652099609375, 61.012264251708984, 60.10362243652344, 60.14986038208008, 55.93937301635742, 59.538604736328125, 32.96275329589844, 59.35649871826172, 58.82368087768555, 58.882423400878906, 58.930397033691406, 58.95088195800781, 58.414154052734375, 59.19422912597656, 57.2099609375, 59.90043640136719, 58.40287399291992, 58.31946563720703, 56.25779724121094, 56.9525146484375, 54.55099868774414, 57.44340896606445, 58.414127349853516, 56.27602005004883, 29.317508697509766, 59.91856002807617, 59.26879119873047, 56.60126495361328, 59.74644470214844, 58.867733001708984, 59.40667724609375, 57.842994689941406, 59.80836486816406, 59.51903533935547, 59.44627380371094, 59.714813232421875, 59.16547393798828, 59.22141647338867, 56.53693389892578, 55.6666259765625, 58.11077880859375, 58.53828430175781, 56.72401428222656, 59.3741340637207, 58.66575622558594, 58.788002014160156, 56.21001434326172, 56.494537353515625, 57.59151077270508, 58.1609992980957, 60.00947952270508, 59.600440979003906, 58.82477569580078, 59.413978576660156, 58.959861755371094, 58.14399719238281, 55.709861755371094, 58.6485710144043, 59.110382080078125, 59.15303039550781, 56.852134704589844, 58.35755920410156, 59.703182220458984, 56.871097564697266, 55.225887298583984, 57.152854919433594, 57.20503234863281, 60.70508575439453, 56.98654556274414, 56.45402908325195, 57.835296630859375, 58.208763122558594, 56.565452575683594, 58.54243469238281, 59.48358154296875, 59.10279846191406, 55.31816482543945, 58.13405990600586, 58.7631721496582, 59.69026184082031, 58.482154846191406, 58.27809143066406, 58.69242858886719, 55.43477249145508, 57.67205810546875, 60.04179382324219, 57.58600616455078, 59.70098876953125, 58.348426818847656, 58.66972351074219, 57.03038024902344, 59.921566009521484, 58.67852783203125, 57.58064270019531, 56.98573303222656, 28.771265029907227, 57.84522247314453, 57.58267593383789, 58.006134033203125, 57.8424186706543, 58.19017791748047, 57.92470169067383, 57.95242691040039, 57.80182647705078, 58.89155578613281, 57.4442024230957, 60.10844802856445, 59.35394287109375, 58.56156921386719, 57.748809814453125, 58.51797866821289, 58.42975616455078, 58.22555160522461, 58.31141662597656, 58.36515426635742, 56.7347297668457, 58.669212341308594, 58.59450149536133, 58.253074645996094, 58.61962890625, 55.34947204589844, 55.871864318847656, 56.491783142089844, 57.94139862060547, 58.69698715209961, 57.102691650390625, 58.84968566894531, 55.656898498535156, 57.874542236328125, 57.20843505859375, 58.55622100830078, 27.50597381591797, 57.87274932861328, 56.73446273803711, 58.07642364501953, 56.65449905395508, 55.314117431640625, 59.517662048339844, 56.49286651611328, 57.70390701293945, 58.52485275268555, 59.05145263671875, 56.637290954589844, 55.58915710449219, 57.20610809326172, 56.48456954956055, 58.49004364013672, 57.86157989501953, 57.26580047607422, 56.53227233886719, 57.59162902832031, 56.02788543701172, 57.26168441772461, 57.6923828125, 57.07108688354492, 56.861751556396484, 57.71124267578125, 57.40007019042969, 26.166919708251953, 56.130863189697266, 57.67251968383789, 58.12488555908203, 55.81230926513672, 56.68092346191406, 54.84421920776367, 52.83989715576172, 57.1741943359375, 57.75017166137695, 57.31058120727539, 56.76832580566406, 53.94356918334961, 57.292022705078125, 57.45271301269531, 53.726776123046875, 57.742767333984375, 54.90216064453125, 55.62318801879883, 56.1562614440918, 55.42010498046875, 57.25783157348633, 56.456905364990234, 56.1817512512207, 56.06953430175781, 57.345951080322266, 56.68468475341797, 54.866294860839844, 55.07529067993164, 58.77864074707031, 56.69331741333008, 55.88622283935547, 57.656280517578125, 57.484073638916016, 54.9271125793457, 56.1577262878418, 56.92186737060547, 57.47959518432617, 58.43577575683594, 56.90921401977539, 59.16971206665039, 57.13185119628906, 56.39665985107422, 56.02688217163086, 56.51897430419922, 57.436492919921875, 56.62937927246094, 57.438262939453125, 56.3575439453125, 57.37918472290039, 55.89339828491211, 56.683982849121094, 57.581085205078125, 56.50000762939453, 57.689918518066406, 57.14320755004883, 55.496822357177734, 56.39024353027344, 57.328678131103516, 56.9940185546875, 57.05534362792969, 56.38667678833008, 55.776676177978516, 54.41694259643555, 57.397438049316406, 54.02654266357422, 57.01112747192383, 54.096397399902344, 55.19533157348633, 55.75428009033203, 53.97159957885742, 57.15479278564453, 54.769073486328125, 55.53859329223633, 56.13534164428711, 57.860836029052734, 56.17979431152344, 53.322784423828125, 56.32841873168945, 55.970584869384766, 57.63125228881836, 55.17622375488281, 53.860694885253906, 55.926395416259766, 54.72672653198242, 56.752323150634766, 55.741214752197266, 55.85323715209961, 57.78779602050781, 54.567169189453125, 56.85675811767578, 56.094139099121094, 54.49958038330078, 57.0341911315918, 57.087589263916016, 56.765953063964844, 53.79048538208008, 57.89896011352539, 55.985626220703125, 58.25254821777344, 56.41233825683594, 55.51206970214844, 57.622520446777344, 56.93437576293945, 51.38053894042969, 57.878902435302734, 57.000213623046875, 57.279117584228516, 54.16480255126953, 57.22750473022461, 54.97621536254883, 56.600337982177734, 54.56349563598633, 55.8271369934082, 