{"aucroc": 0.7275805120670471, "aucpr": 0.2766477003574574, "dataset": "05_campaign", "method": "hard", "test_ratio": 0.11033333333333334, "train_ratio": 0.11033333333333334, "labeled_anomalies": 1.0, "loe_loss": [84.63166046142578, 81.73108673095703, 79.02664947509766, 79.10660552978516, 77.5604019165039, 78.5648193359375, 77.54488372802734, 77.83146667480469, 76.75019073486328, 74.82551574707031, 75.91814422607422, 72.78475952148438, 74.80882263183594, 75.37403106689453, 74.41265106201172, 71.11054229736328, 72.58769226074219, 72.79090118408203, 73.18267059326172, 73.94844818115234, 68.14462280273438, 69.2294921875, 70.84293365478516, 72.35028839111328, 69.90235137939453, 71.41688537597656, 71.84757995605469, 69.90826416015625, 68.1187973022461, 67.44803619384766, 69.59939575195312, 66.93655395507812, 65.114501953125, 64.79035186767578, 65.941162109375, 63.96672821044922, 64.92972564697266, 64.94470977783203, 65.11582946777344, 64.70817565917969, 65.87055969238281, 63.87165832519531, 62.95458984375, 58.79190444946289, 63.63288879394531, 62.293601989746094, 62.208370208740234, 64.43511199951172, 62.150482177734375, 59.77888870239258, 62.55153274536133, 61.63731002807617, 62.42982482910156, 63.50996398925781, 61.14982604980469, 60.2792854309082, 59.4385871887207, 58.35211181640625, 58.72394561767578, 60.11061096191406, 58.663368225097656, 59.91181945800781, 59.711341857910156, 60.578102111816406, 57.620574951171875, 57.05565643310547, 62.104827880859375, 61.06580352783203, 61.107879638671875, 58.71375274658203, 59.99231719970703, 59.31247329711914, 57.7885856628418, 62.46855545043945, 59.955230712890625, 57.69496154785156, 56.745391845703125, 56.846092224121094, 58.63394546508789, 59.12199783325195, 60.218536376953125, 58.24062728881836, 56.756378173828125, 59.6627082824707, 56.159828186035156, 59.55921173095703, 58.51380920410156, 24.84273910522461, 57.849937438964844, 60.492435455322266, 59.399375915527344, 57.87570571899414, 57.524356842041016, 58.99473571777344, 60.10735321044922, 58.14350891113281, 57.88108825683594, 59.05207061767578, 57.743892669677734, 57.94065856933594, 59.40644836425781, 58.253395080566406, 59.76502990722656, 59.709293365478516, 58.919212341308594, 56.16728591918945, 56.55491638183594, 56.7336311340332, 56.745479583740234, 57.438804626464844, 55.051918029785156, 56.59856414794922, 55.997901916503906, 56.36921310424805, 55.39496994018555, 25.843097686767578, 54.57518768310547, 50.99164962768555, 56.68730163574219, 54.934085845947266, 56.88067626953125, 56.445987701416016, 54.948814392089844, 57.75642395019531, 55.833133697509766, 56.73174285888672, 54.56969451904297, 56.7253532409668, 55.212181091308594, 52.3299560546875, 54.88309860229492, 57.824684143066406, 57.43730926513672, 58.153194427490234, 55.96725082397461, 54.7603645324707, 56.420108795166016, 58.577117919921875, 56.68842697143555, 57.36045455932617, 52.68122863769531, 56.239288330078125, 26.219419479370117, 56.18524932861328, 55.25497817993164, 55.4041862487793, 55.68663024902344, 55.1794548034668, 54.38828659057617, 55.80461883544922, 53.106422424316406, 56.20254135131836, 54.725284576416016, 54.103248596191406, 51.8096809387207, 52.20848846435547, 49.99327850341797, 53.69109344482422, 54.71987533569336, 52.33610153198242, 19.571308135986328, 56.242095947265625, 55.8343505859375, 52.506507873535156, 55.960079193115234, 54.43009948730469, 55.841941833496094, 53.34512710571289, 55.993324279785156, 55.86249923706055, 56.065277099609375, 56.51082992553711, 55.79638671875, 55.912086486816406, 51.84679412841797, 50.82904052734375, 53.746482849121094, 54.686729431152344, 52.69593048095703, 55.85022735595703, 54.860206604003906, 55.22749710083008, 51.641212463378906, 52.04566955566406, 53.52437210083008, 53.219974517822266, 56.4189567565918, 56.12411117553711, 55.03363800048828, 55.778167724609375, 54.63301086425781, 53.91986846923828, 50.71833419799805, 54.57206344604492, 54.77838897705078, 55.06573486328125, 51.993408203125, 55.14950942993164, 56.41887664794922, 51.43107604980469, 50.10363006591797, 51.99934387207031, 52.82787322998047, 57.54730987548828, 51.90232849121094, 52.269309997558594, 54.6966667175293, 54.0816650390625, 52.367923736572266, 54.7423210144043, 55.053489685058594, 54.837310791015625, 50.913841247558594, 54.02378845214844, 55.56243896484375, 56.94883346557617, 54.4389533996582, 53.911781311035156, 54.442386627197266, 50.33142852783203, 53.627052307128906, 57.268375396728516, 53.4809455871582, 55.91132736206055, 53.74811935424805, 54.847984313964844, 51.72846603393555, 56.83720397949219, 54.40510940551758, 52.15920639038086, 52.426551818847656, 16.42525291442871, 53.99867630004883, 52.53862380981445, 53.441375732421875, 54.39836502075195, 53.97657775878906, 53.74735641479492, 53.590057373046875, 52.881126403808594, 54.948734283447266, 51.780391693115234, 57.1766471862793, 55.71726989746094, 54.61936569213867, 52.7688102722168, 54.53450393676758, 54.413978576660156, 54.22088623046875, 53.244598388671875, 53.907249450683594, 51.89145278930664, 53.496402740478516, 53.60404968261719, 54.33316421508789, 54.50013732910156, 51.02134704589844, 50.71985626220703, 52.05781936645508, 53.902549743652344, 54.4380989074707, 52.66672134399414, 54.6897087097168, 52.75352096557617, 53.19569396972656, 52.90781784057617, 54.730010986328125, 16.517202377319336, 54.758148193359375, 51.95040512084961, 54.154273986816406, 52.63154220581055, 50.89563751220703, 55.76270294189453, 52.80705261230469, 54.33653259277344, 54.3505744934082, 56.09059143066406, 52.871253967285156, 51.3365478515625, 54.252235412597656, 52.127342224121094, 54.898319244384766, 53.91941833496094, 53.706565856933594, 52.68455505371094, 53.86485290527344, 52.02101135253906, 54.597389221191406, 54.35647201538086, 53.37372589111328, 52.414093017578125, 53.580345153808594, 53.93147277832031, 15.356446266174316, 52.00003433227539, 53.55152893066406, 53.59767532348633, 51.8710823059082, 52.65052032470703, 49.53622817993164, 47.0035514831543, 52.59844207763672, 54.62762451171875, 53.68041229248047, 52.8895149230957, 49.293495178222656, 52.035438537597656, 52.950260162353516, 48.27723693847656, 54.57112121582031, 50.28617858886719, 51.08140182495117, 51.51708984375, 51.58179473876953, 53.110313415527344, 52.057369232177734, 52.478214263916016, 51.21445846557617, 53.061981201171875, 52.689903259277344, 49.85390853881836, 50.247962951660156, 55.634674072265625, 51.53572082519531, 51.191993713378906, 53.958492279052734, 52.85873031616211, 49.596595764160156, 51.99131393432617, 52.77480697631836, 53.80744934082031, 54.64582824707031, 52.5284309387207, 54.306488037109375, 53.546592712402344, 52.39826583862305, 51.25992965698242, 51.98075866699219, 51.79458236694336, 52.073020935058594, 53.55729675292969, 52.37914276123047, 52.23603057861328, 50.63472366333008, 52.61333465576172, 52.97563934326172, 49.85769271850586, 53.676055908203125, 52.100460052490234, 51.57655334472656, 51.12841033935547, 51.62771224975586, 51.91798400878906, 52.409549713134766, 52.31745910644531, 51.21676254272461, 49.980194091796875, 53.44144058227539, 49.77903747558594, 53.050331115722656, 49.77830123901367, 50.775386810302734, 51.82002258300781, 49.37646484375, 53.37689971923828, 51.01359176635742, 50.633689880371094, 50.15046310424805, 53.76101303100586, 50.25466537475586, 49.46549987792969, 51.607200622558594, 52.313236236572266, 53.84374237060547, 49.8181037902832, 48.050872802734375, 51.70172119140625, 50.18379211425781, 52.64873123168945, 50.33759689331055, 50.63343048095703, 53.25275421142578, 48.627716064453125, 52.15740966796875, 52.06088638305664, 49.567962646484375, 53.147987365722656, 53.22066116333008, 54.003746032714844, 48.64909744262695, 53.946815490722656, 51.6314697265625, 54.5912971496582, 52.47513961791992, 50.351165771484375, 54.245750427246094, 52.717655181884766, 45.878116607666016, 54.73271942138672, 54.19175720214844, 52.795654296875, 50.067649841308594, 53.413753509521484, 49.943572998046875, 51.03722381591797, 