{"aucroc": 0.6683679725859207, "aucpr": 0.1972952206342999, "dataset": "05_campaign", "method": "hard", "test_ratio": 0.11033333333333334, "train_ratio": 0.11033333333333334, "labeled_anomalies": 1.0, "loe_loss": [84.08306884765625, 80.20291900634766, 81.707763671875, 78.9527587890625, 79.32560729980469, 80.4743423461914, 76.76600646972656, 73.84191131591797, 78.53242492675781, 76.70382690429688, 75.6977310180664, 74.31541442871094, 76.06912994384766, 72.71416473388672, 69.94869232177734, 71.63042449951172, 75.35200500488281, 74.0875244140625, 72.99223327636719, 72.47862243652344, 72.80827331542969, 72.42863464355469, 73.03514099121094, 71.16192626953125, 68.45924377441406, 70.00032806396484, 68.6268081665039, 67.78384399414062, 66.32769012451172, 67.21147155761719, 68.10277557373047, 65.2621841430664, 64.1334457397461, 67.56011199951172, 64.92928314208984, 64.66848754882812, 64.326904296875, 61.33851623535156, 62.084571838378906, 66.47476196289062, 62.41864776611328, 64.60331726074219, 60.0743293762207, 62.118553161621094, 61.52354431152344, 63.73500061035156, 62.24956512451172, 61.37932586669922, 60.62704849243164, 60.869110107421875, 60.831565856933594, 59.72861099243164, 28.280479431152344, 59.84108352661133, 59.43426513671875, 60.309505462646484, 62.915802001953125, 61.89913558959961, 61.90507507324219, 59.877201080322266, 59.789695739746094, 59.407066345214844, 59.01622772216797, 59.538352966308594, 56.30876159667969, 57.870262145996094, 57.97333526611328, 52.15473556518555, 59.612213134765625, 56.77344512939453, 56.050209045410156, 56.361854553222656, 56.47550964355469, 58.43019104003906, 56.619239807128906, 59.55606460571289, 57.41688919067383, 56.85538864135742, 53.09030532836914, 56.48126220703125, 57.34783172607422, 58.44966506958008, 55.12261199951172, 57.35325622558594, 58.26404571533203, 55.33694076538086, 56.88312530517578, 57.31681823730469, 53.13496398925781, 55.095455169677734, 54.200836181640625, 54.74633026123047, 54.3773078918457, 53.943870544433594, 53.44937515258789, 55.56439971923828, 55.263221740722656, 53.66490936279297, 53.18288803100586, 56.84294891357422, 54.064476013183594, 53.58536911010742, 51.37036895751953, 53.83906173706055, 54.739959716796875, 52.891754150390625, 54.980491638183594, 4.634061813354492, 54.663787841796875, 52.85863494873047, 49.439964294433594, 57.243751525878906, 54.02322006225586, 52.787452697753906, 48.80069351196289, 52.651798248291016, 53.54777526855469, 54.516239166259766, 52.43416976928711, 43.57740020751953, 47.163780212402344, 48.756370544433594, 47.63295364379883, 50.692386627197266, 56.423343658447266, 44.78963851928711, 50.388023376464844, 52.31275939941406, 51.475738525390625, 52.98234939575195, 36.10044860839844, 58.82373046875, 60.38527297973633, 62.19456481933594, 57.21783447265625, 55.125335693359375, 46.96832275390625, 67.79660034179688, 57.93927764892578, 48.31220626831055, 58.92804718017578, 12.543434143066406, 45.135650634765625, 40.11211013793945, 34.857826232910156, -11.122766494750977], "n_epochs": 145}