{"aucroc": 0.711115500523145, "aucpr": 0.2308775269559226, "dataset": "05_campaign", "method": "blind", "test_ratio": 0.11033333333333334, "train_ratio": 0.11033333333333334, "labeled_anomalies": 1.0, "loe_loss": [130.722900390625, 125.19206237792969, 121.49064636230469, 125.1004867553711, 119.02465057373047, 120.2284927368164, 118.69367218017578, 112.67796325683594, 116.42861938476562, 114.14476013183594, 116.51679229736328, 119.64554595947266, 114.45503234863281, 119.05406951904297, 113.49652862548828, 108.46096801757812, 110.84908294677734, 110.34298706054688, 114.57540893554688, 112.01958465576172, 112.20880126953125, 110.07461547851562, 108.10343933105469, 107.74768829345703, 108.41693115234375, 105.50767517089844, 108.3144302368164, 111.8674087524414, 107.78697204589844, 104.83139038085938, 106.04951477050781, 105.19427490234375, 104.1396713256836, 100.35983276367188, 98.93257141113281, 99.43880462646484, 99.40177917480469, 102.23207092285156, 100.67949676513672, 99.41291046142578, 101.86404418945312, 94.81295013427734, 98.97462463378906, 94.62226104736328, 97.51963806152344, 93.50520324707031, 96.20552825927734, 94.08047485351562, 96.6867904663086, 94.94503784179688, 95.67343139648438, 96.53685760498047, 98.11952209472656, 97.21574401855469, 96.69243621826172, 96.1142578125, 93.80814361572266, 91.7055435180664, 95.68170166015625, 95.17280578613281, 94.70138549804688, 92.88825988769531, 92.4126205444336, 93.57830047607422, 94.6961669921875, 90.91897583007812, 91.51420593261719, 93.57428741455078, 88.83000183105469, 94.10226440429688, 91.02124786376953, 91.70066833496094, 91.89476013183594, 92.54800415039062, 94.36353302001953, 92.13277435302734, 90.91521453857422, 95.22882080078125, 91.26554107666016, 91.44461059570312, 96.41329956054688, 92.44242095947266, 91.50686645507812, 90.2385482788086, 91.88967895507812, 90.6168441772461, 92.00691223144531, 94.517822265625, 90.93556213378906, 90.98763275146484, 94.83538818359375, 88.1123275756836, 91.5213623046875, 88.47480010986328, 92.34007263183594, 86.35679626464844, 93.35344696044922, 91.97792053222656, 89.60661315917969, 86.41568756103516, 89.69446563720703, 87.50513458251953, 88.71988677978516, 91.74403381347656, 89.44973754882812, 92.47623443603516, 89.05046844482422, 91.57942199707031, 88.39305114746094, 92.70884704589844, 93.03489685058594, 117.923828125, 87.78140258789062, 86.9588623046875, 91.1375961303711, 88.22410583496094, 88.19544219970703, 91.06327056884766, 88.81790161132812, 90.94888305664062, 87.37865447998047, 89.87796783447266, 87.14319610595703, 87.74250030517578, 89.761474609375, 86.52934265136719, 87.09332275390625, 91.37146759033203, 90.51322174072266, 90.4415054321289, 89.05040740966797, 89.6024169921875, 88.43109130859375, 89.64865112304688, 86.212646484375, 89.98011779785156, 89.28959655761719, 89.23422241210938, 86.50846862792969, 88.90422821044922, 92.74002838134766, 90.54864501953125, 85.77857971191406, 90.58338165283203, 92.17446899414062, 86.54832458496094, 88.12432861328125, 86.6639175415039, 87.0338134765625, 88.57188415527344, 91.41567993164062, 87.77850341796875, 87.57431030273438, 88.20198822021484, 88.24556732177734, 87.16279602050781, 87.1644287109375, 86.54020690917969, 86.94024658203125, 88.08875274658203, 94.67657470703125, 88.69467163085938, 88.56228637695312, 87.41936492919922, 89.319580078125, 89.95965576171875, 87.54814147949219, 89.54379272460938, 89.67953491210938, 87.87551879882812, 91.29361724853516, 87.26013946533203, 90.59770202636719, 90.68531036376953, 88.32640075683594, 88.78445434570312, 94.80300903320312, 87.82933807373047, 88.13854217529297, 95.54106903076172, 90.12214660644531, 88.18325805664062, 93.10201263427734, 85.7307357788086, 88.97138977050781, 87.62446594238281, 86.03890991210938, 86.45730590820312, 88.27873229980469, 88.68677520751953, 90.75102233886719, 84.15851593017578, 89.35394287109375, 86.85877990722656, 88.18095397949219, 87.7446517944336, 86.95392608642578, 89.64421081542969, 91.34208679199219, 86.00497436523438, 86.59513854980469, 87.08831787109375, 88.57556915283203, 84.97138977050781, 87.4649658203125, 115.40420532226562, 89.85797119140625, 88.69823455810547, 85.0656509399414, 88.88004302978516, 88.53071594238281, 87.88668823242188, 89.51101684570312, 85.23370361328125, 83.54844665527344, 84.97518157958984, 86.35059356689453, 90.71922302246094, 87.08024597167969, 117.86113739013672, 88.08779907226562, 88.98739624023438, 88.28982543945312, 86.25131225585938, 90.67476654052734, 86.55958557128906, 87.45938110351562, 89.04068756103516, 89.12490844726562, 89.810791015625, 88.22924041748047, 89.18840789794922, 85.63900756835938, 89.30183410644531, 87.20655059814453, 88.7470703125, 85.68036651611328, 87.29718017578125, 86.45533752441406, 87.1036376953125, 86.06690216064453, 82.76754760742188, 88.78678131103516, 89.4154052734375, 85.04176330566406, 89.19291687011719, 85.40289306640625, 88.96574401855469, 88.53648376464844, 87.02336120605469, 85.0474853515625, 85.5386734008789, 84.19685363769531, 86.88646697998047, 85.9265365600586, 114.9177017211914, 91.54645538330078, 86.88074493408203, 91.4477767944336, 84.9363784790039, 84.42205047607422, 87.62217712402344, 85.2980728149414, 85.6856460571289, 86.32608032226562, 85.43766021728516, 86.4562759399414, 84.7384033203125, 89.10464477539062, 88.3870849609375, 85.39774322509766, 90.02952575683594, 87.5186996459961, 85.25299835205078, 86.90057373046875, 83.67259979248047, 87.6800308227539, 87.15669250488281, 83.6951904296875, 84.22705841064453, 86.2677001953125, 85.89202880859375, 86.24147033691406, 87.89070129394531, 85.10491943359375, 88.83968353271484, 85.83220672607422, 84.19589233398438, 84.39070892333984, 88.63943481445312, 89.70634460449219, 83.4156494140625, 87.28163146972656, 83.91959381103516, 82.8636474609375, 84.79828643798828, 86.13505554199219, 85.41470336914062, 85.56783294677734, 85.63307189941406, 84.18511962890625, 86.14775085449219, 87.39674377441406, 86.05754089355469, 83.57162475585938, 85.40032196044922, 87.27503967285156, 84.31396484375, 86.29918670654297, 84.26821899414062, 118.5005111694336, 86.57530975341797, 88.27825164794922, 82.84539031982422, 84.99307250976562, 87.6384048461914, 85.22549438476562, 85.85786437988281, 85.78900909423828, 115.71102905273438, 87.72014617919922, 87.89811706542969, 85.10040283203125, 84.39961242675781, 85.23882293701172, 85.80110931396484, 87.32748413085938, 83.01966857910156, 86.55984497070312, 87.5278091430664, 86.84925842285156, 86.46131896972656, 83.4351806640625, 88.64421081542969, 87.83412170410156, 87.16870880126953, 86.3233642578125, 89.72359466552734, 85.58412170410156, 88.5688247680664, 85.57992553710938, 86.2000732421875, 87.41900634765625, 88.94332885742188, 86.8235092163086, 87.97237396240234, 83.70542907714844, 87.53034973144531, 86.48646545410156, 88.31855773925781, 83.66224670410156, 86.18162536621094, 83.43637084960938, 87.87507629394531, 81.13003540039062, 85.85649108886719, 87.68440246582031, 84.82987976074219, 88.9756851196289, 86.82881164550781, 85.74845886230469, 85.51100158691406, 88.59297943115234, 82.83306121826172, 86.7816390991211, 82.641845703125, 88.90489959716797, 85.36546325683594, 85.82228088378906, 86.55712127685547, 83.65977478027344, 83.94297790527344, 86.42367553710938, 87.6126937866211, 82.31501007080078, 84.65414428710938, 83.78202819824219, 88.74474334716797, 85.23617553710938, 83.63018035888672, 83.90274810791016, 84.05592346191406, 87.67317199707031, 83.71597290039062, 86.23527526855469, 85.2262191772461, 83.87196350097656, 86.00852966308594, 86.09229278564453, 83.41034698486328, 85.531982421875, 88.68553924560547, 85.43815612792969, 89.03026580810547, 82.88346862792969, 84.62925720214844, 86.9228515625, 83.42086791992188, 82.98528289794922, 85.48314666748047, 84.00228881835938, 118.11450958251953, 83.31011199951172, 85.38414001464844, 89.35234069824219, 86.22599029541016, 84.23238372802734, 82.34729766845703, 86.11888122558594, 89.9584732055664, 86.15896606445312, 81.97022247314453, 