{"aucroc": 0.7217389466995835, "aucpr": 0.2552244745515742, "dataset": "05_campaign", "method": "soft", "test_ratio": 0.11033333333333334, "train_ratio": 0.11033333333333334, "labeled_anomalies": 1.0, "loe_loss": [97.83208465576172, 97.86332702636719, 94.11797332763672, 95.6806640625, 92.52349853515625, 90.45413208007812, 92.63043212890625, 91.09400177001953, 90.67390441894531, 90.10452270507812, 90.58356475830078, 90.78816986083984, 90.23001098632812, 89.35653686523438, 87.16978454589844, 87.14987182617188, 87.28520202636719, 87.820556640625, 87.27383422851562, 87.26921844482422, 86.63740539550781, 85.07395935058594, 84.83688354492188, 84.45357513427734, 84.97643280029297, 82.34679412841797, 83.75971984863281, 83.95558166503906, 82.88157653808594, 81.83857727050781, 80.720703125, 79.12338256835938, 80.66463470458984, 79.86071014404297, 76.65890502929688, 77.1275405883789, 78.13858795166016, 78.3812255859375, 75.82079315185547, 77.67097473144531, 79.68203735351562, 75.92741394042969, 77.63323974609375, 73.97855377197266, 75.82927703857422, 73.77134704589844, 74.41165161132812, 74.53147888183594, 74.03913116455078, 75.15008544921875, 74.71111297607422, 73.66520690917969, 74.61888885498047, 76.68903350830078, 74.43247985839844, 73.73817443847656, 73.52993774414062, 72.9761734008789, 71.19741821289062, 74.59255981445312, 73.52875518798828, 73.27022552490234, 70.93242645263672, 73.52890014648438, 74.48636627197266, 71.70864868164062, 71.31814575195312, 71.61370849609375, 70.7699203491211, 73.16695404052734, 71.77896881103516, 71.19561767578125, 71.7429428100586, 71.51721954345703, 72.87189483642578, 71.17729187011719, 71.22795867919922, 72.8332290649414, 70.94402313232422, 70.21734619140625, 71.05448913574219, 71.75776672363281, 71.75118255615234, 70.14088439941406, 71.0440444946289, 71.58756256103516, 70.78280639648438, 72.9967269897461, 70.85191345214844, 71.02652740478516, 73.29081726074219, 69.19340515136719, 70.65296936035156, 69.4411392211914, 70.72737121582031, 69.67131042480469, 70.70354461669922, 71.37333679199219, 69.8756103515625, 69.13098907470703, 69.2798843383789, 69.70606994628906, 69.13109588623047, 68.48494720458984, 69.1654281616211, 71.19554138183594, 69.60708618164062, 71.63672637939453, 69.31352996826172, 71.54612731933594, 68.72618103027344, 62.222747802734375, 69.41096496582031, 69.58370208740234, 69.83219146728516, 69.57166290283203, 68.29844665527344, 69.5701904296875, 69.78582763671875, 70.19407653808594, 68.54380798339844, 67.51426696777344, 67.6528091430664, 68.75857543945312, 69.20975494384766, 68.24286651611328, 69.38549041748047, 68.62675476074219, 70.5081558227539, 69.76831817626953, 71.08821105957031, 70.06089782714844, 69.28398132324219, 69.87532043457031, 68.13333892822266, 69.7612533569336, 68.44873809814453, 67.79215240478516, 67.97906494140625, 69.70973205566406, 69.21057891845703, 71.69031524658203, 67.94935607910156, 70.78286743164062, 70.64070892333984, 68.97083282470703, 68.81515502929688, 68.02873992919922, 69.02581787109375, 69.71807098388672, 68.22510528564453, 67.42304229736328, 68.95854949951172, 68.9140396118164, 68.1280746459961, 67.89376068115234, 67.96731567382812, 68.38632202148438, 68.95933532714844, 69.87149810791016, 69.56718444824219, 68.45075988769531, 69.98025512695312, 68.91026306152344, 70.05387115478516, 69.36563110351562, 69.510498046875, 70.03570556640625, 68.42230224609375, 67.4761962890625, 70.38674926757812, 67.3817138671875, 68.32054138183594, 68.88844299316406, 68.3608169555664, 67.837890625, 71.11186218261719, 68.774658203125, 68.47903442382812, 69.49189758300781, 67.5411376953125, 69.71619415283203, 68.07447052001953, 68.16285705566406, 68.91064453125, 67.833984375, 66.3022689819336, 68.30450439453125, 68.77136993408203, 67.54470825195312, 68.91621398925781, 66.55841064453125, 68.82229614257812, 66.6880111694336, 68.93387603759766, 68.52791595458984, 67.68705749511719, 68.21182250976562, 70.25466918945312, 66.96060180664062, 67.98877716064453, 69.23723602294922, 67.54602813720703, 66.97760009765625, 65.60466766357422, 59.4791374206543, 66.33930206298828, 68.43856048583984, 67.07972717285156, 67.9637451171875, 68.48429107666016, 68.1033706665039, 69.71769714355469, 65.8168716430664, 65.08284759521484, 66.01863861083984, 67.57267761230469, 67.94795227050781, 67.26972961425781, 58.731021881103516, 66.39605712890625, 67.49311065673828, 67.0848617553711, 65.31940460205078, 68.7726058959961, 65.94952392578125, 67.75723266601562, 67.79730224609375, 67.51813507080078, 66.22303771972656, 67.77080535888672, 65.31684875488281, 66.65029907226562, 67.8814468383789, 65.84208679199219, 67.17298889160156, 67.6575927734375, 67.20073699951172, 67.14501190185547, 66.54241943359375, 66.41229248046875, 66.2117691040039, 66.07981872558594, 68.82209777832031, 66.38699340820312, 67.60631561279297, 67.18525695800781, 66.67303466796875, 67.74971008300781, 65.13990783691406, 65.8963623046875, 67.45565032958984, 66.27536010742188, 66.40506744384766, 65.9035415649414, 58.824058532714844, 70.00080108642578, 68.5485610961914, 70.51712036132812, 65.92572021484375, 66.54061126708984, 67.71802520751953, 65.72534942626953, 66.16593933105469, 65.93174743652344, 66.11448669433594, 65.79924011230469, 65.44347381591797, 69.0064468383789, 67.60579681396484, 66.9032211303711, 65.79206085205078, 68.56998443603516, 65.84513854980469, 66.6192626953125, 66.1435546875, 66.86436462402344, 65.89888000488281, 65.64726257324219, 65.9498291015625, 67.10078430175781, 67.87191772460938, 66.4896240234375, 65.23446655273438, 64.48274993896484, 67.51644134521484, 67.81796264648438, 66.00953674316406, 66.00859069824219, 66.12399291992188, 64.58667755126953, 65.23709106445312, 65.87743377685547, 64.55899810791016, 65.45884704589844, 64.79157257080078, 65.20086669921875, 66.87825775146484, 66.12535095214844, 64.99580383300781, 65.56944274902344, 63.644927978515625, 67.7877197265625, 67.21553039550781, 65.4947738647461, 66.13834381103516, 67.71383666992188, 65.2336196899414, 65.1679458618164, 65.29005432128906, 59.009037017822266, 63.954654693603516, 65.85529327392578, 65.26000213623047, 64.95619201660156, 65.05436706542969, 64.52593231201172, 64.75109100341797, 63.732200622558594, 57.38568115234375, 67.58366394042969, 66.9601058959961, 66.12088775634766, 64.73789978027344, 66.29295349121094, 65.81500244140625, 64.6809310913086, 63.89479446411133, 65.80888366699219, 63.563663482666016, 65.41082000732422, 66.56950378417969, 64.73396301269531, 63.780479431152344, 65.01544189453125, 65.36300659179688, 64.20735168457031, 66.55599212646484, 66.78233337402344, 64.98290252685547, 64.28112030029297, 65.14797973632812, 64.18240356445312, 67.54109191894531, 65.91634368896484, 66.40066528320312, 65.20466613769531, 66.8078384399414, 66.01296997070312, 66.16450500488281, 65.72592163085938, 65.3868179321289, 64.84426879882812, 64.0659408569336, 63.0010871887207, 65.6096420288086, 67.38957977294922, 63.31947326660156, 64.81626892089844, 64.23422241210938, 66.14158630371094, 64.69681549072266, 65.47710418701172, 64.31122589111328, 67.56148529052734, 63.66412353515625, 64.34933471679688, 64.50552368164062, 66.1927490234375, 65.28242492675781, 63.89654541015625, 65.26670837402344, 64.72765350341797, 66.20320892333984, 63.068809509277344, 65.35563659667969, 65.26422119140625, 63.40482711791992, 65.542236328125, 64.84963989257812, 64.59236907958984, 64.43405151367188, 64.79891204833984, 63.60645294189453, 67.03047943115234, 65.21808624267578, 64.78431701660156, 65.79090881347656, 66.57582092285156, 64.07685089111328, 62.98197555541992, 65.28437805175781, 63.5431022644043, 65.80614471435547, 63.886478424072266, 63.36931228637695, 67.2931900024414, 64.31000518798828, 64.3335189819336, 65.56400299072266, 64.88356018066406, 54.93951416015625, 63.706321716308594, 65.57879638671875, 66.73225402832031, 64.36605834960938, 63.42705535888672, 63.42188262939453, 65.6854248046875, 64.18229675292969, 65.38858795166016, 63.786216735839844, 63.127410888671875, 