{"aucroc": 0.8926135428925757, "aucpr": 0.5496256345156413, "dataset": "06_cardio", "method": "hard", "test_ratio": 0.09636363636363636, "train_ratio": 0.09636363636363636, "labeled_anomalies": 1.0, "loe_loss": [33.356544494628906, 29.025028228759766, 24.761367797851562, 28.85551643371582, 25.658161163330078, 26.836843490600586, 27.354904174804688, 27.162303924560547, 23.903345108032227, 22.591022491455078, 26.5034236907959, 27.385723114013672, 25.910280227661133, 27.780271530151367, 26.878795623779297, 26.173080444335938, 24.032773971557617, 26.39065170288086, 23.40915298461914, 25.00159454345703, 24.637052536010742, 26.14266014099121, 24.97381591796875, 25.92642593383789, 24.04021453857422, 25.542644500732422, 25.017681121826172, 25.061668395996094, 24.93029022216797, 24.70224952697754, 24.917621612548828, 21.56098175048828, 24.494638442993164, 24.613515853881836, 24.893230438232422, 21.708297729492188, 22.761186599731445, 20.588848114013672, 23.721298217773438, 21.741777420043945, 23.628711700439453, 24.270450592041016, 23.7264347076416, 22.85944938659668, 24.680788040161133, 24.35618019104004, 23.03067970275879, 23.70833396911621, 23.300500869750977, 23.912431716918945, 23.80614471435547, 24.072174072265625, 23.833938598632812, 20.526376724243164, 23.612585067749023, 21.296890258789062, 23.28809928894043, 23.672422409057617, 23.456546783447266, 20.525236129760742, 20.612316131591797, 21.82396125793457, 21.055557250976562, 21.50559425354004, 23.855445861816406, 23.052160263061523, 21.649478912353516, 23.290939331054688, 18.737903594970703, 23.23522186279297, 21.49370002746582, 23.400310516357422, 22.830078125, 23.206138610839844, 22.35444450378418, 22.966739654541016, 20.50750160217285, 19.704782485961914, 23.246559143066406, 22.62175941467285, 19.73406410217285, 23.207870483398438, 21.071880340576172, 23.233945846557617, 22.670398712158203, 19.295461654663086, 21.529783248901367, 21.99835777282715, 21.846160888671875, 22.48891258239746, 21.20851707458496, 20.954875946044922, 20.056678771972656, 22.504793167114258, 21.410140991210938, 21.398714065551758, 19.1429500579834, 21.671106338500977, 22.202280044555664, 22.27930450439453, 21.814727783203125, 22.11037826538086, 19.59084701538086, 22.23232078552246, 21.06290626525879, 21.469165802001953, 20.85924530029297, 21.747190475463867, 19.182666778564453, 21.388710021972656, 21.36066246032715, 19.230175018310547, 21.51577377319336, 20.766740798950195, 21.2211971282959, 21.734228134155273, 21.358671188354492, 21.9262752532959, 18.910877227783203, 21.662813186645508, 20.7415771484375, 18.470687866210938, 21.290504455566406, 21.425495147705078, 21.520822525024414, 20.394723892211914, 21.47130584716797, 21.624513626098633, 21.9635009765625, 19.929533004760742, 21.47868537902832, 17.680105209350586, 20.866085052490234, 20.45843505859375, 21.787961959838867, 21.705787658691406, 21.682796478271484, 19.610435485839844, 21.220535278320312, 20.49976348876953, 21.14470100402832, 21.008438110351562, 21.346494674682617, 20.74931526184082, 18.517107009887695, 21.068660736083984, 19.714033126831055, 20.312667846679688, 21.227787017822266, 17.614967346191406, 16.148380279541016, 20.204418182373047, 19.284099578857422, 18.174030303955078, 19.71929359436035, 16.45636749267578, 20.781288146972656, 18.33031463623047, 20.354522705078125, 16.969860076904297, 20.204566955566406, 19.042009353637695, 19.574026107788086, 19.96043586730957, 16.431175231933594, 20.473159790039062, 18.625072479248047, 20.87808609008789, 20.598148345947266, 17.101207733154297, 20.22727394104004, 20.094228744506836, 17.610015869140625, 20.676513671875, 20.533653259277344, 20.052892684936523, 18.549114227294922, 19.859304428100586, 19.666479110717773, 20.01641273498535, 20.854124069213867, 19.904911041259766, 18.77277946472168, 17.248497009277344, 19.534971237182617, 20.449260711669922, 19.877017974853516, 19.855253219604492, 19.671329498291016, 19.4146728515625, 20.441064834594727, 18.483299255371094, 20.29245948791504, 18.88504981994629, 20.05750846862793, 19.704483032226562, 19.33745574951172, 19.030858993530273, 19.896501541137695, 19.435894012451172, 19.731494903564453, 19.767723083496094, 20.00130271911621, 20.40153694152832, 19.065174102783203, 20.029165267944336, 20.26811408996582, 18.73060417175293, 20.079652786254883, 18.455333709716797, 19.204179763793945, 17.862810134887695, 18.618297576904297, 18.698726654052734, 18.456953048706055, 19.341053009033203, 19.196680068969727, 19.21543312072754, 17.66231346130371, 19.285114288330078, 18.629924774169922, 16.64053726196289, 19.165128707885742, 16.036832809448242, 19.22957420349121, 16.824155807495117, 18.90774154663086, 18.7216739654541, 16.583961486816406, 18.518569946289062, 15.831280708312988, 15.385039329528809, 16.70140266418457, 17.968338012695312, 18.78856086730957, 19.22893524169922, 19.12761116027832, 18.176231384277344, 16.82099151611328, 18.797910690307617, 18.39423942565918, 17.994874954223633, 19.426090240478516, 18.845291137695312, 15.390703201293945, 18.53738021850586, 16.114513397216797, 16.11784553527832, 18.280048370361328, 17.770662307739258, 17.974945068359375, 19.11062240600586, 18.222383499145508, 16.859233856201172, 18.045886993408203, 16.303442001342773, 18.78696060180664, 14.274967193603516, 18.28096580505371, 16.90114402770996, 18.51857566833496, 17.653079986572266, 18.017601013183594, 16.364604949951172, 18.36124038696289, 18.529186248779297, 16.249319076538086, 18.158044815063477, 16.542695999145508, 18.60238265991211, 18.23751449584961, 15.669412612915039, 18.385456085205078, 17.95591163635254, 16.519081115722656, 18.293231964111328, 17.74886703491211, 15.687026977539062, 17.49566078186035, 17.00299072265625, 15.351483345031738, 17.82881736755371, 13.55116081237793, 15.641158103942871, 14.569286346435547, 16.84390640258789, 17.854856491088867, 18.11113739013672, 15.619491577148438, 17.646183013916016, 18.378520965576172, 17.98155403137207, 14.112210273742676, 15.443229675292969, 18.02956771850586, 15.740167617797852, 16.11821937561035, 16.236974716186523, 15.302103042602539, 16.670854568481445, 18.09980010986328, 15.983346939086914, 17.556047439575195, 16.42790985107422, 16.126371383666992, 15.257869720458984, 16.819007873535156, 15.79210090637207, 17.10248565673828, 15.770296096801758, 14.313325881958008, 16.70598602294922, 16.427995681762695, 10.942106246948242, 16.206268310546875, 17.076568603515625, 17.51599884033203, 16.66398811340332, 13.25900650024414, 16.481914520263672, 16.6978816986084, 17.375123977661133, 16.549264907836914, 15.531173706054688, 17.733980178833008, 15.773272514343262, 17.852392196655273, 13.499629020690918, 16.724985122680664, 12.187926292419434, 17.947633743286133, 15.0977783203125, 16.774063110351562, 17.144756317138672, 16.921987533569336, 13.284643173217773, 16.421131134033203, 17.372413635253906, 15.087316513061523, 16.05498695373535, 14.804187774658203, 17.230567932128906, 13.00402545928955, 17.41412353515625, 17.655649185180664, 16.219585418701172, 16.60120964050293, 18.060035705566406, 15.951836585998535, 12.672616958618164, 15.035183906555176, 16.70602798461914, 16.094497680664062, 17.578641891479492, 15.426856994628906, 14.18614387512207, 12.482605934143066, 15.256226539611816, 15.841938018798828, 17.113895416259766, 17.750898361206055, 15.619346618652344, 12.794618606567383, 13.433158874511719, 16.50196075439453, 15.185929298400879, 11.307723999023438, 14.766098022460938, 17.446226119995117, 17.453367233276367, 16.65587615966797, 15.045433044433594, 13.380029678344727, 13.198707580566406, 15.648194313049316, 13.266969680786133, 17.946443557739258, 15.340265274047852, 12.049759864807129, 16.928443908691406, 16.047069549560547, 15.806116104125977, 15.447121620178223, 14.979595184326172, 14.745561599731445, 14.524454116821289, 17.831695556640625, 16.668609619140625, 16.20639991760254, 15.041821479797363, 13.730877876281738, 15.095519065856934, 11.849685668945312, 17.19333267211914, 9.628458023071289, 16.914337158203125, 