{"aucroc": 0.8857674347974641, "aucpr": 0.449973636813666, "dataset": "06_cardio", "method": "soft", "test_ratio": 0.09636363636363636, "train_ratio": 0.09636363636363636, "labeled_anomalies": 1.0, "loe_loss": [39.504493713378906, 35.815338134765625, 33.48442459106445, 33.771278381347656, 32.85595703125, 33.8985595703125, 33.11289978027344, 33.100982666015625, 32.08684158325195, 30.657033920288086, 32.510440826416016, 31.13184356689453, 31.423357009887695, 30.45071792602539, 30.168384552001953, 29.230995178222656, 31.370756149291992, 30.019559860229492, 29.903018951416016, 30.5521240234375, 29.62141227722168, 29.606910705566406, 29.131162643432617, 30.354671478271484, 29.579492568969727, 29.07792854309082, 28.640254974365234, 29.78172492980957, 29.665287017822266, 29.176408767700195, 28.889991760253906, 29.807353973388672, 28.51280975341797, 29.560014724731445, 28.541854858398438, 28.6346435546875, 28.78978729248047, 28.251583099365234, 28.453168869018555, 27.881011962890625, 28.266624450683594, 27.502573013305664, 27.378511428833008, 28.45404052734375, 27.827423095703125, 27.463565826416016, 27.793174743652344, 27.89068603515625, 27.477760314941406, 28.072246551513672, 27.869579315185547, 26.9703311920166, 27.357894897460938, 27.552566528320312, 27.49321746826172, 26.992477416992188, 26.336763381958008, 27.47761344909668, 27.208267211914062, 26.68326759338379, 27.356298446655273, 26.508121490478516, 27.917484283447266, 26.76811408996582, 26.284160614013672, 27.19470977783203, 26.615673065185547, 26.365049362182617, 26.659420013427734, 26.85962677001953, 26.923572540283203, 27.2149600982666, 26.607789993286133, 26.734899520874023, 27.235750198364258, 26.32715606689453, 27.30042266845703, 27.170379638671875, 27.058727264404297, 26.779956817626953, 26.265098571777344, 26.648584365844727, 26.85595703125, 26.350753784179688, 27.036327362060547, 26.55466079711914, 26.924741744995117, 26.618196487426758, 26.325836181640625, 26.26622772216797, 26.470111846923828, 25.666170120239258, 25.941715240478516, 25.885330200195312, 25.870195388793945, 25.728069305419922, 26.41822052001953, 26.460613250732422, 25.728469848632812, 25.677350997924805, 25.844318389892578, 26.110851287841797, 26.100460052490234, 26.04085922241211, 25.236576080322266, 25.484426498413086, 25.400842666625977, 25.31604766845703, 25.86759376525879, 26.342628479003906, 25.753694534301758, 25.50857162475586, 25.398908615112305, 25.843860626220703, 25.691110610961914, 25.218868255615234, 25.33115005493164, 25.664762496948242, 25.254404067993164, 25.580686569213867, 24.999549865722656, 25.191509246826172, 26.242151260375977, 25.250465393066406, 25.400981903076172, 25.69234848022461, 25.283594131469727, 25.3668212890625, 25.246191024780273, 25.55376625061035, 25.437625885009766, 24.83511734008789, 25.788372039794922, 24.87993049621582, 25.355520248413086, 25.34071159362793, 25.361053466796875, 24.540376663208008, 25.46718978881836, 25.4084529876709, 24.92125129699707, 25.362594604492188, 25.080692291259766, 25.16975975036621, 25.04997444152832, 24.86617660522461, 24.563705444335938, 24.600461959838867, 25.452983856201172, 25.681699752807617, 24.04224395751953, 25.06346893310547, 24.92751693725586, 24.987585067749023, 25.048152923583984, 25.11798858642578, 25.395519256591797, 24.600828170776367, 24.780094146728516, 25.06804656982422, 24.741579055786133, 25.07485580444336, 24.312583923339844, 24.29735565185547, 24.993810653686523, 25.143667221069336, 24.576021194458008, 25.199542999267578, 25.055145263671875, 24.717191696166992, 24.725879669189453, 24.064146041870117, 25.17662239074707, 24.50844955444336, 24.31047821044922, 24.482215881347656, 24.71685791015625, 24.721996307373047, 24.018877029418945, 24.049461364746094, 24.85555648803711, 24.598731994628906, 24.64226722717285, 24.56926918029785, 24.518569946289062, 24.59357452392578, 24.71170997619629, 24.170421600341797, 23.769790649414062, 24.065692901611328, 24.22040367126465, 23.99449920654297, 24.391202926635742, 24.582597732543945, 23.971405029296875, 23.184181213378906, 23.828763961791992, 24.31256103515625, 24.588239669799805, 24.502363204956055, 24.59797477722168, 23.611478805541992, 24.48419952392578, 24.327796936035156, 24.366174697875977, 23.85561752319336, 23.99203872680664, 24.24048614501953, 23.861980438232422, 23.746868133544922, 23.26310157775879, 23.912109375, 23.734901428222656, 24.54538917541504, 24.453866958618164, 23.7528076171875, 23.221668243408203, 24.133115768432617, 24.40985107421875, 24.22205924987793, 24.10757064819336, 24.243085861206055, 23.803348541259766, 23.436613082885742, 23.40666389465332, 23.587270736694336, 23.538434982299805, 24.15522575378418, 23.69820213317871, 24.37623405456543, 23.73338508605957, 23.981983184814453, 23.609167098999023, 23.65309715270996, 23.733871459960938, 23.10361099243164, 23.35050392150879, 23.310632705688477, 23.519094467163086, 23.322879791259766, 22.518220901489258, 23.432382583618164, 23.886022567749023, 23.168628692626953, 23.64380645751953, 23.188474655151367, 23.639806747436523, 23.0279598236084, 23.585107803344727, 23.333431243896484, 23.701452255249023, 23.47868537902832, 23.378337860107422, 23.659381866455078, 23.124492645263672, 23.427976608276367, 23.37904167175293, 23.4822940826416, 23.47524642944336, 22.558137893676758, 23.274213790893555, 23.441434860229492, 23.383697509765625, 23.497671127319336, 23.618661880493164, 23.42131233215332, 23.737741470336914, 23.40487289428711, 23.26605796813965, 23.206989288330078, 23.34195327758789, 22.919193267822266, 23.278297424316406, 23.246694564819336, 23.230100631713867, 23.430994033813477, 23.284088134765625, 23.264265060424805, 23.547096252441406, 23.04632568359375, 23.39439582824707, 22.70406723022461, 23.547616958618164, 23.059101104736328, 22.343685150146484, 22.571979522705078, 22.765727996826172, 22.59910011291504, 22.98595428466797, 23.16544532775879, 22.82176971435547, 22.92466926574707, 22.85784149169922, 22.90850067138672, 23.096803665161133, 22.624706268310547, 22.78072738647461, 21.98096466064453, 23.166013717651367, 22.828960418701172, 23.227651596069336, 22.929080963134766, 23.335474014282227, 22.62369728088379, 22.95808982849121, 22.39806365966797, 23.041793823242188, 22.42169761657715, 22.953876495361328, 22.40445327758789, 22.41988182067871, 22.35260009765625, 23.568796157836914, 22.690336227416992, 22.641578674316406, 22.587724685668945, 22.269079208374023, 22.6314754486084, 21.86200714111328, 22.116119384765625, 23.260469436645508, 22.245014190673828, 22.3196964263916, 22.68151092529297, 22.956802368164062, 22.40907859802246, 22.66705322265625, 22.57035255432129, 22.71339988708496, 23.0684871673584, 22.413265228271484, 22.690872192382812, 21.8779239654541, 22.219167709350586, 23.217599868774414, 22.889892578125, 22.633522033691406, 22.4808292388916, 22.333965301513672, 22.83470916748047, 22.255599975585938, 21.669652938842773, 22.677165985107422, 22.156475067138672, 22.459135055541992, 21.853776931762695, 23.028091430664062, 22.533016204833984, 22.47745704650879, 21.852005004882812, 22.116409301757812, 22.697248458862305, 22.58803939819336, 22.024742126464844, 22.71844482421875, 22.0721435546875, 22.5061092376709, 22.241533279418945, 22.61305809020996, 22.2812557220459, 22.05559539794922, 22.77252960205078, 22.496688842773438, 22.351333618164062, 22.814434051513672, 21.99127960205078, 22.156551361083984, 21.501554489135742, 22.360925674438477, 22.613943099975586, 22.400447845458984, 21.69987678527832, 22.438922882080078, 22.140199661254883, 22.1118106842041, 20.64972686767578, 22.17465591430664, 22.55840492248535, 22.075626373291016, 21.44191551208496, 21.768339157104492, 22.3647403717041, 21.910892486572266, 22.20224380493164, 22.322961807250977, 22.651744842529297, 21.853961944580078, 22.113666534423828, 22.057621002197266, 22.9951171875, 22.16797637939453, 22.047510147094727, 21.39923858642578, 20.901857376098633, 22.073989868164062, 22.528303146362305, 21.72527503967285, 21.942350387573242, 