{"aucroc": 0.8911329612897511, "aucpr": 0.4743073616216633, "dataset": "06_cardio", "method": "soft", "test_ratio": 0.09636363636363636, "train_ratio": 0.09636363636363636, "labeled_anomalies": 1.0, "loe_loss": [39.504493713378906, 35.81381607055664, 33.46988296508789, 33.75491714477539, 32.857749938964844, 33.92876052856445, 33.14216613769531, 33.10038757324219, 32.063167572021484, 30.66927719116211, 32.549774169921875, 31.154462814331055, 31.424259185791016, 30.446914672851562, 30.141950607299805, 29.200634002685547, 31.361568450927734, 30.041173934936523, 29.943466186523438, 30.595531463623047, 29.643369674682617, 29.61295509338379, 29.12041664123535, 30.361055374145508, 29.58882713317871, 29.126850128173828, 28.67319107055664, 29.80453872680664, 29.689834594726562, 29.203479766845703, 28.92074203491211, 29.840627670288086, 28.505062103271484, 29.59064483642578, 28.537309646606445, 28.623207092285156, 28.79926300048828, 28.23300552368164, 28.391529083251953, 27.877613067626953, 28.293140411376953, 27.47701072692871, 27.33525276184082, 28.387901306152344, 27.819717407226562, 27.476476669311523, 27.7587833404541, 27.90079689025879, 27.436416625976562, 28.081077575683594, 27.855424880981445, 26.951202392578125, 27.31724739074707, 27.503372192382812, 27.490047454833984, 26.987167358398438, 26.28192710876465, 27.471961975097656, 27.191804885864258, 26.570903778076172, 27.282310485839844, 26.489990234375, 27.944725036621094, 26.648906707763672, 26.264175415039062, 27.198884963989258, 26.622352600097656, 26.311559677124023, 26.666107177734375, 26.845577239990234, 26.722686767578125, 27.18095588684082, 26.422094345092773, 26.633974075317383, 27.273359298706055, 26.2454833984375, 27.255027770996094, 27.03702163696289, 26.790542602539062, 26.706253051757812, 26.12986946105957, 26.531387329101562, 26.779254913330078, 26.119457244873047, 26.945415496826172, 26.330163955688477, 26.826946258544922, 26.40796661376953, 26.04680633544922, 26.37336540222168, 26.15011978149414, 25.387187957763672, 25.650157928466797, 25.857322692871094, 25.639406204223633, 25.763120651245117, 26.406932830810547, 26.399568557739258, 25.44812774658203, 25.58051109313965, 25.518590927124023, 25.902923583984375, 26.05778694152832, 25.761152267456055, 24.961244583129883, 25.42430305480957, 25.337282180786133, 25.104352951049805, 25.74213981628418, 26.153934478759766, 25.587188720703125, 25.364910125732422, 25.212066650390625, 25.690032958984375, 25.471935272216797, 24.940858840942383, 25.16933250427246, 25.543691635131836, 24.967369079589844, 25.339221954345703, 24.725811004638672, 24.829416275024414, 26.15955924987793, 24.940542221069336, 25.034032821655273, 25.403671264648438, 25.16471290588379, 24.91459846496582, 25.070194244384766, 25.386795043945312, 25.29946517944336, 24.63251304626465, 25.631006240844727, 24.683208465576172, 25.08199119567871, 25.026020050048828, 25.193294525146484, 24.35052490234375, 25.139686584472656, 25.410961151123047, 24.637861251831055, 25.229066848754883, 24.82530403137207, 24.689210891723633, 24.574806213378906, 24.48897361755371, 24.320838928222656, 24.336759567260742, 25.17080307006836, 25.365102767944336, 23.582029342651367, 25.043222427368164, 24.60504150390625, 24.74443817138672, 24.690719604492188, 25.055644989013672, 25.130496978759766, 24.25867462158203, 24.51730728149414, 24.714258193969727, 24.67690086364746, 24.72376823425293, 24.00640106201172, 24.08560562133789, 24.64885711669922, 24.9237117767334, 24.06109046936035, 24.917102813720703, 24.908842086791992, 24.413482666015625, 24.513479232788086, 23.44005012512207, 24.956254959106445, 24.16498374938965, 23.914989471435547, 24.316917419433594, 24.4897518157959, 24.355392456054688, 23.67825698852539, 23.67789649963379, 24.6700382232666, 24.258955001831055, 24.343406677246094, 24.223800659179688, 24.07291603088379, 24.093114852905273, 24.504907608032227, 23.811195373535156, 23.41244125366211, 23.682889938354492, 23.51186752319336, 23.492307662963867, 23.867830276489258, 24.0116024017334, 23.501789093017578, 22.515966415405273, 23.340608596801758, 24.267417907714844, 24.149246215820312, 23.711408615112305, 24.10443687438965, 23.040170669555664, 23.880321502685547, 23.73719596862793, 24.054393768310547, 23.172229766845703, 23.450674057006836, 23.694610595703125, 23.290122985839844, 23.151012420654297, 22.434049606323242, 23.193056106567383, 23.067663192749023, 23.984394073486328, 24.007070541381836, 23.213520050048828, 22.56006622314453, 23.65668487548828, 23.742202758789062, 23.58325958251953, 23.461097717285156, 23.714693069458008, 23.11964225769043, 22.967830657958984, 22.712562561035156, 22.688175201416016, 22.96976089477539, 23.53464126586914, 23.18788719177246, 23.829608917236328, 22.9903564453125, 23.283843994140625, 22.683460235595703, 22.880451202392578, 23.014625549316406, 22.420124053955078, 22.52989387512207, 22.780025482177734, 22.82870101928711, 22.631816864013672, 21.855005264282227, 22.659517288208008, 23.041229248046875, 22.231529235839844, 22.832233428955078, 22.411279678344727, 23.02155303955078, 22.282556533813477, 22.890972137451172, 22.589468002319336, 23.153697967529297, 22.97936248779297, 22.691484451293945, 23.138885498046875, 22.374889373779297, 22.640270233154297, 22.645214080810547, 22.86646270751953, 22.94328498840332, 21.636762619018555, 22.522897720336914, 22.740734100341797, 22.567951202392578, 23.032833099365234, 22.9898624420166, 22.495342254638672, 23.625455856323242, 22.97138214111328, 22.78545570373535, 22.39964485168457, 22.863155364990234, 22.21418571472168, 22.663654327392578, 22.722881317138672, 22.59066390991211, 22.89651107788086, 22.729629516601562, 22.423389434814453, 22.6834716796875, 22.416330337524414, 22.84894561767578, 22.00912857055664, 23.039213180541992, 22.415279388427734, 21.484142303466797, 21.742794036865234, 22.162368774414062, 21.833688735961914, 22.316242218017578, 22.615623474121094, 22.397138595581055, 22.71076202392578, 22.303424835205078, 22.335458755493164, 22.678014755249023, 22.098112106323242, 22.432920455932617, 21.20309829711914, 22.73394775390625, 22.2450008392334, 22.637401580810547, 22.211668014526367, 22.737091064453125, 21.85346031188965, 22.10609245300293, 21.40920639038086, 22.282634735107422, 21.869998931884766, 22.45492172241211, 21.716028213500977, 21.872285842895508, 21.807876586914062, 23.147565841674805, 22.245380401611328, 22.040485382080078, 22.272493362426758, 21.747041702270508, 22.37120246887207, 21.207067489624023, 21.862592697143555, 22.887466430664062, 21.793920516967773, 21.975425720214844, 22.510087966918945, 22.589801788330078, 21.760028839111328, 22.165220260620117, 22.50981903076172, 22.44655418395996, 22.586490631103516, 21.892684936523438, 22.140167236328125, 21.299270629882812, 21.683917999267578, 22.977954864501953, 22.549793243408203, 21.981260299682617, 21.874103546142578, 21.706180572509766, 22.21526336669922, 21.890304565429688, 20.909944534301758, 21.96771240234375, 21.636438369750977, 21.911163330078125, 20.900772094726562, 22.62331771850586, 21.780954360961914, 22.093307495117188, 21.356966018676758, 21.733654022216797, 22.142953872680664, 22.154808044433594, 21.605670928955078, 22.053958892822266, 21.638511657714844, 22.0687255859375, 21.684024810791016, 22.346755981445312, 21.74825096130371, 21.2497615814209, 22.065547943115234, 22.106733322143555, 21.92706298828125, 22.248374938964844, 21.5914306640625, 21.506010055541992, 20.74248504638672, 21.715328216552734, 22.12660789489746, 21.632225036621094, 20.93464469909668, 21.959447860717773, 21.655364990234375, 21.591909408569336, 19.774518966674805, 21.61442756652832, 22.070430755615234, 21.552425384521484, 20.68336296081543, 20.979711532592773, 21.750606536865234, 21.1361083984375, 21.49532127380371, 21.622377395629883, 21.949691772460938, 21.198522567749023, 21.557235717773438, 21.281646728515625, 22.413753509521484, 21.728137969970703, 21.17512321472168, 20.868257522583008, 20.24167251586914, 21.517227172851562, 22.022687911987305, 