{"aucroc": 0.8857674347974641, "aucpr": 0.449973636813666, "dataset": "06_cardio", "method": "blind", "test_ratio": 0.09636363636363636, "train_ratio": 0.09636363636363636, "labeled_anomalies": 1.0, "loe_loss": [56.432735443115234, 44.80605697631836, 45.86662292480469, 42.229644775390625, 47.517608642578125, 44.8621940612793, 46.79104995727539, 41.675209045410156, 39.90157699584961, 44.15994644165039, 41.86284255981445, 42.025211334228516, 39.78185272216797, 43.43544006347656, 37.558345794677734, 37.44618606567383, 39.99459457397461, 36.638511657714844, 40.04178237915039, 37.64738464355469, 37.42216873168945, 38.23273468017578, 40.76945114135742, 38.53432083129883, 37.47536849975586, 41.78627395629883, 40.026649475097656, 37.439292907714844, 37.259578704833984, 36.96763229370117, 36.03009033203125, 37.504852294921875, 35.71870422363281, 39.74982833862305, 35.68583297729492, 38.30555725097656, 35.87225341796875, 35.34928512573242, 35.50850296020508, 37.08130645751953, 36.35863494873047, 35.978267669677734, 38.14049530029297, 37.8969612121582, 35.6604118347168, 38.59080505371094, 34.808753967285156, 36.161102294921875, 34.80512619018555, 34.9101676940918, 35.48997497558594, 37.680763244628906, 34.87083435058594, 34.360267639160156, 35.341617584228516, 37.340087890625, 33.91142272949219, 33.99657440185547, 33.31414031982422, 35.578224182128906, 35.49467849731445, 33.05376434326172, 35.24359893798828, 33.25714874267578, 34.5562629699707, 34.217681884765625, 32.78586196899414, 32.50664520263672, 37.343177795410156, 34.418766021728516, 33.95526123046875, 33.66738510131836, 33.25204086303711, 33.974098205566406, 34.07441329956055, 33.90979766845703, 34.33644485473633, 34.35466003417969, 33.7414665222168, 33.23732376098633, 34.30531692504883, 33.303627014160156, 32.51814270019531, 33.422607421875, 34.059486389160156, 34.558563232421875, 33.44550704956055, 32.609249114990234, 32.85497283935547, 32.37567138671875, 34.07514572143555, 35.5157356262207, 33.064395904541016, 32.09641647338867, 31.53304672241211, 35.310447692871094, 33.4706916809082, 32.743412017822266, 32.0143928527832, 33.78452682495117, 31.07851791381836, 32.16053771972656, 32.54034423828125, 32.4647102355957, 31.85088348388672, 34.82733154296875, 32.46470642089844, 33.628719329833984, 31.43855094909668, 32.825347900390625, 32.55630111694336, 32.871665954589844, 33.18433380126953, 33.08972930908203, 31.745500564575195, 30.92940902709961, 30.976810455322266, 31.627824783325195, 32.28019332885742, 31.657194137573242, 31.466245651245117, 34.4955940246582, 32.77128601074219, 32.445865631103516, 30.702348709106445, 31.292713165283203, 32.43621063232422, 32.78517532348633, 30.886917114257812, 31.25893783569336, 31.202131271362305, 30.97255516052246, 31.861007690429688, 33.49748992919922, 31.667922973632812, 31.200654983520508, 30.456083297729492, 33.00093078613281, 30.484066009521484, 32.198768615722656, 30.938243865966797, 32.25623321533203, 31.61908531188965, 31.12125015258789, 30.393667221069336, 30.74593162536621, 33.7020378112793, 32.98915100097656, 31.108623504638672, 31.071380615234375, 31.480846405029297, 30.467294692993164, 32.067626953125, 31.05640411376953, 30.63961410522461, 33.016845703125, 31.26573944091797, 30.53453826904297, 30.52633285522461, 30.765844345092773, 32.485816955566406, 30.376985549926758, 29.393081665039062, 31.725900650024414, 30.859214782714844, 30.51109504699707, 30.2066650390625, 32.03224182128906, 30.52278709411621, 30.268388748168945, 29.85445785522461, 31.27042007446289, 30.434553146362305, 29.450679779052734, 29.20271110534668, 29.71333885192871, 30.580585479736328, 29.563674926757812, 31.960800170898438, 32.35323715209961, 30.24702262878418, 30.28472137451172, 30.030656814575195, 29.7094783782959, 29.530784606933594, 29.224956512451172, 30.677522659301758, 30.43238639831543, 31.191545486450195, 30.80498504638672, 29.302165985107422, 30.094655990600586, 29.833818435668945, 29.831668853759766, 29.385757446289062, 33.508460998535156, 28.77836036682129, 29.701433181762695, 30.64739990234375, 29.82362937927246, 29.61933135986328, 31.99126625061035, 29.983177185058594, 30.282808303833008, 29.892620086669922, 28.83734130859375, 30.982929229736328, 29.06932830810547, 31.34535026550293, 29.200441360473633, 31.603391647338867, 28.78319549560547, 30.617149353027344, 30.08880615234375, 29.91207504272461, 32.22800064086914, 31.84847068786621, 29.13816261291504, 29.15569496154785, 29.307477951049805, 29.715744018554688, 30.16506576538086, 29.090795516967773, 30.856346130371094, 32.122135162353516, 30.49417495727539, 29.297151565551758, 29.891376495361328, 29.265216827392578, 29.57015609741211, 29.566184997558594, 29.360225677490234, 29.108671188354492, 28.995803833007812, 29.25183868408203, 29.58713722229004, 28.735658645629883, 28.503860473632812, 29.631267547607422, 31.200305938720703, 32.835533142089844, 31.62481117248535, 29.465017318725586, 30.140216827392578, 28.884458541870117, 28.509836196899414, 28.88330078125, 30.81479263305664, 30.286544799804688, 29.62509536743164, 29.031814575195312, 31.468839645385742, 30.249479293823242, 30.80382537841797, 27.75220489501953, 28.578033447265625, 28.970487594604492, 29.837495803833008, 30.81070899963379, 31.172622680664062, 29.074892044067383, 28.490520477294922, 29.27126693725586, 28.97602081298828, 28.973987579345703, 28.92675018310547, 28.92623519897461, 28.885700225830078, 29.513912200927734, 28.730209350585938, 29.295602798461914, 29.063636779785156, 28.539321899414062, 28.63294792175293, 28.886863708496094, 29.514144897460938, 28.399188995361328, 28.501367568969727, 28.209209442138672, 28.823822021484375, 28.7635440826416, 31.786577224731445, 29.421663284301758, 28.331096649169922, 32.84202575683594, 28.031982421875, 28.507110595703125, 29.844091415405273, 31.2613582611084, 29.51571273803711, 27.73240852355957, 29.676231384277344, 27.703720092773438, 29.4649600982666, 28.807161331176758, 28.99050521850586, 28.45571517944336, 31.148414611816406, 28.141551971435547, 28.40155792236328, 28.712345123291016, 28.538230895996094, 29.48483657836914, 28.314411163330078, 28.723054885864258, 31.656572341918945, 29.25234031677246, 31.454830169677734, 27.892311096191406, 31.266956329345703, 29.65899085998535, 27.373577117919922, 28.277631759643555, 31.74481773376465, 27.806026458740234, 28.236434936523438, 26.46831512451172, 28.304607391357422, 31.24715805053711, 30.13409996032715, 28.738651275634766, 30.64800262451172, 27.90083122253418, 28.279285430908203, 27.927724838256836, 27.238162994384766, 28.858036041259766, 28.486549377441406, 27.929750442504883, 29.792959213256836, 28.96139144897461, 28.17344856262207, 31.695829391479492, 31.055156707763672, 28.838451385498047, 28.156808853149414, 28.59772300720215, 27.738191604614258, 28.676584243774414, 28.38494873046875, 27.805280685424805, 26.701946258544922, 29.008895874023438, 27.274232864379883, 27.510080337524414, 31.712947845458984, 28.410335540771484, 28.664825439453125, 27.80408477783203, 29.28164291381836, 28.11299705505371, 28.722122192382812, 28.166568756103516, 31.68331527709961, 27.920679092407227, 27.015701293945312, 28.395418167114258, 27.069135665893555, 27.991859436035156, 31.835126876831055, 30.021509170532227, 29.155364990234375, 28.633588790893555, 27.713172912597656, 28.984325408935547, 28.189252853393555, 29.92038917541504, 31.57202911376953, 28.56222152709961, 29.031078338623047, 27.817413330078125, 28.622934341430664, 27.031593322753906, 27.281570434570312, 29.926729202270508, 33.53117752075195, 28.219589233398438, 29.38344383239746, 28.93963623046875, 31.271987915039062, 29.07291030883789, 29.901365280151367, 27.450504302978516, 27.80026626586914, 28.68571662902832, 29.089981079101562, 29.39661407470703, 26.783414840698242, 26.500288009643555, 27.810020446777344, 29.428707122802734, 27.784576416015625, 30.522483825683594, 33.87065505981445, 27.533447265625, 28.5810604095459, 32.21743392944336, 28.113021850585938, 27.58768081665039, 28.747312545776367, 