{"aucroc": 0.910114776710578, "aucpr": 0.42121361710470206, "dataset": "06_cardio", "method": "hard", "test_ratio": 0.09636363636363636, "train_ratio": 0.09636363636363636, "labeled_anomalies": 1.0, "loe_loss": [34.599063873291016, 26.845829010009766, 24.946155548095703, 28.661653518676758, 29.798660278320312, 28.53380012512207, 27.890953063964844, 27.656652450561523, 27.282180786132812, 25.459449768066406, 23.494033813476562, 24.570842742919922, 26.142854690551758, 26.25977325439453, 26.36115264892578, 27.165494918823242, 24.971399307250977, 26.341197967529297, 24.841812133789062, 25.267913818359375, 25.25105857849121, 23.914045333862305, 24.923524856567383, 24.91423225402832, 24.332141876220703, 22.560293197631836, 20.655611038208008, 22.823944091796875, 25.25653839111328, 22.052932739257812, 24.255456924438477, 24.298532485961914, 24.203622817993164, 22.01608657836914, 23.445131301879883, 23.02684783935547, 24.18939208984375, 22.195924758911133, 23.405506134033203, 23.12717628479004, 23.891860961914062, 23.996591567993164, 23.651344299316406, 23.59950828552246, 22.645252227783203, 20.628786087036133, 22.51603126525879, 23.898941040039062, 23.105846405029297, 23.98594856262207, 23.496564865112305, 22.400859832763672, 25.098487854003906, 23.76380157470703, 23.71360969543457, 22.484989166259766, 22.65869140625, 22.380695343017578, 23.642013549804688, 23.45383071899414, 22.54411506652832, 22.627071380615234, 23.691999435424805, 22.909149169921875, 23.53228759765625, 22.637813568115234, 22.91667938232422, 19.944828033447266, 23.558019638061523, 23.082199096679688, 18.908437728881836, 21.55666732788086, 22.11420440673828, 20.401817321777344, 21.252479553222656, 22.031835556030273, 22.77630615234375, 21.458965301513672, 22.780988693237305, 22.32426643371582, 23.749170303344727, 21.419605255126953, 23.460060119628906, 18.36693000793457, 22.779342651367188, 21.261476516723633, 23.16974639892578, 22.69615364074707, 22.289766311645508, 21.715822219848633, 22.117965698242188, 19.305259704589844, 22.214088439941406, 19.631744384765625, 23.21042251586914, 20.191871643066406, 21.409542083740234, 22.056293487548828, 24.38739776611328, 19.452495574951172, 22.350637435913086, 21.366018295288086, 22.463886260986328, 21.614612579345703, 17.85268211364746, 19.554584503173828, 22.042015075683594, 18.301485061645508, 21.815534591674805, 21.145835876464844, 21.392484664916992, 21.643102645874023, 20.385147094726562, 20.895111083984375, 21.761627197265625, 21.474000930786133, 21.269668579101562, 22.176374435424805, 16.87173843383789, 18.557313919067383, 21.970172882080078, 21.174095153808594, 18.956775665283203, 21.265342712402344, 20.218772888183594, 21.56340217590332, 21.15802764892578, 20.62999153137207, 20.553733825683594, 21.009441375732422, 21.733898162841797, 16.508438110351562, 22.42958641052246, 20.385997772216797, 22.453353881835938, 19.560691833496094, 21.063257217407227, 19.957923889160156, 20.771228790283203, 18.076730728149414, 22.11282730102539, 21.683807373046875, 21.38336181640625, 20.579553604125977, 21.964643478393555, 18.323305130004883, 18.26296615600586, 21.125314712524414, 20.459096908569336, 21.34400749206543, 21.044557571411133, 20.14093589782715, 18.53326416015625, 15.336114883422852, 18.42965316772461, 18.51267433166504, 18.221691131591797, 18.833717346191406, 24.037002563476562, 19.903362274169922, 18.3294620513916, 11.650983810424805, 19.041906356811523, 20.962448120117188, 19.674701690673828, 16.208351135253906, 16.745807647705078, 17.27740478515625, 18.852060317993164, 19.26569938659668, 17.879911422729492, 19.875732421875, 18.665964126586914, 20.43987274169922, 20.472881317138672, 21.14714813232422, 17.291587829589844, 15.747302055358887, 12.14632797241211, 9.0888090133667, 14.929513931274414, 18.759239196777344, 14.879661560058594, 15.342094421386719, 15.191225051879883, 12.291505813598633, 9.511362075805664, 18.202030181884766, 22.345417022705078, 17.883729934692383, 13.33289909362793, 17.394973754882812, 15.504018783569336, 10.812814712524414, 13.558886528015137, 11.529458999633789, 19.176183700561523, 17.82945442199707, 15.60312557220459, 22.934913635253906, 8.650988578796387, 4.676743507385254, 11.610269546508789, 12.838179588317871, 19.349292755126953, -4.752212047576904], "n_epochs": 205}