{"aucroc": 0.642044252044252, "aucpr": 0.3748132599101603, "dataset": "07_Cardiotocography", "method": "hard", "test_ratio": 0.2204724409448819, "train_ratio": 0.2204724409448819, "labeled_anomalies": 1.0, "loe_loss": [18.684858322143555, 18.294227600097656, 14.856582641601562, 15.77273941040039, 15.891083717346191, 15.481721878051758, 15.036259651184082, 16.697925567626953, 12.952086448669434, 14.226669311523438, 11.70717716217041, 14.182573318481445, 15.547179222106934, 15.176331520080566, 12.764263153076172, 13.42348861694336, 15.139434814453125, 15.20482063293457, 12.837238311767578, 11.053131103515625, 12.89002799987793, 12.684642791748047, 15.15001106262207, 14.478713989257812, 13.738846778869629, 12.607627868652344, 11.439579963684082, 14.756950378417969, 13.89737319946289, 13.704907417297363, 13.069440841674805, 12.120445251464844, 10.339468002319336, 14.122119903564453, 13.964155197143555, 13.798995018005371, 13.589667320251465, 14.560470581054688, 13.001627922058105, 13.546358108520508, 12.477300643920898, 12.670709609985352, 14.952871322631836, 13.952356338500977, 13.355986595153809, 11.89179801940918, 14.117827415466309, 13.102212905883789, 12.732816696166992, 11.87716293334961, 12.644747734069824, 12.542352676391602, 14.186856269836426, 10.376117706298828, 13.448183059692383, 12.013044357299805, 12.388690948486328, 11.59264850616455, 11.783894538879395, 12.46884536743164, 13.068188667297363, 12.486261367797852, 12.253242492675781, 13.310291290283203, 11.629606246948242, 13.770529747009277, 11.94337272644043, 11.800064086914062, 12.59929084777832, 12.459877014160156, 11.402448654174805, 13.555985450744629, 14.331281661987305, 13.728655815124512, 13.974194526672363, 12.433788299560547, 12.208633422851562, 13.817975997924805, 11.979806900024414, 13.476309776306152, 12.11801528930664, 11.810189247131348, 13.063745498657227, 10.751173973083496, 12.411924362182617, 13.626594543457031, 13.489827156066895, 10.613931655883789, 13.518733978271484, 12.397296905517578, 12.038007736206055, 11.13193416595459, 13.980657577514648, 12.960976600646973, 12.325224876403809, 13.816139221191406, 13.978377342224121, 12.706259727478027, 13.558687210083008, 12.348335266113281, 13.049660682678223, 11.622669219970703, 11.43936824798584, 12.158249855041504, 10.958192825317383, 11.080724716186523, 12.369453430175781, 12.638738632202148, 13.174524307250977, 13.500323295593262, 12.638659477233887, 12.706436157226562, 12.116808891296387, 12.691390991210938, 13.921675682067871, 13.409003257751465, 13.77830982208252, 11.476868629455566, 13.161417961120605, 12.510424613952637, 12.386432647705078, 12.000422477722168, 13.828191757202148, 13.103866577148438, 12.44638442993164, 12.331698417663574, 12.054058074951172, 12.067845344543457, 12.380538940429688, 13.321039199829102, 11.116691589355469, 11.953351974487305, 11.80294132232666, 13.506258010864258, 13.617892265319824, 11.026378631591797, 11.628700256347656, 11.551315307617188, 10.2094144821167, 12.125094413757324, 11.143299102783203, 11.80859375, 11.935196876525879, 12.789939880371094, 13.694504737854004, 11.554338455200195, 12.501019477844238, 12.330519676208496, 11.540855407714844, 12.250703811645508, 12.869114875793457, 12.968539237976074, 13.370489120483398, 12.2151460647583, 12.862961769104004, 13.071868896484375, 11.781330108642578, 12.714599609375, 13.667616844177246, 12.231039047241211, 12.124147415161133, 13.823630332946777, 12.719220161437988, 11.563095092773438, 11.049699783325195, 12.182950973510742, 12.87211799621582, 12.520801544189453, 11.175239562988281, 12.770737648010254, 12.031922340393066, 12.919323921203613, 11.472302436828613, 12.850072860717773, 12.863253593444824, 12.321161270141602, 12.565727233886719, 11.477197647094727, 12.918249130249023, 12.228796005249023, 13.40656566619873, 12.402780532836914, 13.181585311889648, 12.654534339904785, 13.338857650756836, 12.499494552612305, 12.365121841430664, 11.9462251663208, 12.690834045410156, 12.87751579284668, 12.857147216796875, 11.584859848022461, 12.66596794128418, 10.12794303894043, 13.272295951843262, 10.467329025268555, 11.179341316223145, 11.06380844116211, 12.720016479492188, 11.45065689086914, 10.934223175048828, 12.822324752807617, 11.70634937286377, 10.95910930633545, 11.841304779052734, 11.74061393737793, 13.204503059387207, 12.79423713684082, 10.064802169799805, 10.86052417755127, 11.445359230041504, 12.761756896972656, 11.035725593566895, 12.786683082580566, 12.337952613830566, 12.301355361938477, 12.811723709106445, 12.04045295715332, 10.96888542175293, 11.634392738342285, 12.03759479522705, 11.34151840209961, 12.129902839660645, 13.136527061462402, 12.67066764831543, 12.263553619384766, 11.338802337646484, 12.708916664123535, 12.448918342590332, 12.228904724121094, 11.144232749938965, 12.701070785522461, 10.658281326293945, 10.736581802368164, 11.300938606262207, 11.488784790039062, 10.397049903869629, 12.908844947814941, 13.061583518981934, 9.359231948852539, 12.090849876403809, 11.448741912841797, 12.880999565124512, 11.285882949829102, 11.237093925476074, 12.52749252319336, 10.305383682250977, 12.4916410446167, 12.009806632995605, 11.504554748535156, 11.883638381958008, 10.391931533813477, 11.223040580749512, 9.992280006408691, 11.193111419677734, 13.000508308410645, 12.286844253540039, 11.965523719787598, 12.351546287536621, 12.032845497131348, 11.705549240112305, 12.009552955627441, 9.79490852355957, 12.285446166992188, 11.398558616638184, 11.911136627197266, 10.828463554382324, 12.767016410827637, 11.820810317993164, 12.137835502624512, 11.522299766540527, 12.595258712768555, 11.070775985717773, 12.275846481323242, 12.12691593170166, 11.05332088470459, 11.343524932861328, 11.608588218688965, 11.247780799865723, 11.881418228149414, 12.344202995300293, 12.97315502166748, 10.537276268005371, 12.363916397094727, 10.425517082214355, 12.47426986694336, 11.56454849243164, 10.889127731323242, 11.921989440917969, 10.853569984436035, 11.332565307617188, 10.822813034057617, 12.13612174987793, 12.207839012145996, 11.109222412109375, 10.568798065185547, 12.016634941101074, 11.115484237670898, 12.452756881713867, 11.584014892578125, 11.317638397216797, 9.93757438659668, 11.103363037109375, 10.857749938964844, 10.107590675354004, 11.761061668395996, 11.908955574035645, 9.728008270263672, 11.045659065246582, 10.972250938415527, 11.298041343688965, 11.355340003967285, 9.7625732421875, 11.862009048461914, 12.279623985290527, 11.93665599822998, 12.238981246948242, 11.62530517578125, 12.034926414489746, 11.704760551452637, 11.356870651245117, 9.884410858154297, 12.341222763061523, 10.576818466186523, 9.59361457824707, 11.338536262512207, 11.056192398071289, 10.697537422180176, 7.8793253898620605, 11.204750061035156, 9.9704008102417, 10.97859001159668, 9.970159530639648, 8.307870864868164, 12.221205711364746, 12.234187126159668, 10.536955833435059, 9.483272552490234, 10.82365608215332, 10.552383422851562, 10.747563362121582, 10.570878982543945, 12.054357528686523, 11.990339279174805, 10.620818138122559, 9.79163646697998, 12.097466468811035, 12.256149291992188, 9.100135803222656, 10.43364143371582, 10.579977035522461, 10.218423843383789, 11.543665885925293, 11.715126037597656, 10.609111785888672, 11.60933780670166, 11.024659156799316, 10.528221130371094, 11.284483909606934, 9.77203369140625, 10.808375358581543, 11.571905136108398, 10.356949806213379, 7.752819538116455, 10.437032699584961, 11.633715629577637, 10.885320663452148, 12.087316513061523, 9.389886856079102, 11.435965538024902, 7.040285587310791, 11.107766151428223, 9.005845069885254, 11.169453620910645, 11.469568252563477, 10.512773513793945, 9.583645820617676, 8.416781425476074, 10.488271713256836, 8.079254150390625, 9.280106544494629, 9.554676055908203, 9.60975456237793, 10.861494064331055, 8.534028053283691, 11.240728378295898, 11.166585922241211, 10.590188980102539, 9.821135520935059, 10.474432945251465, 10.894414901733398, 11.62126350402832, 9.513072967529297, 10.099610328674316, 