{"aucroc": 0.6434343434343434, "aucpr": 0.3854475182020591, "dataset": "07_Cardiotocography", "method": "soft", "test_ratio": 0.2204724409448819, "train_ratio": 0.2204724409448819, "labeled_anomalies": 1.0, "loe_loss": [30.44614601135254, 27.443815231323242, 26.445411682128906, 25.0118465423584, 26.08771514892578, 24.96376609802246, 25.2705135345459, 25.04111099243164, 24.763193130493164, 24.335277557373047, 24.412837982177734, 23.86187744140625, 23.901809692382812, 24.23008918762207, 23.35755157470703, 23.269577026367188, 23.504596710205078, 23.271963119506836, 22.875160217285156, 23.050025939941406, 23.194190979003906, 22.487794876098633, 22.8169002532959, 22.646793365478516, 22.986860275268555, 22.655981063842773, 22.410627365112305, 22.80200958251953, 22.190677642822266, 22.197023391723633, 22.45895767211914, 22.386268615722656, 21.861413955688477, 21.84008026123047, 21.734161376953125, 22.052967071533203, 21.276323318481445, 21.740623474121094, 21.60361671447754, 22.193979263305664, 21.540098190307617, 21.94794273376465, 21.542646408081055, 21.390159606933594, 21.927001953125, 21.077003479003906, 20.671310424804688, 21.927398681640625, 21.07423210144043, 21.130754470825195, 20.96414566040039, 21.01978874206543, 20.933191299438477, 20.809953689575195, 20.830699920654297, 20.20728874206543, 20.892818450927734, 20.432048797607422, 21.279314041137695, 21.3441162109375, 20.696367263793945, 20.64215660095215, 21.227535247802734, 20.70291519165039, 20.876142501831055, 21.088876724243164, 20.62187385559082, 21.084754943847656, 20.85504913330078, 20.498363494873047, 20.929054260253906, 20.269880294799805, 20.871501922607422, 20.672632217407227, 20.203983306884766, 20.596282958984375, 20.108551025390625, 20.185518264770508, 20.55757713317871, 20.408559799194336, 20.314001083374023, 20.429920196533203, 20.56072425842285, 20.290964126586914, 20.012046813964844, 20.292091369628906, 19.97850799560547, 20.371191024780273, 21.07438087463379, 20.054447174072266, 20.427019119262695, 20.48638153076172, 20.150968551635742, 20.211673736572266, 20.10702133178711, 20.19466781616211, 20.180204391479492, 19.87548828125, 19.75943946838379, 20.04422950744629, 19.97632598876953, 20.48190689086914, 19.893726348876953, 19.59228515625, 20.282527923583984, 19.945186614990234, 20.180458068847656, 19.98337745666504, 19.295333862304688, 19.853010177612305, 20.001190185546875, 19.751541137695312, 20.252300262451172, 20.01068115234375, 19.622703552246094, 20.232831954956055, 19.708484649658203, 19.68425750732422, 19.68958854675293, 19.803707122802734, 20.06740951538086, 19.905759811401367, 19.690372467041016, 19.823225021362305, 20.213226318359375, 20.086681365966797, 19.095823287963867, 19.291059494018555, 20.011571884155273, 19.5926456451416, 19.708782196044922, 19.848522186279297, 20.233623504638672, 19.432889938354492, 19.537269592285156, 20.27914810180664, 19.407745361328125, 19.811410903930664, 19.61417007446289, 19.70287322998047, 19.578962326049805, 19.746320724487305, 19.548063278198242, 19.959442138671875, 19.79823112487793, 19.755695343017578, 19.554794311523438, 19.159088134765625, 19.580352783203125, 19.50489616394043, 19.44069480895996, 19.842029571533203, 19.333770751953125, 19.76300048828125, 19.596590042114258, 19.51488494873047, 19.117399215698242, 19.361040115356445, 19.55272102355957, 19.359214782714844, 19.849512100219727, 19.612321853637695, 19.324981689453125, 19.407766342163086, 19.393600463867188, 19.12000846862793, 19.00739860534668, 19.613773345947266, 19.32448387145996, 19.546911239624023, 19.208192825317383, 19.5759334564209, 19.32701873779297, 19.163230895996094, 19.191139221191406, 19.368392944335938, 19.019472122192383, 19.09599494934082, 19.283000946044922, 19.28896713256836, 18.923166275024414, 18.909740447998047, 19.411876678466797, 19.295087814331055, 19.16767120361328, 18.935483932495117, 19.29271125793457, 19.279539108276367, 19.626123428344727, 19.045276641845703, 19.02335548400879, 19.07421112060547, 18.95520782470703, 18.88258934020996, 18.907026290893555, 18.83808135986328, 18.7217960357666, 18.70525550842285, 19.25906753540039, 18.6235408782959, 19.188522338867188, 18.873579025268555, 18.940128326416016, 18.971424102783203, 18.722293853759766, 19.013946533203125, 18.661914825439453, 18.118473052978516, 18.89072608947754, 18.784345626831055, 18.76760482788086, 18.905149459838867, 18.685041427612305, 18.10031509399414, 18.84750747680664, 18.602401733398438, 18.99420738220215, 18.621274948120117, 18.726316452026367, 18.49376106262207, 18.36163902282715, 18.734790802001953, 18.828353881835938, 18.413253784179688, 18.952674865722656, 18.80858039855957, 18.651514053344727, 19.050254821777344, 18.648103713989258, 18.809720993041992, 18.455101013183594, 18.632610321044922, 18.86381721496582, 18.468994140625, 18.429975509643555, 18.777345657348633, 18.38770294189453, 18.95308494567871, 18.680097579956055, 18.613187789916992, 17.97819709777832, 18.30624771118164, 18.449628829956055, 18.171443939208984, 18.703258514404297, 18.502857208251953, 18.678993225097656, 18.45465087890625, 18.887847900390625, 18.595584869384766, 18.700626373291016, 18.302139282226562, 18.682252883911133, 18.728450775146484, 18.337793350219727, 18.210350036621094, 18.866233825683594, 18.686756134033203, 18.57883071899414, 18.199588775634766, 18.308059692382812, 18.377456665039062, 18.15576171875, 18.28356170654297, 18.44122314453125, 18.108497619628906, 18.289852142333984, 17.86587905883789, 18.12723159790039, 18.283164978027344, 18.285642623901367, 17.929489135742188, 17.90387535095215, 18.16745376586914, 18.348024368286133, 18.20376205444336, 18.124954223632812, 18.280580520629883, 18.034440994262695, 18.376033782958984, 18.242801666259766, 18.266159057617188, 18.541641235351562, 17.452144622802734, 17.925081253051758, 18.112911224365234, 18.051193237304688, 18.363182067871094, 17.494037628173828, 17.99571990966797, 18.38492774963379, 18.068065643310547, 18.049951553344727, 17.656082153320312, 18.194847106933594, 18.075218200683594, 17.859806060791016, 18.467037200927734, 18.381988525390625, 17.266891479492188, 17.562763214111328, 18.10856056213379, 18.378812789916992, 17.60943603515625, 18.036632537841797, 17.929338455200195, 17.872800827026367, 17.84955596923828, 17.584558486938477, 18.090635299682617, 17.79605484008789, 17.78904151916504, 18.564159393310547, 17.49907112121582, 18.001211166381836, 17.426292419433594, 17.35808563232422, 17.623435974121094, 17.665870666503906, 17.362783432006836, 17.796295166015625, 17.623979568481445, 17.942724227905273, 18.00826644897461, 17.66688346862793, 16.948062896728516, 18.035667419433594, 17.765737533569336, 17.694395065307617, 17.721731185913086, 18.141836166381836, 17.711458206176758, 17.47848129272461, 17.481403350830078, 17.671266555786133, 17.32588768005371, 17.37441062927246, 16.977313995361328, 17.65744400024414, 17.374523162841797, 17.27246856689453, 17.227598190307617, 17.097789764404297, 16.7666072845459, 17.48470687866211, 17.472261428833008, 17.799209594726562, 17.501426696777344, 16.978708267211914, 17.77902603149414, 17.601306915283203, 17.761051177978516, 17.82305335998535, 17.419404983520508, 17.65285873413086, 16.979684829711914, 17.780683517456055, 17.585737228393555, 17.756855010986328, 17.49419403076172, 17.576171875, 17.792011260986328, 17.519866943359375, 16.923294067382812, 17.348678588867188, 17.2791748046875, 17.204347610473633, 17.405014038085938, 17.551740646362305, 17.41572380065918, 16.632537841796875, 17.43872833251953, 17.293912887573242, 17.390867233276367, 17.329492568969727, 17.465801239013672, 17.371252059936523, 17.198001861572266, 17.33675765991211, 17.444780349731445, 17.616443634033203, 17.103384017944336, 17.321949005126953, 16.896333694458008, 16.863388061523438, 17.21063995361328, 17.761934280395508, 17.601797103881836, 16.75652313232422, 16.988510131835938, 17.02029037475586, 17.30218505859375, 16.68000030517578, 17.2011775970459, 16.88774871826172, 17.174415588378906, 17.62234878540039,