{"aucroc": 0.6086676286676286, "aucpr": 0.3211320108724748, "dataset": "07_Cardiotocography", "method": "soft", "test_ratio": 0.2204724409448819, "train_ratio": 0.2204724409448819, "labeled_anomalies": 1.0, "loe_loss": [31.106666564941406, 26.833831787109375, 25.222976684570312, 25.60760498046875, 25.442989349365234, 25.389184951782227, 25.562183380126953, 24.696680068969727, 24.92647933959961, 25.160839080810547, 25.037734985351562, 24.493391036987305, 24.120555877685547, 24.204975128173828, 22.790279388427734, 22.36322021484375, 23.25929069519043, 23.22220802307129, 23.330434799194336, 22.81991958618164, 22.441701889038086, 22.835567474365234, 22.478042602539062, 21.916561126708984, 22.56049156188965, 22.693544387817383, 22.12274932861328, 21.907981872558594, 21.83715057373047, 22.282272338867188, 22.250391006469727, 21.747528076171875, 21.678098678588867, 21.635540008544922, 21.903043746948242, 21.488483428955078, 21.63819694519043, 21.83555030822754, 21.527101516723633, 21.925010681152344, 21.154788970947266, 21.27989959716797, 21.259963989257812, 21.245458602905273, 21.453920364379883, 21.399974822998047, 21.1739501953125, 21.951766967773438, 21.221839904785156, 21.2166748046875, 20.694517135620117, 21.26750373840332, 20.985719680786133, 21.4589786529541, 21.33102035522461, 20.917509078979492, 21.004161834716797, 20.82189178466797, 20.668893814086914, 20.834442138671875, 20.46734046936035, 20.67546272277832, 20.830209732055664, 20.905759811401367, 20.657615661621094, 19.323781967163086, 20.6865177154541, 20.433305740356445, 20.363479614257812, 20.54033851623535, 20.594316482543945, 20.931869506835938, 20.064250946044922, 20.290756225585938, 20.101369857788086, 20.05301284790039, 19.247879028320312, 20.33411979675293, 20.135610580444336, 20.243738174438477, 19.872371673583984, 19.855911254882812, 20.03021240234375, 20.153915405273438, 19.59833526611328, 19.81996726989746, 19.5474796295166, 19.167720794677734, 19.98943328857422, 19.77255630493164, 19.75557518005371, 19.461002349853516, 19.742212295532227, 19.98543357849121, 19.84415054321289, 20.114627838134766, 20.29494285583496, 19.812326431274414, 19.5283145904541, 19.310832977294922, 20.02582550048828, 19.845300674438477, 19.957273483276367, 20.02555274963379, 18.49213981628418, 19.090831756591797, 19.054054260253906, 18.753355026245117, 19.16672134399414, 18.89169692993164, 18.945240020751953, 19.43319320678711, 18.744186401367188, 19.46656036376953, 19.742935180664062, 19.18477439880371, 18.459697723388672, 17.986961364746094, 18.10906219482422, 18.470592498779297, 18.431001663208008, 18.066085815429688, 19.23660659790039, 18.62930679321289, 18.838354110717773, 18.645925521850586, 18.509559631347656, 19.459003448486328, 18.861316680908203, 19.09044647216797, 18.831119537353516, 18.78203010559082, 17.44831085205078, 17.59206771850586, 19.127471923828125, 18.424692153930664, 17.861547470092773, 18.247745513916016, 17.812856674194336, 18.86629867553711, 18.450653076171875, 18.164485931396484, 17.91486358642578, 18.464622497558594, 18.044496536254883, 17.33427619934082, 17.17871856689453, 17.136442184448242, 18.047088623046875, 17.68177032470703, 18.058975219726562, 18.618505477905273, 17.560216903686523, 17.75936508178711, 17.161434173583984, 17.84994888305664, 18.543018341064453, 17.339149475097656, 17.792686462402344, 16.326932907104492, 18.893693923950195, 17.68930435180664, 17.492673873901367, 17.07610511779785, 17.32874298095703, 18.130971908569336, 18.06633758544922, 16.995397567749023, 17.787425994873047, 17.154037475585938, 16.849620819091797, 17.630451202392578, 18.301624298095703, 18.195287704467773, 16.234346389770508, 16.777095794677734, 17.47541046142578, 17.073991775512695, 17.548614501953125, 17.772432327270508, 16.237407684326172, 16.53056526184082, 16.93086814880371, 18.10785675048828, 17.56940269470215, 16.281423568725586, 17.498958587646484, 17.188539505004883, 15.332414627075195, 16.283586502075195, 15.626564025878906, 14.324703216552734, 16.254966735839844, 16.61501121520996, 16.457353591918945, 16.642963409423828, 17.11376953125, 15.838173866271973, 14.93411636352539, 16.40827751159668, 15.199812889099121, 15.195544242858887, 16.13788604736328, 16.598278045654297, 15.83864688873291, 15.802871704101562, 15.26180362701416, 17.52898406982422, 14.02070426940918, 16.36546516418457, 13.970248222351074, 13.882563591003418, 14.30087947845459, 14.626102447509766, 15.38090705871582, 15.019826889038086, 14.712566375732422, 16.167362213134766, 14.976812362670898, 14.876251220703125, 14.351271629333496, 13.657283782958984, 14.623122215270996, 14.146405220031738, 13.417852401733398, 14.011809349060059, 14.348325729370117, 14.725321769714355, 12.91783332824707, 12.878342628479004, 14.599448204040527, 13.887617111206055, 12.765825271606445, 12.832682609558105, 14.553863525390625, 13.062995910644531, 14.306280136108398, 11.884849548339844, 12.16932487487793, 13.6996488571167, 10.017721176147461, 11.347540855407715, 10.904821395874023, 11.51865005493164, 12.707822799682617, 11.582385063171387, 12.793309211730957, 9.894179344177246, 7.722009658813477, 12.777395248413086, 8.59593677520752, 9.316123962402344, 5.748377323150635, 9.201969146728516, 8.592711448669434, 5.848611354827881, 8.094348907470703, 5.869215488433838, 0.5526872873306274, -0.8694056868553162], "n_epochs": 259}