{"aucroc": 0.8284540475257535, "aucpr": 0.16955126745262608, "dataset": "08_celeba", "method": "hard", "test_ratio": 0.022333333333333334, "train_ratio": 0.022333333333333334, "labeled_anomalies": 1.0, "loe_loss": [86.47499084472656, 76.14757537841797, 75.5285415649414, 72.7269058227539, 75.98814392089844, 72.634521484375, 71.40562438964844, 70.67804718017578, 70.6441650390625, 69.11297607421875, 72.49140930175781, 69.18582153320312, 68.62069702148438, 67.40272521972656, 68.31375885009766, 65.0896224975586, 65.84227752685547, 66.8755111694336, 67.76287841796875, 65.44567108154297, 65.56639099121094, 65.90353393554688, 67.57267761230469, 65.97209167480469, 66.94713592529297, 65.47998046875, 64.12977600097656, 64.85704803466797, 64.98713684082031, 63.05249786376953, 62.632625579833984, 65.34097290039062, 64.05804443359375, 63.14977264404297, 63.651641845703125, 63.76169204711914, 63.42416763305664, 61.66835403442383, 64.15287017822266, 62.58375549316406, 62.68581771850586, 63.5041389465332, 61.359554290771484, 62.8890495300293, 62.1087532043457, 60.831687927246094, 61.07016372680664, 62.35678482055664, 60.41459655761719, 61.4661865234375, 62.46158981323242, 61.74864959716797, 61.217987060546875, 61.8397331237793, 62.41709518432617, 61.19387435913086, 60.46507263183594, 61.195228576660156, 59.71671676635742, 61.367347717285156, 60.305419921875, 60.15699005126953, 61.4519157409668, 59.29711151123047, 60.75116729736328, 60.60423278808594, 59.60364532470703, 60.453243255615234, 60.01974105834961, 60.17102813720703, 60.63532638549805, 58.777381896972656, 58.886688232421875, 58.54930877685547, 59.955081939697266, 60.55338668823242, 59.25827407836914, 59.06354522705078, 59.01789855957031, 61.13894271850586, 58.97169876098633, 57.96404266357422, 59.12615966796875, 58.280906677246094, 59.32805252075195, 57.972023010253906, 57.33498001098633, 57.875587463378906, 59.056365966796875, 60.16805648803711, 60.6159782409668, 58.42670822143555, 59.337398529052734, 57.41252517700195, 59.09300994873047, 57.248653411865234, 57.09627151489258, 57.7179069519043, 55.91598129272461, 56.88495635986328, 57.27763748168945, 56.41674041748047, 58.788265228271484, 56.777557373046875, 56.09786605834961, 57.92134475708008, 56.57731628417969, 57.15774154663086, 57.36477279663086, 57.60904312133789, 56.98859405517578, 55.92298126220703, 57.489559173583984, 56.755672454833984, 57.07212448120117, 58.39142990112305, 58.07266616821289, 56.2697868347168, 55.955387115478516, 57.29205322265625, 56.582881927490234, 56.40810012817383, 56.53114318847656, 56.964012145996094, 56.394691467285156, 56.33538055419922, 57.793174743652344, 56.07406997680664, 55.24755859375, 57.244476318359375, 56.634033203125, 56.69697952270508, 58.62747573852539, 56.77449035644531, 56.39071273803711, 57.43970489501953, 56.23088836669922, 56.17828369140625, 56.09545135498047, 56.025943756103516, 56.49966812133789, 56.658416748046875, 56.12794876098633, 56.57673645019531, 56.24517822265625, 56.832725524902344, 56.292564392089844, 55.61448669433594, 55.292484283447266, 56.64274978637695, 56.025638580322266, 55.93553161621094, 55.75912094116211, 55.60011291503906, 56.52629089355469, 55.306251525878906, 55.56708908081055, 55.321617126464844, 55.586490631103516, 56.9465217590332, 55.652191162109375, 55.07678985595703, 57.026580810546875, 54.712318420410156, 54.88019561767578, 55.507484436035156, 56.052825927734375, 54.51873016357422, 56.263916015625, 54.18746566772461, 55.36655044555664, 55.47305679321289, 55.42781066894531, 54.033329010009766, 55.99100875854492, 55.42445755004883, 55.13336181640625, 54.378570556640625, 55.799224853515625, 55.23931884765625, 56.054039001464844, 55.36330795288086, 55.35744094848633, 55.47370910644531, 53.91405487060547, 55.392059326171875, 55.690032958984375, 56.356971740722656, 53.383934020996094, 55.147945404052734, 55.67144775390625, 54.30732345581055, 55.74229049682617, 54.38774490356445, 55.35769271850586, 56.74369812011719, 54.252384185791016, 54.466270446777344, 55.957401275634766, 54.51466751098633, 55.32377624511719, 55.31392288208008, 54.70476531982422, 54.262977600097656, 54.421234130859375, 54.35024642944336, 53.850921630859375, 54.81625747680664, 53.062599182128906, 54.52952194213867, 54.386016845703125, 54.09175109863281, 54.46968078613281, 54.71288299560547, 53.95093536376953, 55.30398941040039, 54.24336242675781, 54.3551139831543, 54.25220489501953, 53.991783142089844, 55.203304290771484, 54.76304626464844, 53.35368347167969, 53.83131408691406, 54.62372589111328, 54.996803283691406, 52.78925323486328, 53.223670959472656, 52.479270935058594, 54.77325439453125, 55.21159744262695, 54.685707092285156, 53.30238723754883, 54.202423095703125, 53.311981201171875, 53.32728958129883, 53.83583068847656, 53.16476058959961, 53.45199966430664, 53.72586441040039, 53.194007873535156, 53.834251403808594, 55.29256057739258, 53.97386932373047, 53.702579498291016, 54.978614807128906, 53.842323303222656, 54.370567321777344, 53.164581298828125, 54.18986892700195, 55.04435729980469, 53.214317321777344, 53.69196701049805, 53.325355529785156, 54.38284683227539, 54.10148239135742, 54.80231857299805, 53.662925720214844, 54.879119873046875, 53.44710922241211, 53.336544036865234, 54.24642562866211, 54.70471954345703, 52.98640060424805, 53.301666259765625, 53.70513153076172, 53.81159973144531, 54.307559967041016, 53.92579650878906, 53.44112014770508, 54.07411193847656, 53.56511306762695, 53.5256233215332, 53.62281036376953, 54.57292175292969, 53.91496658325195, 53.34711456298828, 52.60248565673828, 53.828311920166016, 53.570167541503906, 52.507240295410156, 53.975440979003906, 53.72885513305664, 51.884124755859375, 53.57996368408203, 53.266117095947266, 52.614192962646484, 53.17536926269531, 53.42966079711914, 52.325164794921875, 53.3848762512207, 52.611549377441406, 52.732566833496094, 52.538536071777344, 52.51537322998047, 53.83892822265625, 52.22618865966797, 53.01861572265625, 52.82019805908203, 53.79078674316406, 52.082542419433594, 52.68624496459961, 53.070430755615234, 54.178863525390625, 52.99983596801758, 54.246826171875, 52.62754821777344, 52.69970703125, 52.671016693115234, 53.47180938720703, 53.85993194580078, 54.655860900878906, 52.252532958984375, 52.547584533691406, 54.227935791015625, 53.04410171508789, 52.614112854003906, 52.986263275146484, 52.57575988769531, 53.2465934753418, 53.386898040771484, 52.86412048339844, 54.10567855834961, 52.913082122802734, 53.619850158691406, 52.46163558959961, 53.26897048950195, 54.052650451660156, 51.9316291809082, 51.775604248046875, 53.54846954345703, 53.658042907714844, 52.2793083190918, 54.1752815246582, 52.4012565612793, 53.11903381347656, 54.4072151184082, 51.76496505737305, 53.005985260009766, 53.25642776489258, 52.74940490722656, 53.54932403564453, 53.67206954956055, 52.94702911376953, 52.554710388183594, 53.87874221801758, 53.39907455444336, 52.41288757324219, 53.04233932495117, 53.32408142089844, 53.604976654052734, 52.50592041015625, 53.38383102416992, 54.432945251464844, 52.39512252807617, 52.87978744506836, 52.57856750488281, 52.484718322753906, 50.97510528564453, 52.88821792602539, 51.11961364746094, 51.45368957519531, 51.1548957824707, 52.6404914855957, 52.49752426147461, 54.128143310546875, 51.29496765136719, 52.86566925048828, 54.18690872192383, 54.049556732177734, 53.329566955566406, 52.77770233154297, 51.44597625732422, 52.8316535949707, 52.37471389770508, 53.560569763183594, 53.22971725463867, 54.27848815917969, 53.12716293334961, 52.67702865600586, 52.3580322265625, 52.05434036254883, 53.927486419677734, 52.52460861206055, 54.11521530151367, 52.49196243286133, 52.38689422607422, 52.712005615234375, 52.01152801513672, 52.66058349609375, 52.04319763183594, 54.21082305908203, 52.69483184814453, 52.30145263671875, 52.3109016418457, 51.8710823059082, 51.76599884033203, 52.11240005493164, 53.75522232055664, 51.49430847167969, 51.69102096557617, 52.31791305541992, 51.56379699707031, 52.86294937133789, 52.32318878173828, 51.8880729675293, 