{"aucroc": 0.8286033182196754, "aucpr": 0.1652990669285771, "dataset": "08_celeba", "method": "blind", "test_ratio": 0.022333333333333334, "train_ratio": 0.022333333333333334, "labeled_anomalies": 1.0, "loe_loss": [94.4752197265625, 81.54383850097656, 80.80709838867188, 81.93156433105469, 80.16297912597656, 77.65790557861328, 77.91141510009766, 78.76411437988281, 74.20227813720703, 76.39118194580078, 75.49110412597656, 75.70602416992188, 75.96993255615234, 73.46566009521484, 71.06317138671875, 71.66717529296875, 70.5234603881836, 73.08706665039062, 71.82178497314453, 70.16436767578125, 70.18451690673828, 70.77621459960938, 69.97669982910156, 70.60462188720703, 68.84283447265625, 69.28681945800781, 69.04264831542969, 69.01467895507812, 69.2838134765625, 67.48880004882812, 67.94554138183594, 68.41522216796875, 69.59882354736328, 70.27388000488281, 69.56366729736328, 66.3868179321289, 67.66879272460938, 67.05199432373047, 65.77407836914062, 67.35874938964844, 67.48526000976562, 66.40677642822266, 66.73982238769531, 67.2072982788086, 65.34403991699219, 66.27671813964844, 66.54641723632812, 66.71439361572266, 65.38107299804688, 64.73626708984375, 65.76724243164062, 66.65079498291016, 66.61520385742188, 66.9295654296875, 65.84941101074219, 65.76494598388672, 65.26214599609375, 62.144718170166016, 62.868003845214844, 64.66963958740234, 62.975704193115234, 64.12669372558594, 63.7362174987793, 66.15835571289062, 66.14093017578125, 64.03546905517578, 63.32628631591797, 63.260650634765625, 64.3687515258789, 62.306644439697266, 63.6937141418457, 64.14427947998047, 63.32734680175781, 63.691959381103516, 63.912750244140625, 63.37712860107422, 62.42867660522461, 62.990875244140625, 61.866424560546875, 62.09724426269531, 62.905242919921875, 62.8063850402832, 62.900611877441406, 62.612056732177734, 62.01518630981445, 62.31322479248047, 62.206199645996094, 63.711151123046875, 61.1700439453125, 63.68830108642578, 62.133548736572266, 61.9139518737793, 61.51774215698242, 62.810523986816406, 62.13404083251953, 60.88957977294922, 62.1314697265625, 62.17308044433594, 61.62520980834961, 60.9965705871582, 61.624542236328125, 61.72296142578125, 60.86158752441406, 62.21745300292969, 61.651309967041016, 62.178741455078125, 61.40217208862305, 60.96318054199219, 61.842899322509766, 62.19365692138672, 59.842491149902344, 60.47801971435547, 63.379825592041016, 60.576255798339844, 58.482398986816406, 60.020774841308594, 60.186866760253906, 60.56205749511719, 59.4327392578125, 59.79078674316406, 59.9415168762207, 60.036190032958984, 61.17817306518555, 59.43202209472656, 60.825050354003906, 60.71820068359375, 59.584312438964844, 61.010589599609375, 59.65969467163086, 60.808441162109375, 60.184303283691406, 59.614898681640625, 59.924705505371094, 60.203521728515625, 60.648231506347656, 61.020957946777344, 59.731414794921875, 60.72507095336914, 61.377681732177734, 59.00895309448242, 60.80067825317383, 60.33219528198242, 60.24187469482422, 59.32130813598633, 59.985965728759766, 60.4832649230957, 59.113197326660156, 59.647953033447266, 59.32534408569336, 59.140926361083984, 60.111358642578125, 59.11868667602539, 60.180870056152344, 59.536865234375, 58.45189666748047, 58.23768615722656, 58.666481018066406, 60.49040985107422, 58.83245849609375, 59.949615478515625, 60.118316650390625, 59.10391616821289, 58.964141845703125, 59.190216064453125, 58.54035186767578, 58.885826110839844, 58.79003143310547, 58.33115768432617, 58.14860153198242, 59.983154296875, 60.95096206665039, 59.016326904296875, 59.12675857543945, 57.86402893066406, 57.68034362792969, 58.68397521972656, 59.70271301269531, 59.59095001220703, 58.55757141113281, 59.61125564575195, 57.57204055786133, 58.60398864746094, 59.37580871582031, 58.78607940673828, 58.993648529052734, 58.37730026245117, 58.103271484375, 58.22880554199219, 58.41596221923828, 58.49370193481445, 58.83751678466797, 58.83549499511719, 58.24378967285156, 58.90566635131836, 57.67375946044922, 56.56913757324219, 58.398929595947266, 57.716556549072266, 58.88502502441406, 58.14360809326172, 58.10142135620117, 57.862220764160156, 57.19847106933594, 58.30081558227539, 58.38286590576172, 58.35128402709961, 58.24212646484375, 57.30257797241211, 58.666168212890625, 59.654457092285156, 57.14459991455078, 59.38265609741211, 57.98136901855469, 57.909976959228516, 57.466636657714844, 58.230224609375, 57.827293395996094, 58.06731033325195, 58.58287048339844, 57.20127487182617, 57.60848617553711, 57.871360778808594, 56.658565521240234, 57.05713653564453, 57.5166015625, 56.84605407714844, 58.05351638793945, 56.835689544677734, 58.138160705566406, 59.45479965209961, 59.19294738769531, 58.099449157714844, 57.02751159667969, 58.133056640625, 57.21034240722656, 58.56726837158203, 56.857666015625, 56.526832580566406, 58.80200958251953, 57.73612594604492, 58.10258483886719, 57.10049057006836, 58.44377899169922, 57.133846282958984, 58.46314239501953, 58.787353515625, 57.57430648803711, 56.76378631591797, 58.04092025756836, 56.72715377807617, 57.74531936645508, 56.39249038696289, 56.81234359741211, 56.89725875854492, 57.95450973510742, 57.98111343383789, 58.58314514160156, 57.663063049316406, 55.918418884277344, 56.16547775268555, 57.27482604980469, 56.714599609375, 56.707763671875, 56.32005310058594, 57.537689208984375, 56.67434310913086, 55.87586212158203, 56.72279357910156, 56.271873474121094, 55.0827751159668, 56.78398132324219, 56.80632019042969, 57.5198974609375, 57.49552536010742, 57.138301849365234, 56.99197006225586, 56.535892486572266, 56.56716537475586, 57.022247314453125, 56.96491241455078, 56.46425247192383, 56.1679573059082, 57.3314208984375, 56.82040023803711, 56.89881896972656, 57.236751556396484, 56.66600799560547, 55.87226486206055, 56.26100158691406, 57.3632926940918, 56.775142669677734, 57.19887161254883, 57.2264289855957, 57.11183166503906, 57.19967269897461, 56.66830062866211, 57.06534194946289, 57.355201721191406, 56.96696472167969, 57.68505859375, 56.15861892700195, 57.4851188659668, 55.931190490722656, 56.34889602661133, 56.586753845214844, 57.294185638427734, 57.26375961303711, 56.69761276245117, 58.21393585205078, 56.443809509277344, 57.22674560546875, 56.78575897216797, 58.7464485168457, 56.21030044555664, 57.37608337402344, 55.394287109375, 57.260032653808594, 56.024383544921875, 56.11035919189453, 57.75980758666992, 56.12256622314453, 56.41455841064453, 56.110416412353516, 56.88969802856445, 56.474327087402344, 57.648406982421875, 56.22371292114258, 58.34513854980469, 55.300479888916016, 58.19724655151367, 56.78462219238281, 56.0632209777832, 55.594200134277344, 55.21778106689453, 56.07337951660156, 56.07490539550781, 56.68332290649414, 55.21711730957031, 56.803192138671875, 56.43193054199219, 57.622501373291016, 57.50190734863281, 56.60880661010742, 54.79524230957031, 57.04258346557617, 56.13079071044922, 55.27068328857422, 56.405094146728516, 56.31557083129883, 55.56605529785156, 56.140472412109375, 55.40508270263672, 56.80944061279297, 56.918701171875, 57.253746032714844, 55.808650970458984, 54.05587387084961, 55.81248474121094, 54.63572692871094, 56.14915084838867, 56.70164489746094, 54.96389389038086, 56.23704528808594, 55.3664665222168, 57.379642486572266, 55.74954605102539, 56.44784164428711, 54.95646667480469, 56.543392181396484, 55.444374084472656, 55.274810791015625, 56.26274871826172, 55.94615936279297, 56.93183135986328, 55.88091278076172, 57.21276092529297, 56.1926155090332, 55.90296173095703, 56.00069046020508, 54.430274963378906, 56.38725280761719, 56.08330535888672, 55.453773498535156, 55.49003601074219, 54.40583038330078, 55.08045196533203, 55.33380889892578, 55.50238800048828, 56.709136962890625, 57.36335372924805, 55.54267883300781, 55.35450744628906, 54.69712448120117, 55.987571716308594, 55.711666107177734, 55.572265625, 56.18995666503906, 56.540985107421875, 55.54479217529297, 56.405303955078125, 55.521339416503906, 55.13058853149414, 55.50919723510742, 57.69232940673828, 55.4674072265625, 55.040611267089844, 55.918155670166016, 