{"aucroc": 0.6621445601907413, "aucpr": 0.0871069566552135, "dataset": "09_census", "method": "hard", "test_ratio": 0.06166666666666667, "train_ratio": 0.06166666666666667, "labeled_anomalies": 1.0, "loe_loss": [716.2178955078125, 668.79541015625, 703.6317138671875, 720.517333984375, 627.5953979492188, 712.1869506835938, 674.8145141601562, 676.918212890625, 718.74365234375, 639.5186767578125, 687.8316040039062, 716.52001953125, 649.9281005859375, 684.8306884765625, 672.8047485351562, 683.729248046875, 675.0817260742188, 678.9820556640625, 650.8032836914062, 676.4127197265625, 641.1216430664062, 625.6117553710938, 661.95166015625, 675.397216796875, 602.498291015625, 673.0899658203125, 639.2886352539062, 625.539306640625, 658.2679443359375, 644.47119140625, 631.3847045898438, 657.4636840820312, 580.5656127929688, 630.4107666015625, 583.9437255859375, 643.115966796875, 670.5907592773438, 635.8407592773438, 663.575439453125, 639.8742065429688, 644.513671875, 628.9296264648438, 649.153076171875, 629.3180541992188, 608.8116455078125, 601.460693359375, 654.0993041992188, 640.6514892578125, 547.0565795898438, 628.3211669921875, 631.3934326171875, 584.966064453125, 629.3046875, 625.1954956054688, 603.1904296875, 669.9918212890625, 618.9343872070312, 594.2858276367188, 594.7406005859375, 592.4295654296875, 603.9730834960938, 619.7273559570312, 655.2556762695312, 613.1897583007812, 603.3397216796875, 613.8855590820312, 621.4264526367188, 566.1697998046875, 585.5984497070312, 617.0282592773438, 606.2094116210938, 595.1900634765625, 594.250244140625, 587.2704467773438, 597.4727783203125, 591.7060546875, 579.6126708984375, 549.6510620117188, 604.6421508789062, 591.2413330078125, 595.5228271484375, 586.6646728515625, 582.4757080078125, 582.7109985351562, 599.5369873046875, 581.9686889648438, 558.8334350585938, 580.204345703125, 618.6157836914062, 554.9534912109375, 588.3984985351562, 573.6559448242188, 569.6134643554688, 612.9668579101562, 603.9127197265625, 573.84521484375, 553.380126953125, 597.0823974609375, 582.9280395507812, 567.4978637695312, 545.3565673828125, 559.9384765625, 548.2657470703125, 565.5166625976562, 620.44189453125, 539.0232543945312, 620.287841796875, 597.1815185546875, 565.6961669921875, 607.2487182617188, 571.0460205078125, 603.1904907226562, 582.181396484375, 579.8450317382812, 591.185302734375, 588.821533203125, 566.8862915039062, 568.9937133789062, 527.3959350585938, 561.7994384765625, 525.3092651367188, 501.7489929199219, 541.6633911132812, 601.7860107421875, 545.2777099609375, 554.2515869140625, 555.904296875, 585.387939453125, 560.8941650390625, 547.2866821289062, 581.419189453125, 556.9254760742188, 546.355712890625, 587.9406127929688, 555.7396850585938, 560.4979248046875, 540.353515625, 535.931884765625, 569.91796875, 588.2688598632812, 568.8642578125, 556.3118286132812, 550.48095703125, 564.391845703125, 531.6708984375, 561.7167358398438, 592.131591796875, 514.1602783203125, 575.852783203125, 589.2879638671875, 547.8458251953125, 566.4149169921875, 558.52783203125, 529.6315307617188, 555.7858276367188, 585.85595703125, 507.445068359375, 556.892822265625, 561.5831298828125, 530.83056640625, 555.408447265625, 559.20947265625, 529.8388061523438, 560.2327880859375, 544.3392333984375, 493.36749267578125, 547.69482421875, 536.6320190429688, 564.7861328125, 535.7495727539062, 565.3106079101562, 566.260009765625, 496.23040771484375, 508.57366943359375, 585.193603515625, 555.6483154296875, 515.924072265625, 486.35498046875, 509.10296630859375, 529.721923828125, 490.91949462890625, 559.20947265625, 389.1714782714844, 543.7047729492188, 513.065185546875, 507.88299560546875, 527.451171875, 562.6607666015625, 538.30322265625, 534.8778076171875, 535.962158203125, 528.3095703125, 558.7611083984375, 496.0107421875, 571.3773803710938, 490.7556457519531, 504.3084716796875, 541.5042724609375, 529.5250244140625, 537.012939453125, 478.7264404296875, 520.8018188476562, 578.0952758789062, 552.2587890625, 534.5147094726562, 511.92303466796875, 554.9432983398438, 505.1690979003906, 523.9330444335938, 550.1743774414062, 498.6233215332031, 506.68121337890625, 517.1095581054688, 550.2207641601562, 532.067626953125, 572.3477783203125, 552.4592895507812, 519.0003662109375, 594.5487670898438, 504.0449523925781, 542.5702514648438, 539.8853759765625, 512.588623046875, 516.8798217773438, 481.3128356933594, 553.2591552734375, 551.575439453125, 532.50634765625, 483.72479248046875, 525.2237548828125, 532.2072143554688, 453.4654235839844, 524.4483032226562, 532.2255859375, 499.6667175292969, 530.9398803710938, 491.56488037109375, 545.8782958984375, 516.9468994140625, 510.2297668457031, 554.795654296875, 581.7799072265625, 555.2841186523438, 515.8460693359375, 510.79083251953125, 551.0940551757812, 409.9808349609375, 415.73712158203125, 502.27734375, 503.4023742675781, 471.6361999511719, 553.8013916015625, 502.59161376953125, 513.9699096679688, 476.7652282714844, 578.904541015625, 483.19854736328125, 478.2524719238281, 553.5258178710938, 503.09979248046875, 474.7505187988281, 550.0322875976562, 542.5347900390625, 471.99237060546875, 516.555419921875, 500.77490234375, 500.82305908203125, 504.4009094238281, 502.1994934082031, 553.8781127929688, 522.9755249023438, 466.1157531738281, 503.3545227050781, 381.1224670410156, 531.0131225585938, 544.5147094726562, 476.35699462890625, 501.6160888671875, 505.84393310546875, 482.9579162597656, 539.9083862304688, 498.29022216796875, 511.8856201171875, 471.3631896972656, 526.8464965820312, 278.3236083984375, 517.8585205078125, 525.912109375, 504.4124755859375, 507.9854431152344, 473.4109802246094, 428.8025207519531, 491.548583984375, 564.5943603515625, 510.8230285644531, 492.4646911621094, 500.6535949707031, 469.169677734375, 490.6277770996094, 494.20062255859375, 471.6609191894531, 479.0129089355469, 472.064453125, 524.421875, 513.051025390625, 541.7948608398438, 513.0953369140625, 480.5019836425781, 443.222412109375, 498.13897705078125, 519.9286499023438, 518.77099609375, 531.86767578125, 526.8117065429688, 457.8405456542969, 541.2509765625, 546.3590087890625, 513.89453125, 544.510498046875, 464.0635681152344, 531.0650024414062, 498.475830078125, 254.96395874023438, 484.184326171875, 460.17047119140625, 515.5174560546875, 245.65521240234375, 542.832763671875, 484.4998474121094, 558.1129150390625, 592.6705322265625, 486.1512451171875, 520.560546875, 499.84881591796875, 528.78955078125, 523.2574462890625, 447.7196044921875, 489.18359375, 453.0427551269531, 479.58074951171875, 486.45379638671875, 498.77685546875, 476.70166015625, 438.1795654296875, 477.96099853515625, 484.92626953125, 489.29827880859375, 235.57626342773438, 552.0659790039062, 545.9368286132812, 423.0422058105469, 515.0482788085938, 405.0078430175781, 511.9171447753906, 521.1570434570312, 515.9525146484375, 507.45977783203125, 400.17767333984375, 490.76275634765625, 477.7288818359375, 510.7862548828125, 429.92315673828125, 432.34136962890625, 542.592041015625, 501.5439147949219, 476.569091796875, 559.3972778320312, 414.5732421875, 515.4522094726562, 478.03717041015625, 441.6064453125, 478.6906433105469, 461.0059814453125, 495.762939453125, 524.444091796875, 505.9649658203125, 514.0032958984375, 431.5599365234375, 516.9171752929688, 551.232177734375, 477.9123840332031, 491.7647705078125, 391.8431701660156, 412.99554443359375, 429.6105651855469, 508.5455322265625, 523.1651000976562, 388.12994384765625, 498.2708740234375, 585.001708984375, 502.5142517089844, 481.95135498046875, 464.9546813964844, 455.8647766113281, 399.33245849609375, 548.0949096679688, 475.8492126464844, 512.4569091796875, 494.81109619140625, 460.19293212890625, 371.8861083984375, 500.08172607421875, 449.748291015625, 471.23101806640625, 397.2274169921875, 486.65106201171875, 452.5208740234375, 486.799072265625, 525.8736572265625, 507.8439025878906, 483.764404296875, 526.0704345703125, 472.12957763671875, 496.2470703125, 494.5207824707031, 511.8736572265625, 551.4453125, 519.3828125, 464.81451416015625, 