{"aucroc": 0.6623743459267439, "aucpr": 0.08715611862630553, "dataset": "09_census", "method": "soft", "test_ratio": 0.06166666666666667, "train_ratio": 0.06166666666666667, "labeled_anomalies": 1.0, "loe_loss": [826.0447387695312, 785.1790161132812, 822.6956176757812, 800.6320190429688, 813.829833984375, 772.294189453125, 796.4161987304688, 805.927490234375, 776.9066772460938, 769.637939453125, 789.4390258789062, 811.958251953125, 795.020263671875, 755.50341796875, 774.490234375, 769.3094482421875, 763.1021118164062, 755.6678466796875, 721.1851806640625, 752.3652954101562, 730.33251953125, 730.0675048828125, 756.3569946289062, 698.0885009765625, 726.0902099609375, 730.703857421875, 706.9300537109375, 739.6279907226562, 717.761962890625, 701.6488647460938, 714.9395751953125, 736.8865356445312, 736.8230590820312, 711.2251586914062, 709.1136474609375, 748.4889526367188, 706.7997436523438, 694.2711791992188, 688.7380981445312, 695.2776489257812, 766.4631958007812, 710.7940063476562, 716.9016723632812, 702.935302734375, 710.5422973632812, 655.03662109375, 703.7481689453125, 723.0369873046875, 668.9422607421875, 695.7866821289062, 689.436279296875, 691.1228637695312, 686.938720703125, 703.6112060546875, 708.8307495117188, 708.0140991210938, 683.7444458007812, 731.287109375, 693.9662475585938, 702.7240600585938, 688.5338134765625, 663.0689697265625, 703.8499145507812, 726.4861450195312, 726.242431640625, 684.470703125, 654.1088256835938, 671.7316284179688, 681.0962524414062, 695.5512084960938, 671.53271484375, 677.6066284179688, 666.3004150390625, 668.4818725585938, 680.0758056640625, 661.5650024414062, 682.5160522460938, 677.8329467773438, 691.2098388671875, 677.2432250976562, 678.8195190429688, 680.0770874023438, 682.22021484375, 649.2049560546875, 654.2178344726562, 671.1241455078125, 671.5039672851562, 671.5252685546875, 654.3616333007812, 635.605224609375, 663.2484741210938, 675.057861328125, 652.1065673828125, 638.0132446289062, 635.0617065429688, 668.854736328125, 670.2659912109375, 675.797607421875, 637.42822265625, 650.539794921875, 667.0374755859375, 641.8407592773438, 636.6797485351562, 666.04150390625, 676.2965087890625, 659.2362060546875, 654.0577392578125, 650.8137817382812, 671.610107421875, 658.4112548828125, 644.51513671875, 697.8421630859375, 655.748046875, 663.8389282226562, 650.8457641601562, 649.274658203125, 647.74609375, 650.3976440429688, 631.7062377929688, 674.7322387695312, 654.6368408203125, 660.8125610351562, 654.3973999023438, 651.9577026367188, 635.9662475585938, 665.2509155273438, 635.5031127929688, 643.4471435546875, 675.384521484375, 661.0257568359375, 627.7215576171875, 622.110595703125, 677.6403198242188, 649.2169799804688, 649.6780395507812, 655.4609375, 613.6519775390625, 641.6712646484375, 647.5948486328125, 644.4737548828125, 650.9454345703125, 653.54345703125, 628.9468994140625, 676.0707397460938, 622.02099609375, 646.2373657226562, 653.302490234375, 651.108642578125, 627.9697265625, 590.1337280273438, 640.104248046875, 628.007568359375, 657.172119140625, 628.3989868164062, 636.48681640625, 657.5142822265625, 648.7822265625, 646.0521850585938, 647.2039794921875, 632.0098266601562, 632.8482055664062, 616.9154052734375, 612.8514404296875, 644.5476684570312, 631.8253784179688, 648.4016723632812, 624.3822021484375, 610.0112915039062, 652.35400390625, 647.6990356445312, 637.7744140625, 626.9007568359375, 639.4429931640625, 655.6380004882812, 635.2984008789062, 646.42236328125, 611.0630493164062, 642.906982421875, 653.8028564453125, 625.53466796875, 628.9617919921875, 638.7904663085938, 641.9578857421875, 606.6331176757812, 608.509765625, 591.6240844726562, 613.1110229492188, 635.6300048828125, 626.297607421875, 645.5072021484375, 639.5820922851562, 616.813720703125, 644.2075805664062, 598.2089233398438, 640.0370483398438, 644.0380859375, 628.5918579101562, 632.0084838867188, 615.2431640625, 619.8706665039062, 615.2215576171875, 648.0848999023438, 648.4554443359375, 644.0604858398438, 663.5361938476562, 635.5009765625, 620.0927734375, 632.7481079101562, 598.589111328125, 638.9227294921875, 644.5029296875, 639.0796508789062, 598.0322875976562, 616.6085815429688, 607.639892578125, 634.0029296875, 623.3406982421875, 647.3502807617188, 631.0878295898438, 630.3414306640625, 599.6021728515625, 632.3487548828125, 606.6253662109375, 652.402099609375, 628.9097290039062, 605.2994384765625, 619.97216796875, 604.9917602539062, 654.0054321289062, 615.0478515625, 610.8138427734375, 644.80908203125, 600.8269653320312, 621.219970703125, 639.8214721679688, 618.5867919921875, 614.8246459960938, 632.1976928710938, 616.0183715820312, 601.6796875, 637.39306640625, 642.1353149414062, 634.1808471679688, 626.418212890625, 619.5899658203125, 616.4124145507812, 632.4287719726562, 606.9849243164062, 672.5885009765625, 623.0800170898438, 616.9186401367188, 667.4867553710938, 645.09033203125, 634.883056640625, 656.5064697265625, 649.4453735351562, 632.0966796875, 659.1742553710938, 597.5971069335938, 644.6051635742188, 618.150390625, 623.1097412109375, 678.4688720703125, 645.7734985351562, 612.1040649414062, 596.8153076171875, 625.4435424804688, 635.9974975585938, 634.635986328125, 626.957763671875, 651.1200561523438, 641.4837646484375, 630.3739013671875, 627.935302734375, 626.9403076171875, 637.5422973632812, 615.4122314453125, 635.23291015625, 616.286376953125, 631.1520385742188, 613.6312866210938, 625.413818359375, 632.6132202148438, 638.154052734375, 615.3829345703125, 596.3782348632812, 582.857177734375, 615.2694091796875, 618.6332397460938, 618.0648803710938, 628.7222290039062, 639.2987670898438, 657.456298828125, 610.0524291992188, 647.1799926757812, 610.381591796875, 601.853759765625, 641.4544677734375, 663.4359130859375, 624.1141357421875, 621.8309936523438, 591.956298828125, 598.8624267578125, 589.6830444335938, 627.9859619140625, 601.6055297851562, 626.3116455078125, 585.1393432617188, 610.8507080078125, 613.8701782226562, 614.8277587890625, 595.7297973632812, 629.3070068359375, 595.0811767578125, 608.3588256835938, 601.4032592773438, 584.6694946289062, 639.96630859375, 652.0082397460938, 596.514404296875, 601.9092407226562, 630.2049560546875, 637.8102416992188, 611.3200073242188, 605.331298828125, 623.9962158203125, 638.3096313476562, 624.5753784179688, 628.1632690429688, 651.645263671875, 594.8883666992188, 673.6327514648438, 632.39013671875, 575.0926513671875, 610.9271240234375, 613.203857421875, 591.453857421875, 596.5753784179688, 613.8024291992188, 594.5934448242188, 626.3616943359375, 595.6104736328125, 598.5597534179688, 584.8178100585938, 611.8753051757812, 600.1321411132812, 584.8191528320312, 609.8629760742188, 606.7723999023438, 589.9691162109375, 608.6798095703125, 596.035888671875, 587.27880859375, 565.3134155273438, 584.7146606445312, 616.9840087890625, 595.6658325195312, 605.1118774414062, 609.1956787109375, 574.5449829101562, 597.9464721679688, 583.9432983398438, 580.9320068359375, 624.159423828125, 622.150634765625, 591.5271606445312, 617.6764526367188, 617.4283447265625, 634.4672241210938, 657.9002075195312, 578.14892578125, 588.465576171875, 612.6507568359375, 599.7459106445312, 589.4539794921875, 606.2138671875, 638.4873046875, 570.4874877929688, 635.4804077148438, 604.1796264648438, 594.8934326171875, 572.945068359375, 583.1937866210938, 605.58837890625, 592.8720092773438, 562.2872314453125, 590.149658203125, 587.7108764648438, 630.8818969726562, 580.045166015625, 612.1000366210938, 598.64892578125, 597.9698486328125, 620.45703125, 617.8102416992188, 591.4385375976562, 598.117919921875, 576.8280639648438, 599.7562255859375, 586.260986328125, 611.1701049804688, 572.8628540039062, 561.5255737304688, 620.0520629882812, 562.1451416015625, 574.9302978515625, 618.1707153320312, 617.9259643554688, 598.8175048828125, 569.4786376953125, 562.75341796875, 592.1096801757812, 608.0585327148438, 563.5767822265625, 584.1063842773438, 590.793212890625, 582.8168334960938, 607.9119262695312, 548.9873046875, 559.0761108398438, 