{"aucroc": 0.6618206839165985, "aucpr": 0.08711509195637968, "dataset": "09_census", "method": "hard", "test_ratio": 0.06166666666666667, "train_ratio": 0.06166666666666667, "labeled_anomalies": 1.0, "loe_loss": [716.2178955078125, 668.79541015625, 702.9615478515625, 722.1456298828125, 627.9957885742188, 716.1865844726562, 680.6607666015625, 683.21435546875, 720.9927368164062, 638.5872192382812, 687.9967651367188, 716.4317626953125, 644.5762329101562, 677.9781494140625, 665.199462890625, 675.782958984375, 666.9739379882812, 672.139892578125, 643.7818603515625, 671.2408447265625, 636.6298828125, 621.0286865234375, 657.31494140625, 671.9800415039062, 598.4573974609375, 670.627197265625, 642.5004272460938, 629.086181640625, 662.51318359375, 648.332275390625, 634.3230590820312, 660.4112548828125, 582.4800415039062, 632.1966552734375, 585.0330810546875, 644.1561889648438, 671.58056640625, 637.4031372070312, 665.2108154296875, 641.4465942382812, 645.1082153320312, 624.9607543945312, 644.515625, 624.1353759765625, 603.8379516601562, 596.8338623046875, 650.6697998046875, 637.9305419921875, 545.4514770507812, 627.9755859375, 632.5182495117188, 586.7723999023438, 629.925048828125, 626.377685546875, 605.156005859375, 671.0418090820312, 621.3426513671875, 598.8379516601562, 597.9213256835938, 590.96728515625, 600.4074096679688, 617.12744140625, 651.0008544921875, 610.8373413085938, 602.1024169921875, 613.5391845703125, 619.0908203125, 565.6483764648438, 582.936767578125, 611.6183471679688, 599.1437377929688, 589.543701171875, 587.177001953125, 579.9859619140625, 590.9664306640625, 585.8255004882812, 577.1209716796875, 550.582275390625, 601.5325927734375, 590.3604736328125, 593.2044677734375, 587.16357421875, 582.7750244140625, 583.4481201171875, 598.9204711914062, 584.056884765625, 563.6015625, 582.4136352539062, 613.0545654296875, 556.9259643554688, 586.9910278320312, 575.684814453125, 572.298583984375, 610.846923828125, 603.5776977539062, 578.3385620117188, 560.5978393554688, 598.5677490234375, 587.1256103515625, 574.1712646484375, 554.6347045898438, 566.2903442382812, 555.7412109375, 570.3187866210938, 617.5693359375, 550.9424438476562, 618.8958740234375, 600.46484375, 574.4406127929688, 609.0985107421875, 579.2813720703125, 605.7186889648438, 588.3997802734375, 587.7059326171875, 597.0052490234375, 595.2486572265625, 576.586669921875, 579.4776611328125, 545.2603149414062, 573.5035400390625, 544.9098510742188, 527.0814819335938, 559.2747802734375, 606.57470703125, 561.55859375, 567.9293823242188, 570.96337890625, 594.9474487304688, 576.8348388671875, 566.0789184570312, 591.5701293945312, 572.5264282226562, 563.3833618164062, 595.5081176757812, 571.360595703125, 576.2534790039062, 561.4501953125, 558.9906616210938, 584.3322143554688, 597.0960693359375, 581.2427368164062, 571.976806640625, 567.9418334960938, 578.57373046875, 553.826171875, 575.425537109375, 597.26416015625, 538.97314453125, 583.9586791992188, 594.951171875, 565.6401977539062, 582.1285400390625, 576.9964599609375, 556.1322631835938, 573.8497314453125, 594.216796875, 536.8861083984375, 572.5926513671875, 574.7701416015625, 552.5573120117188, 570.2367553710938, 571.3655395507812, 550.7935791015625, 573.3706665039062, 563.3139038085938, 528.2335205078125, 568.8750610351562, 563.850341796875, 582.7945556640625, 559.58544921875, 577.7853393554688, 578.2412109375, 529.8447265625, 539.0192260742188, 591.6978149414062, 572.196533203125, 547.7261352539062, 529.6695556640625, 545.5252075195312, 558.9403076171875, 532.0004272460938, 578.4517211914062, 463.3489074707031, 566.4201049804688, 545.1211547851562, 540.3612060546875, 552.303466796875, 574.9326782226562, 559.48974609375, 556.5928955078125, 555.80078125, 550.7177734375, 570.532470703125, 530.313720703125, 579.714111328125, 526.9827270507812, 535.8973999023438, 559.882080078125, 552.8958129882812, 556.864013671875, 519.1525268554688, 544.2005004882812, 579.5526733398438, 562.5971069335938, 550.8576049804688, 541.7207641601562, 572.5068969726562, 544.17431640625, 555.0709228515625, 571.5465087890625, 538.1892700195312, 542.3924560546875, 546.1912231445312, 565.9681396484375, 551.950439453125, 577.7431030273438, 567.5288696289062, 548.0306396484375, 597.3121337890625, 542.598876953125, 565.9149169921875, 563.32958984375, 545.1415405273438, 548.3934936523438, 525.316162109375, 569.0903930664062, 564.4948120117188, 551.6858520507812, 520.392578125, 546.7753295898438, 547.9515991210938, 496.42462158203125, 541.0870361328125, 545.5651245117188, 525.50927734375, 544.5984497070312, 520.177978515625, 554.3665161132812, 536.88330078125, 531.9210205078125, 560.181396484375, 577.107177734375, 560.3142700195312, 535.1253051757812, 530.5984497070312, 556.7991943359375, 466.2430419921875, 471.81146240234375, 529.3198852539062, 532.1422119140625, 512.0741577148438, 560.5859375, 528.3184814453125, 535.0072631835938, 513.4296264648438, 575.5255737304688, 519.7592163085938, 517.7872314453125, 563.3865356445312, 532.712890625, 515.3665161132812, 559.6875610351562, 555.61767578125, 513.0612182617188, 538.0333862304688, 528.4425048828125, 528.548583984375, 530.7814331054688, 528.9996337890625, 561.8089599609375, 545.4090576171875, 512.7706298828125, 535.9385986328125, 463.41448974609375, 551.1123046875, 557.9235229492188, 516.52001953125, 531.34521484375, 533.2697143554688, 518.8169555664062, 551.356689453125, 527.0440063476562, 535.9271240234375, 511.9466247558594, 543.7661743164062, 399.0126953125, 539.2783813476562, 545.7439575195312, 535.0841064453125, 538.9293212890625, 519.7064208984375, 493.89422607421875, 529.5530395507812, 568.6898193359375, 536.89111328125, 526.3982543945312, 531.1487426757812, 512.7789916992188, 524.1785888671875, 525.0093994140625, 514.2192993164062, 519.1893920898438, 516.4000244140625, 545.4480590820312, 535.226318359375, 551.783935546875, 536.9762573242188, 517.22314453125, 493.63299560546875, 526.3568725585938, 539.56591796875, 540.008544921875, 548.1526489257812, 545.5385131835938, 506.5426025390625, 552.4970703125, 554.5387573242188, 534.8599243164062, 551.4617919921875, 505.24481201171875, 542.8538208007812, 523.5936889648438, 383.80694580078125, 515.4068603515625, 500.7491760253906, 532.5840454101562, 380.6402587890625, 548.7420043945312, 514.7191162109375, 556.2964477539062, 576.0376586914062, 513.6287841796875, 532.9307861328125, 527.7207641601562, 545.73779296875, 542.7670288085938, 499.30078125, 521.39794921875, 499.27191162109375, 515.1591186523438, 519.0463256835938, 527.0177612304688, 513.1588134765625, 491.4530944824219, 512.6244506835938, 517.4459838867188, 518.988037109375, 375.39019775390625, 554.9716796875, 551.7903442382812, 482.1829528808594, 534.5176391601562, 473.2344665527344, 532.1629028320312, 539.5452270507812, 538.9617309570312, 531.81787109375, 473.0110168457031, 522.7446899414062, 514.558837890625, 531.5885009765625, 488.4642333984375, 492.5238342285156, 553.165771484375, 530.3458862304688, 514.4033813476562, 558.7296142578125, 479.3390808105469, 533.4205322265625, 512.8272705078125, 489.9105224609375, 509.54278564453125, 498.2347412109375, 517.5169677734375, 529.6142578125, 520.5908203125, 526.3046264648438, 484.1514892578125, 533.41357421875, 550.9228515625, 511.2850646972656, 519.0125732421875, 462.4541320800781, 473.141357421875, 485.47509765625, 529.3284912109375, 537.4293212890625, 462.53997802734375, 522.397216796875, 569.3426513671875, 523.2849731445312, 512.2764282226562, 501.52227783203125, 493.85894775390625, 461.0176696777344, 542.9205322265625, 504.1647644042969, 523.38330078125, 514.4658203125, 495.9806823730469, 447.18914794921875, 516.8471069335938, 489.5159912109375, 501.02142333984375, 461.1722412109375, 512.7002563476562, 495.31256103515625, 512.029052734375, 532.8272705078125, 522.5618286132812, 507.8515930175781, 532.0914916992188, 502.3401184082031, 515.1143188476562, 514.111083984375, 524.2117309570312, 545.9681396484375, 528.5960693359375, 497.06536865234375, 517.0587768554688, 