{"aucroc": 0.9281422244010717, "aucpr": 0.08762662491600277, "dataset": "10_cover", "method": "hard", "test_ratio": 0.011, "train_ratio": 0.011, "labeled_anomalies": 1.0, "loe_loss": [21.42697525024414, 19.638652801513672, 19.600337982177734, 18.513303756713867, 17.141510009765625, 17.687002182006836, 16.444053649902344, 16.258007049560547, 16.7354793548584, 16.33941078186035, 15.951175689697266, 15.824090957641602, 15.942721366882324, 15.52562141418457, 14.970523834228516, 15.415959358215332, 15.015081405639648, 14.514246940612793, 15.179940223693848, 14.493565559387207, 14.406611442565918, 14.750443458557129, 14.891485214233398, 15.530410766601562, 14.570841789245605, 14.530838012695312, 14.633875846862793, 15.2269926071167, 13.903099060058594, 14.301137924194336, 14.74941635131836, 13.858320236206055, 14.357803344726562, 14.338193893432617, 14.416463851928711, 14.177842140197754, 13.780207633972168, 14.138011932373047, 14.5390625, 14.204684257507324, 13.56328010559082, 13.709330558776855, 13.868396759033203, 14.085821151733398, 14.33078670501709, 13.752121925354004, 14.246792793273926, 14.035409927368164, 13.49485969543457, 14.163335800170898, 13.620832443237305, 13.877105712890625, 13.782530784606934, 14.205709457397461, 13.79448127746582, 13.760254859924316, 13.76436996459961, 13.879985809326172, 12.93212604522705, 13.458459854125977, 13.293329238891602, 13.298379898071289, 13.382387161254883, 13.366329193115234, 13.375452041625977, 13.51346206665039, 13.77596664428711, 13.37259578704834, 13.310096740722656, 13.340139389038086, 13.601061820983887, 13.212479591369629, 13.28814697265625, 13.755763053894043, 13.531538963317871, 13.510047912597656, 13.347556114196777, 13.264058113098145, 13.67880916595459, 13.500356674194336, 12.776166915893555, 13.442903518676758, 13.317301750183105, 13.104329109191895, 13.319009780883789, 13.004586219787598, 13.166351318359375, 13.828176498413086, 13.67503547668457, 13.425427436828613, 13.008801460266113, 13.292648315429688, 12.950322151184082, 13.199912071228027, 13.354697227478027, 13.181997299194336, 13.316874504089355, 13.503756523132324, 13.79150676727295, 12.843792915344238, 13.25869369506836, 13.221962928771973, 13.464082717895508, 13.437882423400879, 13.946250915527344, 13.159195899963379, 13.26335620880127, 13.440611839294434, 13.233875274658203, 13.1400146484375, 13.570015907287598, 13.225335121154785, 13.020482063293457, 13.070579528808594, 12.739997863769531, 13.092757225036621, 13.377242088317871, 13.220840454101562, 13.145673751831055, 13.676885604858398, 13.266529083251953, 12.753216743469238, 12.937588691711426, 12.9401273727417, 13.073747634887695, 13.541690826416016, 12.957453727722168, 13.38662338256836, 13.1382417678833, 13.101082801818848, 13.390298843383789, 13.052976608276367, 12.945307731628418, 13.0352201461792, 13.11801528930664, 13.109833717346191, 12.95786190032959, 13.429656982421875, 12.971206665039062, 12.844491958618164, 12.93294906616211, 12.96322250366211, 12.907355308532715, 12.818493843078613, 12.930858612060547, 12.77791976928711, 13.022769927978516, 12.852629661560059, 12.746576309204102, 12.514110565185547, 13.039275169372559, 13.001341819763184, 12.989191055297852, 12.997447967529297, 13.228185653686523, 13.136024475097656, 12.740534782409668, 12.311174392700195, 12.733892440795898, 12.802860260009766, 13.113006591796875, 12.741662979125977, 12.878273010253906, 13.11956787109375, 13.039215087890625, 12.470200538635254, 12.881329536437988, 12.834043502807617, 12.799917221069336, 13.297605514526367, 12.745437622070312, 12.74240493774414, 13.493014335632324, 13.33664608001709, 13.211870193481445, 12.546466827392578, 12.886808395385742, 12.699684143066406, 12.881118774414062, 12.476947784423828, 13.08952522277832, 12.502789497375488, 13.100635528564453, 12.528759956359863, 12.483072280883789, 12.96203327178955, 12.331632614135742, 13.17162799835205, 12.844969749450684, 12.702126502990723, 13.44352912902832, 12.688467979431152, 12.617681503295898, 12.897090911865234, 12.567404747009277, 13.675381660461426, 13.011171340942383, 12.818957328796387, 12.226024627685547, 12.488800048828125, 12.902572631835938, 12.505555152893066, 13.257040023803711, 12.541340827941895, 12.635251998901367, 12.590819358825684, 13.128457069396973, 12.913337707519531, 12.602119445800781, 12.675666809082031, 13.062101364135742, 13.075974464416504, 12.633663177490234, 12.971161842346191, 12.611922264099121, 12.853184700012207, 12.311114311218262, 12.5253324508667, 12.876157760620117, 12.487571716308594, 12.791036605834961, 12.37128734588623, 12.8812255859375, 12.986831665039062, 12.607992172241211, 12.435016632080078, 12.73800277709961, 12.771015167236328, 13.116250038146973, 12.882986068725586, 12.255256652832031, 12.634188652038574, 12.396857261657715, 12.674875259399414, 12.337326049804688, 12.546031951904297, 12.684542655944824, 12.877297401428223, 12.569559097290039, 12.747310638427734, 12.93203353881836, 12.394126892089844, 12.454967498779297, 12.630520820617676, 12.891907691955566, 13.198758125305176, 12.336036682128906, 12.497802734375, 13.600099563598633, 12.794500350952148, 12.335954666137695, 12.785950660705566, 12.31439208984375, 12.784421920776367, 12.764787673950195, 12.629349708557129, 12.901643753051758, 12.90072250366211, 13.509720802307129, 12.814510345458984, 12.88805866241455, 12.574477195739746, 12.407211303710938, 12.730969429016113, 12.229257583618164, 12.223591804504395, 13.413053512573242, 12.855098724365234, 12.857147216796875, 12.92980670928955, 12.036752700805664, 12.98985767364502, 12.36770248413086, 12.802154541015625, 12.537450790405273, 12.514339447021484, 12.487244606018066, 12.23934555053711, 12.477174758911133, 12.666695594787598, 12.870499610900879, 12.988472938537598, 13.218367576599121, 13.112388610839844, 12.577315330505371, 12.126629829406738, 12.978843688964844, 12.246562004089355, 12.945475578308105, 12.388843536376953, 12.809629440307617, 12.578889846801758, 13.124336242675781, 12.853428840637207, 12.401084899902344, 12.675731658935547, 12.810304641723633, 12.797146797180176, 12.573236465454102, 12.968440055847168, 12.444942474365234, 12.07608699798584, 12.554086685180664, 12.589125633239746, 12.44747257232666, 13.197623252868652, 13.034308433532715, 13.406824111938477, 12.491473197937012, 12.740283966064453, 12.448081016540527, 12.267084121704102, 12.755005836486816, 12.380191802978516, 12.551546096801758, 12.920774459838867, 12.62339973449707, 12.676725387573242, 12.799028396606445, 12.59627628326416, 12.4524507522583, 12.88926887512207, 12.769790649414062, 12.536782264709473, 12.967577934265137, 12.933219909667969, 12.951604843139648, 12.89498519897461, 12.352023124694824, 12.568796157836914, 12.964126586914062, 12.922143936157227, 12.371957778930664, 12.880704879760742, 12.522794723510742, 12.303756713867188, 12.1566743850708, 12.398958206176758, 12.653066635131836, 12.132862091064453, 12.817521095275879, 12.028538703918457, 12.429336547851562, 12.9642972946167, 12.411421775817871, 12.642172813415527, 12.804828643798828, 13.470242500305176, 12.785430908203125, 12.287943840026855, 13.057100296020508, 13.118829727172852, 12.386730194091797, 12.433317184448242, 12.77931022644043, 12.311481475830078, 13.495000839233398, 12.415660858154297, 12.90442180633545, 12.650995254516602, 12.657734870910645, 13.017325401306152, 12.566204071044922, 12.870258331298828, 12.869662284851074, 12.860566139221191, 12.374641418457031, 12.397481918334961, 11.976495742797852, 12.523760795593262, 12.734786987304688, 11.95777416229248, 12.219099044799805, 12.582980155944824, 13.129878997802734, 12.449878692626953, 12.953655242919922, 12.343413352966309, 12.710542678833008, 12.616408348083496, 12.908831596374512, 12.728710174560547, 12.263699531555176, 12.17327880859375, 12.24056625366211, 12.62136459350586, 12.469078063964844, 12.594005584716797, 12.928064346313477, 13.45102310180664, 12.585686683654785, 13.27989387512207, 12.275113105773926, 12.465439796447754, 12.803291320800781, 