{"aucroc": 0.9232738575509051, "aucpr": 0.09633698912992651, "dataset": "10_cover", "method": "hard", "test_ratio": 0.011, "train_ratio": 0.011, "labeled_anomalies": 1.0, "loe_loss": [21.42697525024414, 19.639684677124023, 19.6018009185791, 18.516895294189453, 17.155797958374023, 17.69481086730957, 16.451133728027344, 16.277257919311523, 16.733022689819336, 16.33892250061035, 15.955729484558105, 15.822422981262207, 15.938968658447266, 15.513919830322266, 14.97884464263916, 15.417562484741211, 15.03487777709961, 14.527913093566895, 15.163836479187012, 14.519826889038086, 14.43276596069336, 14.756937980651855, 14.911569595336914, 15.517484664916992, 14.60214614868164, 14.526729583740234, 14.646394729614258, 15.227958679199219, 13.919288635253906, 14.315910339355469, 14.758928298950195, 13.872724533081055, 14.367748260498047, 14.3551664352417, 14.444986343383789, 14.200267791748047, 13.771069526672363, 14.154874801635742, 14.563720703125, 14.206321716308594, 13.589868545532227, 13.727204322814941, 13.884231567382812, 14.081151962280273, 14.338129997253418, 13.787283897399902, 14.296442031860352, 14.020522117614746, 13.524383544921875, 14.20077133178711, 13.653885841369629, 13.885515213012695, 13.793736457824707, 14.20569133758545, 13.821253776550293, 13.775938034057617, 13.790605545043945, 13.924347877502441, 12.965619087219238, 13.50710678100586, 13.349313735961914, 13.369152069091797, 13.438228607177734, 13.411632537841797, 13.437969207763672, 13.561010360717773, 13.825852394104004, 13.403655052185059, 13.386628150939941, 13.388158798217773, 13.6515474319458, 13.28056526184082, 13.35637092590332, 13.804481506347656, 13.574772834777832, 13.556739807128906, 13.407188415527344, 13.324034690856934, 13.749446868896484, 13.52454948425293, 12.836275100708008, 13.46374225616455, 13.349311828613281, 13.143866539001465, 13.33492660522461, 13.029326438903809, 13.2198486328125, 13.86113452911377, 13.700281143188477, 13.439471244812012, 13.081626892089844, 13.323994636535645, 12.98313045501709, 13.235045433044434, 13.403599739074707, 13.219862937927246, 13.372090339660645, 13.53996467590332, 13.823732376098633, 12.922077178955078, 13.272306442260742, 13.250685691833496, 13.476493835449219, 13.434139251708984, 13.913130760192871, 13.186052322387695, 13.259634017944336, 13.461729049682617, 13.271202087402344, 13.209203720092773, 13.573602676391602, 13.25227165222168, 13.083419799804688, 13.085314750671387, 12.799684524536133, 13.145886421203613, 13.36699390411377, 13.21414852142334, 13.154864311218262, 13.633255004882812, 13.304798126220703, 12.822089195251465, 12.975820541381836, 12.98129940032959, 13.105305671691895, 13.566957473754883, 13.029315948486328, 13.399406433105469, 13.19052791595459, 13.128528594970703, 13.373068809509277, 13.095575332641602, 12.972175598144531, 13.038028717041016, 13.147536277770996, 13.14301586151123, 13.000962257385254, 13.440346717834473, 13.02094554901123, 12.904853820800781, 12.966171264648438, 12.975502967834473, 12.950499534606934, 12.854625701904297, 12.98256778717041, 12.822071075439453, 13.005049705505371, 12.882887840270996, 12.785907745361328, 12.599032402038574, 13.090921401977539, 13.045670509338379, 13.03520393371582, 13.022597312927246, 13.249653816223145, 13.216686248779297, 12.779524803161621, 12.410198211669922, 12.79653263092041, 12.828662872314453, 13.103790283203125, 12.790488243103027, 12.950637817382812, 13.119152069091797, 13.038810729980469, 12.564811706542969, 12.918524742126465, 12.855697631835938, 12.834519386291504, 13.26659870147705, 12.761541366577148, 12.806222915649414, 13.430492401123047, 13.305279731750488, 13.247453689575195, 12.640527725219727, 12.947827339172363, 12.770583152770996, 12.895539283752441, 12.558724403381348, 13.104166984558105, 12.553115844726562, 13.13106918334961, 12.612305641174316, 12.583759307861328, 12.993711471557617, 12.405694961547852, 13.21670150756836, 12.87222957611084, 12.74330997467041, 13.454471588134766, 12.732379913330078, 12.715619087219238, 12.908586502075195, 12.598526954650879, 13.659709930419922, 13.010334014892578, 12.8453369140625, 12.261077880859375, 12.548526763916016, 12.925968170166016, 12.541932106018066, 13.306924819946289, 12.580734252929688, 12.701932907104492, 12.653814315795898, 13.099854469299316, 12.973596572875977, 12.65827751159668, 12.724342346191406, 13.048566818237305, 13.09984302520752, 12.710531234741211, 12.975824356079102, 12.683928489685059, 12.85032844543457, 12.409369468688965, 12.585413932800293, 12.908366203308105, 12.557230949401855, 12.777546882629395, 12.467656135559082, 12.8543119430542, 13.040583610534668, 12.729072570800781, 12.478271484375, 12.748607635498047, 12.785354614257812, 13.106844902038574, 12.934764862060547, 12.302154541015625, 12.677515029907227, 12.476736068725586, 12.69167709350586, 12.397351264953613, 12.559659957885742, 12.665718078613281, 12.909005165100098, 12.67474365234375, 12.789278984069824, 12.898759841918945, 12.43341064453125, 12.475910186767578, 12.6691312789917, 12.851766586303711, 13.172948837280273, 12.488639831542969, 12.535826683044434, 13.52563762664795, 12.80648422241211, 12.374963760375977, 12.842732429504395, 12.412819862365723, 12.916141510009766, 12.78213119506836, 12.708648681640625, 12.96029281616211, 12.89279556274414, 13.499000549316406, 12.815582275390625, 12.967710494995117, 12.650236129760742, 12.567951202392578, 12.77269458770752, 12.378005027770996, 12.304184913635254, 13.402120590209961, 12.923860549926758, 12.779386520385742, 12.972713470458984, 12.134288787841797, 13.0848388671875, 12.506092071533203, 12.876794815063477, 12.611961364746094, 12.575960159301758, 12.577731132507324, 12.362171173095703, 12.585649490356445, 12.688547134399414, 12.894209861755371, 13.020394325256348, 13.232349395751953, 13.08781623840332, 12.62216567993164, 12.258851051330566, 13.018633842468262, 12.301830291748047, 12.977836608886719, 12.46712875366211, 12.786550521850586, 12.66451358795166, 13.0820894241333, 12.98076343536377, 12.518960952758789, 12.761244773864746, 12.903780937194824, 12.837838172912598, 12.669103622436523, 12.998098373413086, 12.465893745422363, 12.217151641845703, 12.64914608001709, 12.616376876831055, 12.446903228759766, 13.218339920043945, 13.013303756713867, 13.38338851928711, 12.57719612121582, 12.836587905883789, 12.491156578063965, 12.278864860534668, 12.851811408996582, 12.399280548095703, 12.67949390411377, 13.02223014831543, 12.647117614746094, 12.716737747192383, 12.919479370117188, 12.749722480773926, 12.573101043701172, 12.99036979675293, 12.872123718261719, 12.569005012512207, 12.946510314941406, 13.043977737426758, 13.00959587097168, 13.005134582519531, 12.394258499145508, 12.664722442626953, 12.99728012084961, 13.004301071166992, 12.437195777893066, 12.872468948364258, 12.53139877319336, 12.394108772277832, 12.274127006530762, 12.468174934387207, 12.751729011535645, 12.297168731689453, 12.954290390014648, 12.166982650756836, 12.506636619567871, 12.987662315368652, 12.436628341674805, 12.668598175048828, 12.8856782913208, 13.426834106445312, 12.693310737609863, 12.303727149963379, 13.057066917419434, 12.976621627807617, 12.490808486938477, 12.451488494873047, 12.77410888671875, 12.395605087280273, 13.485733985900879, 12.446117401123047, 13.020709037780762, 12.723607063293457, 12.73043155670166, 13.01057243347168, 12.578770637512207, 12.8517484664917, 12.946821212768555, 12.933280944824219, 12.421195983886719, 12.473655700683594, 12.061773300170898, 12.547502517700195, 12.812700271606445, 12.031472206115723, 12.275419235229492, 12.673247337341309, 13.132038116455078, 12.479293823242188, 12.963644981384277, 12.415818214416504, 12.761507034301758, 12.712166786193848, 12.91660213470459, 12.83954906463623, 12.434125900268555, 12.388212203979492, 12.298961639404297, 12.72480297088623, 12.588443756103516, 12.670587539672852, 12.930768966674805, 13.453535079956055, 12.649526596069336, 13.174765586853027, 12.39101505279541, 12.50115966796875, 12.936040878295898, 