{"aucroc": 0.9200226055635561, "aucpr": 0.09640686681591853, "dataset": "10_cover", "method": "soft", "test_ratio": 0.011, "train_ratio": 0.011, "labeled_anomalies": 1.0, "loe_loss": [20.010601043701172, 19.928749084472656, 18.75471305847168, 19.598417282104492, 18.106792449951172, 17.024045944213867, 17.96445655822754, 17.160293579101562, 16.29837417602539, 16.629798889160156, 16.341386795043945, 16.22909927368164, 16.377151489257812, 16.02869415283203, 16.34292984008789, 15.530590057373047, 15.74618911743164, 15.692901611328125, 15.767547607421875, 15.710822105407715, 15.424510955810547, 15.108183860778809, 15.066079139709473, 14.62088680267334, 15.419317245483398, 14.95862865447998, 15.390844345092773, 15.104730606079102, 14.758344650268555, 14.262121200561523, 14.541879653930664, 14.758808135986328, 14.129183769226074, 14.953813552856445, 14.584321022033691, 14.496196746826172, 14.083030700683594, 14.95876407623291, 14.047219276428223, 14.178339958190918, 14.031366348266602, 14.549235343933105, 14.16861629486084, 14.398679733276367, 14.081293106079102, 14.315681457519531, 14.535727500915527, 13.985391616821289, 14.505631446838379, 14.656244277954102, 14.363489151000977, 14.517993927001953, 14.286144256591797, 13.929542541503906, 13.711750984191895, 14.477224349975586, 14.579792976379395, 14.356057167053223, 14.288143157958984, 13.955678939819336, 13.870101928710938, 14.076864242553711, 14.30907154083252, 13.796761512756348, 14.252408981323242, 13.943157196044922, 13.720497131347656, 14.059322357177734, 14.529976844787598, 14.190099716186523, 13.992691040039062, 13.77604866027832, 14.07188892364502, 14.584624290466309, 13.961591720581055, 14.145570755004883, 13.798095703125, 13.506230354309082, 13.88191032409668, 13.195069313049316, 14.433719635009766, 13.957130432128906, 13.801860809326172, 14.667839050292969, 13.699663162231445, 13.873273849487305, 13.458234786987305, 13.4580659866333, 13.753020286560059, 13.75316047668457, 13.961297035217285, 13.743276596069336, 13.946220397949219, 13.558109283447266, 13.098276138305664, 13.863546371459961, 13.79430103302002, 13.617237091064453, 13.800775527954102, 13.711374282836914, 13.781783103942871, 13.416889190673828, 14.44240951538086, 14.246789932250977, 13.9906005859375, 13.649370193481445, 13.526849746704102, 13.846982955932617, 13.473670959472656, 13.194600105285645, 14.277332305908203, 13.53985595703125, 13.794160842895508, 13.554281234741211, 13.66510009765625, 13.53799819946289, 13.395584106445312, 14.018817901611328, 13.37027359008789, 13.42580795288086, 13.772385597229004, 13.426403999328613, 13.600488662719727, 13.781558990478516, 13.627785682678223, 13.53446102142334, 13.440659523010254, 13.691020965576172, 13.21695613861084, 13.3973970413208, 14.008419036865234, 13.356634140014648, 13.761275291442871, 13.421510696411133, 13.040882110595703, 13.678119659423828, 13.773475646972656, 13.554466247558594, 13.719741821289062, 13.162020683288574, 13.400073051452637, 13.329621315002441, 13.601495742797852, 13.10037612915039, 13.193079948425293, 13.463441848754883, 13.438949584960938, 13.673357009887695, 13.7411527633667, 13.814199447631836, 13.667762756347656, 12.960556030273438, 13.649359703063965, 13.535717964172363, 13.993104934692383, 13.896796226501465, 13.737334251403809, 12.930398941040039, 13.565949440002441, 13.525476455688477, 13.855897903442383, 13.41651725769043, 13.680208206176758, 13.068207740783691, 13.500079154968262, 13.471681594848633, 13.743431091308594, 13.056584358215332, 13.503836631774902, 12.968171119689941, 13.46690559387207, 13.28059196472168, 13.066855430603027, 13.485633850097656, 13.449625015258789, 12.582258224487305, 13.646707534790039, 13.374956130981445, 13.970861434936523, 13.530548095703125, 13.6149320602417, 13.313117980957031, 13.030771255493164, 13.754596710205078, 13.055819511413574, 13.1749849319458, 13.087817192077637, 13.433856010437012, 13.763421058654785, 13.240177154541016, 13.83859634399414, 13.47064208984375, 13.451726913452148, 13.141342163085938, 13.367935180664062, 13.139379501342773, 13.077896118164062, 13.499059677124023, 13.019187927246094, 13.78989028930664, 13.556977272033691, 13.246301651000977, 13.431346893310547, 13.259255409240723, 13.11754035949707, 12.854944229125977, 13.234698295593262, 13.401073455810547, 13.196381568908691, 13.01555347442627, 12.630647659301758, 13.92080307006836, 13.264809608459473, 12.776045799255371, 13.621663093566895, 13.095504760742188, 13.013826370239258, 12.734606742858887, 13.300824165344238, 13.427985191345215, 12.884629249572754, 13.579818725585938, 12.820560455322266, 13.166592597961426, 13.743775367736816, 13.020538330078125, 12.788200378417969, 13.234779357910156, 12.930034637451172, 13.670075416564941, 13.112683296203613, 13.203878402709961, 13.209616661071777, 13.166364669799805, 13.470919609069824, 12.978055953979492, 13.820383071899414, 12.671451568603516, 13.342718124389648, 13.345569610595703, 13.379304885864258, 13.311859130859375, 13.09233283996582, 13.486790657043457, 13.366811752319336, 12.937407493591309, 12.926647186279297, 13.10096549987793, 13.220048904418945, 13.095479011535645, 13.039258003234863, 13.191384315490723, 13.330360412597656, 13.157358169555664, 13.250228881835938, 13.162102699279785, 12.949302673339844, 13.272032737731934, 13.532379150390625, 13.703925132751465, 13.46445369720459, 13.15113639831543, 13.253450393676758, 13.463095664978027, 13.113242149353027, 13.356769561767578, 13.519086837768555, 13.191776275634766, 13.00565242767334, 13.01477336883545, 13.279004096984863, 12.553657531738281, 12.843762397766113, 12.792350769042969, 12.698253631591797, 13.203682899475098, 12.504810333251953, 12.57849407196045, 12.7730073928833, 12.946447372436523, 13.484959602355957, 13.109509468078613, 13.249092102050781, 13.098952293395996, 12.86902904510498, 13.066988945007324, 12.936885833740234, 13.1953763961792, 12.729475021362305, 12.834518432617188, 13.069815635681152, 12.930506706237793, 13.244524002075195, 13.148018836975098, 12.694314956665039, 12.854718208312988, 12.782347679138184, 12.783677101135254, 13.2307710647583, 12.689549446105957, 12.84916877746582, 13.031793594360352, 13.315354347229004, 13.007881164550781, 12.876738548278809, 13.446352005004883, 12.765161514282227, 12.6597900390625, 13.141387939453125, 12.572986602783203, 12.689335823059082, 13.47449016571045, 12.775869369506836, 13.431951522827148, 12.407269477844238, 13.33554744720459, 12.755928993225098, 12.968278884887695, 12.967686653137207, 13.270915985107422, 12.761964797973633, 13.008909225463867, 12.807050704956055, 12.871964454650879, 12.9024076461792, 12.950505256652832, 13.057445526123047, 13.147462844848633, 13.051033973693848, 12.979825973510742, 12.99326229095459, 12.852523803710938, 13.044797897338867, 12.85794448852539, 12.962535858154297, 12.7820463180542, 12.813457489013672, 13.083044052124023, 12.782938957214355, 12.36306381225586, 12.889321327209473, 12.821011543273926, 13.286020278930664, 13.189582824707031, 13.209774017333984, 12.40238094329834, 13.203787803649902, 12.422706604003906, 12.935083389282227, 13.169177055358887, 13.236434936523438, 12.807160377502441, 12.736130714416504, 12.948799133300781, 13.352500915527344, 13.0396089553833, 12.725089073181152, 13.197885513305664, 12.665634155273438, 12.598126411437988, 12.881495475769043, 12.965850830078125, 13.379846572875977, 12.290575981140137, 12.86848258972168, 12.85067367553711, 12.315383911132812, 12.968307495117188, 12.981348037719727, 13.014171600341797, 13.32656478881836, 13.274754524230957, 12.83041000366211, 12.892446517944336, 13.02724838256836, 12.60059928894043, 12.690912246704102, 13.249493598937988, 13.035210609436035, 12.789069175720215, 12.810262680053711, 12.885221481323242, 12.409547805786133, 12.717313766479492, 12.627824783325195, 12.810522079467773, 12.618570327758789, 12.803542137145996, 12.949217796325684, 12.830182075500488, 13.035447120666504, 12.859246253967285, 12.933232307434082, 13.134883880615234, 13.128056526184082, 