{"aucroc": 0.9054243139177416, "aucpr": 0.07725218203406678, "dataset": "10_cover", "method": "refine", "test_ratio": 0.011, "train_ratio": 0.011, "labeled_anomalies": 1.0, "loe_loss": [20.103221893310547, 20.034912109375, 18.836841583251953, 19.685665130615234, 18.209619522094727, 17.06462860107422, 18.064496994018555, 17.270788192749023, 16.386171340942383, 16.696659088134766, 16.415159225463867, 16.283405303955078, 16.42618179321289, 16.092912673950195, 16.552480697631836, 15.653499603271484, 15.837715148925781, 15.794404983520508, 15.875412940979004, 15.830487251281738, 15.591594696044922, 15.20047378540039, 15.176835060119629, 14.679677963256836, 15.566534042358398, 15.026361465454102, 15.574860572814941, 15.234323501586914, 14.869510650634766, 14.266409873962402, 14.665705680847168, 14.803041458129883, 14.206767082214355, 15.008787155151367, 14.693921089172363, 14.605154037475586, 14.142807960510254, 15.058005332946777, 14.224906921386719, 14.221579551696777, 14.060073852539062, 14.710495948791504, 14.264338493347168, 14.456192016601562, 14.105626106262207, 14.319622993469238, 14.65278148651123, 13.968559265136719, 14.592638969421387, 14.73057746887207, 14.476617813110352, 14.574689865112305, 14.401080131530762, 13.950400352478027, 13.782276153564453, 14.546577453613281, 14.70445442199707, 14.423118591308594, 14.350139617919922, 13.99524211883545, 13.982095718383789, 14.081955909729004, 14.334076881408691, 13.850956916809082, 14.399110794067383, 14.004730224609375, 13.785812377929688, 14.174720764160156, 14.57464599609375, 14.26504135131836, 14.035391807556152, 13.772355079650879, 14.130523681640625, 14.660665512084961, 14.002583503723145, 14.077552795410156, 13.828782081604004, 13.503865242004395, 13.918840408325195, 13.120589256286621, 14.4686918258667, 14.095483779907227, 13.795595169067383, 14.706130981445312, 13.690089225769043, 13.819751739501953, 13.452794075012207, 13.419942855834961, 13.78743839263916, 13.718826293945312, 13.920476913452148, 13.767305374145508, 13.963207244873047, 13.543885231018066, 13.087991714477539, 13.817749977111816, 13.781959533691406, 13.644798278808594, 13.843803405761719, 13.627090454101562, 13.765419006347656, 13.416387557983398, 14.558594703674316, 14.215598106384277, 13.984341621398926, 13.61860179901123, 13.474571228027344, 13.839940071105957, 13.49618148803711, 13.123268127441406, 14.307917594909668, 13.551740646362305, 13.850854873657227, 13.460474014282227, 13.63398551940918, 13.529472351074219, 13.389789581298828, 14.031580924987793, 13.38186264038086, 13.46006965637207, 13.747736930847168, 13.482172012329102, 13.62625503540039, 13.840094566345215, 13.724813461303711, 13.519105911254883, 13.438095092773438, 13.689531326293945, 13.283628463745117, 13.415066719055176, 13.948430061340332, 13.290130615234375, 13.769464492797852, 13.371954917907715, 12.978740692138672, 13.673779487609863, 13.678644180297852, 13.529855728149414, 13.74295425415039, 13.20449161529541, 13.353658676147461, 13.278566360473633, 13.625274658203125, 13.169783592224121, 13.176033020019531, 13.403463363647461, 13.353967666625977, 13.855687141418457, 13.826078414916992, 13.88052749633789, 13.630081176757812, 12.926212310791016, 13.696144104003906, 13.496969223022461, 14.04005241394043, 13.93858528137207, 13.709775924682617, 12.8624849319458, 13.697803497314453, 13.541686058044434, 13.986446380615234, 13.360029220581055, 13.643163681030273, 13.09527587890625, 13.60896110534668, 13.394166946411133, 13.814769744873047, 12.971930503845215, 13.591498374938965, 12.987278938293457, 13.442244529724121, 13.190035820007324, 12.95708179473877, 13.517884254455566, 13.540777206420898, 12.49984359741211, 13.601730346679688, 13.371186256408691, 13.917740821838379, 13.500986099243164, 13.576024055480957, 13.231609344482422, 12.952377319335938, 13.83290958404541, 12.96341323852539, 13.185325622558594, 13.059553146362305, 13.367952346801758, 13.94080924987793, 13.19499397277832, 14.008058547973633, 13.394680976867676, 13.645119667053223, 13.092222213745117, 13.427949905395508, 13.11578369140625, 13.193361282348633, 13.51773452758789, 12.963556289672852, 13.9315185546875, 13.755770683288574, 13.412549018859863, 13.444389343261719, 13.20516300201416, 13.176328659057617, 12.82872200012207, 13.2501220703125, 13.34620189666748, 13.195265769958496, 13.04623031616211, 12.635598182678223, 13.83740234375, 13.27192211151123, 12.636780738830566, 13.835700988769531, 13.063196182250977, 12.999594688415527, 12.767245292663574, 13.242389678955078, 13.365791320800781, 12.864690780639648, 13.51130199432373, 12.773944854736328, 13.16191291809082, 13.755634307861328, 12.978710174560547, 12.707995414733887, 13.31520938873291, 12.959817886352539, 13.928759574890137, 13.006203651428223, 13.313847541809082, 13.139928817749023, 13.208601951599121, 13.619779586791992, 12.904228210449219, 13.670841217041016, 12.697324752807617, 13.250518798828125, 13.3497896194458, 13.404096603393555, 13.343092918395996, 13.030391693115234, 13.623966217041016, 13.394545555114746, 12.95974349975586, 12.960206985473633, 13.04765796661377, 13.136678695678711, 12.965713500976562, 13.057518005371094, 13.210365295410156, 13.342321395874023, 13.16550350189209, 13.331870079040527, 13.221571922302246, 12.93465805053711, 13.198770523071289, 13.524155616760254, 13.72850227355957, 13.51544189453125, 13.127338409423828, 13.245716094970703, 13.523112297058105, 13.093748092651367, 13.370502471923828, 13.659825325012207, 13.112569808959961, 12.846038818359375, 13.031181335449219, 13.324751853942871, 12.46472454071045, 12.83692741394043, 12.793851852416992, 12.6961088180542, 13.265891075134277, 12.427718162536621, 12.58418083190918, 12.656139373779297, 12.905611038208008, 13.463080406188965, 13.162649154663086, 13.151275634765625, 13.207239151000977, 12.816001892089844, 13.073165893554688, 12.877559661865234, 13.258469581604004, 12.623631477355957, 12.79380989074707, 13.018051147460938, 12.924935340881348, 13.157400131225586, 13.215508460998535, 12.828173637390137, 13.110921859741211, 12.7625150680542, 12.854223251342773, 13.282297134399414, 12.785953521728516, 12.803912162780762, 12.997051239013672, 13.287891387939453, 12.929121017456055, 12.782293319702148, 13.5679931640625, 12.666444778442383, 12.709848403930664, 13.13292407989502, 12.628308296203613, 12.677807807922363, 13.485859870910645, 12.781135559082031, 13.583552360534668, 12.433958053588867, 13.466862678527832, 12.915982246398926, 12.911568641662598, 13.029226303100586, 13.299842834472656, 12.72807502746582, 13.08248519897461, 12.790430068969727, 12.743669509887695, 12.811641693115234, 12.904511451721191, 13.028008460998535, 13.187762260437012, 12.968452453613281, 12.947909355163574, 12.993301391601562, 12.77421760559082, 12.954383850097656, 12.74237060546875, 13.133499145507812, 12.847188949584961, 12.855491638183594, 13.140806198120117, 12.733428001403809, 12.380035400390625, 13.134950637817383, 12.826558113098145, 13.216768264770508, 13.43783187866211, 13.220020294189453, 12.307308197021484, 13.309247970581055, 12.281426429748535, 12.89733600616455, 13.255866050720215, 13.28825569152832, 12.837920188903809, 12.83658504486084, 12.722976684570312, 13.391692161560059, 13.082488059997559, 12.830470085144043, 13.312166213989258, 12.51290225982666, 12.661641120910645, 12.94505500793457, 12.780842781066895, 13.424667358398438, 12.313718795776367, 12.797966003417969, 12.746288299560547, 12.329448699951172, 13.020156860351562, 13.04605770111084, 12.916282653808594, 13.111645698547363, 13.196331024169922, 12.9886474609375, 12.845434188842773, 12.992080688476562, 12.556035995483398, 12.69870662689209, 13.225391387939453, 12.965051651000977, 12.692296981811523, 12.759725570678711, 12.861364364624023, 12.449681282043457, 12.693975448608398, 12.613323211669922, 12.76007080078125, 12.75279426574707, 12.824687957763672, 13.285493850708008, 12.726192474365234, 13.31786060333252, 12.980152130126953, 12.827613830566406, 13.328980445861816, 13.370665550231934, 