{"aucroc": 0.912314925459516, "aucpr": 0.08425525547941026, "dataset": "10_cover", "method": "soft", "test_ratio": 0.011, "train_ratio": 0.011, "labeled_anomalies": 1.0, "loe_loss": [20.010601043701172, 19.9226131439209, 18.746192932128906, 19.58969497680664, 18.09680938720703, 17.00041961669922, 17.9638671875, 17.15940284729004, 16.258840560913086, 16.633089065551758, 16.334346771240234, 16.21051025390625, 16.333816528320312, 16.0157413482666, 16.37958526611328, 15.5053071975708, 15.74800968170166, 15.652793884277344, 15.77688217163086, 15.727250099182129, 15.510598182678223, 15.064948081970215, 15.112621307373047, 14.578343391418457, 15.494370460510254, 14.95876407623291, 15.434647560119629, 15.157554626464844, 14.714815139770508, 14.2475004196167, 14.569415092468262, 14.710084915161133, 14.13196086883545, 14.945405006408691, 14.655757904052734, 14.462922096252441, 14.1150541305542, 14.98000717163086, 14.116647720336914, 14.166035652160645, 14.002784729003906, 14.489777565002441, 14.144505500793457, 14.399785995483398, 13.997196197509766, 14.290291786193848, 14.505099296569824, 13.929723739624023, 14.465933799743652, 14.543437004089355, 14.379796981811523, 14.49687671661377, 14.237631797790527, 13.86855697631836, 13.740500450134277, 14.437297821044922, 14.558204650878906, 14.273319244384766, 14.286293983459473, 13.895697593688965, 13.85580825805664, 13.982294082641602, 14.221120834350586, 13.751911163330078, 14.256685256958008, 13.932353019714355, 13.707599639892578, 14.045310974121094, 14.44737434387207, 14.196788787841797, 13.924064636230469, 13.682814598083496, 13.9640474319458, 14.441153526306152, 13.902186393737793, 14.050323486328125, 13.794661521911621, 13.484179496765137, 13.776130676269531, 13.113298416137695, 14.31451416015625, 13.961073875427246, 13.637772560119629, 14.604814529418945, 13.556653022766113, 13.720297813415527, 13.331522941589355, 13.294387817382812, 13.598952293395996, 13.630836486816406, 13.868529319763184, 13.682474136352539, 13.831424713134766, 13.415678977966309, 12.926521301269531, 13.726762771606445, 13.675650596618652, 13.569188117980957, 13.689087867736816, 13.590458869934082, 13.620719909667969, 13.376348495483398, 14.44701099395752, 14.200016975402832, 13.859419822692871, 13.505232810974121, 13.511691093444824, 13.74362564086914, 13.410076141357422, 13.01362133026123, 14.118392944335938, 13.490999221801758, 13.726776123046875, 13.380701065063477, 13.548990249633789, 13.456182479858398, 13.317721366882324, 13.992019653320312, 13.311421394348145, 13.433627128601074, 13.676178932189941, 13.376964569091797, 13.514385223388672, 13.725136756896973, 13.647134780883789, 13.480120658874512, 13.382389068603516, 13.631287574768066, 13.259988784790039, 13.345211029052734, 13.920744895935059, 13.309783935546875, 13.708166122436523, 13.366889953613281, 12.911139488220215, 13.521458625793457, 13.659611701965332, 13.472567558288574, 13.72397232055664, 13.152318954467773, 13.337965965270996, 13.242653846740723, 13.513365745544434, 13.035599708557129, 13.112258911132812, 13.367053985595703, 13.31967830657959, 13.691024780273438, 13.741571426391602, 13.788871765136719, 13.568777084350586, 12.895282745361328, 13.64727783203125, 13.46220588684082, 14.004916191101074, 13.882181167602539, 13.619552612304688, 12.823216438293457, 13.612654685974121, 13.499363899230957, 13.870935440063477, 13.327869415283203, 13.59354305267334, 13.072759628295898, 13.512483596801758, 13.378827095031738, 13.72239875793457, 12.929655075073242, 13.469742774963379, 12.961139678955078, 13.381682395935059, 13.16426944732666, 12.95743465423584, 13.489519119262695, 13.468046188354492, 12.480002403259277, 13.567346572875977, 13.331568717956543, 13.886183738708496, 13.474384307861328, 13.50433349609375, 13.210272789001465, 12.919920921325684, 13.767134666442871, 12.931634902954102, 13.147112846374512, 13.032280921936035, 13.35455322265625, 13.786487579345703, 13.138036727905273, 13.935112953186035, 13.365667343139648, 13.49416732788086, 13.09245491027832, 13.364398956298828, 13.042030334472656, 13.124885559082031, 13.424600601196289, 12.95675277709961, 13.839936256408691, 13.639678955078125, 13.151222229003906, 13.390410423278809, 13.218254089355469, 13.137758255004883, 12.796219825744629, 13.221599578857422, 13.391690254211426, 13.142987251281738, 12.95013427734375, 12.581111907958984, 13.767285346984863, 13.135513305664062, 12.68998908996582, 13.719023704528809, 12.995245933532715, 12.964441299438477, 12.69196605682373, 13.170047760009766, 13.293350219726562, 12.771333694458008, 13.440046310424805, 12.73176383972168, 13.066121101379395, 13.663040161132812, 13.020777702331543, 12.738025665283203, 13.120007514953613, 12.869939804077148, 13.721506118774414, 13.033403396606445, 13.22332763671875, 13.151165008544922, 13.155982971191406, 13.478726387023926, 12.851362228393555, 13.54586410522461, 12.6114501953125, 13.236711502075195, 13.252386093139648, 13.261187553405762, 13.246944427490234, 12.914473533630371, 13.567924499511719, 13.389352798461914, 12.81697940826416, 12.83694839477539, 13.001246452331543, 13.096073150634766, 12.950071334838867, 13.000170707702637, 13.12489128112793, 13.26198673248291, 13.157692909240723, 13.287360191345215, 13.048887252807617, 12.867395401000977, 13.201186180114746, 13.425776481628418, 13.647361755371094, 13.473464012145996, 12.987955093383789, 13.206748008728027, 13.39784049987793, 13.032197952270508, 13.316461563110352, 13.552338600158691, 13.033130645751953, 12.832548141479492, 12.97120475769043, 13.268179893493652, 12.40976333618164, 12.732258796691895, 12.74345588684082, 12.639697074890137, 13.163589477539062, 12.388808250427246, 12.579923629760742, 12.624700546264648, 12.838479042053223, 13.321776390075684, 13.114391326904297, 13.07362174987793, 13.123727798461914, 12.79076099395752, 12.933429718017578, 12.89645004272461, 13.122201919555664, 12.593463897705078, 12.784760475158691, 12.999300003051758, 12.767264366149902, 13.057991027832031, 13.092574119567871, 12.623757362365723, 13.025436401367188, 12.698441505432129, 12.766758918762207, 13.153029441833496, 12.697752952575684, 12.80564022064209, 12.958498001098633, 13.184200286865234, 12.899060249328613, 12.75067138671875, 13.402088165283203, 12.684064865112305, 12.635945320129395, 13.051643371582031, 12.58901596069336, 12.638663291931152, 13.398338317871094, 12.816271781921387, 13.427085876464844, 12.36911392211914, 13.338637351989746, 12.829366683959961, 12.849498748779297, 12.965283393859863, 13.276001930236816, 12.685829162597656, 13.024313926696777, 12.742756843566895, 12.732665061950684, 12.772420883178711, 12.856926918029785, 13.015997886657715, 13.132238388061523, 12.971223831176758, 12.872793197631836, 12.926332473754883, 12.738807678222656, 12.953197479248047, 12.687240600585938, 12.971260070800781, 12.816719055175781, 12.78706169128418, 13.001944541931152, 12.687139511108398, 12.348505973815918, 12.966913223266602, 12.791854858398438, 13.197259902954102, 13.203622817993164, 13.179163932800293, 12.246221542358398, 13.200777053833008, 12.317273139953613, 12.77501106262207, 13.184724807739258, 13.179948806762695, 12.743224143981934, 12.723278045654297, 12.774881362915039, 13.267491340637207, 13.07701301574707, 12.722261428833008, 13.21711254119873, 12.535406112670898, 12.564167022705078, 12.87618637084961, 12.79511547088623, 13.308661460876465, 12.229545593261719, 12.770657539367676, 12.714302062988281, 12.300107955932617, 12.991066932678223, 12.942789077758789, 12.863521575927734, 13.095795631408691, 13.138784408569336, 12.80417251586914, 12.804986000061035, 12.865386009216309, 12.535239219665527, 12.644718170166016, 13.186285972595215, 12.908720016479492, 12.69112777709961, 12.657112121582031, 12.75440502166748, 12.427005767822266, 12.614008903503418, 12.610769271850586, 12.716531753540039, 12.721054077148438, 12.777530670166016, 13.026965141296387, 12.690045356750488, 13.186141014099121, 12.88226318359375, 12.732474327087402, 13.186592102050781, 13.284740447998047,