{"aucroc": 0.7580731228448715, "aucpr": 0.12280066031230759, "dataset": "11_donors", "method": "refine", "test_ratio": 0.054, "train_ratio": 0.054, "labeled_anomalies": 1.0, "loe_loss": [19.728118896484375, 18.41855239868164, 18.278976440429688, 16.985435485839844, 16.817779541015625, 15.901934623718262, 15.75886058807373, 15.907676696777344, 15.077211380004883, 15.105137825012207, 14.567278861999512, 14.773374557495117, 14.912071228027344, 15.223697662353516, 14.833695411682129, 14.485337257385254, 14.312182426452637, 13.945271492004395, 14.13512897491455, 14.281285285949707, 13.8593168258667, 14.022625923156738, 13.625471115112305, 14.013776779174805, 13.469642639160156, 13.769599914550781, 14.047847747802734, 13.823822021484375, 13.243142127990723, 13.339823722839355, 13.430733680725098, 13.504220008850098, 12.605010032653809, 13.374269485473633, 13.333795547485352, 13.493281364440918, 13.387311935424805, 13.085979461669922, 13.217350959777832, 13.19513988494873, 12.797255516052246, 12.671337127685547, 12.554667472839355, 12.713951110839844, 12.985223770141602, 13.03204345703125, 13.008573532104492, 12.712226867675781, 12.762604713439941, 13.201574325561523, 13.481241226196289, 12.650174140930176, 12.792564392089844, 12.752060890197754, 12.760218620300293, 12.817022323608398, 12.749463081359863, 12.639699935913086, 12.6625394821167, 12.531768798828125, 12.322192192077637, 12.599143981933594, 12.349992752075195, 12.519515991210938, 12.595707893371582, 12.838785171508789, 12.370908737182617, 12.824503898620605, 12.731237411499023, 12.624324798583984, 12.550105094909668, 12.584238052368164, 12.510440826416016, 12.497116088867188, 12.654458045959473, 12.551644325256348, 12.47752571105957, 12.844687461853027, 12.476456642150879, 12.599695205688477, 12.60927963256836, 12.655556678771973, 12.218059539794922, 12.81116771697998, 12.515138626098633, 12.297805786132812, 12.336700439453125, 12.391290664672852, 12.197528839111328, 12.876800537109375, 12.505084991455078, 12.582735061645508, 12.430723190307617, 12.355984687805176, 12.251775741577148, 12.498388290405273, 12.327658653259277, 12.214763641357422, 12.338451385498047, 12.342966079711914, 12.089960098266602, 12.377867698669434, 12.411794662475586, 11.846202850341797, 12.248200416564941, 11.962057113647461, 12.359099388122559, 12.53452205657959, 12.148109436035156, 12.297905921936035, 12.707719802856445, 12.397904396057129, 12.129226684570312, 11.702805519104004, 12.006904602050781, 12.328714370727539, 12.12804889678955, 12.369331359863281, 12.91170883178711, 12.217535018920898, 12.09994888305664, 12.027101516723633, 11.907691955566406, 11.719328880310059, 12.09420108795166, 12.165398597717285, 11.729352951049805, 11.742947578430176, 12.262995719909668, 12.567781448364258, 12.077018737792969, 12.095988273620605, 12.097478866577148, 11.89666748046875, 11.983804702758789, 11.545969009399414, 11.826200485229492, 12.291269302368164, 11.835441589355469, 11.885774612426758, 11.860427856445312, 11.90672492980957, 11.779787063598633, 12.156871795654297, 12.34794807434082, 12.057120323181152, 12.368698120117188, 11.322295188903809, 12.184737205505371, 11.674592971801758, 11.807209014892578, 11.865921020507812, 11.682758331298828, 12.04432201385498, 11.99959659576416, 12.444478988647461, 11.7795991897583, 12.278321266174316, 11.948328018188477, 11.82100772857666, 11.97769546508789, 11.89377498626709, 11.703227996826172, 11.728704452514648, 11.913664817810059, 12.076892852783203, 11.840577125549316, 11.58122444152832, 11.765515327453613, 11.652657508850098, 11.823310852050781, 12.099900245666504, 11.72204303741455, 11.651494026184082, 11.80205249786377, 11.673797607421875, 11.922743797302246, 11.56033706665039, 11.329564094543457, 11.345394134521484, 11.303730964660645, 12.352458953857422, 11.948837280273438, 12.100895881652832, 11.651078224182129, 11.959592819213867, 11.377168655395508, 11.90042495727539, 11.514817237854004, 11.32996940612793, 11.46438217163086, 11.44211196899414, 11.912684440612793, 11.23670768737793, 11.872461318969727, 11.54916763305664, 11.646553993225098, 11.507614135742188, 12.506780624389648, 11.140832901000977, 11.829795837402344, 11.54596996307373, 11.393159866333008, 11.638374328613281, 11.518588066101074, 11.98267650604248, 11.690265655517578, 11.579446792602539, 11.38216495513916, 11.673966407775879, 11.487100601196289, 11.750614166259766, 11.886699676513672, 11.507403373718262, 11.594552993774414, 11.299226760864258, 11.337352752685547, 11.701845169067383, 11.246260643005371, 11.312431335449219, 11.653360366821289, 11.293851852416992, 11.994475364685059, 11.504983901977539, 11.563329696655273, 11.272793769836426, 11.446722030639648, 11.56314468383789, 11.276697158813477, 11.564835548400879, 11.171823501586914, 10.964578628540039, 10.925799369812012, 11.208468437194824, 11.37460708618164, 11.603841781616211, 12.017328262329102, 11.420524597167969, 12.23188591003418, 11.119237899780273, 11.432840347290039, 11.607198715209961, 10.949835777282715, 11.24547290802002, 11.747478485107422, 11.569354057312012, 10.924047470092773, 11.322355270385742, 11.493217468261719, 11.260637283325195, 11.709997177124023, 11.91030502319336, 11.259926795959473, 11.181188583374023, 11.243918418884277, 10.385030746459961, 11.29922103881836, 11.297454833984375, 11.15070915222168, 11.691201210021973, 10.676809310913086, 11.622318267822266, 11.003185272216797, 10.87710189819336, 10.934489250183105, 11.579002380371094, 11.96640682220459, 11.62138557434082, 11.511992454528809, 11.092780113220215, 10.810815811157227, 11.035289764404297, 10.977088928222656, 11.515970230102539, 11.349451065063477, 11.158980369567871, 10.965067863464355, 11.452901840209961, 10.935150146484375, 10.444317817687988, 10.524428367614746, 10.708894729614258, 11.164348602294922, 11.50175952911377, 10.893630027770996, 11.115277290344238, 10.991456031799316, 11.048025131225586, 10.94143295288086, 11.147817611694336, 11.138724327087402, 10.686216354370117, 11.1268949508667, 11.110974311828613, 11.179803848266602, 10.87690544128418, 11.28625202178955, 11.29948616027832, 11.031099319458008, 10.51346492767334, 11.222329139709473, 10.754836082458496, 11.02845573425293, 10.466114044189453, 10.811119079589844, 11.187589645385742, 10.722208023071289, 10.780404090881348, 10.792966842651367, 11.472956657409668, 10.747955322265625, 11.039608001708984, 10.910039901733398, 10.680591583251953, 10.874116897583008, 11.599217414855957, 10.795929908752441, 9.92995834350586, 11.23759651184082, 11.094415664672852, 10.565835952758789, 11.002325057983398, 10.774191856384277, 11.33554458618164, 10.441400527954102, 10.898776054382324, 10.571490287780762, 10.796290397644043, 10.52472972869873, 10.564908981323242, 10.532634735107422, 10.565165519714355, 10.43770694732666, 10.363510131835938, 11.305400848388672, 10.737235069274902, 10.380367279052734, 10.301093101501465, 10.321069717407227, 10.94308853149414, 10.675286293029785, 11.106346130371094, 10.322793006896973, 10.24376106262207, 10.326065063476562, 11.261991500854492, 10.663326263427734, 10.090780258178711, 10.805520057678223, 11.461576461791992, 10.714004516601562, 10.709878921508789, 11.40224838256836, 11.29141616821289, 10.016056060791016, 10.705096244812012, 11.019661903381348, 11.19221019744873, 10.974204063415527, 11.02333927154541, 10.461209297180176, 10.727107048034668, 10.692195892333984, 10.251254081726074, 10.644323348999023, 10.431314468383789, 10.561071395874023, 10.926972389221191, 10.966474533081055, 10.33114242553711, 10.186824798583984, 10.971172332763672, 10.854759216308594, 11.195138931274414, 10.148276329040527, 10.180914878845215, 11.521239280700684, 10.689937591552734, 10.292824745178223, 10.101926803588867, 10.601393699645996, 9.912461280822754, 10.300215721130371, 10.653242111206055, 10.05827522277832, 10.239280700683594, 10.648597717285156, 10.924613952636719, 9.952703475952148, 10.355513572692871, 10.378568649291992, 10.101348876953125, 10.224618911743164, 10.090716361999512, 