{"aucroc": 0.7266252823961695, "aucpr": 0.10361748206667128, "dataset": "11_donors", "method": "soft", "test_ratio": 0.054, "train_ratio": 0.054, "labeled_anomalies": 1.0, "loe_loss": [19.221115112304688, 17.82179832458496, 17.689638137817383, 16.48270034790039, 16.306568145751953, 15.370908737182617, 15.269018173217773, 15.391745567321777, 14.600320816040039, 14.427274703979492, 14.01534652709961, 14.346979141235352, 14.156654357910156, 14.248546600341797, 12.9771146774292, 12.999046325683594, 13.867589950561523, 13.46282958984375, 13.803159713745117, 13.870455741882324, 13.232877731323242, 13.518192291259766, 13.100151062011719, 13.451642036437988, 12.91061019897461, 13.140289306640625, 13.02087688446045, 13.161795616149902, 12.941641807556152, 12.920093536376953, 13.106295585632324, 13.11693000793457, 12.194125175476074, 12.935037612915039, 12.963260650634766, 12.67097282409668, 12.431310653686523, 12.83253002166748, 12.870804786682129, 12.768410682678223, 12.499167442321777, 12.355716705322266, 12.356181144714355, 12.417750358581543, 12.439427375793457, 12.589129447937012, 12.657490730285645, 11.735238075256348, 12.32335376739502, 12.551280975341797, 12.426413536071777, 12.381319999694824, 12.43361759185791, 11.866259574890137, 12.451339721679688, 12.503722190856934, 12.562387466430664, 12.430033683776855, 11.321537017822266, 12.28523063659668, 11.873332977294922, 12.13368034362793, 12.110026359558105, 12.122551918029785, 12.014605522155762, 12.352682113647461, 11.964871406555176, 12.564640045166016, 12.397476196289062, 12.339927673339844, 12.252140998840332, 12.085378646850586, 12.258612632751465, 12.178635597229004, 12.370898246765137, 12.202155113220215, 12.176944732666016, 12.031405448913574, 12.006006240844727, 12.382100105285645, 12.351426124572754, 12.203277587890625, 12.005395889282227, 12.204596519470215, 11.852673530578613, 12.07163143157959, 12.061517715454102, 12.137029647827148, 11.890564918518066, 12.21718978881836, 12.330362319946289, 12.178018569946289, 12.28424072265625, 12.146353721618652, 12.058758735656738, 12.297515869140625, 12.23933219909668, 12.103259086608887, 12.05710506439209, 11.944783210754395, 12.086228370666504, 12.335685729980469, 12.358856201171875, 11.549073219299316, 11.940187454223633, 11.947539329528809, 12.128844261169434, 12.240240097045898, 12.092206954956055, 11.988072395324707, 12.389420509338379, 12.197914123535156, 11.835640907287598, 11.691583633422852, 11.881820678710938, 12.098462104797363, 11.974312782287598, 12.047978401184082, 12.346637725830078, 12.08548641204834, 12.054778099060059, 11.984885215759277, 10.780900001525879, 11.642887115478516, 12.177909851074219, 12.103639602661133, 11.92619800567627, 11.644511222839355, 12.242746353149414, 12.032015800476074, 11.891035079956055, 11.846976280212402, 12.142475128173828, 11.180683135986328, 11.617538452148438, 11.554182052612305, 11.78108024597168, 12.20063591003418, 11.893775939941406, 11.795393943786621, 11.593711853027344, 11.937918663024902, 11.778287887573242, 12.246796607971191, 11.80681324005127, 11.804845809936523, 12.193925857543945, 11.665166854858398, 12.010063171386719, 11.72547721862793, 11.901731491088867, 11.64955997467041, 11.896591186523438, 12.16663932800293, 11.896587371826172, 11.68606185913086, 11.725240707397461, 11.966309547424316, 11.724228858947754, 11.536890029907227, 11.918331146240234, 11.737255096435547, 11.889669418334961, 11.81286907196045, 11.71269416809082, 12.118330955505371, 11.846233367919922, 11.281303405761719, 11.575181007385254, 11.858121871948242, 11.850102424621582, 12.160861015319824, 11.879302024841309, 11.848233222961426, 11.573602676391602, 11.868879318237305, 11.747014999389648, 11.645707130432129, 11.734657287597656, 11.637083053588867, 11.537189483642578, 12.146227836608887, 12.080472946166992, 11.753456115722656, 11.762328147888184, 11.94863510131836, 11.692729949951172, 11.904010772705078, 11.619474411010742, 11.658731460571289, 11.592988014221191, 11.433342933654785, 11.694648742675781, 11.524423599243164, 11.973862648010254, 10.87812614440918, 11.629749298095703, 11.630596160888672, 12.060728073120117, 11.407241821289062, 11.45162296295166, 11.818567276000977, 11.751773834228516, 11.803245544433594, 11.645914077758789, 11.745223999023438, 11.395401954650879, 11.564473152160645, 11.667858123779297, 11.692839622497559, 11.695165634155273, 11.8204984664917, 11.565486907958984, 11.431459426879883, 11.806575775146484, 11.535842895507812, 11.46061897277832, 11.490097045898438, 11.60686206817627, 11.273496627807617, 11.615816116333008, 11.492868423461914, 11.393392562866211, 11.761351585388184, 11.671344757080078, 11.439766883850098, 11.79805850982666, 11.687732696533203, 11.146303176879883, 11.514699935913086, 11.460715293884277, 11.404277801513672, 11.156630516052246, 11.49660873413086, 11.628549575805664, 11.849943161010742, 11.704669952392578, 11.405177116394043, 11.897496223449707, 11.525989532470703, 11.181320190429688, 11.586115837097168, 11.414301872253418, 11.600626945495605, 11.394962310791016, 11.724311828613281, 11.075785636901855, 11.37071418762207, 11.624587059020996, 11.377350807189941, 11.61516284942627, 11.736688613891602, 11.562765121459961, 11.539639472961426, 11.318607330322266, 11.148858070373535, 11.613607406616211, 11.578898429870605, 11.144545555114746, 11.298230171203613, 11.108362197875977, 11.654340744018555, 11.257735252380371, 11.207763671875, 11.405583381652832, 11.74669075012207, 11.447145462036133, 11.434257507324219, 11.377344131469727, 11.361499786376953, 11.048811912536621, 10.652913093566895, 11.113615036010742, 11.422954559326172, 11.358085632324219, 11.43647289276123, 11.094219207763672, 11.304468154907227, 11.300093650817871, 10.90825080871582, 11.139752388000488, 11.058926582336426, 11.249401092529297, 11.361452102661133, 10.963167190551758, 11.370208740234375, 11.186712265014648, 11.381553649902344, 11.428373336791992, 11.186203002929688, 11.177727699279785, 11.206825256347656, 10.849120140075684, 11.406105041503906, 11.452004432678223, 11.118745803833008, 11.676366806030273, 11.643904685974121, 11.032926559448242, 10.995061874389648, 11.244723320007324, 11.15538501739502, 11.166778564453125, 11.29217529296875, 11.389395713806152, 11.017782211303711, 11.277711868286133, 11.18107795715332, 11.419078826904297, 11.279754638671875, 11.126283645629883, 11.129921913146973, 11.741888999938965, 11.349084854125977, 11.40795612335205, 11.416123390197754, 11.045467376708984, 10.894775390625, 10.443961143493652, 11.619743347167969, 11.069395065307617, 11.2437744140625, 11.156493186950684, 11.011702537536621, 11.271597862243652, 11.095094680786133, 11.021957397460938, 11.019323348999023, 11.177101135253906, 11.310351371765137, 11.237746238708496, 10.976183891296387, 10.89388656616211, 11.320950508117676, 11.091140747070312, 11.441221237182617, 10.869257926940918, 11.313302040100098, 10.804368019104004, 11.269502639770508, 10.974672317504883, 11.170537948608398, 10.760714530944824, 11.068634986877441, 10.95984172821045, 11.259454727172852, 10.72398853302002, 10.678810119628906, 11.139714241027832, 10.823124885559082, 10.834539413452148, 10.964132308959961, 11.187349319458008, 10.846848487854004, 10.686797142028809, 11.415242195129395, 11.081518173217773, 11.112225532531738, 11.0354585647583, 11.184368133544922, 11.192042350769043, 10.16999340057373, 11.11073112487793, 10.686762809753418, 11.393043518066406, 10.92949390411377, 11.256002426147461, 11.306264877319336, 10.4469633102417, 10.7186279296875, 10.957758903503418, 11.3562650680542, 10.811238288879395, 11.020434379577637, 11.000109672546387, 11.227890968322754, 11.353450775146484, 11.33755111694336, 10.649656295776367, 10.882564544677734, 11.100675582885742, 10.914960861206055, 10.887946128845215, 10.986239433288574, 11.005088806152344, 11.163110733032227, 11.038905143737793, 10.724492073059082, 10.885007858276367, 10.287590980529785, 10.93444538116455, 11.252632141113281, 11.045927047729492, 10.956877708435059, 