{"aucroc": 0.780982013647819, "aucpr": 0.1325384362333134, "dataset": "11_donors", "method": "hard", "test_ratio": 0.054, "train_ratio": 0.054, "labeled_anomalies": 1.0, "loe_loss": [17.1192569732666, 16.57500457763672, 14.316474914550781, 14.496800422668457, 15.249589920043945, 13.641101837158203, 12.123064994812012, 14.048738479614258, 12.92633056640625, 12.860281944274902, 12.358927726745605, 12.434349060058594, 12.720261573791504, 13.069462776184082, 10.242774963378906, 12.018110275268555, 12.080299377441406, 11.750103950500488, 9.34660530090332, 12.11881160736084, 12.24336051940918, 11.395254135131836, 10.810632705688477, 11.893802642822266, 12.31218433380127, 11.940452575683594, 12.211629867553711, 11.306549072265625, 10.865377426147461, 11.824982643127441, 11.438173294067383, 12.164388656616211, 11.784507751464844, 11.803362846374512, 11.327531814575195, 10.191964149475098, 11.512287139892578, 11.54066276550293, 11.58133602142334, 11.096410751342773, 10.708374977111816, 10.307683944702148, 10.314351081848145, 11.452923774719238, 11.535355567932129, 11.246247291564941, 10.767414093017578, 9.649160385131836, 12.078109741210938, 12.066412925720215, 11.254509925842285, 11.3360013961792, 11.72220230102539, 11.181975364685059, 11.414423942565918, 10.011082649230957, 11.152146339416504, 11.02859115600586, 11.134544372558594, 11.326753616333008, 10.653657913208008, 11.186366081237793, 10.792279243469238, 11.164083480834961, 10.67601203918457, 10.883676528930664, 10.533233642578125, 8.386063575744629, 11.003520965576172, 10.00857925415039, 9.5367431640625, 10.086803436279297, 11.162900924682617, 9.23096752166748, 11.317042350769043, 11.389178276062012, 8.540128707885742, 9.784281730651855, 9.06119155883789, 10.707073211669922, 11.193673133850098, 11.140859603881836, 11.038979530334473, 11.25289249420166, 10.236921310424805, 10.545392990112305, 10.169257164001465, 11.243669509887695, 11.131526947021484, 10.275289535522461, 10.366874694824219, 10.718460083007812, 11.3339262008667, 11.119575500488281, 10.948994636535645, 11.348424911499023, 10.655266761779785, 9.502828598022461, 10.828245162963867, 10.65932846069336, 11.304211616516113, 10.9224214553833, 10.450729370117188, 9.621219635009766, 10.964715957641602, 10.60832405090332, 11.139687538146973, 10.644493103027344, 10.768096923828125, 10.961997985839844, 10.740509033203125, 10.49377155303955, 10.454370498657227, 9.534004211425781, 11.193877220153809, 10.941306114196777, 11.50390338897705, 10.416007995605469, 10.844568252563477, 10.676273345947266, 10.90590763092041, 10.869105339050293, 10.664644241333008, 8.566329002380371, 10.821857452392578, 10.393885612487793, 10.418628692626953, 10.517935752868652, 10.625662803649902, 10.741809844970703, 11.118049621582031, 9.703935623168945, 10.85338020324707, 9.99655818939209, 9.56553840637207, 10.438583374023438, 11.05827522277832, 10.428664207458496, 9.772953033447266, 10.238852500915527, 10.299163818359375, 10.783662796020508, 10.201021194458008, 10.542806625366211, 10.987496376037598, 9.602005004882812, 10.34811782836914, 10.548661231994629, 9.887945175170898, 11.330831527709961, 11.177541732788086, 10.986159324645996, 10.490520477294922, 10.41931438446045, 10.630970001220703, 10.391566276550293, 8.726446151733398, 10.307856559753418, 9.983612060546875, 10.132083892822266, 10.915216445922852, 9.8820219039917, 10.048639297485352, 10.940306663513184, 10.057914733886719, 11.209980010986328, 9.859784126281738, 10.335383415222168, 10.175429344177246, 10.116220474243164, 10.577275276184082, 7.34771203994751, 10.719314575195312, 9.944835662841797, 9.819799423217773, 11.27532958984375, 10.792312622070312, 8.709989547729492, 11.3190279006958, 10.011946678161621, 10.255562782287598, 9.86728286743164, 7.3461594581604, 9.260102272033691, 10.333441734313965, 10.93181324005127, 10.383993148803711, 9.906521797180176, 10.289152145385742, 9.884093284606934, 11.280790328979492, 10.698162078857422, 10.013660430908203, 10.775152206420898, 10.653055191040039, 10.237577438354492, 9.740851402282715, 10.540872573852539, 10.254551887512207, 10.927216529846191, 10.545729637145996, 11.087843894958496, 10.565034866333008, 10.374435424804688, 9.788808822631836, 10.953128814697266, 11.18096923828125, 11.108202934265137, 10.407713890075684, 9.650646209716797, 10.755633354187012, 9.2962064743042, 10.974291801452637, 8.82800006866455, 10.617612838745117, 10.492291450500488, 10.49237060546875, 9.862668991088867, 9.815672874450684, 10.471134185791016, 9.884765625, 10.709906578063965, 10.28127384185791, 8.721940994262695, 10.585335731506348, 10.053648948669434, 10.995494842529297, 10.260594367980957, 10.66240406036377, 10.55842399597168, 10.69862174987793, 10.133231163024902, 10.79391098022461, 9.367696762084961, 9.632530212402344, 9.613917350769043, 10.535111427307129, 10.4124174118042, 10.522059440612793, 10.479479789733887, 10.1981782913208, 10.508110046386719, 9.52568531036377, 10.215547561645508, 9.9064359664917, 10.708512306213379, 10.90510082244873, 10.544794082641602, 10.449827194213867, 10.783106803894043, 10.939542770385742, 10.806354522705078, 10.043172836303711, 10.870636940002441, 10.790617942810059, 10.568305969238281, 10.492788314819336, 9.414222717285156, 10.767704010009766, 9.47268295288086, 9.428256034851074, 9.26207447052002, 10.993871688842773, 10.377870559692383, 9.003150939941406, 9.88929557800293, 10.265807151794434, 10.09623908996582, 10.296157836914062, 9.874738693237305, 9.766965866088867, 10.856889724731445, 10.072426795959473, 7.941312789916992, 9.00533390045166, 9.786043167114258, 8.786972999572754, 9.984834671020508, 9.848514556884766, 9.80035400390625, 10.359674453735352, 10.326321601867676, 10.698978424072266, 9.934005737304688, 9.924323081970215, 10.453579902648926, 10.500107765197754, 9.589595794677734, 9.625240325927734, 10.873711585998535, 10.227368354797363, 10.823145866394043, 10.50399112701416, 10.136103630065918, 9.541055679321289, 10.242344856262207, 10.485054016113281, 9.643876075744629, 10.12195110321045, 9.994117736816406, 10.2333984375, 8.083613395690918, 10.554370880126953, 10.242524147033691, 10.66108512878418, 10.424711227416992, 10.608383178710938, 9.957292556762695, 10.974982261657715, 10.192251205444336, 9.510232925415039, 9.236961364746094, 10.050758361816406, 9.145766258239746, 8.846936225891113, 9.714101791381836, 10.297316551208496, 10.208232879638672, 9.0606107711792, 8.717866897583008, 9.737183570861816, 9.019675254821777, 9.702308654785156, 9.717227935791016, 9.268144607543945, 10.160311698913574, 10.558547019958496, 10.155670166015625, 10.375988006591797, 10.668131828308105, 8.847735404968262, 10.296845436096191, 8.146210670471191, 9.209454536437988, 9.959073066711426, 8.984874725341797, 8.810165405273438, 10.441338539123535, 9.565587043762207, 9.089788436889648, 10.310294151306152, 9.485963821411133, 10.674105644226074, 10.422049522399902, 9.217971801757812, 10.23085880279541, 8.871968269348145, 10.067174911499023, 9.21779727935791, 10.054975509643555, 9.827020645141602, 10.72381591796875, 10.172347068786621, 9.581135749816895, 9.767736434936523, 8.580005645751953, 10.07166576385498, 9.582820892333984, 9.997315406799316, 9.45240306854248, 9.610751152038574, 9.510685920715332, 9.47123908996582, 10.138692855834961, 9.067556381225586, 9.879049301147461, 10.521331787109375, 9.803725242614746, 9.362159729003906, 10.464179039001465, 10.111997604370117, 9.444879531860352, 9.616142272949219, 9.891327857971191, 8.650888442993164, 9.452526092529297, 10.507342338562012, 8.682137489318848, 10.117963790893555, 5.218776702880859, 9.71218490600586, 9.894465446472168, 9.795307159423828, 8.820313453674316, 9.562217712402344, 9.756000518798828, 10.305341720581055, 10.050093650817871, 8.883913040161133, 9.948744773864746, 10.532658576965332, 9.716259956359863, 9.105587005615234, 9.366259574890137, 8.88253116607666, 9.602131843566895, 10.768972396850586, 10.452342987060547, 8.752697944641113, 8.605659484863281, 9.53524398803711, 8.71371078491211, 