{"aucroc": 0.653244458304098, "aucpr": 0.4662400320781647, "dataset": "12_fault", "method": "soft", "test_ratio": 0.346483704974271, "train_ratio": 0.346483704974271, "labeled_anomalies": 1.0, "loe_loss": [28.114919662475586, 25.965011596679688, 24.88603973388672, 23.638395309448242, 23.89508819580078, 24.332073211669922, 24.336368560791016, 23.840675354003906, 23.676820755004883, 23.016300201416016, 23.361282348632812, 23.014787673950195, 24.099721908569336, 23.03438377380371, 22.53412628173828, 22.728103637695312, 21.870159149169922, 22.733186721801758, 22.688871383666992, 21.752534866333008, 22.390342712402344, 21.74640464782715, 21.74959945678711, 21.077850341796875, 21.346460342407227, 21.61065673828125, 21.142772674560547, 21.620458602905273, 20.6185359954834, 20.9975643157959, 20.761934280395508, 20.717613220214844, 20.449472427368164, 19.947175979614258, 20.2503719329834, 20.336408615112305, 20.416454315185547, 19.862293243408203, 19.932296752929688, 19.63275909423828, 18.677730560302734, 19.79031753540039, 19.66473960876465, 19.599193572998047, 19.346424102783203, 19.346939086914062, 19.94530487060547, 19.395235061645508, 19.733047485351562, 19.194900512695312, 19.070390701293945, 19.76436424255371, 19.47031021118164, 18.95497703552246, 19.167287826538086, 19.278583526611328, 19.680217742919922, 18.799856185913086, 19.10805320739746, 18.974517822265625, 18.896806716918945, 18.798431396484375, 18.958824157714844, 19.002405166625977, 18.721033096313477, 18.845951080322266, 18.81905174255371, 18.569589614868164, 18.936065673828125, 18.94168472290039, 18.22160530090332, 18.860008239746094, 18.925060272216797, 19.05385398864746, 18.72434425354004, 19.174453735351562, 19.323810577392578, 18.486597061157227, 18.842580795288086, 18.569963455200195, 18.53835678100586, 18.705249786376953, 18.11770248413086, 18.68906593322754, 18.48577880859375, 17.596338272094727, 18.26316261291504, 18.238733291625977, 18.136247634887695, 18.36587142944336, 18.636188507080078, 17.66830825805664, 18.425291061401367, 18.200973510742188, 18.289138793945312, 18.221759796142578, 18.233041763305664, 18.428258895874023, 18.72014617919922, 18.60511016845703, 18.705036163330078, 18.347707748413086, 17.894742965698242, 18.441701889038086, 18.531253814697266, 18.334056854248047, 18.625057220458984, 18.331653594970703, 18.21137046813965, 18.538150787353516, 18.331695556640625, 18.319021224975586, 18.597169876098633, 18.411012649536133, 17.967147827148438, 18.21771240234375, 18.261783599853516, 18.360546112060547, 18.467395782470703, 18.37750244140625, 18.227109909057617, 18.370820999145508, 17.787870407104492, 17.78596305847168, 18.13486099243164, 17.782520294189453, 18.351139068603516, 17.88193130493164, 17.89306640625, 17.752580642700195, 17.83098793029785, 17.936676025390625, 18.356441497802734, 18.222122192382812, 18.06610679626465, 17.762439727783203, 18.378124237060547, 17.667970657348633, 17.712177276611328, 17.851015090942383, 17.295867919921875, 17.722166061401367, 17.755481719970703, 17.139808654785156, 17.881214141845703, 17.35287094116211, 17.185461044311523, 17.27123260498047, 17.29246711730957, 17.848838806152344, 17.533376693725586, 16.735389709472656, 16.930307388305664, 17.676586151123047, 16.82723617553711, 17.451929092407227, 17.231748580932617, 17.258869171142578, 17.29187774658203, 17.76955795288086, 17.256093978881836, 17.459272384643555, 17.44971466064453, 17.204652786254883, 16.59579849243164, 16.824859619140625, 16.508087158203125, 16.900102615356445, 17.02292251586914, 17.22465705871582, 16.94465446472168, 16.72950553894043, 16.926448822021484, 16.855449676513672, 16.63113021850586, 16.69524383544922, 17.30876350402832, 16.56473731994629, 17.047142028808594, 17.024513244628906, 16.900148391723633, 16.513809204101562, 17.117876052856445, 16.611480712890625, 16.744688034057617, 17.106117248535156, 16.819185256958008, 16.224468231201172, 16.647674560546875, 16.48972511291504, 16.12923812866211, 16.313657760620117, 16.42165184020996, 16.458955764770508, 16.449190139770508, 15.711810111999512, 16.624984741210938, 16.2164306640625, 16.597505569458008, 16.40536117553711, 16.436004638671875, 16.177906036376953, 16.322032928466797, 16.60977554321289, 15.949143409729004, 16.357070922851562, 16.145545959472656, 15.876401901245117, 16.175823211669922, 15.647823333740234, 15.76439094543457, 15.995950698852539, 15.923665046691895, 16.1761417388916, 15.908291816711426, 16.04037094116211, 15.804828643798828, 15.991333961486816, 15.815475463867188, 16.02637481689453, 15.892438888549805, 16.087520599365234, 15.6476469039917, 15.771360397338867, 15.88601016998291, 15.622925758361816, 15.501441955566406, 15.019174575805664, 15.363394737243652, 15.458805084228516, 15.900163650512695, 16.0955867767334, 15.475902557373047, 15.208244323730469, 15.605279922485352, 15.760897636413574, 15.196281433105469, 15.550264358520508, 15.334503173828125, 14.934211730957031, 15.226886749267578, 15.082136154174805, 15.498821258544922, 15.462105751037598, 15.534573554992676, 14.936128616333008, 14.661796569824219, 15.046160697937012, 14.990678787231445, 14.946086883544922, 14.87153148651123, 15.040775299072266, 15.127310752868652, 15.281990051269531, 15.26683235168457, 14.912225723266602, 14.972457885742188, 14.957383155822754, 15.53287410736084, 14.892712593078613, 15.104198455810547, 14.754910469055176, 15.161107063293457, 15.070033073425293, 14.164154052734375, 14.63247299194336, 14.748231887817383, 15.056174278259277, 14.438240051269531, 14.479496002197266, 14.284757614135742, 15.370256423950195, 14.323463439941406, 14.63499641418457, 14.732847213745117, 14.802290916442871, 14.75634479522705, 14.711183547973633, 14.394610404968262, 14.253921508789062, 14.461404800415039, 14.611328125, 13.879955291748047, 13.949156761169434, 14.349934577941895, 14.78331184387207, 14.639130592346191, 14.128665924072266, 14.366382598876953, 14.102043151855469, 13.929011344909668, 14.206027030944824, 14.282990455627441, 14.071634292602539, 14.079038619995117, 14.010342597961426, 14.12868881225586, 13.917024612426758, 13.916686058044434, 13.76618480682373, 13.702303886413574, 12.852982521057129, 14.182193756103516, 13.422776222229004, 14.284543991088867, 13.89552116394043, 13.8014554977417, 13.429834365844727, 13.9118070602417, 13.401362419128418, 13.350936889648438, 13.381089210510254, 13.512868881225586, 14.022890090942383, 13.320873260498047, 13.846036911010742, 14.065767288208008, 14.000703811645508, 14.154074668884277, 13.6246919631958, 13.84642219543457, 13.821527481079102, 14.205275535583496, 13.92924690246582, 13.026283264160156, 13.913723945617676, 13.75700855255127, 13.206116676330566, 13.359758377075195, 13.515620231628418, 13.823929786682129, 13.327797889709473, 13.155986785888672, 13.441283226013184, 13.156007766723633, 12.960243225097656, 13.432018280029297, 12.666177749633789, 12.944869041442871, 13.731128692626953, 13.09054946899414, 12.520842552185059, 13.389701843261719, 12.731952667236328, 13.534488677978516, 13.449313163757324, 12.477713584899902, 12.804769515991211, 13.661460876464844, 13.07219409942627, 13.057826042175293, 13.049510955810547, 13.239839553833008, 12.825796127319336, 13.144744873046875, 12.896650314331055, 13.032575607299805, 12.86400032043457, 12.689630508422852, 13.07892894744873, 13.163837432861328, 12.966678619384766, 12.955355644226074, 12.957037925720215, 13.172294616699219, 12.984044075012207, 13.132457733154297, 12.652470588684082, 13.201995849609375, 12.479461669921875, 12.381848335266113, 12.83017349243164, 12.924857139587402, 12.898905754089355, 12.964723587036133, 12.25696086883545, 12.821212768554688, 13.079737663269043, 13.088306427001953, 12.973947525024414, 12.26776123046875, 13.16875171661377, 12.244036674499512, 12.69856071472168, 13.123744010925293, 12.925312995910645, 12.973858833312988, 13.080753326416016, 12.257810592651367, 13.47508716583252, 11.639547348022461, 11.925918579101562, 11.974874496459961, 12.484016418457031, 12.60110092163086, 