{"aucroc": 0.4368043103522951, "aucpr": 0.29527406086034197, "dataset": "12_fault", "method": "hard", "test_ratio": 0.346483704974271, "train_ratio": 0.346483704974271, "labeled_anomalies": 1.0, "loe_loss": [7.828531265258789, 8.261314392089844, 7.532569885253906, 6.673818588256836, 7.9605278968811035, 5.5747904777526855, 6.461822509765625, 6.022393226623535, 7.211732387542725, 4.440634250640869, 6.335555076599121, 8.31629753112793, 7.060533046722412, 6.876135349273682, 3.5565152168273926, 2.7181270122528076, 3.68991756439209, 3.1245081424713135, 0.7875608205795288, 3.0687310695648193, 3.266231060028076, -0.3035306930541992], "n_epochs": 21}