{"aucroc": 0.45849899950624984, "aucpr": 0.31036549042251454, "dataset": "12_fault", "method": "hard", "test_ratio": 0.346483704974271, "train_ratio": 0.346483704974271, "labeled_anomalies": 1.0, "loe_loss": [8.162338256835938, 7.733924865722656, 6.1492743492126465, 8.26910400390625, 5.312713623046875, 7.282082557678223, 7.336052894592285, 7.456769943237305, 7.671755790710449, 7.326785564422607, 5.997912883758545, 7.293490409851074, 7.071194648742676, 6.837815284729004, 6.103425979614258, 2.777317523956299, 7.509640216827393, 5.574509143829346, 5.7222394943237305, 7.885720729827881, 5.7818708419799805, 5.26077127456665, 4.792214870452881, 6.15841007232666, 4.260168075561523, 5.370462417602539, 4.90093994140625, 5.806523323059082, 2.391692638397217, 5.51249885559082, 3.7383692264556885, 5.319669723510742, 0.8018139600753784, 5.197140216827393, 5.251091957092285, 3.7438817024230957, 2.993422508239746, 2.381620407104492, 3.1970081329345703, 4.699386119842529, 1.370064377784729, 4.6631693840026855, 3.3843517303466797, 3.7671313285827637, 0.4462586045265198, 2.929537773132324, 3.996750831604004, 2.8574395179748535, 3.013540029525757, 3.5245866775512695, 3.1844987869262695, 4.497206687927246, 2.5173113346099854, -0.9720596075057983], "n_epochs": 53}