{"aucroc": 0.947935447968837, "aucpr": 0.10915023463120703, "dataset": "13_fraud", "method": "hard", "test_ratio": 0.0016666666666666668, "train_ratio": 0.0016666666666666668, "labeled_anomalies": 1.0, "loe_loss": [63.0434684753418, 58.47898864746094, 53.75157928466797, 52.89177322387695, 51.13818359375, 55.57407760620117, 50.900299072265625, 51.78705978393555, 49.851722717285156, 55.463104248046875, 52.14828872680664, 50.77431106567383, 52.22038269042969, 48.63961410522461, 51.79832458496094, 47.873104095458984, 53.86539077758789, 50.8021354675293, 46.4446907043457, 46.93714141845703, 46.88153839111328, 49.600624084472656, 46.90299987792969, 50.85234069824219, 47.43238830566406, 55.478607177734375, 45.66864776611328, 46.76383590698242, 49.32200622558594, 46.05579376220703, 46.87659454345703, 47.516998291015625, 43.39973831176758, 43.859622955322266, 50.96879959106445, 44.704952239990234, 44.80431365966797, 44.783199310302734, 42.67326354980469, 44.4235954284668, 45.58558654785156, 43.39080810546875, 45.18600082397461, 45.74726104736328, 44.86651611328125, 46.242103576660156, 41.530757904052734, 40.88825988769531, 44.87580871582031, 45.89570617675781, 42.79423522949219, 41.451446533203125, 41.55713653564453, 44.90421676635742, 41.8875617980957, 41.01837921142578, 46.67577362060547, 41.4599494934082, 42.91064453125, 40.03675842285156, 40.48688507080078, 43.138641357421875, 40.55506134033203, 40.52616882324219, 40.57112503051758, 41.692806243896484, 39.81318283081055, 41.08159255981445, 42.28953170776367, 42.71187210083008, 40.86774444580078, 43.545867919921875, 45.637351989746094, 44.90362548828125, 43.277427673339844, 41.65138626098633, 40.5283203125, 39.56391143798828, 41.731529235839844, 39.797386169433594, 42.28784942626953, 39.890716552734375, 40.61651611328125, 39.47954559326172, 39.019927978515625, 50.73078155517578, 40.16199493408203, 41.89645004272461, 45.582496643066406, 43.405120849609375, 41.43383026123047, 39.70782470703125, 39.91645812988281, 38.880401611328125, 41.99660873413086, 40.19650650024414, 41.71201705932617, 41.414859771728516, 39.17360305786133, 40.22581481933594, 43.776702880859375, 39.55487060546875, 40.46479415893555, 39.72245788574219, 38.88090896606445, 40.10710906982422, 38.652748107910156, 39.915428161621094, 40.202110290527344, 38.613136291503906, 42.23416519165039, 40.49335479736328, 39.083351135253906, 40.44048309326172, 40.82465362548828, 41.38585662841797, 39.99045944213867, 41.6427001953125, 39.40427780151367, 38.15750503540039, 38.467655181884766, 45.10850143432617, 39.31559371948242, 40.93852615356445, 43.784610748291016, 39.109222412109375, 47.251243591308594, 38.07231521606445, 39.32854461669922, 41.697021484375, 42.58315658569336, 38.35383605957031, 38.74427795410156, 40.66240310668945, 39.41228485107422, 43.215431213378906, 41.26641845703125, 39.813724517822266, 43.009803771972656, 39.38880920410156, 39.82045364379883, 40.18715286254883, 41.872222900390625, 38.82615661621094, 40.735408782958984, 40.47838592529297, 39.635746002197266, 39.137271881103516, 39.550743103027344, 39.472557067871094, 37.99056625366211, 43.542057037353516, 37.85321044921875, 39.76862335205078, 39.30221176147461, 37.79635238647461, 37.63880157470703, 41.031517028808594, 39.1871452331543, 38.934913635253906, 38.339717864990234, 37.46635055541992, 40.87225341796875, 39.27403259277344, 40.08154296875, 39.545257568359375, 43.85934829711914, 38.202545166015625, 40.74351501464844, 39.50309753417969, 41.98097229003906, 38.19831848144531, 39.19756317138672, 47.25508117675781, 37.27680206298828, 39.419830322265625, 38.80480194091797, 40.19153594970703, 37.83893966674805, 36.630531311035156, 39.25996017456055, 41.1356086730957, 38.742462158203125, 37.4564208984375, 38.48118209838867, 39.48243713378906, 37.60050964355469, 38.98274612426758, 39.144920349121094, 39.725982666015625, 39.8757438659668, 37.26576232910156, 38.509307861328125, 36.98930358886719, 39.35158157348633, 37.55635070800781, 37.5526237487793, 37.28850555419922, 39.865604400634766, 37.67701721191406, 39.017120361328125, 38.29387664794922, 38.99107360839844, 41.11272430419922, 37.614013671875, 38.835350036621094, 39.60441207885742, 38.72990036010742, 38.69245910644531, 41.43519592285156, 38.67915725708008, 37.619083404541016, 39.924835205078125, 38.401973724365234, 40.754417419433594, 39.303489685058594, 40.869022369384766, 40.38755798339844, 41.78550720214844, 39.75437927246094, 38.12364196777344, 38.67023849487305, 38.58966064453125, 38.801177978515625, 36.99916076660156, 43.15446090698242, 38.92463684082031, 36.75518035888672, 38.91483688354492, 39.36572265625, 39.78762435913086, 39.26568603515625, 37.74025344848633, 40.308006286621094, 38.41374969482422, 40.32756805419922, 36.15983581542969, 37.07836151123047, 37.82014846801758, 39.710693359375, 38.13105010986328, 36.73550796508789, 40.30378341674805, 37.647830963134766, 40.83167266845703, 37.894493103027344, 39.32513427734375, 39.902915954589844, 44.3702392578125, 40.559547424316406, 37.42760467529297, 38.62542724609375, 39.071388244628906, 36.30967712402344, 37.069252014160156, 38.0389404296875, 44.279972076416016, 37.92664337158203, 36.37158203125, 38.97325897216797, 37.54275131225586, 39.194698333740234, 41.204833984375, 40.13303756713867, 38.12783432006836, 40.420928955078125, 38.02503204345703, 42.48170852661133, 37.668548583984375, 36.95266342163086, 40.30463409423828, 38.965049743652344, 41.979637145996094, 39.42732238769531, 40.66805648803711, 37.01436996459961, 36.92780685424805, 39.625953674316406, 37.224246978759766, 39.01469421386719, 36.764488220214844, 37.56260681152344, 45.16584014892578, 37.69660568237305, 42.693809509277344, 43.296871185302734, 39.55055236816406, 36.87602233886719, 38.073402404785156, 35.98019027709961, 38.09580993652344, 39.21234893798828, 38.89678955078125, 38.35478591918945, 38.9020881652832, 39.26304244995117, 38.3822135925293, 41.235450744628906, 40.21966552734375, 38.066444396972656, 37.78226852416992, 37.40453338623047, 37.008872985839844, 39.72747802734375, 42.52959442138672, 40.38418197631836, 37.53639602661133, 37.05769348144531, 40.92372131347656, 35.96431350708008, 43.26810836791992, 37.89872741699219, 39.93156051635742, 39.388755798339844, 37.99867248535156, 38.1033935546875, 39.11484146118164, 37.70758819580078, 38.5579948425293, 42.333065032958984, 37.8151969909668, 38.80803298950195, 38.59528350830078, 43.62290954589844, 37.277442932128906, 39.49457550048828, 37.87287139892578, 39.03620910644531, 36.21418762207031, 39.196414947509766, 41.32451629638672, 38.912410736083984, 39.024112701416016, 41.05876159667969, 35.87857437133789, 38.17579650878906, 39.035640716552734, 39.126487731933594, 36.974971771240234, 40.8141975402832, 39.805335998535156, 38.78003692626953, 39.91217803955078, 37.639671325683594, 38.09151840209961, 38.5877685546875, 40.08693313598633, 40.70747756958008, 37.971595764160156, 36.60789108276367, 42.4840087890625, 36.57418441772461, 38.59233093261719, 37.610233306884766, 36.80518341064453, 38.26359558105469, 40.17394256591797, 38.15563201904297, 36.61261749267578, 36.989845275878906, 36.06025695800781, 41.4725341796875, 39.86861801147461, 36.45185089111328, 36.67148208618164, 37.46450424194336, 37.707115173339844, 38.835670471191406, 40.87204360961914, 38.174468994140625, 39.65070724487305, 37.40282440185547, 39.559165954589844, 38.544071197509766, 38.502418518066406, 39.936004638671875, 38.06570053100586, 40.5638427734375, 38.39113235473633, 44.68524169921875, 38.64097595214844, 39.55465316772461, 39.765586853027344, 37.066688537597656, 37.794002532958984, 37.91512680053711, 36.6724853515625, 38.71626281738281, 37.03791046142578, 39.18321990966797, 38.4039421081543, 36.83922576904297, 41.099212646484375, 37.03240203857422, 42.055259704589844, 38.18925476074219, 41.44677734375, 37.31361389160156, 39.11062240600586, 36.7989616394043, 38.72315216064453, 39.767845153808594, 37.21334457397461, 38.824951171875, 37.26426696777344, 36.372947692871094, 