{"aucroc": 0.9461769616026712, "aucpr": 0.1319033674528617, "dataset": "13_fraud", "method": "hard", "test_ratio": 0.0016666666666666668, "train_ratio": 0.0016666666666666668, "labeled_anomalies": 1.0, "loe_loss": [63.0434684753418, 58.478302001953125, 53.75152587890625, 52.89277648925781, 51.14457702636719, 55.589317321777344, 50.9110221862793, 51.811058044433594, 49.87605285644531, 55.502105712890625, 52.169349670410156, 50.795562744140625, 52.240760803222656, 48.666954040527344, 51.83635330200195, 47.90141296386719, 53.91749954223633, 50.83143615722656, 46.4593505859375, 46.959232330322266, 46.909507751464844, 49.626468658447266, 46.92814636230469, 50.89111328125, 47.448326110839844, 55.551387786865234, 45.689266204833984, 46.797420501708984, 49.35330581665039, 46.068763732910156, 46.903263092041016, 47.568145751953125, 43.452274322509766, 43.8889274597168, 50.946144104003906, 44.66566467285156, 44.80272674560547, 44.745052337646484, 42.67905807495117, 44.394588470458984, 45.6058464050293, 43.43350601196289, 45.18741226196289, 45.70526885986328, 44.8200798034668, 46.15190887451172, 41.548255920410156, 40.893150329589844, 44.862239837646484, 45.90300750732422, 42.80409622192383, 41.41034698486328, 41.54444122314453, 44.8880615234375, 41.92643737792969, 41.03898620605469, 46.67594528198242, 41.45795440673828, 42.949462890625, 40.08890914916992, 40.52415084838867, 43.16334533691406, 40.53615951538086, 40.53154373168945, 40.6070556640625, 41.67782974243164, 39.82056427001953, 41.07086944580078, 42.255836486816406, 42.70137405395508, 40.884368896484375, 43.48362350463867, 45.56189727783203, 44.8115234375, 43.24854278564453, 41.647743225097656, 40.5501823425293, 39.581748962402344, 41.726593017578125, 39.83827209472656, 42.302799224853516, 39.910972595214844, 40.62894058227539, 39.516845703125, 39.06801986694336, 50.52965545654297, 40.18707275390625, 41.87624740600586, 45.4891471862793, 43.3347282409668, 41.440391540527344, 39.75987243652344, 39.93440628051758, 38.980133056640625, 41.97422409057617, 40.22343444824219, 41.7110595703125, 41.411338806152344, 39.28506851196289, 40.28535461425781, 43.680580139160156, 39.65061950683594, 40.49383544921875, 39.81322479248047, 38.9981689453125, 40.17332458496094, 38.79727554321289, 40.010440826416016, 40.27286148071289, 38.77250289916992, 42.194766998291016, 40.529052734375, 39.22274398803711, 40.509429931640625, 40.8754768371582, 41.42100143432617, 40.07292938232422, 41.62382888793945, 39.53117752075195, 38.36945724487305, 38.670650482177734, 44.855289459228516, 39.46316909790039, 40.96788024902344, 43.61565399169922, 39.26875305175781, 46.8702507019043, 38.29724884033203, 39.47331237792969, 41.662960052490234, 42.470428466796875, 38.585941314697266, 38.929473876953125, 40.72239685058594, 39.56087875366211, 43.05549240112305, 41.274749755859375, 39.944664001464844, 42.87105941772461, 39.53866195678711, 39.928863525390625, 40.29258728027344, 41.821163177490234, 39.039093017578125, 40.79264831542969, 40.546730041503906, 39.779876708984375, 39.30339431762695, 39.69164276123047, 39.611202239990234, 38.279823303222656, 43.37127685546875, 38.12793731689453, 39.90314865112305, 39.48560333251953, 38.09856033325195, 37.96098327636719, 41.05268478393555, 39.38909912109375, 39.14009475708008, 38.59141159057617, 37.80127716064453, 40.909767150878906, 39.4600830078125, 40.16963577270508, 39.69229507446289, 43.580810546875, 38.478267669677734, 40.79761505126953, 39.64189910888672, 41.901126861572266, 38.48252487182617, 39.375205993652344, 46.65081024169922, 37.653873443603516, 39.59666442871094, 39.04240417480469, 40.27732467651367, 38.16923522949219, 37.10299301147461, 39.45893478393555, 41.11736297607422, 38.99509048461914, 37.83415985107422, 38.74919509887695, 39.62421798706055, 37.95729064941406, 39.20155334472656, 39.330875396728516, 39.832454681396484, 40.008949279785156, 37.652557373046875, 38.77336502075195, 37.42063522338867, 39.507205963134766, 37.92445755004883, 37.929603576660156, 37.68359375, 39.964115142822266, 38.01226806640625, 39.20857238769531, 38.56391525268555, 39.16893768310547, 41.057621002197266, 37.966732025146484, 39.05683517456055, 39.71888732910156, 38.95913314819336, 38.9289436340332, 41.32923126220703, 38.888671875, 37.97465896606445, 39.9990234375, 38.65235137939453, 40.7345085144043, 39.44749450683594, 40.83380126953125, 40.40315246582031, 41.63059616088867, 39.840476989746094, 38.43711853027344, 38.9006233215332, 38.842647552490234, 39.03037643432617, 37.457801818847656, 42.81748580932617, 39.120147705078125, 37.24349594116211, 39.11781311035156, 39.52850341796875, 39.877403259277344, 39.43437576293945, 38.11823654174805, 40.3236083984375, 38.71701431274414, 40.33845138549805, 36.75528335571289, 37.555355072021484, 38.195762634277344, 39.81536102294922, 38.442626953125, 37.27516174316406, 40.321292877197266, 38.04848861694336, 40.763031005859375, 38.252052307128906, 39.481346130371094, 39.97018051147461, 43.783477783203125, 40.54457092285156, 37.87694549560547, 38.89156723022461, 39.28425979614258, 36.931434631347656, 37.5847282409668, 38.384559631347656, 43.690128326416016, 38.29658126831055, 36.981990814208984, 39.187564849853516, 37.97888946533203, 39.387332916259766, 41.09189987182617, 40.172977447509766, 38.46254348754883, 40.4107780456543, 38.38534927368164, 42.13727951049805, 38.089080810546875, 37.47453308105469, 40.31462478637695, 39.19487762451172, 41.7470817565918, 39.57697677612305, 40.627803802490234, 37.53179931640625, 37.45310592651367, 39.74736022949219, 37.69533920288086, 39.21297836303711, 37.31890106201172, 37.9959602355957, 44.44554138183594, 38.092044830322266, 42.347591400146484, 42.87335205078125, 39.679710388183594, 37.403289794921875, 38.408241271972656, 36.62608337402344, 38.424591064453125, 39.376792907714844, 39.10295486450195, 38.662086486816406, 39.119163513183594, 39.413238525390625, 38.65418243408203, 41.106082916259766, 40.23520278930664, 38.39261245727539, 38.153724670410156, 37.83111572265625, 37.48206329345703, 39.80854797363281, 42.20475387573242, 40.3626708984375, 37.95376205444336, 37.52899169921875, 40.84326171875, 36.58296203613281, 42.83857345581055, 38.24791717529297, 39.97915267944336, 39.530330657958984, 38.328033447265625, 38.4281005859375, 39.28562545776367, 38.09432601928711, 38.8177490234375, 42.05008316040039, 38.17886734008789, 39.01982498168945, 38.836360931396484, 43.145389556884766, 37.71030044555664, 39.60503387451172, 38.22307205200195, 39.21742248535156, 36.79505157470703, 39.341373443603516, 41.18172836303711, 39.1143684387207, 39.201107025146484, 40.96007537841797, 36.49150085449219, 38.473915100097656, 39.207645416259766, 39.274959564208984, 37.432132720947266, 40.7458381652832, 39.87281036376953, 38.98924255371094, 39.94389343261719, 37.9876823425293, 38.385650634765625, 38.823875427246094, 40.086936950683594, 40.62303161621094, 38.262577056884766, 37.0915641784668, 42.16917419433594, 37.05039978027344, 38.795066833496094, 37.93354415893555, 37.25987243652344, 38.503204345703125, 40.17951583862305, 38.43437194824219, 37.07970428466797, 37.394474029541016, 36.621334075927734, 41.29743576049805, 39.88701248168945, 36.93943405151367, 37.139129638671875, 37.81777572631836, 38.028907775878906, 38.995689392089844, 40.74058151245117, 38.4191780090332, 39.689903259277344, 37.76157760620117, 39.61286926269531, 38.720985412597656, 38.66987228393555, 39.9341926574707, 38.32249069213867, 40.476924896240234, 38.59386444091797, 44.033809661865234, 38.79606628417969, 39.622291564941406, 39.79421615600586, 37.496421813964844, 38.11124038696289, 38.22595977783203, 37.16020584106445, 38.924888610839844, 37.48951721191406, 39.32267761230469, 38.6313362121582, 37.31816101074219, 40.92302703857422, 37.46678924560547, 41.72580337524414, 38.483184814453125, 41.24449157714844, 37.73590087890625, 39.263511657714844, 37.29832077026367, 38.92976760864258, 39.816471099853516, 37.657203674316406, 39.01313018798828, 37.689884185791016, 36.930416107177734, 