{"aucroc": 0.7730942644437455, "aucpr": 0.1304186542979822, "dataset": "14_glass", "method": "soft", "test_ratio": 0.03666666666666667, "train_ratio": 0.03666666666666667, "labeled_anomalies": 1.0, "loe_loss": [14.500197410583496, 13.528910636901855, 12.796686172485352, 11.577882766723633, 11.630935668945312, 11.094021797180176, 10.97571086883545, 10.68531322479248, 9.976175308227539, 10.82056713104248, 9.418926239013672, 9.888291358947754, 9.602967262268066, 10.354758262634277, 10.120550155639648, 9.322042465209961, 9.394949913024902, 10.180706024169922, 10.118032455444336, 9.371671676635742, 9.649331092834473, 9.823357582092285, 8.577707290649414, 8.991866111755371, 9.282455444335938, 8.922996520996094, 9.086747169494629, 8.892342567443848, 9.377768516540527, 9.488822937011719, 9.077794075012207, 8.876380920410156, 9.464098930358887, 8.837928771972656, 8.996292114257812, 9.511739730834961, 8.853282928466797, 9.556029319763184, 9.097789764404297, 9.27497673034668, 8.89022445678711, 9.265019416809082, 9.153093338012695, 8.254908561706543, 8.904783248901367, 9.508792877197266, 9.133018493652344, 8.414341926574707, 8.307600021362305, 9.346832275390625, 8.826879501342773, 8.479636192321777, 8.848188400268555, 8.928779602050781, 8.413113594055176, 8.725704193115234, 8.299567222595215, 8.780193328857422, 8.766579627990723, 8.727499008178711, 9.000772476196289, 8.995285987854004, 9.213728904724121, 8.595393180847168, 8.504412651062012, 9.305549621582031, 8.845290184020996, 8.642570495605469, 8.336339950561523, 8.524381637573242, 8.96166706085205, 8.442510604858398, 8.920122146606445, 8.77215576171875, 8.496917724609375, 9.069659233093262, 8.108102798461914, 7.844715118408203, 9.131603240966797, 8.4436616897583, 7.974851608276367, 8.216739654541016, 9.210163116455078, 8.374797821044922, 8.634868621826172, 8.927379608154297, 8.194575309753418, 8.880671501159668, 8.771235466003418, 8.16291332244873, 8.686721801757812, 8.34058666229248, 8.153749465942383, 7.804193496704102, 8.365704536437988, 8.935894012451172, 8.390325546264648, 8.232359886169434, 8.100975036621094, 8.145946502685547, 8.6985502243042, 8.131443977355957, 8.679741859436035, 8.543763160705566, 8.099172592163086, 8.498579025268555, 8.829614639282227, 8.390485763549805, 7.895236015319824, 8.493903160095215, 8.070699691772461, 7.873775482177734, 7.812471389770508, 7.594083786010742, 7.969941139221191, 8.782712936401367, 9.071369171142578, 7.89408540725708, 8.56640338897705, 8.405252456665039, 7.427722930908203, 7.670040130615234, 8.52532958984375, 7.362943172454834, 8.173723220825195, 7.582754135131836, 7.689847946166992, 7.565576553344727, 8.141749382019043, 7.516191482543945, 7.351302146911621, 8.480605125427246, 8.259988784790039, 7.565036773681641, 8.361934661865234, 8.104604721069336, 7.252951622009277, 7.667840957641602, 7.282553672790527, 7.445096492767334, 7.614078521728516, 7.998939037322998, 7.907251358032227, 8.850689888000488, 7.451431751251221, 7.084474563598633, 7.37359619140625, 7.453418731689453, 9.068826675415039, 7.8528828620910645, 7.6560468673706055, 6.757682800292969, 8.107330322265625, 7.188436985015869, 7.747561931610107, 7.056506156921387, 6.991265296936035, 8.362104415893555, 7.330480098724365, 6.791208267211914, 6.95003604888916, 8.098994255065918, 6.615015029907227, 7.375969409942627, 7.1115827560424805, 6.907317161560059, 7.982719898223877, 7.25462532043457, 8.272445678710938, 7.167234897613525, 7.914970874786377, 6.578971862792969, 7.277437210083008, 6.489442825317383, 6.42517614364624, 6.926214218139648, 6.207428455352783, 6.630038738250732, 6.117620944976807, 6.076745510101318, 7.535346508026123, 6.703609466552734, 7.055110931396484, 6.319274425506592, 6.836655139923096, 8.165916442871094, 8.055856704711914, 5.888631820678711, 6.108424186706543, 6.666234493255615, 6.774837493896484, 7.802783489227295, 6.001225471496582, 6.026749134063721, 6.891385555267334, 6.591244697570801, 6.864897727966309, 6.90354061126709, 6.025727272033691, 6.813503742218018, 7.165109634399414, 7.490166187286377, 6.175123691558838, 7.4417643547058105, 6.126852512359619, 5.906799793243408, 6.895203590393066, 6.898871898651123, 7.098372459411621, 6.947097301483154, 6.718632221221924, 6.321870803833008, 6.0553483963012695, 7.285181522369385, 8.103155136108398, 6.552336692810059, 6.286202907562256, 6.3342790603637695, 6.170014381408691, 5.574837684631348, 5.854732513427734, 5.578596591949463, 6.863656044006348, 6.0539774894714355, 5.948225021362305, 6.411543369293213, 5.351094722747803, 5.498178005218506, 6.418560028076172, 7.250739097595215, 5.888347625732422, 5.438243389129639, 5.684332847595215, 5.832399368286133, 7.728485584259033, 5.473211765289307, 5.768811225891113, 5.726153373718262, 6.526960372924805, 6.552058219909668, 6.194072246551514, 6.37822151184082, 5.459560871124268, 5.178860664367676, 6.014826774597168, 5.638497352600098, 6.234179496765137, 5.022939205169678, 6.600203514099121, 5.6042585372924805, 6.685190677642822, 4.757417678833008, 6.268864631652832, 5.459083080291748, 5.741159439086914, 6.583865165710449, 6.1189703941345215, 7.798673152923584, 6.307839870452881, 5.561903476715088, 5.998058795928955, 7.350427150726318, 4.758738040924072, 5.053156852722168, 5.097095012664795, 5.030191421508789, 5.580650806427002, 4.85875940322876, 4.7589592933654785, 6.158084869384766, 4.665885925292969, 6.247096538543701, 5.909478187561035, 5.8606486320495605, 5.401033878326416, 5.320163726806641, 6.292033672332764, 4.828722953796387, 7.421261787414551, 4.8779826164245605, 4.919567584991455, 4.595964431762695, 4.907278537750244, 5.830236911773682, 5.750392436981201, 4.508169651031494, 4.620222568511963, 6.3296661376953125, 5.275866985321045, 5.593743324279785, 5.998779296875, 6.250303268432617, 7.668719291687012, 5.00232458114624, 5.332701683044434, 5.381138324737549, 5.181418418884277, 4.7903032302856445, 6.3689117431640625, 7.217649459838867, 6.204294681549072, 6.151934623718262, 4.760685443878174, 4.794361591339111, 4.769229412078857, 3.451958656311035, 5.812433242797852, 5.108920574188232, 4.085190773010254, 5.210990905761719, 4.927780628204346, 4.992737293243408, 4.423089027404785, 3.926316738128662, 5.2690935134887695, 8.123311996459961, 3.392404317855835, 5.331056118011475, 4.068692207336426, 5.5850443840026855, 4.442677974700928, 5.066262722015381, 5.349833011627197, 4.105041027069092, 5.597330570220947, 5.8892951011657715, 3.6789894104003906, 4.712236404418945, 5.401058197021484, 4.626798152923584, 5.559832572937012, 5.631110191345215, 4.279882431030273, 3.6553397178649902, 5.97058629989624, 4.99093770980835, 4.691451072692871, 3.9158735275268555, 5.053210258483887, 3.2593507766723633, 3.8471617698669434, 5.1878485679626465, 3.9082093238830566, 4.500632286071777, 3.131844997406006, 4.9466328620910645, 3.6514511108398438, 2.122913360595703, 5.38500452041626, 3.5811140537261963, 3.919253349304199, 3.9548566341400146, 4.154854774475098, 2.355588674545288, 3.843440055847168, 2.955038070678711, 3.4633359909057617, 2.9334826469421387, 3.8337080478668213, 3.4941000938415527, 3.8364782333374023, 6.03262996673584, 6.688310146331787, 2.364785671234131, 4.767726421356201, 4.338379383087158, 1.2824537754058838, 1.607890248298645, 4.178007125854492, 2.1936848163604736, 5.334236145019531, 1.97666597366333, 2.1421117782592773, 5.034543991088867, 3.8851776123046875, 6.490765571594238, 5.341628074645996, 4.376773357391357, 1.6964600086212158, 6.10538911819458, 5.001040458679199, 1.3944451808929443, 8.678072929382324, 6.1676435470581055, 3.0934348106384277, 3.292670249938965, 5.363481044769287, 0.34038037061691284, 6.815735816955566, 1.390219807624817, 4.548187732696533, 6.527100563049316, 4.532354354858398, -2.9293575286865234], "n_epochs": 393}