{"aucroc": 0.7856768375799518, "aucpr": 0.15550841231484144, "dataset": "14_glass", "method": "soft", "test_ratio": 0.03666666666666667, "train_ratio": 0.03666666666666667, "labeled_anomalies": 1.0, "loe_loss": [13.421375274658203, 12.843591690063477, 11.59607219696045, 10.312212944030762, 11.021564483642578, 10.265437126159668, 10.378531455993652, 9.900755882263184, 9.968427658081055, 9.120733261108398, 9.414453506469727, 9.950704574584961, 9.76407241821289, 9.528579711914062, 9.32359504699707, 9.664804458618164, 9.431035995483398, 9.042069435119629, 9.429498672485352, 9.09841537475586, 9.140419006347656, 8.990575790405273, 8.68971061706543, 9.0958833694458, 9.190179824829102, 9.030735969543457, 8.573429107666016, 8.633366584777832, 9.279857635498047, 8.83112621307373, 8.512594223022461, 8.949492454528809, 9.442057609558105, 8.95765495300293, 9.415247917175293, 8.624444007873535, 8.588777542114258, 8.335981369018555, 8.933639526367188, 8.776936531066895, 8.24776554107666, 9.155266761779785, 8.65178394317627, 8.822490692138672, 8.643929481506348, 8.618555068969727, 8.70091438293457, 8.453736305236816, 8.669990539550781, 8.619982719421387, 8.576776504516602, 8.613621711730957, 8.64134407043457, 8.561899185180664, 9.313167572021484, 8.985519409179688, 8.771498680114746, 8.341385841369629, 9.059672355651855, 8.325631141662598, 8.474221229553223, 8.626043319702148, 8.781192779541016, 8.480738639831543, 8.429732322692871, 7.996121406555176, 8.408827781677246, 9.302884101867676, 8.451269149780273, 8.526749610900879, 8.679878234863281, 8.837769508361816, 8.340889930725098, 8.473784446716309, 8.945246696472168, 8.572211265563965, 8.739015579223633, 8.331998825073242, 8.666510581970215, 8.979944229125977, 8.922762870788574, 8.3467378616333, 8.75653076171875, 8.18472957611084, 8.528055191040039, 8.390138626098633, 8.342424392700195, 8.205950736999512, 8.848663330078125, 8.404993057250977, 8.973980903625488, 8.639873504638672, 8.224777221679688, 8.456110000610352, 8.433650016784668, 9.61949634552002, 8.191965103149414, 8.671050071716309, 8.373013496398926, 8.555898666381836, 8.597196578979492, 8.430951118469238, 8.119477272033691, 9.160074234008789, 8.553512573242188, 8.723738670349121, 8.363853454589844, 8.445837020874023, 8.291543960571289, 8.677020072937012, 8.634283065795898, 8.274733543395996, 8.412069320678711, 8.753965377807617, 8.783174514770508, 8.918971061706543, 8.21702766418457, 8.292157173156738, 8.438302993774414, 8.461602210998535, 8.063377380371094, 8.626238822937012, 8.32746410369873, 8.74352741241455, 8.357693672180176, 8.530171394348145, 8.616386413574219, 8.141061782836914, 8.489946365356445, 8.506765365600586, 8.757543563842773, 8.517248153686523, 8.135202407836914, 8.404569625854492, 8.818084716796875, 9.00085163116455, 8.255594253540039, 8.056018829345703, 8.982011795043945, 8.324002265930176, 8.35781478881836, 9.147418022155762, 8.242411613464355, 8.382484436035156, 8.344560623168945, 8.668414115905762, 8.438973426818848, 8.78982162475586, 8.94515323638916, 8.444950103759766, 8.846190452575684, 8.385923385620117, 8.22008991241455, 8.193171501159668, 8.185001373291016, 8.65906047821045, 8.58515739440918, 8.486212730407715, 8.666969299316406, 8.557075500488281, 8.29055404663086, 7.934635639190674, 8.619623184204102, 8.301365852355957, 8.433088302612305, 8.00635814666748, 8.24533462524414, 8.306506156921387, 8.60257339477539, 8.613393783569336, 8.164341926574707, 8.358724594116211, 8.261235237121582, 8.4300537109375, 8.467135429382324, 8.717079162597656, 8.265533447265625, 8.440923690795898, 8.357492446899414, 8.286981582641602, 8.671514511108398, 8.373493194580078, 8.581365585327148, 8.519241333007812, 8.71068000793457, 8.753313064575195, 8.549094200134277, 8.454732894897461, 8.287836074829102, 8.36087417602539, 8.369545936584473, 8.318514823913574, 8.558517456054688, 8.434728622436523, 8.254632949829102, 7.932898998260498, 8.345144271850586, 8.203752517700195, 8.151705741882324, 8.345452308654785, 8.25554370880127, 8.419490814208984, 8.536016464233398, 8.030455589294434, 8.063058853149414, 8.453927040100098, 8.137341499328613, 8.0866060256958, 8.244595527648926, 8.381636619567871, 8.221064567565918, 7.889289379119873, 8.04957389831543, 8.330876350402832, 8.198286056518555, 8.20037841796875, 8.05036735534668, 8.46633243560791, 8.341208457946777, 8.088212013244629, 7.908290863037109, 8.466277122497559, 8.769986152648926, 8.246820449829102, 7.721371650695801, 7.850594520568848, 8.197640419006348, 7.7641448974609375, 8.107651710510254, 8.747516632080078, 8.26474666595459, 8.29889965057373, 8.096232414245605, 8.30276107788086, 8.062820434570312, 8.000225067138672, 8.144490242004395, 7.967142105102539, 7.959255695343018, 8.570899963378906, 8.701166152954102, 7.918265342712402, 7.785647869110107, 7.822998046875, 7.7671966552734375, 8.396190643310547, 7.998234748840332, 8.36207389831543, 7.9027323722839355, 7.725950241088867, 8.013799667358398, 7.805694103240967, 8.428972244262695, 7.805415153503418, 7.816950798034668, 8.16299057006836, 8.235559463500977, 7.890842437744141, 7.938028335571289, 7.903820991516113, 8.070533752441406, 7.8265485763549805, 7.694717884063721, 8.009593963623047, 7.8210296630859375, 8.010254859924316, 7.64140510559082, 8.57247543334961, 8.729257583618164, 7.605860710144043, 7.913311958312988, 8.097896575927734, 8.04845142364502, 7.8485002517700195, 7.814181804656982, 8.039118766784668, 7.604642868041992, 7.929164886474609, 7.790897846221924, 7.70429801940918, 8.05688762664795, 7.630345821380615, 8.557878494262695, 7.999032020568848, 8.121585845947266, 7.728757381439209, 7.753139019012451, 8.561531066894531, 7.886594772338867, 7.65580415725708, 7.749039173126221, 7.605154037475586, 7.571542263031006, 8.18323802947998, 7.64924430847168, 7.82034969329834, 8.869443893432617, 7.75667667388916, 7.8444318771362305, 7.8091325759887695, 7.512022495269775, 8.271596908569336, 8.039593696594238, 7.756782531738281, 7.474067687988281, 7.696686744689941, 8.051974296569824, 7.7195234298706055, 7.507981300354004, 7.82446813583374, 7.397573471069336, 7.586712837219238, 7.841131687164307, 7.886570453643799, 7.9629082679748535, 7.675457000732422, 7.987861156463623, 7.850574493408203, 7.7370452880859375, 7.3672919273376465, 7.362590312957764, 7.432704925537109, 7.547307014465332, 7.7064619064331055, 8.004776954650879, 8.599067687988281, 7.5100297927856445, 7.659263610839844, 8.02408218383789, 7.495172023773193, 7.755228519439697, 7.5645952224731445, 7.75731897354126, 8.643686294555664, 7.616459369659424, 8.158748626708984, 7.579392910003662, 7.576014518737793, 7.923671722412109, 7.278403282165527, 7.956929683685303, 7.975343227386475, 7.594857692718506, 7.776216983795166, 7.6140031814575195, 7.654604911804199, 7.694785118103027, 7.513791084289551, 7.396119117736816, 7.947633743286133, 7.869893550872803, 7.617229461669922, 7.431321144104004, 7.6635589599609375, 7.712737560272217, 7.38945198059082, 7.289547920227051, 7.646859645843506, 7.53012752532959, 7.783446311950684, 7.562386989593506, 7.611656665802002, 7.581888198852539, 7.532784461975098, 7.5423150062561035, 7.72025203704834, 7.757340431213379, 7.53993034362793, 7.478711128234863, 7.838505744934082, 7.2938055992126465, 7.223756790161133, 7.4307861328125, 7.914384365081787, 7.905979633331299, 7.532650947570801, 7.353789806365967, 7.19594669342041, 7.830086708068848, 7.425586700439453, 7.472914695739746, 8.120983123779297, 7.913313865661621, 8.050172805786133, 7.410078525543213, 7.288721084594727, 7.345746040344238, 7.2989420890808105, 7.753119945526123, 7.281569480895996, 7.273507118225098, 7.744333267211914, 7.999526023864746, 7.270002365112305, 7.9699554443359375, 7.3676300048828125, 7.58509635925293, 7.207125186920166, 7.622830390930176, 8.2308349609375, 7.570865154266357, 7.34825325012207, 7.339003086090088, 7.598550319671631, 7.8595194816589355, 7.155399322509766, 7.277276992797852, 7.172830581665039, 7.104636192321777, 7.575093746185303, 7.629106044769287, 7.316431999206543, 