{"aucroc": 0.7654398657858864, "aucpr": 0.10781189255943463, "dataset": "14_glass", "method": "hard", "test_ratio": 0.03666666666666667, "train_ratio": 0.03666666666666667, "labeled_anomalies": 1.0, "loe_loss": [14.383609771728516, 12.49673080444336, 11.405874252319336, 11.23208236694336, 11.161324501037598, 10.655034065246582, 10.221002578735352, 9.86471176147461, 9.323661804199219, 9.172592163085938, 9.643855094909668, 9.04810619354248, 9.035408020019531, 9.095293998718262, 9.316141128540039, 8.818353652954102, 9.007819175720215, 8.729316711425781, 8.364903450012207, 8.1033296585083, 8.89881706237793, 7.618931770324707, 9.141961097717285, 8.314291954040527, 7.958103179931641, 7.825036525726318, 7.963325023651123, 7.5114946365356445, 8.078254699707031, 7.749541759490967, 7.953833103179932, 7.464375019073486, 8.381816864013672, 7.635797023773193, 7.209643363952637, 8.341773986816406, 7.618797302246094, 7.7945146560668945, 7.420645236968994, 8.454435348510742, 8.182236671447754, 7.414290904998779, 8.230765342712402, 7.487539768218994, 7.58984899520874, 7.301942348480225, 7.76080322265625, 7.230959892272949, 8.1538724899292, 7.905159950256348, 7.16314172744751, 7.2567949295043945, 7.629293441772461, 6.840466499328613, 7.951622486114502, 7.347082138061523, 7.036375999450684, 7.694095611572266, 7.874939918518066, 6.689968109130859, 7.770489692687988, 8.067415237426758, 7.673844337463379, 7.009535789489746, 7.304638862609863, 7.7613115310668945, 7.6513824462890625, 7.128261566162109, 7.434235095977783, 7.953583717346191, 6.647793292999268, 7.762407302856445, 7.156142234802246, 6.399165153503418, 7.336057186126709, 7.4008941650390625, 6.2066240310668945, 6.568591594696045, 7.312447547912598, 6.487583160400391, 7.129696846008301, 6.93362283706665, 6.747965335845947, 6.728339195251465, 6.9990434646606445, 8.057332038879395, 6.623385429382324, 7.182602882385254, 7.052268981933594, 6.96306848526001, 6.714235782623291, 7.20942497253418, 7.030160903930664, 6.55228853225708, 7.823606967926025, 6.945491790771484, 7.917900085449219, 5.490619659423828, 6.60947847366333, 6.1777567863464355, 7.416959762573242, 6.117652416229248, 5.774199962615967, 6.150139808654785, 6.593036651611328, 6.492727279663086, 5.672950267791748, 5.020147323608398, 5.96079158782959, 5.8746337890625, 5.257869720458984, 5.841306209564209, 5.719221115112305, 6.3531928062438965, 6.524779319763184, 5.890941619873047, 5.7360382080078125, 5.332901954650879, 5.55539083480835, 4.0471391677856445, 6.9970245361328125, 4.550233840942383, 5.414223670959473, 5.933943271636963, 5.268223762512207, 5.872430801391602, 5.215151786804199, 6.030902862548828, 3.9161484241485596, 5.180520057678223, 4.763309478759766, 4.3377180099487305, 3.837076187133789, 5.495669364929199, 4.634895324707031, 6.2165656089782715, 5.00858736038208, 5.000669956207275, 4.292489051818848, 4.262660026550293, 3.7772574424743652, 5.227316856384277, 4.013355731964111, 4.468170642852783, 6.507730484008789, 6.010193824768066, 2.426952362060547, 3.5177652835845947, 2.4528894424438477, 4.6236090660095215, 5.3400654792785645, 4.73711633682251, 7.775507926940918, 0.774296224117279, 4.161171913146973, 4.809685230255127, 4.929553985595703, 2.872849225997925, 5.443631649017334, 0.09914475679397583, 2.28410005569458, 2.8731629848480225, 2.574474811553955, 4.395299911499023, 2.587372303009033, 1.0818710327148438, 5.823554039001465, 3.756835460662842, 3.3228869438171387, 1.968613862991333, 3.5786683559417725, 3.7138524055480957, 4.86387300491333, 2.180950164794922, 2.244338274002075, 5.00242805480957, 2.2547760009765625, 5.9074273109436035, 0.42626917362213135, -0.8857933878898621], "n_epochs": 179}