{"aucroc": 0.7941700744468911, "aucpr": 0.15084063139753612, "dataset": "14_glass", "method": "soft", "test_ratio": 0.03666666666666667, "train_ratio": 0.03666666666666667, "labeled_anomalies": 1.0, "loe_loss": [13.421375274658203, 12.83951473236084, 11.586204528808594, 10.28956413269043, 10.999348640441895, 10.2461576461792, 10.355520248413086, 9.890268325805664, 9.953123092651367, 9.091558456420898, 9.40700912475586, 9.948954582214355, 9.76253890991211, 9.52375316619873, 9.296080589294434, 9.651097297668457, 9.402393341064453, 9.021256446838379, 9.413400650024414, 9.058886528015137, 9.113153457641602, 8.948166847229004, 8.656806945800781, 9.088227272033691, 9.163708686828613, 9.006638526916504, 8.531909942626953, 8.594379425048828, 9.277182579040527, 8.806180953979492, 8.446449279785156, 8.938567161560059, 9.440356254577637, 8.94090747833252, 9.418035507202148, 8.600387573242188, 8.552547454833984, 8.294593811035156, 8.878979682922363, 8.768013000488281, 8.168355941772461, 9.136552810668945, 8.634559631347656, 8.78139877319336, 8.577404975891113, 8.585967063903809, 8.669415473937988, 8.404840469360352, 8.639376640319824, 8.556680679321289, 8.495720863342285, 8.539255142211914, 8.564835548400879, 8.495271682739258, 9.347713470458984, 8.967159271240234, 8.694670677185059, 8.260361671447754, 9.031458854675293, 8.197539329528809, 8.372941970825195, 8.551891326904297, 8.744619369506836, 8.434120178222656, 8.321308135986328, 7.861418724060059, 8.289691925048828, 9.270475387573242, 8.360576629638672, 8.408584594726562, 8.587961196899414, 8.79666519165039, 8.184082984924316, 8.360017776489258, 8.879833221435547, 8.47535514831543, 8.605043411254883, 8.225987434387207, 8.55189037322998, 8.959195137023926, 8.888372421264648, 8.205227851867676, 8.641853332519531, 7.993443489074707, 8.376384735107422, 8.300985336303711, 8.215692520141602, 8.003730773925781, 8.815144538879395, 8.302289009094238, 8.874080657958984, 8.518988609313965, 8.022148132324219, 8.280315399169922, 8.306436538696289, 9.66002082824707, 7.966823101043701, 8.588822364807129, 8.168442726135254, 8.422192573547363, 8.44816780090332, 8.1864013671875, 7.870730400085449, 9.104351997375488, 8.37801456451416, 8.526082038879395, 8.075668334960938, 8.237719535827637, 8.026554107666016, 8.480027198791504, 8.3419189453125, 8.006129264831543, 8.155068397521973, 8.525256156921387, 8.505722999572754, 8.700437545776367, 7.888571739196777, 7.984105110168457, 8.18456745147705, 8.203121185302734, 7.757944583892822, 8.457676887512207, 8.036297798156738, 8.46615982055664, 8.060318946838379, 8.30868148803711, 8.493057250976562, 7.8335371017456055, 8.126840591430664, 8.243888854980469, 8.733839988708496, 8.179574966430664, 7.835211753845215, 8.00831413269043, 8.46226978302002, 8.837126731872559, 7.8743133544921875, 7.543859481811523, 8.849787712097168, 8.045381546020508, 7.995794296264648, 8.929791450500488, 7.788847923278809, 8.016091346740723, 8.108180046081543, 8.296770095825195, 8.00335693359375, 8.408441543579102, 8.673998832702637, 7.931268215179443, 8.63827896118164, 8.01767349243164, 7.695267200469971, 7.691801071166992, 7.778679847717285, 8.354338645935059, 8.236735343933105, 8.024628639221191, 8.408885955810547, 8.112010955810547, 7.757445812225342, 7.425684452056885, 8.329484939575195, 7.8289361000061035, 8.098071098327637, 7.532309532165527, 7.862722873687744, 7.854018211364746, 8.188008308410645, 8.395824432373047, 7.598083019256592, 7.975147724151611, 7.936957359313965, 7.792607307434082, 8.218576431274414, 8.340005874633789, 7.906339645385742, 7.862195014953613, 7.825898170471191, 7.83505916595459, 8.406024932861328, 7.849855422973633, 8.14355754852295, 7.974582672119141, 8.336578369140625, 8.272111892700195, 8.235123634338379, 7.94055700302124, 7.770401477813721, 7.6307220458984375, 7.727932929992676, 7.902801990509033, 8.166529655456543, 7.845392227172852, 7.638407230377197, 7.192794322967529, 7.690352439880371, 7.713647365570068, 7.553745746612549, 7.8914995193481445, 7.722496509552002, 7.985168933868408, 8.104005813598633, 7.508092403411865, 7.341302394866943, 7.968169689178467, 7.467059135437012, 7.675909519195557, 7.627729415893555, 7.866507530212402, 7.687951564788818, 7.127774238586426, 7.622354984283447, 7.87742805480957, 7.791333198547363, 7.790713310241699, 7.357923984527588, 7.922675132751465, 8.009136199951172, 7.385625839233398, 7.326318264007568, 7.989214897155762, 8.773612022399902, 7.810054779052734, 6.925302982330322, 7.284338474273682, 7.42808723449707, 7.123793125152588, 7.575826168060303, 8.181438446044922, 7.759122371673584, 7.713588237762451, 7.6549577713012695, 7.718364715576172, 7.388099193572998, 7.354070663452148, 7.51384162902832, 7.327289581298828, 7.213088035583496, 7.995345592498779, 8.261554718017578, 7.171444416046143, 6.954868316650391, 7.022858619689941, 6.970975399017334, 7.995172500610352, 7.453608512878418, 7.662730693817139, 7.214070796966553, 6.797618389129639, 7.210912704467773, 7.2156476974487305, 7.80733585357666, 7.052356243133545, 6.991964817047119, 7.6154046058654785, 7.734149932861328, 7.333237648010254, 7.282800197601318, 7.258070468902588, 7.47708797454834, 6.9535136222839355, 6.917129993438721, 7.3014349937438965, 7.230659484863281, 7.472883224487305, 6.764610290527344, 8.205558776855469, 8.344325065612793, 6.827639579772949, 7.288798809051514, 7.4088263511657715, 7.479575157165527, 7.126075267791748, 6.748786926269531, 7.035554885864258, 6.817373275756836, 7.095510959625244, 6.901619911193848, 6.634728908538818, 7.679577827453613, 6.862827777862549, 8.02094554901123, 7.098441123962402, 7.477673530578613, 6.844099044799805, 6.745136260986328, 8.0835599899292, 7.186463832855225, 6.804916858673096, 7.101507186889648, 6.753276824951172, 6.925393104553223, 7.267590045928955, 6.841938018798828, 7.045843601226807, 8.576385498046875, 6.756269454956055, 6.832539081573486, 6.970897197723389, 6.410832405090332, 7.506810188293457, 7.1171369552612305, 7.334360122680664, 6.557775020599365, 6.831229209899902, 7.228946685791016, 6.882154941558838, 6.704579830169678, 7.009348392486572, 6.601354122161865, 6.626181602478027, 7.0111894607543945, 6.8565449714660645, 7.249803066253662, 6.932779312133789, 7.12978982925415, 7.0296478271484375, 6.861236572265625, 6.402027130126953, 6.29511833190918, 6.289322376251221, 6.700483322143555, 6.90313720703125, 7.434685230255127, 7.880902290344238, 6.6237030029296875, 6.860793113708496, 7.3337082862854, 6.379700183868408, 6.955933094024658, 6.313881874084473, 6.840081214904785, 8.324009895324707, 6.653872489929199, 7.180311679840088, 6.659782886505127, 6.72622537612915, 6.958590984344482, 6.2933430671691895, 7.0293755531311035, 6.88025426864624, 6.5051069259643555, 6.751011848449707, 6.635630130767822, 6.849210739135742, 6.667217254638672, 6.595346927642822, 6.3476948738098145, 6.822140216827393, 6.973477363586426, 6.7564287185668945, 6.568674564361572, 6.843385219573975, 6.706233024597168, 6.499248504638672, 6.154838562011719, 6.7253546714782715, 6.747540473937988, 7.483725547790527, 6.475100517272949, 6.786949634552002, 6.370009899139404, 6.486482620239258, 6.4217915534973145, 6.597827434539795, 6.996642589569092, 6.587250709533691, 6.2101850509643555, 7.113332748413086, 6.538296222686768, 6.054962158203125, 6.412076950073242, 6.966779708862305, 7.088778018951416, 6.4592108726501465, 6.549254417419434, 6.002566337585449, 6.63456392288208, 6.51223087310791, 6.23892068862915, 7.2874956130981445, 6.905464172363281, 7.170719623565674, 6.480665683746338, 6.297332286834717, 6.52675199508667, 6.279271125793457, 6.783870220184326, 6.310426235198975, 6.191364288330078, 6.819775104522705, 6.7117838859558105, 6.133961200714111, 7.070849418640137, 6.186147212982178, 6.629067420959473, 6.221742630004883, 6.8006181716918945, 6.59423828125, 6.377699375152588, 6.457681179046631, 6.360929489135742, 6.478030204772949, 6.902843952178955, 6.453801155090332, 6.100103855133057, 6.174506664276123, 6.360860347747803, 6.502401828765869, 