{"aucroc": 0.7813777917584147, "aucpr": 0.2582922634567096, "dataset": "14_glass", "method": "hard", "test_ratio": 0.03666666666666667, "train_ratio": 0.03666666666666667, "labeled_anomalies": 1.0, "loe_loss": [13.441158294677734, 11.804830551147461, 11.15201187133789, 10.937883377075195, 10.30972957611084, 9.286965370178223, 9.718231201171875, 9.907609939575195, 9.679716110229492, 8.680203437805176, 9.530272483825684, 8.572102546691895, 9.27884578704834, 8.459602355957031, 9.175442695617676, 8.900467872619629, 8.61563491821289, 9.034124374389648, 9.384111404418945, 8.519865036010742, 7.938334941864014, 8.083174705505371, 8.47032356262207, 8.21467399597168, 8.327360153198242, 8.467132568359375, 7.9284987449646, 7.79507303237915, 8.520909309387207, 7.993869781494141, 8.114416122436523, 7.542783737182617, 7.630661487579346, 7.930371284484863, 7.584987640380859, 8.241142272949219, 8.62539291381836, 8.037575721740723, 8.04428482055664, 8.032513618469238, 7.920913219451904, 7.940749645233154, 7.939286231994629, 8.697098731994629, 7.591889381408691, 8.094792366027832, 7.953805923461914, 7.8470635414123535, 7.81237268447876, 8.330626487731934, 7.524016380310059, 8.167030334472656, 7.886870384216309, 8.331026077270508, 7.533509731292725, 7.79733419418335, 7.82997989654541, 7.9748148918151855, 7.233677864074707, 8.214699745178223, 8.000165939331055, 7.902714252471924, 7.917930603027344, 7.513871192932129, 7.491826057434082, 8.088118553161621, 7.615151405334473, 8.18169116973877, 8.212869644165039, 7.862131595611572, 7.675657272338867, 7.714959621429443, 7.455465793609619, 7.966119766235352, 8.287281036376953, 7.48209810256958, 7.41740083694458, 8.078391075134277, 7.963069438934326, 7.970788955688477, 7.73185396194458, 7.707200527191162, 7.578656196594238, 7.3820390701293945, 8.05929946899414, 8.134632110595703, 7.293290138244629, 8.23431396484375, 7.6026740074157715, 8.066953659057617, 7.590901851654053, 7.830315113067627, 8.514628410339355, 7.475679397583008, 7.954624176025391, 7.830564498901367, 7.628769397735596, 7.599604606628418, 8.086902618408203, 7.744897842407227, 7.793630599975586, 8.100471496582031, 7.197916030883789, 7.508675575256348, 7.913092613220215, 7.654448986053467, 7.538227081298828, 7.837716102600098, 7.846920013427734, 7.765542507171631, 7.75106954574585, 7.873581886291504, 7.735551834106445, 7.540486812591553, 7.929688453674316, 8.052047729492188, 7.483936786651611, 7.76310396194458, 7.753960609436035, 7.657369613647461, 7.588747024536133, 7.943170547485352, 7.7755656242370605, 7.520388603210449, 7.438748359680176, 7.733025550842285, 7.923659801483154, 7.906571388244629, 7.512354850769043, 7.513422012329102, 7.400590896606445, 7.5470290184021, 8.214269638061523, 8.165714263916016, 8.19095516204834, 7.320845603942871, 7.869503498077393, 7.687783718109131, 8.070938110351562, 7.914586067199707, 7.84287166595459, 7.817358493804932, 8.03928279876709, 7.939952373504639, 7.716822624206543, 8.087753295898438, 7.487003326416016, 8.084916114807129, 7.962973594665527, 7.273118495941162, 7.842341423034668, 7.442294120788574, 7.471609115600586, 7.251043319702148, 7.35322380065918, 7.4504594802856445, 7.279181003570557, 7.554388046264648, 7.499253273010254, 7.885878562927246, 7.688592910766602, 7.787932872772217, 7.780861854553223, 7.3656134605407715, 7.497932434082031, 7.860942840576172, 7.249863147735596, 7.8297038078308105, 7.632205963134766, 7.54428243637085, 7.724758148193359, 8.1990966796875, 7.778350353240967, 7.691999912261963, 7.7130446434021, 7.5283050537109375, 7.4204607009887695, 7.301333427429199, 8.254363059997559, 7.33562707901001, 7.643351078033447, 7.621426105499268, 7.547809600830078, 7.575429916381836, 7.469113826751709, 7.56840181350708, 7.651558876037598, 6.963111877441406, 7.978784084320068, 7.351400375366211, 7.313143730163574, 7.151724815368652, 7.715910911560059, 6.872936725616455, 7.400890350341797, 7.218790531158447, 7.430722713470459, 7.300706386566162, 7.162672519683838, 7.202291488647461, 7.1924943923950195, 7.2854323387146, 7.512035846710205, 7.312878131866455, 7.465367794036865, 7.713747978210449, 7.20846700668335, 7.182568550109863, 7.2234015464782715, 7.346774101257324, 6.764843940734863, 7.2211222648620605, 7.548581600189209, 7.245497703552246, 7.613192558288574, 7.847333908081055, 7.315637111663818, 7.24432373046875, 6.698907852172852, 7.103339672088623, 7.696911811828613, 7.234852313995361, 7.201197624206543, 6.904605865478516, 6.878849029541016, 6.7913312911987305, 7.381542205810547, 7.2359161376953125, 7.073416709899902, 7.350924015045166, 6.935678482055664, 7.047293186187744, 6.952467918395996, 7.3086042404174805, 6.724752902984619, 7.036961078643799, 7.402642250061035, 7.374187469482422, 7.274036407470703, 6.710373878479004, 6.97869348526001, 7.057659149169922, 6.747012615203857, 6.870176315307617, 7.283191680908203, 6.943426132202148, 7.248384475708008, 7.330375671386719, 7.253663063049316, 7.091640949249268, 6.986144065856934, 6.588594913482666, 6.947915554046631, 7.4134297370910645, 7.0755791664123535, 6.7618818283081055, 6.216343879699707, 6.976716041564941, 7.204533576965332, 6.626467227935791, 6.152946472167969, 6.633279323577881, 7.445908546447754, 7.19814920425415, 7.273506164550781, 7.436724662780762, 6.937139987945557, 6.879720687866211, 7.359140396118164, 6.611170768737793, 6.9245285987854, 7.189452171325684, 6.832667827606201, 6.720428466796875, 6.347436428070068, 6.873081207275391, 6.7268853187561035, 6.394927501678467, 6.4514241218566895, 6.937722206115723, 6.712493419647217, 6.6504807472229, 6.039599418640137, 6.403510570526123, 6.803960800170898, 7.0097246170043945, 7.212284088134766, 6.59022331237793, 6.190645217895508, 7.068258285522461, 6.786645889282227, 6.611222743988037, 6.760848045349121, 6.474943161010742, 6.423012733459473, 6.882758617401123, 7.151836395263672, 6.961721420288086, 7.007820129394531, 6.604321479797363, 6.43264102935791, 7.3561835289001465, 6.992040157318115, 7.301529884338379, 6.541326522827148, 5.8609185218811035, 6.729165077209473, 6.740058422088623, 6.397341251373291, 6.458354949951172, 6.762783050537109, 6.551520347595215, 6.1244354248046875, 6.685744762420654, 6.924175262451172, 6.423314094543457, 6.297904968261719, 7.094181060791016, 6.994129180908203, 6.513132095336914, 7.194951057434082, 6.5540080070495605, 6.391021728515625, 6.6701250076293945, 6.275226593017578, 7.161320209503174, 5.981736660003662, 6.626015663146973, 7.129014492034912, 6.5796051025390625, 6.634767055511475, 6.686821937561035, 6.191095352172852, 6.656800270080566, 7.23614501953125, 6.9391255378723145, 6.389678955078125, 7.145013809204102, 6.639590263366699, 6.144305229187012, 6.479814052581787, 6.304631233215332, 6.699336051940918, 6.949361801147461, 6.941409111022949, 6.686927795410156, 6.617371082305908, 6.785234451293945, 6.496066093444824, 6.349009037017822, 6.382447719573975, 6.231991767883301, 6.457172870635986, 6.536225318908691, 6.401080131530762, 6.2561540603637695, 6.658902168273926, 6.430376052856445, 6.693981647491455, 7.037714004516602, 6.536362648010254, 6.76815938949585, 6.620955944061279, 7.072192192077637, 5.62896728515625, 6.681615829467773, 6.398332595825195, 6.544925689697266, 6.296077728271484, 6.556193828582764, 6.625486850738525, 6.13248348236084, 6.1334381103515625, 6.316131114959717, 6.444692611694336, 6.41660213470459, 6.94387149810791, 6.04572868347168, 6.368360996246338, 6.73757266998291, 6.499697685241699, 6.569267272949219, 6.220444679260254, 6.077090263366699, 6.211476802825928, 6.966114044189453, 6.891522407531738, 5.9373884201049805, 6.395002365112305, 6.602511405944824, 5.910716533660889, 6.821649551391602, 6.548627853393555, 6.125675201416016, 5.971214771270752, 6.730802536010742, 6.836124897003174, 6.814507007598877, 6.48970890045166, 6.589734077453613, 6.646297454833984, 6.784853935241699, 6.665184020996094, 6.385179042816162, 6.5949506759643555, 6.685857772827148, 6.19015645980835, 6.071910381317139, 6.584977149963379, 6.484052658081055, 6.66937780380249, 