{"aucroc": 0.7940520250938395, "aucpr": 0.504223517812341, "dataset": "15_Hepatitis", "method": "soft", "test_ratio": 0.17, "train_ratio": 0.17, "labeled_anomalies": 1.0, "loe_loss": [29.573984146118164, 28.12637710571289, 27.857263565063477, 27.381608963012695, 26.046175003051758, 25.301780700683594, 25.118783950805664, 24.877811431884766, 25.376995086669922, 24.3172550201416, 24.1237850189209, 23.927947998046875, 23.836584091186523, 23.742122650146484, 24.417083740234375, 22.766355514526367, 23.09427833557129, 23.18654441833496, 23.29604721069336, 22.778568267822266, 22.18762969970703, 22.248798370361328, 22.04285430908203, 21.741960525512695, 21.812402725219727, 22.994243621826172, 22.373905181884766, 22.313352584838867, 21.690462112426758, 21.684146881103516, 21.838088989257812, 21.652061462402344, 21.479248046875, 21.65608787536621, 22.324764251708984, 21.15997886657715, 21.92598533630371, 21.600601196289062, 21.528303146362305, 21.022689819335938, 21.61713218688965, 21.50473976135254, 21.57124900817871, 21.397212982177734, 21.77169418334961, 21.15734100341797, 21.226057052612305, 21.151445388793945, 21.08415412902832, 21.492923736572266, 21.385913848876953, 22.284624099731445, 21.16822624206543, 20.305259704589844, 20.820262908935547, 21.37967872619629, 21.293678283691406, 21.501314163208008, 20.63966941833496, 21.475038528442383, 21.245153427124023, 21.135896682739258, 20.393341064453125, 20.449785232543945, 20.69025993347168, 20.976980209350586, 21.61009407043457, 20.73345375061035, 20.75739860534668, 21.67300796508789, 20.609708786010742, 20.00189208984375, 20.41753387451172, 20.58562469482422, 20.83069610595703, 21.102214813232422, 21.898033142089844, 20.659015655517578, 20.38429832458496, 19.907474517822266, 21.21194839477539, 20.959449768066406, 20.002601623535156, 20.242412567138672, 20.545034408569336, 20.50823211669922, 20.70926284790039, 20.73415756225586, 20.361801147460938, 20.35992431640625, 20.493751525878906, 19.69130516052246, 20.941402435302734, 19.924283981323242, 20.22730255126953, 19.870271682739258, 20.265243530273438, 19.88791847229004, 20.335147857666016, 20.37718963623047, 19.605213165283203, 20.06077003479004, 20.934707641601562, 19.668212890625, 20.147422790527344, 20.658050537109375, 20.16676902770996, 20.813861846923828, 20.661741256713867, 19.95398712158203, 19.986249923706055, 19.915409088134766, 20.132984161376953, 20.06708335876465, 19.808395385742188, 20.17696189880371, 19.96592140197754, 20.216167449951172, 20.017330169677734, 19.6055908203125, 20.337764739990234, 19.691978454589844, 19.609268188476562, 18.722532272338867, 19.413938522338867, 19.790206909179688, 19.336259841918945, 20.28432273864746, 20.53229522705078, 19.956586837768555, 19.781444549560547, 19.820362091064453, 20.359743118286133, 20.18147087097168, 19.847518920898438, 19.287673950195312, 19.08275032043457, 20.135021209716797, 19.766132354736328, 18.95307159423828, 19.393550872802734, 20.266643524169922, 20.988143920898438, 20.238975524902344, 18.798839569091797, 19.691850662231445, 19.891828536987305, 19.03965950012207, 19.728759765625, 19.66640853881836, 20.373985290527344, 19.057334899902344, 19.366840362548828, 18.722942352294922, 19.600448608398438, 19.986591339111328, 19.395729064941406, 18.708913803100586, 19.82593536376953, 19.85232162475586, 18.970870971679688, 18.957651138305664, 18.988399505615234, 18.318660736083984, 19.666906356811523, 19.587421417236328, 18.684358596801758, 18.5666446685791, 18.324316024780273, 19.2379150390625, 18.793601989746094, 18.896394729614258, 18.71785545349121, 19.666595458984375, 20.132810592651367, 19.810575485229492, 18.939729690551758, 19.213638305664062, 18.602327346801758, 18.603313446044922, 18.630605697631836, 19.132343292236328, 19.618816375732422, 18.6884822845459, 19.2149600982666, 19.125953674316406, 19.064804077148438, 18.46525764465332, 19.33202362060547, 18.80840301513672, 19.357715606689453, 19.192890167236328, 18.819673538208008, 18.45920753479004, 18.951351165771484, 18.039724349975586, 18.9824161529541, 19.541879653930664, 19.07282066345215, 18.788372039794922, 18.500595092773438, 18.46691131591797, 17.754186630249023, 18.032447814941406, 18.427745819091797, 18.02083396911621, 18.55804443359375, 18.768251419067383, 19.041706085205078, 18.814897537231445, 18.06977081298828, 17.849945068359375, 17.5148983001709, 17.600231170654297, 18.472408294677734, 18.275239944458008, 18.903858184814453, 18.32573127746582, 17.772533416748047, 18.676565170288086, 18.418521881103516, 18.208328247070312, 17.876049041748047, 17.870380401611328, 19.284727096557617, 18.518125534057617, 18.54108428955078, 17.837318420410156, 17.556537628173828, 18.871337890625, 17.62129783630371, 18.678911209106445, 18.278839111328125, 18.336692810058594, 18.390886306762695, 18.79202651977539, 18.466794967651367, 18.124544143676758, 18.499666213989258, 18.540042877197266, 17.58488655090332, 18.326831817626953, 17.346181869506836, 17.99359703063965, 17.979381561279297, 17.729799270629883, 18.00973892211914, 17.607271194458008, 17.497577667236328, 17.77248764038086, 17.94668197631836, 16.497879028320312, 17.92218589782715, 17.996986389160156, 17.818803787231445, 18.100317001342773, 18.634754180908203, 17.344039916992188, 16.99332046508789, 17.88957405090332, 17.343976974487305, 17.426040649414062, 16.411588668823242, 16.29528045654297, 16.128902435302734, 16.159852981567383, 16.357179641723633, 17.68648910522461, 16.987958908081055, 16.322811126708984, 16.853334426879883, 15.194466590881348, 14.607799530029297, 13.572723388671875, 13.047009468078613, 14.584648132324219, 13.840887069702148, 11.572906494140625, 9.132028579711914, 6.883028984069824, 3.5941922664642334, 3.7040481567382812, 5.221919536590576, 6.7169508934021, -13.703524589538574], "n_epochs": 284}