{"aucroc": 0.6163214951308502, "aucpr": 0.21764945660446386, "dataset": "15_Hepatitis", "method": "soft", "test_ratio": 0.17, "train_ratio": 0.17, "labeled_anomalies": 1.0, "loe_loss": [29.92382049560547, 28.452627182006836, 27.137287139892578, 25.94911766052246, 25.497316360473633, 25.167739868164062, 25.189414978027344, 25.335994720458984, 25.117847442626953, 24.92508316040039, 25.275239944458008, 24.455326080322266, 24.555830001831055, 24.34724998474121, 23.716651916503906, 23.85442352294922, 23.32442855834961, 23.59856414794922, 23.1225528717041, 23.59238052368164, 22.922929763793945, 22.416433334350586, 22.681278228759766, 22.55985450744629, 22.346799850463867, 22.58204460144043, 22.433427810668945, 22.595935821533203, 22.601402282714844, 22.589021682739258, 21.469560623168945, 22.26885223388672, 22.004959106445312, 22.35137939453125, 21.803470611572266, 21.649545669555664, 21.558305740356445, 21.971256256103516, 21.829002380371094, 21.698392868041992, 21.785188674926758, 21.981700897216797, 21.4051456451416, 21.363426208496094, 21.28927230834961, 21.64463233947754, 21.318811416625977, 21.01201057434082, 21.189769744873047, 21.30611228942871, 21.64392852783203, 21.755756378173828, 20.99243927001953, 21.47504425048828, 20.561195373535156, 21.522138595581055, 20.857833862304688, 21.1832275390625, 21.248577117919922, 21.0709228515625, 21.361286163330078, 20.941314697265625, 21.338998794555664, 20.9561767578125, 21.392292022705078, 21.559635162353516, 21.1934871673584, 21.162734985351562, 21.060998916625977, 21.129722595214844, 20.87923812866211, 20.94420051574707, 21.024526596069336, 20.851892471313477, 21.029781341552734, 20.737014770507812, 21.061519622802734, 20.955020904541016, 20.984540939331055, 21.35454559326172, 20.115428924560547, 21.179208755493164, 20.961570739746094, 21.220611572265625, 20.636146545410156, 20.646934509277344, 21.093706130981445, 20.814882278442383, 21.000499725341797, 20.868743896484375, 20.5865421295166, 21.193016052246094, 20.895620346069336, 21.004985809326172, 20.739641189575195, 20.629928588867188, 20.706562042236328, 20.434051513671875, 20.83584213256836, 21.236528396606445, 20.702381134033203, 20.667146682739258, 20.73664665222168, 21.31297492980957, 20.838397979736328, 20.88545036315918, 20.57579231262207, 20.45751190185547, 20.59986114501953, 20.489877700805664, 20.226804733276367, 20.58389663696289, 20.43639373779297, 20.527677536010742, 20.943172454833984, 20.51443862915039, 20.539440155029297, 20.392322540283203, 20.519458770751953, 19.99563217163086, 20.206884384155273, 20.37403106689453, 19.978376388549805, 20.794267654418945, 20.015382766723633, 20.573694229125977, 20.58847427368164, 21.028505325317383, 20.434337615966797, 20.173385620117188, 20.443920135498047, 20.7777156829834, 20.154985427856445, 20.831750869750977, 20.825279235839844, 20.655353546142578, 20.051359176635742, 20.490055084228516, 20.294715881347656, 20.153749465942383, 20.223743438720703, 20.330612182617188, 20.363985061645508, 20.22259521484375, 20.528270721435547, 20.354604721069336, 20.072309494018555, 20.23003387451172, 20.362905502319336, 20.290739059448242, 20.717010498046875, 20.430397033691406, 20.217525482177734, 20.19388198852539, 20.333568572998047, 19.92475700378418, 20.09510040283203, 19.866247177124023, 19.932403564453125, 20.02433967590332, 19.886478424072266, 20.388628005981445, 20.178241729736328, 20.238454818725586, 20.256206512451172, 19.86098861694336, 20.222530364990234, 20.227474212646484, 20.16939353942871, 19.920846939086914, 20.20317268371582, 20.561975479125977, 19.913055419921875, 20.01799774169922, 19.915233612060547, 19.895904541015625, 20.60484504699707, 20.361919403076172, 19.919174194335938, 20.05167579650879, 19.73356056213379, 20.131790161132812, 20.111774444580078, 19.77932357788086, 20.075061798095703, 20.323753356933594, 19.854686737060547, 20.112545013427734, 19.725372314453125, 19.850582122802734, 19.492229461669922, 20.173986434936523, 20.10045623779297, 20.469799041748047, 20.253341674804688, 20.32902717590332, 19.792335510253906, 20.152301788330078, 19.710355758666992, 20.581945419311523, 19.57575798034668, 19.63167953491211, 19.7357177734375, 19.855167388916016, 19.89121437072754, 20.206995010375977, 19.74458122253418, 19.808420181274414, 19.611671447753906, 19.976078033447266, 19.95047950744629, 19.765859603881836, 19.55605697631836, 19.51314926147461, 19.753021240234375, 19.49089241027832, 19.844520568847656, 19.620059967041016, 19.604665756225586, 20.28034210205078, 20.111270904541016, 19.847999572753906, 20.13823699951172, 19.47797393798828, 19.907211303710938, 19.708377838134766, 19.96903419494629, 19.86235809326172, 20.043495178222656, 19.587303161621094, 19.05870246887207, 19.454193115234375, 19.449953079223633, 19.575626373291016, 19.776016235351562, 19.686552047729492, 19.37994384765625, 19.261390686035156, 19.461105346679688, 19.7344913482666, 19.40421485900879, 19.42790412902832, 19.826019287109375, 19.375926971435547, 19.91053009033203, 19.80968475341797, 19.567699432373047, 19.557138442993164, 19.423551559448242, 19.445201873779297, 19.439952850341797, 19.388031005859375, 19.777328491210938, 19.472963333129883, 19.898359298706055, 19.29859161376953, 19.54083251953125, 19.587236404418945, 19.296749114990234, 19.190689086914062, 19.846797943115234, 19.321502685546875, 19.603273391723633, 19.086618423461914, 19.335811614990234, 19.782854080200195, 19.29629135131836, 19.696517944335938, 19.236696243286133, 19.603540420532227, 19.28133201599121, 19.399152755737305, 19.436006546020508, 19.292043685913086, 18.958778381347656, 19.375009536743164, 18.974822998046875, 19.60432243347168, 19.133955001831055, 19.25473403930664, 19.179105758666992, 19.407516479492188, 19.10269546508789, 18.964038848876953, 18.672815322875977, 19.61888885498047, 19.56393814086914, 19.34650230407715, 19.742719650268555, 19.031234741210938, 19.227413177490234, 19.12851905822754, 18.920547485351562, 18.87041473388672, 19.47273826599121, 19.382495880126953, 19.428831100463867, 19.059947967529297, 18.84089469909668, 19.470792770385742, 19.234073638916016, 18.81972885131836, 18.825603485107422, 19.39733123779297, 19.342796325683594, 19.63067626953125, 19.102523803710938, 18.993162155151367, 18.85154151916504, 18.86349105834961, 19.50536346435547, 19.065507888793945, 19.19265365600586, 18.96678924560547, 18.84417724609375, 18.557477951049805, 19.164411544799805, 18.69235610961914, 19.10177993774414, 19.252735137939453, 18.60948371887207, 19.153051376342773, 18.87578773498535, 18.95117950439453, 18.895519256591797, 18.94809341430664, 18.421466827392578, 18.923364639282227, 19.35137367248535, 18.782983779907227, 18.800884246826172, 18.82988929748535, 19.159032821655273, 18.769655227661133, 18.73279571533203, 18.86104965209961, 19.071577072143555, 18.93343162536621, 18.804393768310547, 19.234703063964844, 18.3839111328125, 19.238798141479492, 19.08926010131836, 18.52359962463379, 19.28963851928711, 18.49930191040039, 18.748218536376953, 18.898103713989258, 18.7517032623291, 18.624589920043945, 19.176311492919922, 18.786930084228516, 18.48392105102539, 18.4886474609375, 19.038936614990234, 18.76385498046875, 18.55459213256836, 18.609094619750977, 18.951391220092773, 18.72909927368164, 18.696216583251953, 18.489255905151367, 18.449661254882812, 18.49302101135254, 18.72332000732422, 18.68267250061035, 18.831619262695312, 18.496288299560547, 18.48465347290039, 18.64679718017578, 18.5252685546875, 18.589099884033203, 18.00558090209961, 18.424549102783203, 18.86180877685547, 17.946374893188477, 18.6114501953125, 18.463977813720703, 18.439144134521484, 18.63426399230957, 18.346954345703125, 18.364383697509766, 18.4119815826416, 18.50333595275879, 18.483938217163086, 18.751371383666992, 18.65247344970703, 18.335283279418945, 18.640907287597656, 18.717803955078125, 18.716503143310547, 19.216991424560547, 18.30706214904785, 18.25030517578125, 18.413145065307617, 18.555810928344727, 18.807954788208008, 18.417808532714844, 