{"aucroc": 0.7465942200173243, "aucpr": 0.35209922931488374, "dataset": "15_Hepatitis", "method": "hard", "test_ratio": 0.17, "train_ratio": 0.17, "labeled_anomalies": 1.0, "loe_loss": [24.170555114746094, 21.790409088134766, 20.621116638183594, 20.19633674621582, 19.535602569580078, 19.654024124145508, 19.580453872680664, 18.995153427124023, 19.480018615722656, 18.32569694519043, 18.794084548950195, 17.990880966186523, 17.69073486328125, 17.835403442382812, 17.624998092651367, 17.41986846923828, 18.16252899169922, 17.222227096557617, 18.046886444091797, 17.426177978515625, 16.629018783569336, 16.780805587768555, 16.80497932434082, 17.078113555908203, 16.64975929260254, 16.688169479370117, 16.720449447631836, 16.46364974975586, 17.18101692199707, 16.187862396240234, 16.090505599975586, 16.653085708618164, 16.355289459228516, 15.618668556213379, 16.199684143066406, 16.2900333404541, 15.862600326538086, 16.08678436279297, 16.402915954589844, 16.013858795166016, 15.76151180267334, 15.96142578125, 16.12769889831543, 15.442826271057129, 15.488269805908203, 15.200813293457031, 15.892391204833984, 15.166430473327637, 16.098419189453125, 15.77396011352539, 15.898112297058105, 15.649214744567871, 16.213592529296875, 16.078405380249023, 15.442253112792969, 15.679357528686523, 15.765159606933594, 15.706960678100586, 15.7040376663208, 16.015647888183594, 15.906060218811035, 15.342784881591797, 15.429119110107422, 16.16083335876465, 15.509089469909668, 15.246699333190918, 15.805013656616211, 15.513740539550781, 15.684640884399414, 15.744867324829102, 14.981574058532715, 15.409552574157715, 16.331689834594727, 15.156730651855469, 16.274242401123047, 15.333724975585938, 15.737720489501953, 15.478096008300781, 14.61461067199707, 15.495489120483398, 15.539332389831543, 15.543864250183105, 15.618379592895508, 15.508715629577637, 15.684268951416016, 15.696978569030762, 15.751870155334473, 14.943788528442383, 15.038812637329102, 14.865756034851074, 15.446316719055176, 15.477354049682617, 15.900594711303711, 15.670031547546387, 16.464086532592773, 15.249176979064941, 14.879570960998535, 15.462371826171875, 15.385822296142578, 15.587532043457031, 14.943198204040527, 15.574403762817383, 15.036282539367676, 14.761679649353027, 15.204821586608887, 15.957944869995117, 15.145742416381836, 15.370333671569824, 14.44392204284668, 15.168037414550781, 15.042924880981445, 14.978370666503906, 15.300785064697266, 15.383307456970215, 15.449867248535156, 15.369487762451172, 14.975598335266113, 15.014985084533691, 13.995046615600586, 15.23578929901123, 14.498514175415039, 15.047569274902344, 14.86802864074707, 15.622244834899902, 15.074629783630371, 15.338774681091309, 15.313895225524902, 15.15998363494873, 14.834986686706543, 14.53674602508545, 15.09955883026123, 14.835536003112793, 15.018573760986328, 14.943700790405273, 14.480472564697266, 14.304426193237305, 14.97326946258545, 14.915412902832031, 14.665363311767578, 14.777495384216309, 14.165106773376465, 14.66886043548584, 14.629512786865234, 15.575572967529297, 14.23060131072998, 14.22588062286377, 14.851031303405762, 15.156942367553711, 14.560192108154297, 14.28289794921875, 14.180930137634277, 14.827568054199219, 14.630722045898438, 15.256145477294922, 13.992743492126465, 14.188776016235352, 14.183877944946289, 14.113408088684082, 14.454120635986328, 14.47903060913086, 14.189630508422852, 14.719412803649902, 14.13092041015625, 15.083030700683594, 14.071342468261719, 14.499435424804688, 14.292139053344727, 13.392012596130371, 13.654489517211914, 14.651122093200684, 14.39072036743164, 13.54261589050293, 13.951590538024902, 14.264350891113281, 13.739340782165527, 14.658086776733398, 14.864411354064941, 14.353261947631836, 12.944531440734863, 13.90601921081543, 14.226017951965332, 13.935924530029297, 13.961682319641113, 13.885512351989746, 13.255032539367676, 14.091538429260254, 13.891849517822266, 13.376554489135742, 14.025701522827148, 14.163570404052734, 13.889579772949219, 13.767361640930176, 13.80798625946045, 14.234743118286133, 13.772716522216797, 13.956711769104004, 13.790618896484375, 13.645121574401855, 13.459336280822754, 13.910601615905762, 14.61529541015625, 13.856599807739258, 13.811872482299805, 13.332731246948242, 13.344199180603027, 13.585290908813477, 14.233830451965332, 13.660638809204102, 14.106704711914062, 13.813703536987305, 13.518547058105469, 13.57413101196289, 13.351615905761719, 13.951470375061035, 13.447698593139648, 13.717599868774414, 13.360328674316406, 13.589980125427246, 14.036373138427734, 13.247867584228516, 13.0122709274292, 13.34459114074707, 12.710131645202637, 13.453527450561523, 13.548301696777344, 12.77070426940918, 13.122118949890137, 13.484489440917969, 12.506061553955078, 12.545287132263184, 13.098455429077148, 12.13443374633789, 13.882878303527832, 12.8732271194458, 12.803543090820312, 12.952547073364258, 13.216300964355469, 13.996125221252441, 12.786561012268066, 12.804450035095215, 12.785130500793457, 13.40703296661377, 13.164342880249023, 12.775826454162598, 12.315391540527344, 12.969246864318848, 13.035100936889648, 13.025157928466797, 12.635071754455566, 12.90427017211914, 12.805309295654297, 12.41350269317627, 13.131113052368164, 12.866924285888672, 12.9834623336792, 12.729928970336914, 13.2960844039917, 13.40893840789795, 12.779004096984863, 13.193929672241211, 12.78090763092041, 13.551497459411621, 12.620986938476562, 12.898490905761719, 12.67788028717041, 12.342184066772461, 13.683906555175781, 12.210407257080078, 12.983777046203613, 12.800237655639648, 12.457966804504395, 12.513895034790039, 12.635811805725098, 12.628761291503906, 12.728691101074219, 12.156852722167969, 12.498651504516602, 12.867867469787598, 12.367810249328613, 12.563606262207031, 11.560458183288574, 12.054372787475586, 12.407706260681152, 12.523782730102539, 12.719736099243164, 12.180193901062012, 12.302872657775879, 12.196894645690918, 13.224552154541016, 13.081957817077637, 12.712506294250488, 13.2813720703125, 12.270959854125977, 12.682839393615723, 12.360152244567871, 13.101019859313965, 12.34187126159668, 11.761209487915039, 11.642760276794434, 11.9852876663208, 11.58386516571045, 12.430867195129395, 12.651459693908691, 13.16085147857666, 12.793628692626953, 13.111244201660156, 12.905196189880371, 11.998503684997559, 12.476320266723633, 11.759648323059082, 12.646888732910156, 12.376154899597168, 11.604677200317383, 12.9540376663208, 12.812810897827148, 12.239931106567383, 12.481608390808105, 12.11839771270752, 12.677094459533691, 12.660890579223633, 12.34932804107666, 12.04794979095459, 12.640701293945312, 11.72262954711914, 12.933493614196777, 12.174874305725098, 12.247465133666992, 12.806907653808594, 12.2337007522583, 12.716334342956543, 11.009683609008789, 12.698323249816895, 12.600436210632324, 12.869049072265625, 12.596222877502441, 12.902544021606445, 12.229597091674805, 11.256591796875, 12.56941032409668, 12.400213241577148, 12.033533096313477, 12.895627975463867, 12.487740516662598, 12.86939525604248, 11.899630546569824, 12.862141609191895, 12.484618186950684, 12.91657829284668, 11.2637939453125, 12.412006378173828, 11.628215789794922, 12.51583480834961, 12.231527328491211, 11.582891464233398, 11.314387321472168, 11.8169584274292, 11.950931549072266, 11.314617156982422, 11.89258861541748, 11.4194917678833, 11.975295066833496, 12.653632164001465, 12.16064739227295, 12.320178031921387, 11.542344093322754, 12.735708236694336, 12.265819549560547, 12.874799728393555, 12.129210472106934, 11.147809028625488, 11.432839393615723, 12.046146392822266, 12.010483741760254, 10.080795288085938, 12.56665325164795, 11.837000846862793, 11.474152565002441, 11.66185188293457, 11.406808853149414, 12.048944473266602, 12.091278076171875, 11.80007553100586, 12.462531089782715, 12.303641319274902, 12.013504028320312, 11.824071884155273, 11.740669250488281, 12.28196907043457, 11.634919166564941, 12.832120895385742, 12.539469718933105, 11.747221946716309, 12.051597595214844, 11.397579193115234, 11.517854690551758, 