{"aucroc": 0.6163214951308502, "aucpr": 0.21764945660446386, "dataset": "15_Hepatitis", "method": "blind", "test_ratio": 0.17, "train_ratio": 0.17, "labeled_anomalies": 1.0, "loe_loss": [41.3846549987793, 39.388851165771484, 38.0473747253418, 35.895042419433594, 35.515289306640625, 35.144432067871094, 35.582305908203125, 35.88059616088867, 34.901180267333984, 35.05240249633789, 35.57026672363281, 34.268638610839844, 34.24840545654297, 34.02935028076172, 33.179412841796875, 33.71684646606445, 32.46873092651367, 32.862815856933594, 32.35240173339844, 33.29407501220703, 32.39142990112305, 31.298023223876953, 31.80618667602539, 31.454967498779297, 31.49494743347168, 32.00520324707031, 31.570213317871094, 31.97881507873535, 31.042072296142578, 31.473424911499023, 29.8948917388916, 31.071735382080078, 30.13764762878418, 31.20206069946289, 30.616046905517578, 30.179048538208008, 29.834428787231445, 30.44623374938965, 30.319164276123047, 30.41022491455078, 30.016447067260742, 30.07565689086914, 29.818317413330078, 29.510169982910156, 29.40952491760254, 29.20492172241211, 29.05858039855957, 28.95863914489746, 29.762203216552734, 29.40377426147461, 29.456615447998047, 29.71856689453125, 29.14068031311035, 29.210657119750977, 28.425514221191406, 29.331533432006836, 28.662870407104492, 29.046306610107422, 28.91160774230957, 28.398359298706055, 29.142972946166992, 28.46859359741211, 29.177047729492188, 28.62795066833496, 29.215314865112305, 29.403804779052734, 28.871721267700195, 28.801958084106445, 28.615768432617188, 28.845285415649414, 28.252159118652344, 28.324970245361328, 28.574697494506836, 28.177024841308594, 28.446969985961914, 28.00984001159668, 28.98349380493164, 28.454702377319336, 28.6368350982666, 28.795001983642578, 27.39288330078125, 28.822891235351562, 28.4371395111084, 28.650291442871094, 28.06865119934082, 28.21723175048828, 28.201791763305664, 28.186771392822266, 28.521224975585938, 28.06755256652832, 27.94912338256836, 28.584901809692383, 28.128185272216797, 28.433101654052734, 28.021631240844727, 27.87592124938965, 27.89795684814453, 27.488590240478516, 28.076995849609375, 28.624042510986328, 27.91214942932129, 28.08828353881836, 27.985889434814453, 28.670360565185547, 28.396656036376953, 28.4433650970459, 27.602569580078125, 27.622459411621094, 27.733789443969727, 27.77747917175293, 27.39356231689453, 27.84369659423828, 27.631053924560547, 27.929431915283203, 28.301864624023438, 27.671695709228516, 27.988435745239258, 27.680877685546875, 28.046783447265625, 27.50739288330078, 27.680950164794922, 27.375123977661133, 27.037044525146484, 28.318735122680664, 27.150985717773438, 27.579652786254883, 27.788118362426758, 28.402469635009766, 27.7386531829834, 27.352479934692383, 27.68979263305664, 28.182863235473633, 27.19924545288086, 28.219411849975586, 27.792787551879883, 27.862802505493164, 27.179004669189453, 27.749095916748047, 27.275409698486328, 27.617734909057617, 27.251384735107422, 27.510334014892578, 27.513086318969727, 27.652132034301758, 27.726245880126953, 27.545345306396484, 27.27056121826172, 27.44490623474121, 27.319303512573242, 27.443613052368164, 27.94744873046875, 27.776119232177734, 27.47852325439453, 27.455137252807617, 27.792234420776367, 27.106632232666016, 27.425491333007812, 26.70130729675293, 27.034547805786133, 27.271696090698242, 27.081932067871094, 28.09477424621582, 27.114164352416992, 27.543617248535156, 27.244565963745117, 27.16565704345703, 27.366744995117188, 27.165889739990234, 27.3223819732666, 27.02312660217285, 27.563617706298828, 27.921287536621094, 27.03457260131836, 26.94811248779297, 26.938692092895508, 26.98858070373535, 27.71377944946289, 27.633304595947266, 27.19575309753418, 27.099342346191406, 26.473743438720703, 27.254981994628906, 27.300209045410156, 26.953676223754883, 26.95378303527832, 27.52570915222168, 27.058048248291016, 27.03980827331543, 26.95100975036621, 26.70196533203125, 26.688278198242188, 27.26939582824707, 27.424272537231445, 27.65422248840332, 27.731048583984375, 27.480810165405273, 27.2446346282959, 27.20598602294922, 26.697534561157227, 27.918663024902344, 26.525163650512695, 26.73689842224121, 26.667144775390625, 26.70063591003418, 27.148895263671875, 27.4505615234375, 27.1160945892334, 26.647680282592773, 26.91675567626953, 27.140209197998047, 27.150053024291992, 26.8151798248291, 26.687271118164062, 26.534706115722656, 26.874174118041992, 26.768728256225586, 26.984325408935547, 26.707046508789062, 26.577960968017578, 27.678897857666016, 27.050212860107422, 26.976566314697266, 27.314992904663086, 26.29294204711914, 27.14801788330078, 26.643869400024414, 27.0740966796875, 27.09817886352539, 27.413211822509766, 26.869918823242188, 26.20354461669922, 26.413036346435547, 26.274662017822266, 26.706565856933594, 26.65304183959961, 26.394332885742188, 26.310575485229492, 26.57564353942871, 26.581933975219727, 27.08920669555664, 26.22298240661621, 26.3044376373291, 27.121828079223633, 26.593223571777344, 26.92694664001465, 26.790281295776367, 26.826862335205078, 26.40363121032715, 26.427810668945312, 26.364965438842773, 26.431913375854492, 26.625947952270508, 27.10680389404297, 26.546340942382812, 26.989421844482422, 26.219356536865234, 26.852718353271484, 26.462873458862305, 26.46329116821289, 26.510570526123047, 26.889671325683594, 26.443798065185547, 26.745084762573242, 26.0108585357666, 26.280031204223633, 26.807315826416016, 26.384531021118164, 26.907682418823242, 26.223588943481445, 26.880136489868164, 26.30959701538086, 26.489299774169922, 26.466283798217773, 26.511804580688477, 26.102157592773438, 26.250844955444336, 25.78438949584961, 26.7799015045166, 26.30366325378418, 26.326608657836914, 26.267498016357422, 26.696077346801758, 26.251415252685547, 25.894763946533203, 25.387920379638672, 27.027061462402344, 26.538494110107422, 26.32695960998535, 26.941478729248047, 26.293167114257812, 26.327526092529297, 26.130168914794922, 25.852413177490234, 25.81972885131836, 26.601957321166992, 26.7369441986084, 26.482229232788086, 26.245357513427734, 25.932193756103516, 26.583553314208984, 26.62335777282715, 25.743432998657227, 25.917049407958984, 26.675289154052734, 26.564910888671875, 26.586143493652344, 26.169635772705078, 25.606353759765625, 25.85560417175293, 25.969818115234375, 26.78392791748047, 26.111907958984375, 26.158018112182617, 25.916383743286133, 25.954927444458008, 25.641014099121094, 26.437341690063477, 25.48548126220703, 26.08873176574707, 26.184480667114258, 25.702871322631836, 26.465538024902344, 25.98238182067871, 25.817916870117188, 25.829734802246094, 25.81812286376953, 25.313961029052734, 25.70883560180664, 26.470458984375, 25.969587326049805, 25.610397338867188, 26.164657592773438, 26.153501510620117, 25.957565307617188, 25.728574752807617, 25.995363235473633, 26.204465866088867, 26.002643585205078, 25.985042572021484, 26.53857421875, 25.396652221679688, 26.44849967956543, 26.27950096130371, 25.710533142089844, 26.498062133789062, 25.328441619873047, 25.581377029418945, 25.858856201171875, 25.771915435791016, 25.681930541992188, 26.440265655517578, 25.695682525634766, 25.748435974121094, 25.63229751586914, 26.322322845458984, 25.633182525634766, 25.75545310974121, 25.874422073364258, 26.462051391601562, 25.702104568481445, 25.902912139892578, 25.56700897216797, 25.623275756835938, 25.60319709777832, 25.582334518432617, 25.551471710205078, 25.99376106262207, 25.704021453857422, 25.50276756286621, 25.878461837768555, 25.333782196044922, 25.855514526367188, 24.91863250732422, 25.343170166015625, 26.00055503845215, 24.700942993164062, 25.600454330444336, 25.47172737121582, 25.384254455566406, 25.827957153320312, 25.302616119384766, 25.562252044677734, 25.463003158569336, 25.598543167114258, 25.769798278808594, 25.814302444458008, 25.810367584228516, 25.815061569213867, 26.075401306152344, 26.064464569091797, 26.06487274169922, 26.898244857788086, 25.896989822387695, 25.103269577026367, 25.414962768554688, 25.88612174987793, 26.116291046142578, 25.456584930419922, 