{"aucroc": 0.8500406856182902, "aucpr": 0.5371509388313617, "dataset": "15_Hepatitis", "method": "hard", "test_ratio": 0.17, "train_ratio": 0.17, "labeled_anomalies": 1.0, "loe_loss": [23.855741500854492, 21.815494537353516, 21.214916229248047, 21.284500122070312, 20.64100456237793, 19.40574836730957, 19.06184196472168, 19.044828414916992, 18.436140060424805, 18.480194091796875, 18.73810577392578, 18.426504135131836, 17.496671676635742, 17.993194580078125, 16.927791595458984, 17.638355255126953, 18.131895065307617, 17.71537208557129, 17.391347885131836, 16.656494140625, 17.287696838378906, 17.218801498413086, 17.047250747680664, 16.542152404785156, 17.100492477416992, 15.36768627166748, 15.79866886138916, 16.20585060119629, 15.940370559692383, 15.997937202453613, 15.980846405029297, 15.373366355895996, 15.651139259338379, 15.91547966003418, 15.746281623840332, 16.349538803100586, 15.655499458312988, 15.909954071044922, 15.041158676147461, 15.753064155578613, 15.16244125366211, 16.10072135925293, 14.895479202270508, 14.831620216369629, 15.373826026916504, 14.842048645019531, 15.769706726074219, 15.096440315246582, 13.795190811157227, 13.779848098754883, 14.230189323425293, 13.607647895812988, 14.099496841430664, 13.68117618560791, 11.919769287109375, 11.506629943847656, 11.006768226623535, 12.326557159423828, 11.387697219848633, 8.078010559082031, 6.757359504699707, 4.523186206817627, 1.445497751235962, -1.6416841745376587], "n_epochs": 63}