{"aucroc": 0.7371709058456046, "aucpr": 0.41030870145578596, "dataset": "15_Hepatitis", "method": "refine", "test_ratio": 0.17, "train_ratio": 0.17, "labeled_anomalies": 1.0, "loe_loss": [32.14472579956055, 30.54827880859375, 29.19391441345215, 27.77877426147461, 27.32129669189453, 26.955656051635742, 27.095327377319336, 27.302043914794922, 26.855960845947266, 26.754131317138672, 27.190486907958984, 26.194162368774414, 26.30704689025879, 25.990110397338867, 25.239625930786133, 25.465648651123047, 24.737913131713867, 25.230167388916016, 24.685354232788086, 25.351587295532227, 24.475147247314453, 23.831119537353516, 24.116439819335938, 23.991361618041992, 23.715194702148438, 24.390748977661133, 24.031230926513672, 24.29775047302246, 24.101211547851562, 24.255233764648438, 22.568485260009766, 23.98008155822754, 23.557411193847656, 23.936037063598633, 23.44956398010254, 23.017498016357422, 22.83092498779297, 23.644222259521484, 23.383373260498047, 23.090484619140625, 23.17345428466797, 23.636568069458008, 23.047449111938477, 22.62179946899414, 22.698076248168945, 23.033920288085938, 22.76529884338379, 22.486473083496094, 22.78142547607422, 22.78374671936035, 23.01624298095703, 23.555267333984375, 22.29792022705078, 23.042987823486328, 21.6916561126709, 22.713211059570312, 22.401958465576172, 22.608125686645508, 22.64237403869629, 22.328746795654297, 22.66264533996582, 22.373973846435547, 22.861568450927734, 22.34383773803711, 23.106731414794922, 23.26244354248047, 22.622941970825195, 22.658220291137695, 22.2243709564209, 22.479360580444336, 22.14537811279297, 22.089237213134766, 22.142621994018555, 22.337509155273438, 21.969234466552734, 21.908498764038086, 22.5592098236084, 22.185415267944336, 22.34886932373047, 23.000160217285156, 21.159191131591797, 22.354164123535156, 22.159162521362305, 22.480743408203125, 22.066253662109375, 21.66474723815918, 22.080812454223633, 22.255592346191406, 22.428386688232422, 22.136280059814453, 21.729106903076172, 22.884435653686523, 22.172882080078125, 22.413372039794922, 21.757150650024414, 21.616802215576172, 21.44757843017578, 21.092493057250977, 21.7279052734375, 22.92189598083496, 21.76890754699707, 21.803619384765625, 21.916982650756836, 22.773698806762695, 22.0749454498291, 22.2247257232666, 21.546058654785156, 21.57464027404785, 21.533485412597656, 21.57562828063965, 21.439945220947266, 21.402753829956055, 21.43003273010254, 21.777938842773438, 22.309717178344727, 21.510452270507812, 21.564882278442383, 21.36924934387207, 21.501657485961914, 21.102436065673828, 21.353193283081055, 21.10268783569336, 20.744508743286133, 22.228130340576172, 20.819007873535156, 21.600893020629883, 21.875682830810547, 22.351003646850586, 21.77242660522461, 21.0880184173584, 21.436168670654297, 22.008691787719727, 21.005599975585938, 22.10283660888672, 21.90606689453125, 21.867206573486328, 20.96544075012207, 21.52032470703125, 21.229869842529297, 21.05221176147461, 21.1358642578125, 21.468481063842773, 21.38625717163086, 21.511648178100586, 21.534847259521484, 21.49167251586914, 20.904712677001953, 21.303970336914062, 21.204069137573242, 21.551197052001953, 21.773664474487305, 21.553848266601562, 21.430774688720703, 21.12642478942871, 21.31501007080078, 20.710092544555664, 21.33517074584961, 20.507183074951172, 20.83185386657715, 20.993017196655273, 20.920551300048828, 21.92763900756836, 21.14544677734375, 21.438268661499023, 21.317893981933594, 20.586711883544922, 21.270156860351562, 21.495447158813477, 21.11485481262207, 20.92779541015625, 21.938430786132812, 21.607810974121094, 21.269119262695312, 20.696077346801758, 20.827102661132812, 20.716821670532227, 22.07392120361328, 21.95621109008789, 20.866777420043945, 21.041610717773438, 20.47317886352539, 20.77643585205078, 21.079030990600586, 20.808635711669922, 20.832138061523438, 21.37936019897461, 20.631399154663086, 20.960872650146484, 20.707820892333984, 20.81366729736328, 20.456453323364258, 21.140838623046875, 21.20005989074707, 21.74679183959961, 21.72896957397461, 21.319894790649414, 20.495643615722656, 21.470355987548828, 20.50306510925293, 22.23220443725586, 20.205970764160156, 20.353588104248047, 20.423585891723633, 20.593505859375, 20.92280387878418, 21.08657455444336, 20.868648529052734, 20.649246215820312, 20.658321380615234, 20.886878967285156, 21.11236000061035, 20.36492347717285, 20.416236877441406, 20.223587036132812, 20.39012908935547, 20.22174644470215, 21.33460807800293, 20.623945236206055, 20.60175323486328, 21.678483963012695, 20.97340202331543, 20.79496192932129, 21.45871353149414, 20.304550170898438, 20.95420265197754, 20.547908782958984, 20.85967254638672, 20.874330520629883, 21.355859756469727, 20.61396026611328, 19.945087432861328, 20.204708099365234, 19.988452911376953, 20.51761245727539, 20.69344711303711, 20.45977783203125, 20.411048889160156, 20.142383575439453, 20.87710952758789, 20.748931884765625, 19.98929214477539, 20.16619110107422, 21.14931869506836, 20.30607032775879, 21.025556564331055, 21.101688385009766, 20.70082664489746, 19.94510841369629, 20.035743713378906, 20.077129364013672, 20.523141860961914, 20.320520401000977, 20.723800659179688, 20.26060676574707, 20.892650604248047, 20.088756561279297, 20.57181739807129, 20.608543395996094, 20.34865379333496, 20.13279914855957, 21.047855377197266, 20.375059127807617, 20.605623245239258, 19.844863891601562, 20.208093643188477, 20.585744857788086, 19.890167236328125, 20.73859977722168, 20.402603149414062, 20.659040451049805, 20.167512893676758, 20.426836013793945, 20.59242057800293, 20.06277847290039, 19.9460506439209, 20.424152374267578, 19.928295135498047, 20.61905288696289, 20.218780517578125, 20.198192596435547, 19.709156036376953, 20.323617935180664, 19.450353622436523, 19.638843536376953, 19.022851943969727, 20.602481842041016, 20.566072463989258, 20.193742752075195, 20.6312255859375, 19.635417938232422, 20.073745727539062, 19.63909912109375, 19.430686950683594, 19.713428497314453, 20.32096290588379, 20.57941436767578, 20.52459144592285, 20.174575805664062, 19.97247886657715, 20.790029525756836, 19.814796447753906, 19.97740364074707, 19.19642448425293, 20.660173416137695, 20.378753662109375, 20.3094539642334, 19.961414337158203, 19.170278549194336, 19.694440841674805, 19.702667236328125, 20.94471549987793, 19.970626831054688, 20.073413848876953, 19.62459373474121, 19.96210289001465, 19.173545837402344, 20.007774353027344, 19.555063247680664, 19.796815872192383, 20.122148513793945, 19.330026626586914, 20.376758575439453, 19.499080657958984, 19.959199905395508, 19.852413177490234, 19.869407653808594, 18.78811264038086, 19.86821746826172, 20.832963943481445, 19.53948211669922, 19.754100799560547, 19.742719650268555, 19.90995979309082, 19.460525512695312, 19.34146499633789, 19.634614944458008, 20.094350814819336, 19.811710357666016, 19.380996704101562, 20.21152114868164, 18.95081901550293, 20.41935920715332, 20.573848724365234, 19.345680236816406, 20.914199829101562, 18.800922393798828, 19.252029418945312, 19.703941345214844, 19.716564178466797, 19.374366760253906, 20.608041763305664, 19.31766128540039, 19.30060577392578, 19.31798553466797, 20.16103744506836, 19.439584732055664, 19.6533260345459, 19.366230010986328, 20.07124137878418, 19.638261795043945, 19.340003967285156, 19.058536529541016, 19.048255920410156, 19.47563934326172, 19.47514533996582, 19.308969497680664, 20.18944549560547, 19.1860294342041, 19.389171600341797, 19.606727600097656, 19.068828582763672, 19.50745391845703, 18.89318084716797, 19.178186416625977, 19.430625915527344, 18.11932373046875, 19.440956115722656, 19.130630493164062, 19.202587127685547, 19.23320960998535, 19.347429275512695, 18.94975471496582, 19.60855484008789, 19.11389923095703, 19.79439353942871, 19.758520126342773, 19.65365982055664, 19.615299224853516, 20.14666748046875, 19.674325942993164, 20.096492767333984, 20.946557998657227, 19.428646087646484, 18.77898406982422, 19.332115173339844, 19.786678314208984, 19.826370239257812, 18.739002227783203, 