{"aucroc": 0.9969839142091153, "aucpr": 0.4448181678707952, "dataset": "16_http", "method": "hard", "test_ratio": 0.005333333333333333, "train_ratio": 0.005333333333333333, "labeled_anomalies": 1.0, "loe_loss": [6.72426700592041, 6.9708452224731445, 6.214177131652832, 5.5041704177856445, 5.14518928527832, 4.87465763092041, 4.879031181335449, 4.58332633972168, 4.45257043838501, 5.156205654144287, 4.205365180969238, 4.199026107788086, 4.231060028076172, 4.03846549987793, 3.9852144718170166, 4.399930477142334, 3.9399471282958984, 3.8568174839019775, 5.001524925231934, 3.781442403793335, 3.7499594688415527, 3.7221176624298096, 3.6111629009246826, 3.6028554439544678, 4.345365047454834, 3.8844821453094482, 3.5673024654388428, 3.525256395339966, 4.275193691253662, 3.5925230979919434, 4.614309787750244, 3.573699951171875, 3.9685254096984863, 4.689952850341797, 3.8150973320007324, 4.145005702972412, 3.3486711978912354, 3.538494110107422, 5.402102947235107, 3.4547789096832275, 3.3595547676086426, 3.3913285732269287, 3.8662092685699463, 3.6775057315826416, 3.386622905731201, 3.4003117084503174, 3.886317491531372, 3.255131721496582, 3.3776586055755615, 3.9081785678863525, 3.2828562259674072, 3.6656224727630615, 3.2406511306762695, 3.3105318546295166, 3.267331123352051, 4.1414079666137695, 3.5519866943359375, 3.4235119819641113, 4.292412757873535, 3.9248647689819336, 3.2236363887786865, 3.36616587638855, 3.3503899574279785, 3.877058267593384, 3.7884321212768555, 3.3163399696350098, 3.2817280292510986, 3.5508615970611572, 3.464824914932251, 3.293313503265381, 3.3666985034942627, 4.362019062042236, 3.197765827178955, 3.303532600402832, 3.762274980545044, 3.3250982761383057, 3.8099656105041504, 3.285017251968384, 3.516805410385132, 3.2190775871276855, 3.550139904022217, 3.326446533203125, 4.942135810852051, 3.291046619415283, 3.2131054401397705, 3.224945545196533, 3.2475697994232178, 3.188251495361328, 3.2337911128997803, 4.042216777801514, 3.218196392059326, 4.155577182769775, 3.240661859512329, 5.190019130706787, 3.2558512687683105, 3.281999111175537, 3.774562120437622, 3.7440407276153564, 3.181044816970825, 3.183584690093994, 3.8347132205963135, 3.23797607421875, 3.3520455360412598, 3.2634336948394775, 4.34232234954834, 4.43525505065918, 4.734430313110352, 3.186349391937256, 3.2740468978881836, 3.277899742126465, 3.802518844604492, 4.9145426750183105, 7.058430194854736, 3.4604568481445312, 3.2904300689697266, 3.18117618560791, 4.269645690917969, 3.3119633197784424, 4.841907501220703, 3.31901216506958, 3.234632730484009, 4.982387065887451, 3.359464645385742, 4.114014148712158, 3.3402626514434814, 3.2627737522125244, 3.263648509979248, 3.302220582962036, 3.2592005729675293, 3.2101266384124756, 4.299006462097168, 3.2707271575927734, 4.8527936935424805, 3.3028616905212402, 3.3000011444091797, 3.719235420227051, 3.2929701805114746, 3.3110084533691406, 3.3471169471740723, 3.6146597862243652, 3.267758369445801, 3.2884128093719482, 3.314211845397949, 4.362040042877197, 3.84663987159729, 3.2381751537323, 4.041967391967773, 3.2642085552215576, 3.3165955543518066, 3.753880739212036, 3.223771810531616, 4.634068012237549, 3.273970603942871, 3.8106629848480225, 3.267305374145508, 5.27858829498291, 3.801509141921997, 4.355041027069092, 3.3627235889434814, 4.434572696685791, 3.3110642433166504, 3.7407867908477783, 4.573394298553467, 3.5736048221588135, 3.2388811111450195, 3.3697197437286377, 3.8111379146575928, 4.264079570770264, 3.8069868087768555, 3.2181644439697266, 3.306173324584961, 3.3842568397521973, 3.4633066654205322, 4.273264408111572, 5.3527350425720215, 3.2745156288146973, 3.293092966079712, 3.777684450149536, 3.3087143898010254, 3.3202760219573975, 3.3229691982269287, 3.380185604095459, 3.356572151184082, 3.9137277603149414, 3.3139588832855225, 3.3426408767700195, 4.840883255004883, 3.5532186031341553, 4.574965953826904, 3.3220748901367188, 3.3799002170562744, 3.2537615299224854, 3.283381700515747, 3.856283664703369, 3.326427936553955, 3.2535040378570557, 3.2839341163635254, 3.8210556507110596, 3.5158820152282715, 3.9097537994384766, 3.2610232830047607, 3.299470901489258, 3.253389358520508, 3.218804359436035, 3.3105640411376953, 3.534501075744629, 3.3366053104400635, 3.323512077331543, 3.314981698989868, 3.2776527404785156, 3.370107650756836, 4.54633092880249, 3.2779579162597656, 3.3447630405426025, 3.237598180770874, 3.2885220050811768, 3.3018555641174316, 3.3573408126831055, 3.7822062969207764, 3.824422836303711, 3.231004238128662, 3.4068362712860107, 3.5383026599884033, 4.239912509918213, 3.3434581756591797, 3.320453643798828, 3.2866032123565674, 3.2841391563415527, 3.429567813873291, 4.1301493644714355, 3.3338754177093506, 3.9734506607055664, 3.594665288925171, 3.2897024154663086, 3.2920966148376465, 3.2606277465820312, 3.2821617126464844, 3.283343553543091, 4.339372158050537, 3.271332263946533, 3.851257562637329, 5.430787563323975, 4.25442361831665, 3.320748805999756, 3.9009764194488525, 3.3703222274780273, 3.7612497806549072, 3.503859758377075, 4.957949638366699, 3.2314305305480957, 4.571328163146973, 3.3119654655456543, 3.324460506439209, 3.3403987884521484, 3.3560194969177246, 3.609963893890381, 3.3147404193878174, 3.82487154006958, 3.928347110748291, 3.3831915855407715, 5.04789924621582, 3.243844985961914, 4.486813545227051, 3.2933146953582764, 3.243802309036255, 3.341336965560913, 3.3819973468780518, 3.2136120796203613, 3.273426055908203, 3.5651254653930664, 3.5261497497558594, 4.311966419219971, 3.3235676288604736, 3.3055522441864014, 4.722239017486572, 3.781942367553711, 3.701359987258911, 3.6953744888305664, 3.875920534133911, 3.342874526977539, 4.841777324676514, 3.2326736450195312, 3.7729809284210205, 4.4102678298950195, 3.3438711166381836, 3.3526604175567627, 3.779301404953003, 3.3991594314575195, 3.270409107208252, 3.2716784477233887, 4.112298488616943, 3.4206621646881104, 3.2665255069732666, 4.0743021965026855, 3.880159378051758, 3.4335646629333496, 4.071732044219971, 3.370262622833252, 3.3880152702331543, 4.195570945739746, 4.8840436935424805, 3.267486572265625, 4.318939208984375, 4.157081127166748, 3.812563896179199, 3.473747730255127, 3.8853933811187744, 3.2810556888580322, 3.726177215576172, 3.361771821975708, 3.252793073654175, 3.6556549072265625, 3.382408618927002, 3.280397653579712, 3.2238378524780273, 3.2863447666168213, 3.386446714401245, 3.3930716514587402, 7.060022354125977, 3.3362479209899902, 3.2964441776275635, 4.7393951416015625, 6.195703983306885, 3.3406083583831787, 3.599553346633911, 3.85725474357605, 3.338064193725586, 3.8472847938537598, 3.3466827869415283, 3.423609733581543, 3.330626964569092, 3.8583199977874756, 3.4272844791412354, 3.3375353813171387, 3.366304874420166, 3.3738648891448975, 3.3608152866363525, 4.320454120635986, 3.762937545776367, 3.305703639984131, 3.3545913696289062, 3.38466215133667, 3.5968616008758545, 3.3939716815948486, 4.007028579711914, 3.3390088081359863, 3.422987937927246, 4.138388156890869, 3.7246358394622803, 3.390754222869873, 3.4237608909606934, 3.3866777420043945, 4.237451553344727, 3.411675453186035, 4.684557914733887, 3.319420576095581, 4.602670192718506, 3.3536875247955322, 3.3537044525146484, 3.7000489234924316, 3.766388416290283, 3.284015417098999, 3.3291869163513184, 3.271196126937866, 3.3538737297058105, 4.318774700164795, 5.899394989013672, 3.7832469940185547, 3.4144115447998047, 5.83364200592041, 3.861501455307007, 3.633209705352783, 3.4033255577087402, 3.379960298538208, 4.324265480041504, 3.3412437438964844, 3.3388471603393555, 3.2865874767303467, 3.389800786972046, 3.34019136428833, 3.710336685180664, 3.815976619720459, 3.309255599975586, 3.8818020820617676, 3.950481653213501, 4.2745466232299805, 3.4011335372924805, 3.3081650733947754, 3.7590720653533936, 3.6694211959838867, 3.3375120162963867, 3.4392285346984863, 3.2959163188934326, 3.342744827270508, 3.7807705402374268, 3.7424912452697754, 3.8524508476257324, 4.420794486999512, 3.736703872680664, 3.973940372467041, 