{"aucroc": 0.9969839142091153, "aucpr": 0.4448181678707952, "dataset": "16_http", "method": "hard", "test_ratio": 0.005333333333333333, "train_ratio": 0.005333333333333333, "labeled_anomalies": 1.0, "loe_loss": [6.72426700592041, 6.97102165222168, 6.214787483215332, 5.504589080810547, 5.142621040344238, 4.8730950355529785, 4.8820109367370605, 4.5825042724609375, 4.43961763381958, 5.156002521514893, 4.202826976776123, 4.201206684112549, 4.228664875030518, 4.028732776641846, 3.9803404808044434, 4.396850109100342, 3.917487382888794, 3.830622673034668, 5.014712810516357, 3.752547025680542, 3.7326292991638184, 3.70318603515625, 3.5969154834747314, 3.5965216159820557, 4.301202774047852, 3.8609187602996826, 3.5314958095550537, 3.4777374267578125, 4.301490783691406, 3.5527334213256836, 4.631364822387695, 3.5479519367218018, 3.9356861114501953, 4.699912071228027, 3.8051095008850098, 4.137759685516357, 3.3046586513519287, 3.5196542739868164, 5.494579315185547, 3.3971590995788574, 3.3249218463897705, 3.3538978099823, 3.866161823272705, 3.652524948120117, 3.3340463638305664, 3.349503517150879, 3.8719100952148438, 3.1782360076904297, 3.328409194946289, 3.8846569061279297, 3.2132139205932617, 3.6345767974853516, 3.1804089546203613, 3.2325425148010254, 3.1782736778259277, 4.149459362030029, 3.4931724071502686, 3.349039077758789, 4.338454246520996, 3.8941874504089355, 3.1332194805145264, 3.3071107864379883, 3.2842724323272705, 3.856710195541382, 3.750032901763916, 3.23549222946167, 3.207407236099243, 3.4911255836486816, 3.4001801013946533, 3.2163636684417725, 3.29362154006958, 4.38745641708374, 3.113839864730835, 3.2296042442321777, 3.7348098754882812, 3.2580947875976562, 3.790827751159668, 3.197040557861328, 3.4704809188842773, 3.1351656913757324, 3.5199825763702393, 3.242088556289673, 5.0265936851501465, 3.210059881210327, 3.125741720199585, 3.131904125213623, 3.1466903686523438, 3.0769596099853516, 3.1428232192993164, 4.057026386260986, 3.1145153045654297, 4.168044090270996, 3.139861822128296, 5.328398704528809, 3.146775245666504, 3.1786720752716064, 3.723600149154663, 3.6953301429748535, 3.0707764625549316, 3.0685744285583496, 3.7989141941070557, 3.1281509399414062, 3.2611420154571533, 3.1733922958374023, 4.360318183898926, 4.471462249755859, 4.800537586212158, 3.0633912086486816, 3.165452718734741, 3.1762518882751465, 3.7735300064086914, 5.06008243560791, 7.506056785583496, 3.3635506629943848, 3.168461322784424, 3.05125093460083, 4.29533576965332, 3.1854751110076904, 4.964804649353027, 3.196502447128296, 3.1095731258392334, 5.088907241821289, 3.2461390495300293, 4.136004447937012, 3.227884292602539, 3.1309654712677, 3.1381046772003174, 3.1827218532562256, 3.1315717697143555, 3.073024272918701, 4.305609703063965, 3.1329450607299805, 4.9789934158325195, 3.178668260574341, 3.1787126064300537, 3.6445858478546143, 3.1609513759613037, 3.177699327468872, 3.2296900749206543, 3.5539543628692627, 3.1464457511901855, 3.1465840339660645, 3.1921441555023193, 4.4042744636535645, 3.793428659439087, 3.106142520904541, 4.020557403564453, 3.122485399246216, 3.170537233352661, 3.6988937854766846, 3.0681045055389404, 4.739621162414551, 3.137211322784424, 3.7544381618499756, 3.121311902999878, 5.539822101593018, 3.7539572715759277, 4.411691665649414, 3.228685140609741, 4.507728576660156, 3.1618399620056152, 3.6790196895599365, 4.648432731628418, 3.4990718364715576, 3.108128309249878, 3.2534754276275635, 3.770150661468506, 4.309096336364746, 3.749823808670044, 3.0712833404541016, 3.1497037410736084, 3.243670701980591, 3.3477907180786133, 4.3106207847595215, 5.611258029937744, 3.121953010559082, 3.1547038555145264, 3.7133758068084717, 3.1694936752319336, 3.1822938919067383, 3.191723346710205, 3.2515482902526855, 3.2100634574890137, 3.857790946960449, 3.1623363494873047, 3.197209358215332, 4.960352897644043, 3.449657440185547, 4.662353992462158, 3.1729423999786377, 3.231679677963257, 3.089510917663574, 3.127519130706787, 3.7984721660614014, 3.165668487548828, 3.0794506072998047, 3.11499285697937, 3.7577502727508545, 3.3933722972869873, 3.853639841079712, 3.0901389122009277, 3.137144088745117, 3.075615644454956, 3.032731533050537, 3.149197816848755, 3.4073116779327393, 3.1869869232177734, 3.1519217491149902, 3.1519622802734375, 3.1086230278015137, 3.2113559246063232, 4.6386189460754395, 3.1150593757629395, 3.1707844734191895, 3.0419411659240723, 3.112058639526367, 3.1232523918151855, 3.188171625137329, 3.7024145126342773, 3.767238140106201, 3.027740955352783, 3.246217727661133, 3.405146598815918, 4.317263603210449, 3.169861078262329, 3.155515670776367, 3.11362624168396, 3.091729164123535, 3.2651662826538086, 4.1504621505737305, 3.163604497909546, 3.945842981338501, 3.456212043762207, 3.10713529586792, 3.0903639793395996, 3.075817108154297, 3.0828604698181152, 3.078158378601074, 4.406364917755127, 3.076451301574707, 3.780885696411133, 5.797145366668701, 4.307108402252197, 3.131941556930542, 3.8429183959960938, 3.1856369972229004, 3.6785616874694824, 3.366521120071411, 5.240629196166992, 3.0184290409088135, 4.692409038543701, 3.112243175506592, 3.1300220489501953, 3.1498005390167236, 3.1796295642852783, 3.508267641067505, 3.1006574630737305, 3.771919012069702, 3.856431722640991, 3.209083318710327, 5.306210517883301, 3.0218279361724854, 4.562821388244629, 3.08927059173584, 3.033320426940918, 3.137155771255493, 3.1910948753356934, 2.9739561080932617, 3.0395703315734863, 3.4113073348999023, 3.336343765258789, 4.373568058013916, 3.130120277404785, 3.0939278602600098, 4.912611484527588, 3.6994540691375732, 3.6150717735290527, 3.598283052444458, 3.821702003479004, 3.1468393802642822, 5.038287162780762, 2.9779908657073975, 3.6932311058044434, 4.492661952972412, 3.140059471130371, 3.1422383785247803, 3.716686248779297, 3.2001044750213623, 3.067944049835205, 3.061199188232422, 4.128251075744629, 3.2159063816070557, 3.0415074825286865, 4.089437007904053, 3.8035826683044434, 3.251840114593506, 4.096648216247559, 3.188497543334961, 3.1700663566589355, 4.207883834838867, 5.064567565917969, 3.030984878540039, 4.41024112701416, 4.198658466339111, 3.7085180282592773, 3.2871298789978027, 3.7810585498809814, 3.0548107624053955, 3.621309995651245, 3.1505937576293945, 3.040621519088745, 3.556094169616699, 3.1609179973602295, 3.050325870513916, 2.986098051071167, 3.055199384689331, 3.1971285343170166, 3.1580734252929688, 7.948256492614746, 3.129425525665283, 3.0737075805664062, 4.907037734985352, 6.844200611114502, 3.1171071529388428, 3.4484269618988037, 3.7646703720092773, 3.106229066848755, 3.7246124744415283, 3.128286838531494, 3.222060203552246, 3.087942123413086, 3.7570104598999023, 3.231674909591675, 3.112048625946045, 3.129167318344116, 3.1393842697143555, 3.1487479209899902, 4.385700702667236, 3.6581811904907227, 3.074622869491577, 3.128382682800293, 3.178633213043213, 3.4608240127563477, 3.1764228343963623, 4.020252704620361, 3.1230428218841553, 3.190934181213379, 4.134518623352051, 3.6290173530578613, 3.1537249088287354, 3.1797165870666504, 3.1593523025512695, 4.268386363983154, 3.1747004985809326, 4.886938571929932, 3.107604742050171, 4.749744892120361, 3.1294901371002197, 3.133284568786621, 3.551987409591675, 3.661647319793701, 3.0444884300231934, 3.091247081756592, 3.028473377227783, 3.1358649730682373, 4.385961055755615, 6.45722770690918, 3.697852373123169, 3.201347589492798, 6.316519737243652, 3.77034330368042, 3.502389669418335, 3.1742963790893555, 3.14727520942688, 4.413938045501709, 3.114346981048584, 3.1148462295532227, 3.0617432594299316, 3.190553665161133, 3.1341028213500977, 3.6122121810913086, 3.6999001502990723, 3.0700159072875977, 3.7937991619110107, 3.8908281326293945, 4.311774253845215, 3.177776336669922, 3.0946297645568848, 3.6997807025909424, 3.5190935134887695, 3.1434531211853027, 3.2113873958587646, 3.0389487743377686, 3.1068897247314453, 3.6583549976348877, 3.6494369506835938, 3.764686346054077, 4.524267673492432, 3.623905658721924, 3.899099826812744, 3.309084892272949, 