{"aucroc": 0.9969839142091153, "aucpr": 0.4448181678707952, "dataset": "16_http", "method": "blind", "test_ratio": 0.005333333333333333, "train_ratio": 0.005333333333333333, "labeled_anomalies": 1.0, "loe_loss": [6.132004737854004, 9.015363693237305, 6.346800327301025, 5.317991733551025, 5.678081035614014, 4.774095058441162, 5.466639995574951, 4.024745941162109, 4.1316046714782715, 4.4240922927856445, 5.199770450592041, 3.695443868637085, 5.571613311767578, 6.334972381591797, 4.288809299468994, 4.220528602600098, 3.520928382873535, 4.213749885559082, 3.821805000305176, 4.155712127685547, 7.166337013244629, 5.767728805541992, 5.932506561279297, 3.4623632431030273, 4.008917808532715, 7.809977054595947, 3.9035568237304688, 6.200976371765137, 7.512091636657715, 5.699571132659912, 5.8159379959106445, 5.936656951904297, 4.789028167724609, 3.554415702819824, 3.865135431289673, 5.190870761871338, 5.526566028594971, 3.3506197929382324, 4.40500020980835, 3.980314016342163, 3.8848702907562256, 3.4778099060058594, 3.8108582496643066, 3.313551664352417, 3.8189892768859863, 4.7858734130859375, 4.096463203430176, 3.5548927783966064, 4.980279922485352, 4.717418670654297, 5.159916400909424, 3.8651864528656006, 3.872871160507202, 4.714691638946533, 3.9176297187805176, 4.702522277832031, 7.0078654289245605, 3.3406190872192383, 6.191004276275635, 4.32421350479126, 3.9422707557678223, 4.087005615234375, 3.32023549079895, 3.3538928031921387, 6.288171291351318, 3.9307281970977783, 3.556370735168457, 4.2865495681762695, 4.69879150390625, 3.85555100440979, 3.674670696258545, 3.593663215637207, 3.2412912845611572, 3.291755199432373, 3.791764259338379, 3.315916061401367, 4.299701690673828, 3.9702095985412598, 4.374538421630859, 3.3375747203826904, 6.004720687866211, 4.706949710845947, 5.1430158615112305, 3.3995628356933594, 3.8173794746398926, 5.538716793060303, 3.2965481281280518, 3.8522136211395264, 3.2711033821105957, 3.549283027648926, 4.2267632484436035, 3.2779226303100586, 4.0264506340026855, 3.8510100841522217, 3.8846073150634766, 6.29451322555542, 5.582821369171143, 4.854453086853027, 4.288237571716309, 5.093443393707275, 3.6641845703125, 3.1933164596557617, 3.8148934841156006, 3.2765274047851562, 4.663702964782715, 3.2267332077026367, 4.717655658721924, 4.569551944732666, 4.700485706329346, 3.265233039855957, 3.8456647396087646, 4.370290756225586, 3.4663166999816895, 4.266254425048828, 3.247727870941162, 5.369132995605469, 7.74179220199585, 4.461513519287109, 5.543852806091309, 3.7687370777130127, 3.7683119773864746, 3.3329267501831055, 3.588658571243286, 5.2721405029296875, 4.841482162475586, 3.2469847202301025, 4.6757965087890625, 6.256479740142822, 3.232921600341797, 4.786202430725098, 3.316958427429199, 3.316028356552124, 6.068117141723633, 5.231480121612549, 3.328117847442627, 3.2484183311462402, 4.450406551361084, 3.260248899459839, 4.837814807891846, 5.579105854034424, 3.709989070892334, 4.407080173492432, 3.80363130569458, 3.8311526775360107, 3.3015410900115967, 3.723038673400879, 3.8702468872070312, 3.269944190979004, 3.863528251647949, 5.651431083679199, 3.255872964859009, 3.859036445617676, 3.8306140899658203, 4.573241710662842, 5.144869804382324, 3.2658097743988037, 5.434360504150391, 4.3661298751831055, 4.263448238372803, 7.923271179199219, 3.261467933654785, 4.395229339599609, 4.999661445617676, 7.10409688949585, 3.2005436420440674, 5.092531681060791, 4.156259536743164, 4.904257297515869, 3.342418670654297, 3.3483805656433105, 5.066435813903809, 4.374436378479004, 4.198617935180664, 3.952360153198242, 5.126861572265625, 3.3118016719818115, 3.8114140033721924, 6.1153883934021, 3.293389320373535, 3.8622617721557617, 5.193899631500244, 4.272773742675781, 5.106775283813477, 3.8527355194091797, 6.350917339324951, 3.928476572036743, 3.172118902206421, 4.94594144821167, 4.132720947265625, 5.62504768371582, 3.800154447555542, 3.785443067550659, 3.6341025829315186, 4.418746471405029, 5.219088077545166, 4.559826374053955, 3.2378172874450684, 4.533166885375977, 6.422130107879639, 4.367555618286133, 4.421143531799316, 4.2011494636535645, 3.5586657524108887, 4.746789932250977, 3.3190271854400635, 3.8957552909851074, 4.634259223937988, 4.541045665740967, 3.2437472343444824, 4.793127059936523, 3.332685708999634, 3.278862237930298, 6.0495758056640625, 5.76238489151001, 3.317564010620117, 3.4472665786743164, 6.773684501647949, 3.8338966369628906, 3.63448429107666, 5.243358612060547, 3.435413122177124, 3.369581460952759, 4.449568748474121, 4.146175384521484, 3.8474318981170654, 4.309975624084473, 3.407200574874878, 3.4511053562164307, 3.813272714614868, 4.05733060836792, 4.288713455200195, 3.903006076812744, 3.466130256652832, 3.4031472206115723, 6.536014556884766, 3.6532020568847656, 3.843132495880127, 4.330260276794434, 4.757853031158447, 3.8255739212036133, 5.060825347900391, 5.690437316894531, 5.119353294372559, 4.578919410705566, 5.392775058746338, 6.799230098724365, 4.83384370803833, 4.6018524169921875, 4.361032962799072, 3.7971720695495605, 3.293253183364868, 3.5787172317504883, 6.048504829406738, 3.8216488361358643, 3.826648473739624, 3.324793815612793, 3.522080898284912, 3.363301992416382, 5.90252685546875, 4.609052658081055, 4.491542339324951, 4.524428367614746, 4.114773750305176, 4.5515055656433105, 3.58474063873291, 3.7954373359680176, 4.553812503814697, 3.7705819606781006, 3.281628131866455, 4.6909990310668945, 3.3392374515533447, 3.792715549468994, 5.002579689025879, 3.794384717941284, 3.662097692489624, 4.237699508666992, 4.795670509338379, 3.298552989959717, 3.321570873260498, 5.069223880767822, 5.452681541442871, 3.809807062149048, 4.878491401672363, 3.3210561275482178, 6.1355814933776855, 3.258031129837036, 3.313793182373047, 3.38332462310791, 3.739243984222412, 4.39499044418335, 5.769035816192627, 3.355684995651245, 4.930724143981934, 4.846593856811523, 4.485377788543701, 3.9075939655303955, 3.2438995838165283, 3.9234132766723633, 5.540062427520752, 5.782858848571777, 5.571132183074951, 4.538647174835205, 4.566765785217285, 4.2364726066589355, 3.877901315689087, 3.304791212081909, 4.821959018707275, 3.3777246475219727, 3.3697381019592285, 5.658965110778809, 3.9413468837738037, 4.677563190460205, 3.3363733291625977, 3.823085308074951, 3.349229574203491, 3.3350331783294678, 4.379315376281738, 4.486421585083008, 3.7547008991241455, 3.3521289825439453, 4.339530944824219, 3.3231663703918457, 3.847747802734375, 6.253659725189209, 4.226227760314941, 3.3600401878356934, 5.0677103996276855, 3.29864501953125, 3.241713762283325, 3.329373359680176, 4.315677165985107, 5.759708881378174, 3.290656089782715, 3.3543221950531006, 4.379683017730713, 5.34743595123291, 3.405113935470581, 4.4719557762146, 3.3063642978668213, 3.3170981407165527, 4.231260299682617, 4.948163032531738, 3.280050754547119, 5.969798564910889, 3.8062329292297363, 6.152103900909424, 4.7967939376831055, 4.6975531578063965, 3.970712184906006, 3.312129497528076, 4.2826619148254395, 5.564898490905762, 4.375608444213867, 3.3965744972229004, 5.136838436126709, 5.138160228729248, 5.5101423263549805, 4.400481700897217, 5.758937835693359, 3.3244075775146484, 5.64967155456543, 3.3734889030456543, 3.311589479446411, 4.231269836425781, 3.8904409408569336, 4.367623805999756, 3.2653861045837402, 5.285885810852051, 3.238077163696289, 3.3230109214782715, 3.4363245964050293, 3.290605068206787, 5.702592372894287, 5.753284454345703, 5.00426721572876, 3.8059656620025635, 5.479848384857178, 5.644154071807861, 3.387484073638916, 4.469852924346924, 3.534001111984253, 5.114643096923828, 3.728132486343384, 4.334897518157959, 3.262066125869751, 4.305906295776367, 3.3713152408599854, 3.863717555999756, 4.713440418243408, 3.8328018188476562, 3.936785936355591, 7.062206268310547, 3.8518197536468506, 6.569016456604004, 3.349731922149658, 3.750384569168091, 3.868377447128296, 5.315270900726318, 4.363032817840576, 4.668947696685791, 4.441025257110596, 3.401681900024414, 3.3016366958618164, 3.8190712928771973, 3.4033620357513428, 