{"aucroc": 0.9969280607685432, "aucpr": 0.44053763695053316, "dataset": "16_http", "method": "soft", "test_ratio": 0.005333333333333333, "train_ratio": 0.005333333333333333, "labeled_anomalies": 1.0, "loe_loss": [5.4084696769714355, 6.969013214111328, 4.876365661621094, 4.613532066345215, 4.088006973266602, 4.076125621795654, 4.0443115234375, 3.9632604122161865, 3.7990221977233887, 3.7421011924743652, 3.794231653213501, 3.6367735862731934, 4.911694526672363, 4.43624210357666, 3.6485090255737305, 3.5647988319396973, 3.4700536727905273, 3.539689064025879, 3.4161863327026367, 3.494809865951538, 5.453886032104492, 4.120614051818848, 4.708632946014404, 3.3756353855133057, 3.3596653938293457, 6.0750932693481445, 3.3509154319763184, 4.639833450317383, 6.305972576141357, 4.4923272132873535, 4.395499229431152, 4.48560905456543, 3.2680916786193848, 3.475907802581787, 3.252000570297241, 3.8911986351013184, 3.6750094890594482, 3.2508187294006348, 3.7806761264801025, 3.1659138202667236, 3.2458090782165527, 3.3722362518310547, 3.158076763153076, 3.2354204654693604, 3.505230188369751, 3.213935375213623, 3.475037097930908, 3.114670515060425, 3.2551934719085693, 3.1751692295074463, 3.9085335731506348, 3.2066736221313477, 3.1814417839050293, 3.1817660331726074, 3.247633457183838, 3.18442440032959, 5.566302299499512, 3.199183940887451, 4.891234397888184, 3.123079538345337, 3.182382345199585, 3.44265079498291, 3.1218905448913574, 3.192957639694214, 5.021711826324463, 3.234442710876465, 3.1477842330932617, 3.0780327320098877, 3.130586862564087, 3.162349224090576, 3.1164228916168213, 3.1084959506988525, 3.062251091003418, 3.040347099304199, 3.0465073585510254, 3.0798146724700928, 3.478466510772705, 3.509774684906006, 3.0935845375061035, 3.125699758529663, 4.481278419494629, 4.207951545715332, 3.660313129425049, 3.1935577392578125, 3.0777053833007812, 3.7795286178588867, 3.062347412109375, 3.1192753314971924, 3.027040958404541, 3.001495838165283, 2.960003614425659, 3.021561622619629, 3.33282208442688, 3.082422971725464, 3.133636236190796, 5.297888278961182, 3.992966413497925, 3.5672645568847656, 3.2911887168884277, 3.2219643592834473, 3.1121649742126465, 2.9016222953796387, 3.0357158184051514, 2.9942879676818848, 3.0501394271850586, 2.93154239654541, 3.6141743659973145, 3.6827006340026855, 3.0727598667144775, 2.9889161586761475, 3.0733962059020996, 3.8021035194396973, 2.953706741333008, 3.6610140800476074, 2.943272590637207, 4.356138706207275, 7.404489517211914, 3.1126961708068848, 4.620606899261475, 2.919138193130493, 2.9472265243530273, 3.0148510932922363, 3.1161110401153564, 3.8588035106658936, 4.490021705627441, 2.923288345336914, 2.9205973148345947, 4.88946533203125, 2.8568356037139893, 3.5019397735595703, 2.9797487258911133, 2.976067304611206, 5.21502685546875, 4.315130233764648, 2.9994118213653564, 2.891448974609375, 3.8813748359680176, 2.9138026237487793, 4.47371768951416, 4.675167560577393, 2.8396263122558594, 3.0229763984680176, 2.9842700958251953, 3.011643409729004, 2.9594030380249023, 2.847837209701538, 3.0641086101531982, 2.8966124057769775, 3.0604376792907715, 4.597655773162842, 2.898111343383789, 3.0624492168426514, 3.021134376525879, 2.9745419025421143, 3.748900890350342, 2.909036159515381, 4.554449558258057, 3.00854754447937, 3.6590654850006104, 8.250633239746094, 2.8829073905944824, 3.8439559936523438, 3.5575103759765625, 6.719744682312012, 2.827906608581543, 3.656848192214966, 3.393627405166626, 3.7688992023468018, 3.0188393592834473, 3.014270544052124, 3.787278413772583, 3.8255417346954346, 3.5481061935424805, 3.189908742904663, 3.8920469284057617, 2.9581398963928223, 2.9675779342651367, 4.966402530670166, 2.9170055389404297, 3.0475213527679443, 3.897580623626709, 3.4376158714294434, 4.246037483215332, 3.0319533348083496, 5.135019779205322, 3.152311086654663, 2.73567533493042, 3.071964979171753, 3.3477942943573, 4.501476764678955, 2.9618873596191406, 2.9284956455230713, 2.9979610443115234, 3.7734358310699463, 4.274109363555908, 3.3089442253112793, 2.8006210327148438, 2.899204730987549, 5.510991096496582, 3.8039016723632812, 3.9000980854034424, 3.5564513206481934, 2.984034776687622, 3.734518527984619, 2.9294021129608154, 3.1485252380371094, 3.3673479557037354, 4.1047139167785645, 2.822094678878784, 4.485776424407959, 2.927337169647217, 2.8375802040100098, 4.918383598327637, 5.163003921508789, 2.8959405422210693, 3.079741954803467, 5.889379501342773, 2.9966306686401367, 3.097273111343384, 3.735682487487793, 3.087186813354492, 3.0004148483276367, 3.0525946617126465, 3.4700441360473633, 3.013942241668701, 3.7144949436187744, 3.0283446311950684, 3.097062110900879, 2.9455182552337646, 3.3245205879211426, 3.6891233921051025, 2.9910624027252197, 3.0964367389678955, 3.009340763092041, 5.491837501525879, 3.041076183319092, 2.992494583129883, 3.740058660507202, 3.588562250137329, 2.9854321479797363, 3.181361436843872, 4.566120624542236, 4.35920524597168, 2.9313607215881348, 3.8312501907348633, 5.94335412979126, 3.6304643154144287, 3.9552865028381348, 3.0556490421295166, 2.925609588623047, 2.855501651763916, 3.000363826751709, 5.255682468414307, 2.9897303581237793, 2.948909282684326, 2.891697406768799, 2.8789279460906982, 2.936677932739258, 5.05000114440918, 3.003392219543457, 2.825120449066162, 3.498661756515503, 3.418489456176758, 3.441542625427246, 3.0117578506469727, 2.879852533340454, 2.9363462924957275, 2.8609514236450195, 2.8180747032165527, 3.437429428100586, 2.911968469619751, 2.912719488143921, 3.6591477394104004, 2.8998794555664062, 2.894458770751953, 3.6140239238739014, 2.8058524131774902, 2.8230273723602295, 2.858795166015625, 3.740549325942993, 4.944520950317383, 2.9199461936950684, 3.9966678619384766, 2.8392910957336426, 5.013973712921143, 2.7568764686584473, 2.829228639602661, 2.9233813285827637, 2.7874391078948975, 3.179673910140991, 4.781288146972656, 2.912053108215332, 3.7360172271728516, 3.0862696170806885, 2.9550135135650635, 3.0610625743865967, 2.7272963523864746, 3.083202838897705, 4.53866720199585, 4.483578205108643, 4.566528797149658, 2.9386813640594482, 3.7559914588928223, 3.4056529998779297, 3.007852792739868, 2.8444130420684814, 4.624533653259277, 2.944256544113159, 2.9144253730773926, 5.327131271362305, 3.112797737121582, 3.6493613719940186, 2.855801820755005, 2.928696632385254, 2.878812551498413, 2.83664870262146, 3.8556952476501465, 4.053019046783447, 3.010498523712158, 2.9004921913146973, 3.77810001373291, 2.8351712226867676, 2.9525415897369385, 5.436229228973389, 2.8131463527679443, 2.9241816997528076, 3.7466444969177246, 2.8412294387817383, 2.741640329360962, 2.8517844676971436, 3.80820631980896, 5.223057746887207, 2.816812753677368, 2.901428461074829, 2.958878755569458, 3.6489434242248535, 3.026888608932495, 4.055835247039795, 2.842353343963623, 2.878450870513916, 2.8482143878936768, 3.854750633239746, 2.815608501434326, 4.927319049835205, 2.896463632583618, 5.604191780090332, 2.7540814876556396, 3.6583805084228516, 3.1723480224609375, 2.868124485015869, 2.9765546321868896, 4.539140701293945, 3.8538706302642822, 2.959764003753662, 3.839606761932373, 3.8600869178771973, 5.119481086730957, 2.9687976837158203, 5.450461387634277, 2.8823299407958984, 5.281118392944336, 2.960359573364258, 2.8348612785339355, 3.5905747413635254, 3.059471845626831, 2.9478163719177246, 2.7999460697174072, 4.778907775878906, 2.7715916633605957, 2.8658297061920166, 3.0600969791412354, 2.8067784309387207, 4.671095848083496, 4.552710056304932, 3.660876750946045, 2.920685291290283, 4.086294651031494, 4.632317066192627, 2.9803426265716553, 4.039294242858887, 2.8979134559631348, 3.8446505069732666, 2.9589314460754395, 2.888277769088745, 2.7765889167785645, 3.7088701725006104, 2.9563045501708984, 3.0250213146209717, 4.404897212982178, 2.953282594680786, 3.1565980911254883, 6.553271293640137, 2.9879090785980225, 6.225953102111816, 2.9240357875823975, 2.9568638801574707, 3.0063276290893555, 5.172828674316406, 3.813751697540283, 2.971935749053955, 