{"aucroc": 0.9969839142091153, "aucpr": 0.4448181678707952, "dataset": "16_http", "method": "soft", "test_ratio": 0.005333333333333333, "train_ratio": 0.005333333333333333, "labeled_anomalies": 1.0, "loe_loss": [5.4084696769714355, 6.969013214111328, 4.876326560974121, 4.615354537963867, 4.088118553161621, 4.073228359222412, 4.0499958992004395, 3.958334445953369, 3.808607816696167, 3.7449073791503906, 3.7910306453704834, 3.6502766609191895, 4.928483009338379, 4.42537784576416, 3.621608257293701, 3.56799578666687, 3.496077537536621, 3.5690340995788574, 3.43638277053833, 3.516000747680664, 5.4380412101745605, 4.122590065002441, 4.695254325866699, 3.380018949508667, 3.339552640914917, 6.049127578735352, 3.343522310256958, 4.6249799728393555, 6.260654926300049, 4.459866046905518, 4.417940139770508, 4.468834400177002, 3.295304298400879, 3.4756228923797607, 3.2665531635284424, 3.8884682655334473, 3.6791436672210693, 3.2715516090393066, 3.8018369674682617, 3.189470052719116, 3.257183313369751, 3.4001851081848145, 3.1823835372924805, 3.240957736968994, 3.522655487060547, 3.256324291229248, 3.4783027172088623, 3.160456895828247, 3.276876211166382, 3.1922616958618164, 3.893474817276001, 3.2332348823547363, 3.2197368144989014, 3.22153639793396, 3.2832274436950684, 3.2264156341552734, 5.447597026824951, 3.2383315563201904, 4.8198957443237305, 3.194209575653076, 3.24269962310791, 3.4772021770477295, 3.1980128288269043, 3.255918264389038, 4.922177791595459, 3.3017191886901855, 3.2321672439575195, 3.162771224975586, 3.2024455070495605, 3.2299606800079346, 3.2152111530303955, 3.1877975463867188, 3.150501251220703, 3.1279821395874023, 3.1622602939605713, 3.1746387481689453, 3.516814708709717, 3.550049304962158, 3.1860616207122803, 3.2229113578796387, 4.4039082527160645, 4.15226936340332, 3.685178518295288, 3.272907257080078, 3.1614274978637695, 3.7863354682922363, 3.1580162048339844, 3.217902898788452, 3.1345725059509277, 3.1094884872436523, 3.0823538303375244, 3.131004810333252, 3.399547576904297, 3.1841201782226562, 3.2314348220825195, 5.072429656982422, 3.9611361026763916, 3.5957844257354736, 3.3636674880981445, 3.3045194149017334, 3.2140512466430664, 3.030848503112793, 3.1503846645355225, 3.116550922393799, 3.162233829498291, 3.0701465606689453, 3.6308302879333496, 3.6842100620269775, 3.198122501373291, 3.1148288249969482, 3.1791844367980957, 3.780104160308838, 3.081376075744629, 3.666327953338623, 3.0787031650543213, 4.23302698135376, 6.717447757720947, 3.221426486968994, 4.461140155792236, 3.0659422874450684, 3.0895683765411377, 3.148810863494873, 3.2341442108154297, 3.8444712162017822, 4.350640296936035, 3.0738770961761475, 3.079526901245117, 4.672926425933838, 3.0256147384643555, 3.5480120182037354, 3.1264753341674805, 3.1302568912506104, 4.935057640075684, 4.20580530166626, 3.147991180419922, 3.061079502105713, 3.860827922821045, 3.0808632373809814, 4.338005542755127, 4.4924726486206055, 3.0168323516845703, 3.165132761001587, 3.1294407844543457, 3.1584479808807373, 3.1143293380737305, 3.024620532989502, 3.202071189880371, 3.070430040359497, 3.1963601112365723, 4.420234203338623, 3.067389488220215, 3.201781749725342, 3.1659300327301025, 3.1317250728607178, 3.7478904724121094, 3.0886754989624023, 4.377388000488281, 3.16102933883667, 3.6717677116394043, 7.268956184387207, 3.065979480743408, 3.819304943084717, 3.590986967086792, 6.075443744659424, 3.0207014083862305, 3.6753904819488525, 3.465430736541748, 3.7691991329193115, 3.173956871032715, 3.172633647918701, 3.781425714492798, 3.81339693069458, 3.6043527126312256, 3.313081979751587, 3.86649751663208, 3.1304924488067627, 3.1447060108184814, 4.710411548614502, 3.1043734550476074, 3.2062020301818848, 3.8736045360565186, 3.514971971511841, 4.140724182128906, 3.192680835723877, 4.8351030349731445, 3.290374279022217, 2.9670302867889404, 3.223203182220459, 3.4419422149658203, 4.347212791442871, 3.1404500007629395, 3.1210992336273193, 3.1669068336486816, 3.7805864810943604, 4.1585259437561035, 3.4134132862091064, 3.028252601623535, 3.1065421104431152, 5.100775718688965, 3.8017678260803223, 3.8732829093933105, 3.6076929569244385, 3.168329954147339, 3.7433722019195557, 3.121774435043335, 3.29522705078125, 3.470794439315796, 4.02626895904541, 3.045527935028076, 4.317868232727051, 3.1366803646087646, 3.070000648498535, 4.659492492675781, 4.838372230529785, 3.110018014907837, 3.246615171432495, 5.397614002227783, 3.1836462020874023, 3.2569921016693115, 3.7513327598571777, 3.2517507076263428, 3.1801486015319824, 3.2258188724517822, 3.5396132469177246, 3.191634178161621, 3.729949712753296, 3.213859796524048, 3.2651309967041016, 3.145822525024414, 3.430833339691162, 3.7130415439605713, 3.1717147827148438, 3.2640256881713867, 3.2008626461029053, 5.0872087478637695, 3.20188045501709, 3.1716065406799316, 3.7557740211486816, 3.6177279949188232, 3.158751964569092, 3.319056510925293, 4.373169898986816, 4.204834938049316, 3.1139402389526367, 3.8060317039489746, 5.427989482879639, 3.6620137691497803, 3.904883861541748, 3.2232046127319336, 3.126842498779297, 3.067657232284546, 3.1795923709869385, 4.908197402954102, 3.157778263092041, 3.1394495964050293, 3.0910420417785645, 3.090764045715332, 3.1351356506347656, 4.74553108215332, 3.174980878829956, 3.043954849243164, 3.556811809539795, 3.5055315494537354, 3.5247223377227783, 3.18325138092041, 3.089063882827759, 3.128264904022217, 3.0750715732574463, 3.0408034324645996, 3.5164132118225098, 3.101252794265747, 3.1048052310943604, 3.6730852127075195, 3.10476016998291, 3.0951356887817383, 3.6430411338806152, 3.0513949394226074, 3.0466036796569824, 3.0735137462615967, 3.727086305618286, 4.625977516174316, 3.114407539367676, 3.9177026748657227, 3.060706853866577, 4.692409992218018, 2.995745897293091, 3.0528478622436523, 3.119267225265503, 3.01686429977417, 3.305143356323242, 4.500702381134033, 3.1042346954345703, 3.719482898712158, 3.233564615249634, 3.1395602226257324, 3.2160685062408447, 2.97312331199646, 3.2352852821350098, 4.320036888122559, 4.270678520202637, 4.336337566375732, 3.133211851119995, 3.7261593341827393, 3.4763593673706055, 3.1817002296447754, 3.051478862762451, 4.382859230041504, 3.131530284881592, 3.1147100925445557, 4.897136688232422, 3.258953809738159, 3.660120964050293, 3.074488878250122, 3.1218390464782715, 3.0880837440490723, 3.0487639904022217, 3.8136513233184814, 3.9575860500335693, 3.1807141304016113, 3.0968401432037354, 3.757235288619995, 3.060941219329834, 3.1364405155181885, 4.987807273864746, 3.035071849822998, 3.1172144412994385, 3.723400354385376, 3.0480782985687256, 2.975782871246338, 3.0572574138641357, 3.7646586894989014, 4.830437183380127, 3.034801959991455, 3.097886085510254, 3.123495578765869, 3.655663013458252, 3.179903745651245, 3.951425075531006, 3.0477499961853027, 3.068962812423706, 3.047391891479492, 3.802818536758423, 3.019124984741211, 4.606282711029053, 3.086270809173584, 5.100689888000488, 2.985304355621338, 3.65966534614563, 3.2930052280426025, 3.067335605621338, 3.1429665088653564, 4.317895412445068, 3.809222459793091, 3.1414897441864014, 3.807635545730591, 3.8152637481689453, 4.760107040405273, 3.1478686332702637, 5.000124454498291, 3.081869125366211, 4.880208969116211, 3.142355442047119, 3.053147077560425, 3.6170053482055664, 3.213813543319702, 3.134453535079956, 3.016932249069214, 4.508447647094727, 2.99170184135437, 3.074725866317749, 3.216113805770874, 3.027344226837158, 4.418241024017334, 4.348800182342529, 3.6715331077575684, 3.1123204231262207, 4.000212669372559, 4.418943881988525, 3.1526970863342285, 3.946460247039795, 3.102206230163574, 3.811540126800537, 3.153710126876831, 3.096754550933838, 3.010056495666504, 3.7139954566955566, 3.1393210887908936, 3.1902832984924316, 4.2289137840271, 3.1419339179992676, 3.2865750789642334, 5.8351945877075195, 3.1724538803100586, 5.591806888580322, 3.1233718395233154, 3.152798891067505, 3.193328380584717, 4.800677299499512, 3.796095609664917, 3.1620590686798096, 3.3802742958068848, 