{"aucroc": 0.6271717171717172, "aucpr": 0.304135183685434, "dataset": "17_InternetAds", "method": "hard", "test_ratio": 0.1864406779661017, "train_ratio": 0.1864406779661017, "labeled_anomalies": 1.0, "loe_loss": [1341.398681640625, 1259.166015625, 1166.5240478515625, 1103.51513671875, 1331.0474853515625, 1277.834716796875, 1090.489501953125, 1260.5308837890625, 1064.32177734375, 1096.99609375, 1259.568359375, 1107.6407470703125, 1285.707275390625, 1244.1539306640625, 1300.50537109375, 1242.0745849609375, 1258.3426513671875, 1231.5008544921875, 1195.2930908203125, 1172.8980712890625, 1189.4974365234375, 1323.242919921875, 1121.357421875, 1196.0126953125, 1127.4207763671875, 1185.5079345703125, 1141.3956298828125, 1161.266845703125, 1221.5958251953125, 1242.094482421875, 1175.5635986328125, 1094.5601806640625, 1116.1094970703125, 1199.380859375, 1042.98046875, 1091.69140625, 1169.0828857421875, 1139.6455078125, 1176.8255615234375, 1166.5380859375, 1155.4273681640625, 1093.6240234375, 1200.0499267578125, 1168.07861328125, 1139.9713134765625, 1033.219970703125, 1142.94482421875, 1170.5982666015625, 907.18896484375, 1215.4503173828125, 1070.4088134765625, 961.7646484375, 1115.2568359375, 1059.0399169921875, 1164.231689453125, 1040.296875, 1146.694091796875, 1122.472900390625, 1132.8843994140625, 888.0275268554688, 1247.37939453125, 1149.4063720703125, 1034.2791748046875, 1169.179443359375, 1167.14794921875, 1059.5372314453125, 968.69873046875, 1061.3218994140625, 1113.35302734375, 1112.9627685546875, 1121.3714599609375, 1190.6114501953125, 1137.5904541015625, 958.6310424804688, 1043.562255859375, 1165.8741455078125, 1078.0771484375, 1088.2586669921875, 1112.86083984375, 1022.6148071289062, 991.2590942382812, 1067.0687255859375, 888.0040893554688, 1050.485595703125, 1051.89501953125, 1102.69140625, 1120.601318359375, 1145.421875, 1034.0137939453125, 1119.3453369140625, 923.91015625, 980.875244140625, 1050.7730712890625, 1123.3818359375, 945.3386840820312, 1154.6524658203125, 970.1068115234375, 1125.09912109375, 971.6004028320312, 922.5391845703125, 1083.1025390625, 986.0299682617188, 1046.087158203125, 1055.84423828125, 1095.6424560546875, 1073.5294189453125, 901.529541015625, 1054.4468994140625, 1108.3853759765625, 1066.21875, 777.2361450195312, 1057.6285400390625, 970.5286254882812, 941.7786254882812, 957.6224365234375, 1128.8931884765625, 1046.8638916015625, 903.7991943359375, 1062.3544921875, 1093.441650390625, 1049.20361328125, 1101.595947265625, 1044.3221435546875, 1086.9072265625, 1103.732177734375, 1045.0037841796875, 988.9066162109375, 1091.013916015625, 934.4702758789062, 1071.79833984375, 1067.24365234375, 1159.9368896484375, 1049.6500244140625, 972.5916748046875, 1035.478271484375, 921.9337158203125, 852.865478515625, 1072.45703125, 1020.3855590820312, 1043.2906494140625, 1017.2855224609375, 1077.1158447265625, 1115.2613525390625, 1074.364990234375, 930.04931640625, 910.031982421875, 1073.7518310546875, 1037.810546875, 875.1729736328125, 993.34130859375, 922.5182495117188, 1006.0078125, 1011.8202514648438, 989.5894775390625, 828.0462646484375, 1020.9464721679688, 995.8052978515625, 1077.29736328125, 856.9127807617188, 1036.719482421875, 1089.773193359375, 1061.35498046875, 953.2554931640625, 986.5364379882812, 1074.01220703125, 968.4349365234375, 923.642578125, 1112.85205078125, 1049.6314697265625, 995.5347900390625, 963.2946166992188, 1063.3682861328125, 1024.6541748046875, 916.8092041015625, 1107.0936279296875, 1001.5249633789062, 1063.4637451171875, 961.0216674804688, 1001.0576782226562, 954.55517578125, 995.16943359375, 1002.8125610351562, 1070.1260986328125, 933.228759765625, 1013.749267578125, 1013.0670166015625, 1013.1014404296875, 956.1517333984375, 1023.941162109375, 961.069091796875, 925.7942504882812, 960.8932495117188, 942.647216796875, 940.6725463867188, 948.2974243164062, 985.3756103515625, 994.4541625976562, 853.9534912109375, 936.6951904296875, 855.384521484375, 821.737548828125, 997.6884765625, 976.3060302734375, 919.2280883789062, 974.780029296875, 969.4886474609375, 873.03173828125, 856.4129638671875, 1010.3218383789062, 998.2786254882812, 964.7960205078125, 902.204833984375, 800.583984375, 915.4468994140625, 989.53369140625, 878.8828735351562, 1058.7362060546875, 970.660400390625, 994.037109375, 814.669677734375, 947.9236450195312, 995.6033325195312, 1071.0489501953125, 818.9234619140625, 949.9744262695312, 1017.289306640625, 921.6912841796875, 890.2382202148438, 999.4573974609375, 956.6740112304688, 1028.2733154296875, 960.512939453125, 760.7742309570312, 960.5691528320312, 942.0202026367188, 992.9114990234375, 996.5936889648438, 967.1473388671875, 868.99365234375, 847.629638671875, 940.56884765625, 944.8629760742188, 943.6376953125, 916.3975830078125, 799.5196533203125, 934.7691040039062, 901.50439453125, 964.465087890625, 954.1470947265625, 1003.0608520507812, 1009.64404296875, 1018.713623046875, 887.1796875, 999.79052734375, 939.1663208007812, 972.7520141601562, 897.80859375, 912.184814453125, 938.494384765625, 983.4711303710938, 914.8748779296875, 882.2861938476562, 981.1826782226562, 1024.0648193359375, 927.5966796875, 856.7926025390625, 1037.0025634765625, 926.32080078125, 824.298583984375, 827.6475219726562, 934.2318115234375, 972.1911010742188, 866.3731689453125, 940.7269287109375, 760.1868896484375, 849.3975830078125, 891.013671875, 987.437255859375, 892.0865478515625, 972.7618408203125, 994.2867431640625, 827.4420166015625, 947.5646362304688, 912.2432861328125, 907.2466430664062, 861.0367431640625, 832.5877075195312, 980.7359619140625, 883.31640625, 981.6549072265625, 907.0401611328125, 908.9771728515625, 955.0607299804688, 895.725830078125, 926.8327026367188, 904.6243896484375, 784.7027587890625, 982.15771484375, 855.8121337890625, 828.6317138671875, 899.57568359375, 956.8421020507812, 984.57373046875, 985.6079711914062, 942.4214477539062, 710.430419921875, 813.0535278320312, 919.9771118164062, 747.8134765625, 825.1563110351562, 988.9365234375, 960.6597900390625, 875.8444213867188, 743.9668579101562, 973.77001953125, 737.5369262695312, 839.7279052734375, 839.2861328125, 751.6583251953125, 834.4473266601562, 815.3034057617188, 831.071533203125, 888.8648681640625, 900.4033813476562, 907.6327514648438, 853.247802734375, 708.3697509765625, 783.5451049804688, 971.7975463867188, 920.252197265625, 813.5115966796875, 900.5738525390625, 900.7880249023438, 792.1402587890625, 899.4207763671875, 974.46044921875, 754.8621215820312, 691.7386474609375, 864.7256469726562, 789.2546997070312, 946.9845581054688, 945.0789794921875, 1013.2274780273438, 835.6148681640625, 677.8516235351562, 925.5761108398438, 841.5386962890625, 869.86865234375, 926.07861328125, 1026.017578125, 697.86865234375, 835.023193359375, 823.5798950195312, 873.1442260742188, 832.769775390625, 924.71923828125, 897.5479736328125, 611.0479125976562, 888.0453491210938, 885.803466796875, 928.1275024414062, 965.7440795898438, 861.3056640625, 907.6226806640625, 802.9679565429688, 944.089111328125, 858.7277221679688, 877.4268798828125, 809.0281372070312, 877.9824829101562, 917.7635498046875, 900.3851318359375, 881.155029296875, 877.9636840820312, 853.9751586914062, 831.4317626953125, 724.5479125976562, 842.7893676757812, 903.9974975585938, 782.58203125, 866.5823974609375, 813.30029296875, 891.1683959960938, 885.3338012695312, 760.1473388671875, 890.8836669921875, 886.1376342773438, 881.6043701171875, 891.6680908203125, 883.9224243164062, 827.6304931640625, 874.93896484375, 765.3567504882812, 611.3397216796875, 917.1571655273438, 857.0326538085938, 813.61279296875, 749.203369140625, 819.300537109375, 819.47265625, 730.5238037109375, 898.45166015625, 876.2689208984375, 993.2651977539062, 706.9746704101562, 878.2946166992188, 837.1555786132812, 947.1156616210938, 970.461181640625, 892.8118286132812, 887.4468383789062, 818.554931640625, 788.0625, 735.5719604492188, 821.7056884765625, 826.524169921875, 980.22265625, 726.1368408203125, 800.9275512695312, 