{"aucroc": 0.0, "aucpr": 0.0, "dataset": "17_InternetAds", "method": "soft", "test_ratio": 0.1864406779661017, "train_ratio": 0.1864406779661017, "labeled_anomalies": 1.0, "loe_loss": [1834.095703125, 1949.1722412109375, 1898.985595703125, 1918.93603515625, 1833.9132080078125, 1960.619873046875, 1941.6007080078125, 1898.9217529296875, 1876.816650390625, 1921.3399658203125, 1824.0965576171875, 1841.8116455078125, 1807.9945068359375, 1853.668212890625, 1857.385986328125, 1802.06640625, 1762.35498046875, 1789.79296875, 1826.178955078125, 1781.0526123046875, 1765.1513671875, 1845.0516357421875, 1809.6998291015625, 1797.6064453125, 1719.6722412109375, 1741.708740234375, 1779.3145751953125, 1716.0452880859375, 1781.33984375, 1773.438232421875, 1763.2882080078125, 1751.3629150390625, 1768.47802734375, 1698.0467529296875, 1715.6021728515625, 1684.546142578125, 1705.850341796875, 1697.773681640625, 1713.935791015625, 1734.2779541015625, 1733.427490234375, 1723.682861328125, 1705.5838623046875, 1699.40283203125, 1757.5084228515625, 1712.6221923828125, 1695.583984375, 1683.6854248046875, 1695.9898681640625, 1744.0888671875, 1740.24658203125, 1689.8577880859375, 1685.6263427734375, 1691.766357421875, 1684.48046875, 1644.5225830078125, 1667.4100341796875, 1652.330810546875, 1721.38525390625, 1639.6925048828125, 1679.6400146484375, 1652.650146484375, 1647.1939697265625, 1662.86767578125, 1650.3197021484375, 1649.5076904296875, 1675.57080078125, 1634.8974609375, 1710.508056640625, 1714.7384033203125, 1622.5587158203125, 1605.2333984375, 1642.8878173828125, 1644.5858154296875, 1658.4420166015625, 1656.7493896484375, 1651.06396484375, 1646.7462158203125, 1691.48828125, 1648.488037109375, 1649.7474365234375, 1604.23046875, 1653.1806640625, 1599.831298828125, 1622.5284423828125, 1586.3177490234375, 1620.11328125, 1650.1490478515625, 1641.15380859375, 1650.1773681640625, 1612.97216796875, 1592.4693603515625, 1614.9093017578125, 1641.501220703125, 1618.1302490234375, 1618.36083984375, 1629.681640625, 1610.9326171875, 1627.767578125, 1637.61865234375, 1637.824951171875, 1611.7369384765625, 1654.84228515625, 1645.3994140625, 1631.005615234375, 1630.471435546875, 1594.04736328125, 1636.3807373046875, 1616.967041015625, 1577.554931640625, 1618.2994384765625, 1587.234130859375, 1590.347412109375, 1604.38818359375, 1614.491455078125, 1586.7872314453125, 1578.3199462890625, 1632.303955078125, 1625.99267578125, 1563.7618408203125, 1617.771728515625, 1631.315185546875, 1591.811279296875, 1594.3404541015625, 1606.5858154296875, 1622.9981689453125, 1546.676025390625, 1627.47998046875, 1642.6181640625, 1591.1171875, 1594.5660400390625, 1597.9283447265625, 1647.5081787109375, 1570.0548095703125, 1554.6141357421875, 1582.806640625, 1599.968017578125, 1543.3756103515625, 1550.96435546875, 1582.262939453125, 1617.1885986328125, 1554.47607421875, 1587.6038818359375, 1598.50927734375, 1577.9521484375, 1549.8463134765625, 1586.775146484375, 1618.2567138671875, 1536.4788818359375, 1560.14111328125, 1586.322265625, 1607.399169921875, 1578.1292724609375, 1574.6527099609375, 1558.96435546875, 1531.6170654296875, 1535.51953125, 1574.3311767578125, 1547.8460693359375, 1568.673583984375, 1614.593505859375, 1503.8878173828125, 1552.7940673828125, 1579.2266845703125, 1604.4847412109375, 1547.67919921875, 1533.615234375, 1542.1304931640625, 1563.32421875, 1572.9161376953125, 1488.9583740234375, 1611.35107421875, 1613.7322998046875, 1558.6925048828125, 1577.43701171875, 1531.7498779296875, 1565.9739990234375, 1605.769287109375, 1492.13525390625, 1609.23095703125, 1570.9110107421875, 1555.4937744140625, 1542.96728515625, 1557.16796875, 1547.1578369140625, 1588.3798828125, 1616.16796875, 1578.013916015625, 1524.239501953125, 1601.1552734375, 1556.82080078125, 1546.566162109375, 1600.431640625, 1576.2701416015625, 1515.740234375, 1545.9111328125, 1563.904296875, 1554.2403564453125, 1513.19873046875, 1508.8292236328125, 1527.2919921875, 1568.763671875, 1571.76904296875, 1581.06005859375, 1582.0948486328125, 1530.5889892578125, 1502.615478515625, 1515.5164794921875, 1529.321533203125, 1560.539794921875, 1549.6661376953125, 1523.796630859375, 1526.9246826171875, 1472.5068359375, 1503.5440673828125, 1564.43896484375, 1547.3819580078125, 1530.6619873046875, 1543.3590087890625, 1505.534912109375, 1518.84814453125, 1545.832275390625, 1466.817626953125, 1463.8447265625, 1556.223388671875, 1471.424072265625, 1503.990966796875, 1514.01806640625, 1500.753173828125, 1482.0247802734375, 1538.96826171875, 1549.6356201171875, 1534.54443359375, 1504.038818359375, 1517.689208984375, 1484.0662841796875, 1523.8382568359375, 1527.3118896484375, 1524.56640625, 1505.1053466796875, 1505.532470703125, 1478.152587890625, 1479.141357421875, 1525.2161865234375, 1521.1451416015625, 1504.3504638671875, 1469.94970703125, 1506.865966796875, 1522.6524658203125, 1548.8870849609375, 1496.781005859375, 1511.500732421875, 1480.025634765625, 1509.7879638671875, 1569.382568359375, 1506.418701171875, 1518.27490234375, 1573.2957763671875, 1515.0911865234375, 1456.0260009765625, 1537.6348876953125, 1576.43212890625, 1447.01318359375, 1517.3743896484375, 1480.5980224609375, 1515.5133056640625, 1501.106689453125, 1539.11865234375, 1431.78125, 1513.603759765625, 1456.703369140625, 1469.6544189453125, 1436.990478515625, 1548.631591796875, 1501.4757080078125, 1489.6573486328125, 1455.9931640625, 1525.0894775390625, 1527.915771484375, 1463.4207763671875, 1486.02978515625, 1491.3931884765625, 1505.911376953125, 1470.9444580078125, 1482.725341796875, 1476.47802734375, 1537.7237548828125, 1520.142333984375, 1533.983154296875, 1506.0084228515625, 1456.4739990234375, 1484.8236083984375, 1524.2794189453125, 1451.802734375, 1496.2037353515625, 1490.90966796875, 1520.8328857421875, 1541.001953125, 1533.2335205078125, 1522.020263671875, 1526.6046142578125, 1444.6768798828125, 1466.6129150390625, 1424.650146484375, 1504.042236328125, 1430.1689453125, 1473.419189453125, 1487.7939453125, 1492.67724609375, 1463.0355224609375, 1545.7535400390625, 1484.91943359375, 1487.1744384765625, 1497.1258544921875, 1474.5479736328125, 1438.9288330078125, 1536.802490234375, 1470.24951171875, 1531.720703125, 1445.068603515625, 1484.5228271484375, 1469.3682861328125, 1540.7001953125, 1520.2354736328125, 1460.1512451171875, 1469.88427734375, 1478.2459716796875, 1454.516357421875, 1480.436767578125, 1452.41162109375, 1488.9285888671875, 1417.0601806640625, 1402.568115234375, 1455.7537841796875, 1486.3837890625, 1491.69970703125, 1520.148681640625, 1540.2430419921875, 1425.79296875, 1447.506591796875, 1505.4803466796875, 1506.348388671875, 1485.6153564453125, 1425.6395263671875, 1456.5340576171875, 1438.885009765625, 1443.0225830078125, 1440.7359619140625, 1479.2001953125, 1445.490478515625, 1417.83251953125, 1397.110595703125, 1510.40625, 1462.76513671875, 1529.502197265625, 1406.67333984375, 1392.7393798828125, 1412.0399169921875, 1515.1402587890625, 1419.61083984375, 1442.6463623046875, 1474.7315673828125, 1507.5592041015625, 1440.3272705078125, 1504.382080078125, 1391.4688720703125, 1494.865234375, 1397.789794921875, 1536.4224853515625, 1487.254150390625, 1469.603515625, 1440.2989501953125, 1453.6904296875, 1432.4234619140625, 1485.0152587890625, 1464.1453857421875, 1440.8489990234375, 1445.8331298828125, 1475.6990966796875, 1472.139404296875, 1460.5213623046875, 1429.742431640625, 1455.8583984375, 1474.71484375, 1416.826904296875, 1397.10302734375, 1471.8245849609375, 1439.880615234375, 1456.599365234375, 1458.911376953125, 1446.4952392578125, 1452.776611328125, 1471.892333984375, 1432.4490966796875, 1406.6676025390625, 1394.46484375, 1429.6978759765625, 1434.797607421875, 1476.82080078125, 1499.812255859375, 1426.8328857421875, 1449.9613037109375, 1460.24951171875, 1437.4935302734375, 1403.3460693359375, 1451.1392822265625, 1384.682861328125, 1422.27734375, 1454.816162109375, 1479.0604248046875, 1414.04296875, 1519.51708984375, 1476.643310546875, 1406.41162109375, 