{"aucroc": 0.6279734848484849, "aucpr": 0.30448837125261485, "dataset": "17_InternetAds", "method": "refine", "test_ratio": 0.1864406779661017, "train_ratio": 0.1864406779661017, "labeled_anomalies": 1.0, "loe_loss": [2067.565673828125, 2079.83984375, 2163.12060546875, 2092.814208984375, 2130.87744140625, 2155.0986328125, 2102.285400390625, 2106.43505859375, 2044.830810546875, 2037.618408203125, 2091.17626953125, 2109.748046875, 2005.284912109375, 2053.59130859375, 2056.498779296875, 1988.4310302734375, 2026.2728271484375, 1962.64111328125, 2013.91259765625, 1920.2052001953125, 1987.9139404296875, 1971.2073974609375, 1943.7977294921875, 1980.0302734375, 1967.14306640625, 1900.184814453125, 1943.2984619140625, 2025.40283203125, 1958.41357421875, 1955.802001953125, 2005.065185546875, 1933.39306640625, 1969.9263916015625, 1899.2913818359375, 1926.804443359375, 1928.699951171875, 1899.89892578125, 1969.3076171875, 1912.3834228515625, 1882.282958984375, 1918.2467041015625, 1877.4736328125, 1864.9619140625, 1888.6123046875, 1939.4398193359375, 1884.1512451171875, 1950.294189453125, 1860.3795166015625, 1866.0301513671875, 1852.02685546875, 1908.209228515625, 1883.257080078125, 1861.046630859375, 1905.301025390625, 1887.17822265625, 1899.927001953125, 1835.87744140625, 1895.265625, 1878.5087890625, 1824.158935546875, 1828.0390625, 1849.704833984375, 1794.371337890625, 1821.55517578125, 1811.612060546875, 1877.0682373046875, 1869.2509765625, 1862.60205078125, 1800.608154296875, 1826.3087158203125, 1827.476318359375, 1868.248291015625, 1826.333251953125, 1791.056640625, 1811.006591796875, 1852.933349609375, 1803.1097412109375, 1833.7822265625, 1768.15185546875, 1831.06494140625, 1813.095947265625, 1833.5404052734375, 1813.059814453125, 1835.9991455078125, 1807.10986328125, 1783.2366943359375, 1794.109130859375, 1789.3851318359375, 1805.8585205078125, 1822.7581787109375, 1816.961181640625, 1827.3675537109375, 1799.872314453125, 1812.554443359375, 1759.75341796875, 1767.5528564453125, 1845.6627197265625, 1769.2706298828125, 1811.530517578125, 1746.1875, 1801.507568359375, 1826.19091796875, 1787.544921875, 1787.93701171875, 1799.2069091796875, 1796.17529296875, 1794.580810546875, 1798.7640380859375, 1735.3255615234375, 1800.65283203125, 1808.9027099609375, 1807.578857421875, 1783.281494140625, 1787.398193359375, 1734.900390625, 1783.30810546875, 1789.185791015625, 1792.660400390625, 1773.7823486328125, 1792.99560546875, 1767.5250244140625, 1786.5048828125, 1826.02294921875, 1765.038330078125, 1797.6324462890625, 1785.7083740234375, 1752.824951171875, 1759.8984375, 1745.52587890625, 1774.281494140625, 1792.5596923828125, 1739.0228271484375, 1748.2684326171875, 1740.82861328125, 1740.363525390625, 1701.9365234375, 1735.3671875, 1740.115478515625, 1752.6204833984375, 1722.8994140625, 1706.39208984375, 1735.7081298828125, 1750.7884521484375, 1775.5155029296875, 1692.2252197265625, 1728.275146484375, 1696.8094482421875, 1711.744384765625, 1736.998291015625, 1792.0401611328125, 1793.0584716796875, 1687.1348876953125, 1742.3536376953125, 1736.2938232421875, 1744.915283203125, 1754.334228515625, 1751.863525390625, 1712.6688232421875, 1723.051025390625, 1715.993896484375, 1667.4964599609375, 1736.9866943359375, 1680.5467529296875, 1798.34814453125, 1736.384033203125, 1725.383056640625, 1753.1187744140625, 1711.325927734375, 1670.0037841796875, 1714.203369140625, 1747.5693359375, 1674.410888671875, 1767.9979248046875, 1661.4368896484375, 1690.8074951171875, 1683.2415771484375, 1721.3392333984375, 1742.4869384765625, 1679.8812255859375, 1717.4761962890625, 1673.6328125, 1731.52392578125, 1704.048095703125, 1678.389404296875, 1660.8753662109375, 1686.634765625, 1737.76708984375, 1697.1295166015625, 1690.515625, 1668.75341796875, 1667.833740234375, 1720.428466796875, 1687.06005859375, 1716.5263671875, 1653.87646484375, 1721.6248779296875, 1681.636474609375, 1642.1600341796875, 1682.0970458984375, 1657.0748291015625, 1687.353759765625, 1710.26708984375, 1632.8203125, 1723.611328125, 1700.7939453125, 1655.8936767578125, 1700.5322265625, 1671.495849609375, 1733.2567138671875, 1650.507568359375, 1625.4765625, 1680.286376953125, 1713.3575439453125, 1704.571533203125, 1671.8447265625, 1712.8992919921875, 1707.2003173828125, 1677.466552734375, 1681.6466064453125, 1659.0238037109375, 1725.695068359375, 1672.0211181640625, 1649.3634033203125, 1653.410888671875, 1676.9005126953125, 1690.05517578125, 1618.1219482421875, 1671.43359375, 1740.1993408203125, 1661.1280517578125, 1708.33056640625, 1673.867919921875, 1681.8453369140625, 1660.1627197265625, 1632.61083984375, 1652.6307373046875, 1629.426025390625, 1688.7802734375, 1675.23046875, 1634.3460693359375, 1686.53955078125, 1650.8052978515625, 1678.86572265625, 1620.23583984375, 1692.7127685546875, 1692.611328125, 1682.7532958984375, 1690.5936279296875, 1682.38720703125, 1655.01611328125, 1598.732666015625, 1713.559326171875, 1683.88671875, 1667.326416015625, 1649.1480712890625, 1647.9599609375, 1685.7705078125, 1664.771728515625, 1652.2642822265625, 1651.1346435546875, 1675.334228515625, 1600.3963623046875, 1639.7158203125, 1645.71728515625, 1634.5074462890625, 1650.492919921875, 1619.66943359375, 1664.4217529296875, 1667.975341796875, 1681.1910400390625, 1602.172607421875, 1636.248291015625, 1610.985595703125, 1637.177001953125, 1636.5621337890625, 1653.8935546875, 1589.2607421875, 1612.190185546875, 1579.052978515625, 1611.8919677734375, 1653.606689453125, 1675.410888671875, 1620.9420166015625, 1662.462158203125, 1715.6865234375, 1712.4202880859375, 1682.94677734375, 1692.1739501953125, 1664.4591064453125, 1636.4356689453125, 1653.2982177734375, 1675.063232421875, 1611.5020751953125, 1672.77587890625, 1684.022216796875, 1622.2144775390625, 1641.841796875, 1577.4305419921875, 1618.39501953125, 1616.1146240234375, 1648.162109375, 1621.739501953125, 1610.58056640625, 1607.1822509765625, 1658.1785888671875, 1597.8228759765625, 1612.525146484375, 1667.46923828125, 1622.39013671875, 1673.931396484375, 1619.1358642578125, 1589.486328125, 1680.197998046875, 1618.138671875, 1628.3624267578125, 1613.889404296875, 1666.885498046875, 1651.230712890625, 1677.2640380859375, 1664.5184326171875, 1628.28662109375, 1620.4932861328125, 1546.6510009765625, 1571.55908203125, 1553.2718505859375, 1594.1414794921875, 1659.66845703125, 1672.23876953125, 1671.8773193359375, 1601.010009765625, 1580.1907958984375, 1581.6778564453125, 1664.729248046875, 1726.5325927734375, 1805.1380615234375, 1609.3636474609375, 1564.3397216796875, 1649.512939453125, 1576.419189453125, 1608.822265625, 1607.1334228515625, 1601.4434814453125, 1675.73974609375, 1647.013916015625, 1610.256103515625, 1556.087158203125, 1613.689208984375, 1624.84423828125, 1598.89453125, 1612.3251953125, 1622.938232421875, 1591.8173828125, 1539.7479248046875, 1655.1201171875, 1689.56591796875, 1607.389404296875, 1648.40869140625, 1586.81298828125, 1668.3983154296875, 1615.8206787109375, 1654.6221923828125, 1558.01416015625, 1547.48095703125, 1623.387939453125, 1562.33642578125, 1591.231201171875, 1603.761962890625, 1577.85546875, 1574.0302734375, 1616.14501953125, 1552.141845703125, 1656.04248046875, 1625.8760986328125, 1604.23291015625, 1583.5745849609375, 1604.6220703125, 1616.3485107421875, 1624.123779296875, 1587.0838623046875, 1666.0059814453125, 1549.83349609375, 1617.571533203125, 1606.076416015625, 1625.642822265625, 1574.6563720703125, 1657.429443359375, 1570.0484619140625, 1561.88623046875, 1577.2091064453125, 1572.0196533203125, 1566.435791015625, 1566.6197509765625, 1573.8546142578125, 1611.89306640625, 1604.96240234375, 1601.5914306640625, 1511.8826904296875, 1609.0731201171875, 1540.1986083984375, 1585.9287109375, 1599.61865234375, 1661.9730224609375, 1622.70361328125, 1606.1519775390625, 1613.658203125, 1592.8890380859375, 1557.4915771484375, 1666.54296875, 1624.0712890625, 1604.579345703125, 1531.03369140625, 1619.2220458984375, 1609.972900390625, 1596.314453125, 1539.2080078125, 