{"aucroc": 0.6277209595959596, "aucpr": 0.3049744841988013, "dataset": "17_InternetAds", "method": "soft", "test_ratio": 0.1864406779661017, "train_ratio": 0.1864406779661017, "labeled_anomalies": 1.0, "loe_loss": [1877.07470703125, 1838.281005859375, 1892.127685546875, 1890.563232421875, 1885.1776123046875, 1915.5458984375, 1895.51318359375, 1914.4791259765625, 1859.5, 1858.46337890625, 1846.063232421875, 1878.854248046875, 1797.7398681640625, 1837.2547607421875, 1855.606201171875, 1801.4068603515625, 1797.8665771484375, 1768.82470703125, 1826.2364501953125, 1726.6256103515625, 1811.5655517578125, 1785.041259765625, 1699.198486328125, 1765.7783203125, 1767.3289794921875, 1679.610595703125, 1739.2347412109375, 1810.4171142578125, 1762.6485595703125, 1730.26220703125, 1785.362548828125, 1736.7149658203125, 1785.4017333984375, 1685.279296875, 1745.594482421875, 1741.6861572265625, 1708.3411865234375, 1738.156982421875, 1709.1275634765625, 1692.078857421875, 1713.18505859375, 1701.048583984375, 1668.6904296875, 1692.85009765625, 1727.4180908203125, 1705.093505859375, 1731.8172607421875, 1653.414306640625, 1667.6151123046875, 1667.0386962890625, 1724.4654541015625, 1700.1846923828125, 1683.9197998046875, 1713.334228515625, 1702.61572265625, 1714.49462890625, 1638.1923828125, 1702.1708984375, 1677.78759765625, 1643.42626953125, 1653.7760009765625, 1609.718994140625, 1609.2943115234375, 1654.3692626953125, 1634.0244140625, 1673.6593017578125, 1669.393310546875, 1668.080810546875, 1611.2137451171875, 1665.197265625, 1640.6280517578125, 1703.0009765625, 1573.232421875, 1613.869384765625, 1621.439697265625, 1693.50634765625, 1627.976806640625, 1628.303466796875, 1615.354736328125, 1655.8924560546875, 1638.224853515625, 1645.76318359375, 1610.8228759765625, 1599.663330078125, 1645.733642578125, 1619.4119873046875, 1629.0234375, 1601.4686279296875, 1610.58203125, 1574.12109375, 1614.8873291015625, 1625.966796875, 1605.5238037109375, 1637.1640625, 1590.2061767578125, 1580.4326171875, 1670.688720703125, 1592.7025146484375, 1639.1475830078125, 1536.3072509765625, 1598.673095703125, 1648.3302001953125, 1605.5927734375, 1594.5433349609375, 1601.2464599609375, 1625.248779296875, 1556.46240234375, 1586.207275390625, 1542.4022216796875, 1596.50634765625, 1569.606201171875, 1630.9930419921875, 1616.7247314453125, 1599.3397216796875, 1544.387451171875, 1604.126953125, 1597.699951171875, 1598.808349609375, 1589.4371337890625, 1586.1180419921875, 1569.780029296875, 1589.93359375, 1602.508544921875, 1569.20361328125, 1627.9027099609375, 1615.6669921875, 1566.2188720703125, 1583.39697265625, 1564.6973876953125, 1569.30224609375, 1610.3974609375, 1557.381103515625, 1572.6849365234375, 1535.12939453125, 1553.114013671875, 1537.65185546875, 1504.367919921875, 1563.0426025390625, 1568.5599365234375, 1537.260986328125, 1524.0057373046875, 1567.53662109375, 1583.354736328125, 1597.970947265625, 1523.7939453125, 1533.0343017578125, 1478.2783203125, 1528.01513671875, 1538.969482421875, 1595.753662109375, 1569.352783203125, 1524.015625, 1559.6029052734375, 1560.4100341796875, 1555.9659423828125, 1558.7537841796875, 1572.3441162109375, 1509.040771484375, 1521.9591064453125, 1504.998291015625, 1459.8046875, 1535.02490234375, 1498.566162109375, 1540.41162109375, 1526.2540283203125, 1518.8109130859375, 1541.5992431640625, 1505.983154296875, 1483.3282470703125, 1520.0108642578125, 1543.826171875, 1482.398681640625, 1547.71728515625, 1477.4866943359375, 1482.1431884765625, 1489.9951171875, 1508.329345703125, 1540.1456298828125, 1458.358642578125, 1542.2169189453125, 1457.3343505859375, 1475.0855712890625, 1458.4017333984375, 1491.1427001953125, 1474.9031982421875, 1485.528076171875, 1535.2216796875, 1523.3973388671875, 1439.98779296875, 1470.332763671875, 1438.201171875, 1520.582763671875, 1486.126708984375, 1528.0267333984375, 1463.208740234375, 1542.693603515625, 1468.3814697265625, 1441.943115234375, 1511.5859375, 1450.6075439453125, 1509.9847412109375, 1517.9876708984375, 1452.64453125, 1546.8018798828125, 1513.286376953125, 1472.719970703125, 1527.3369140625, 1490.514892578125, 1495.947998046875, 1403.3267822265625, 1416.174072265625, 1450.1810302734375, 1537.4554443359375, 1507.7420654296875, 1489.3267822265625, 1545.5428466796875, 1490.240234375, 1487.43505859375, 1470.3211669921875, 1456.348876953125, 1489.400390625, 1463.2095947265625, 1444.0107421875, 1428.7413330078125, 1463.7496337890625, 1449.5552978515625, 1425.678466796875, 1465.8128662109375, 1506.274169921875, 1441.71630859375, 1492.3572998046875, 1487.9586181640625, 1445.4073486328125, 1450.9927978515625, 1424.091064453125, 1418.1015625, 1397.7340087890625, 1504.71484375, 1453.216064453125, 1431.80078125, 1482.9549560546875, 1485.0477294921875, 1414.7628173828125, 1420.2342529296875, 1517.4793701171875, 1511.03271484375, 1444.9599609375, 1460.37890625, 1488.0791015625, 1422.896484375, 1351.4619140625, 1463.4033203125, 1483.45654296875, 1413.5672607421875, 1452.833984375, 1434.170166015625, 1405.75439453125, 1456.97998046875, 1456.9373779296875, 1416.4249267578125, 1429.0218505859375, 1410.77880859375, 1439.818603515625, 1373.4676513671875, 1375.0174560546875, 1464.0665283203125, 1409.72021484375, 1433.8502197265625, 1459.2860107421875, 1498.803955078125, 1392.4276123046875, 1366.0419921875, 1416.859619140625, 1434.807861328125, 1380.766357421875, 1416.0809326171875, 1377.4888916015625, 1406.671630859375, 1320.048583984375, 1401.1688232421875, 1438.131103515625, 1427.6263427734375, 1421.2423095703125, 1395.7574462890625, 1525.8243408203125, 1511.117919921875, 1483.474365234375, 1461.218505859375, 1441.4842529296875, 1382.5799560546875, 1438.5009765625, 1464.8311767578125, 1368.495849609375, 1451.149658203125, 1416.35693359375, 1414.0926513671875, 1462.1256103515625, 1308.2528076171875, 1411.3680419921875, 1402.7384033203125, 1432.076416015625, 1373.5054931640625, 1425.638671875, 1392.42578125, 1438.11962890625, 1340.3636474609375, 1389.2830810546875, 1437.93359375, 1428.04833984375, 1469.87109375, 1402.3326416015625, 1386.55078125, 1414.6942138671875, 1373.4658203125, 1380.8897705078125, 1384.0028076171875, 1498.6192626953125, 1479.6405029296875, 1447.6781005859375, 1434.8984375, 1413.1817626953125, 1437.498291015625, 1333.3253173828125, 1339.4647216796875, 1331.9462890625, 1377.49853515625, 1427.326416015625, 1487.1590576171875, 1461.571044921875, 1400.4976806640625, 1361.11376953125, 1337.9210205078125, 1461.5032958984375, 1506.8621826171875, 1594.55126953125, 1384.661376953125, 1382.5050048828125, 1471.798828125, 1399.099365234375, 1428.94482421875, 1350.708251953125, 1390.0523681640625, 1446.9854736328125, 1435.5960693359375, 1377.307861328125, 1315.1168212890625, 1414.2996826171875, 1372.105224609375, 1412.8043212890625, 1419.886962890625, 1430.3953857421875, 1387.5985107421875, 1313.62890625, 1420.324951171875, 1471.0108642578125, 1411.3197021484375, 1405.73095703125, 1388.057373046875, 1473.8194580078125, 1403.84326171875, 1452.026123046875, 1321.356689453125, 1329.7073974609375, 1402.6474609375, 1308.298583984375, 1372.3350830078125, 1398.9439697265625, 1354.4910888671875, 1384.2423095703125, 1389.036376953125, 1342.11865234375, 1413.8179931640625, 1403.9771728515625, 1353.1124267578125, 1335.0859375, 1351.7928466796875, 1413.822021484375, 1432.8946533203125, 1341.513671875, 1481.673828125, 1323.1732177734375, 1417.59912109375, 1361.458251953125, 1400.3896484375, 1341.38427734375, 1482.099365234375, 1335.934326171875, 1263.31103515625, 1327.36279296875, 1306.4327392578125, 1347.165283203125, 1311.8577880859375, 1327.656494140625, 1332.558349609375, 1384.630615234375, 1401.5947265625, 1309.427001953125, 1407.00927734375, 1264.9498291015625, 1366.1475830078125, 1332.6943359375, 1449.2139892578125, 1368.7579345703125, 1376.54443359375, 1412.681396484375, 1417.156982421875, 1337.22705078125, 1477.589111328125, 1421.05322265625, 1400.8497314453125, 1304.432861328125, 1407.517822265625, 1381.4027099609375, 