{"aucroc": 0.6288636363636364, "aucpr": 0.30516905803927424, "dataset": "17_InternetAds", "method": "hard", "test_ratio": 0.1864406779661017, "train_ratio": 0.1864406779661017, "labeled_anomalies": 1.0, "loe_loss": [1142.103515625, 1411.19384765625, 1322.7642822265625, 1276.864013671875, 1171.2110595703125, 1292.5250244140625, 1276.150634765625, 1210.1644287109375, 1111.060302734375, 1198.4405517578125, 1153.222900390625, 1146.272216796875, 1108.70458984375, 1210.015869140625, 1271.836669921875, 1199.5333251953125, 1182.0830078125, 1215.7388916015625, 1279.5689697265625, 1160.276611328125, 1205.68408203125, 1230.8310546875, 1082.492919921875, 1170.19140625, 1178.8995361328125, 1222.928955078125, 1108.3587646484375, 1003.8502197265625, 964.9833984375, 1103.0504150390625, 1177.359619140625, 1282.6212158203125, 1158.515625, 1033.2086181640625, 960.5480346679688, 1207.08203125, 1240.809814453125, 1196.8260498046875, 1041.653564453125, 1044.480712890625, 1114.84228515625, 1001.3236083984375, 1100.567138671875, 1143.7891845703125, 1097.33642578125, 1137.26806640625, 1138.594970703125, 1166.2884521484375, 1096.5050048828125, 1168.9312744140625, 964.0651245117188, 1036.669921875, 1174.0777587890625, 1050.007568359375, 1227.87841796875, 1073.6365966796875, 1035.631103515625, 1178.31884765625, 1024.4852294921875, 1102.0250244140625, 1034.1246337890625, 1075.896240234375, 992.6690673828125, 1137.794921875, 1199.6304931640625, 1158.4105224609375, 1181.5145263671875, 1087.7841796875, 1160.2017822265625, 1214.5439453125, 1196.8603515625, 1121.477294921875, 1112.1591796875, 1084.7503662109375, 1180.203369140625, 1154.068603515625, 1146.0491943359375, 1059.3575439453125, 1096.47705078125, 1157.860595703125, 1014.7518920898438, 1012.8576049804688, 1068.2138671875, 1162.1212158203125, 1112.740234375, 1147.925537109375, 1104.103759765625, 1086.162109375, 976.450927734375, 1135.377685546875, 1079.8836669921875, 1095.7445068359375, 1135.81396484375, 1128.4176025390625, 1131.8336181640625, 1106.700927734375, 920.960693359375, 1134.9364013671875, 1107.5411376953125, 1159.22509765625, 1147.14697265625, 1154.251708984375, 1058.7587890625, 1170.337890625, 1104.9644775390625, 1163.198486328125, 1152.6859130859375, 1106.1031494140625, 1015.8203735351562, 1114.6055908203125, 1148.734130859375, 1026.5108642578125, 1176.8206787109375, 1093.5401611328125, 1199.92724609375, 1111.09912109375, 1169.15234375, 1194.513671875, 1168.06591796875, 1093.6842041015625, 1160.026611328125, 975.16357421875, 1176.8416748046875, 1128.225341796875, 1159.94873046875, 1170.57568359375, 1132.550537109375, 1047.383056640625, 1115.106689453125, 1077.61279296875, 1131.649658203125, 1160.6480712890625, 1055.7513427734375, 1083.33740234375, 1090.792236328125, 1040.2747802734375, 1120.6143798828125, 1155.45751953125, 1104.830078125, 1036.264892578125, 1057.9320068359375, 989.9759521484375, 1180.8544921875, 944.216552734375, 997.3463134765625, 923.20166015625, 1089.94189453125, 1177.760009765625, 1106.9974365234375, 1001.8065185546875, 1083.9794921875, 1079.03125, 1154.7255859375, 1112.0054931640625, 1055.3154296875, 1112.984619140625, 1138.5140380859375, 1148.8265380859375, 1026.22412109375, 1138.4036865234375, 1118.713134765625, 1122.697021484375, 1105.3984375, 1137.070556640625, 1131.0555419921875, 1121.488525390625, 1082.1435546875, 1042.907470703125, 1150.735595703125, 1098.358154296875, 1113.4537353515625, 1133.805419921875, 1060.17529296875, 1120.6856689453125, 1195.567626953125, 1124.4649658203125, 1148.2303466796875, 1165.4346923828125, 1147.78564453125, 1162.7777099609375, 1116.536865234375, 1107.031494140625, 1137.796630859375, 1104.900146484375, 1012.8951416015625, 1072.848876953125, 1132.1865234375, 1094.56396484375, 1163.7191162109375, 1027.979248046875, 1032.75244140625, 978.8314208984375, 1101.7962646484375, 1111.3892822265625, 1118.937255859375, 1145.1937255859375, 1173.373046875, 1007.8348388671875, 1065.76318359375, 988.6456909179688, 1076.93017578125, 1141.021484375, 1029.7322998046875, 1052.0352783203125, 1115.17041015625, 1094.353759765625, 1099.291259765625, 1193.015380859375, 986.7789306640625, 1046.0283203125, 929.4964599609375, 1148.1278076171875, 1031.697021484375, 1136.771240234375, 1143.61328125, 1067.632080078125, 1101.08349609375, 1072.572509765625, 1064.87353515625, 1093.3541259765625, 1072.741455078125, 1030.94384765625, 1174.683837890625, 1065.41943359375, 1002.576904296875, 970.3402099609375, 1086.04443359375, 1085.256103515625, 1062.912841796875, 1151.5477294921875, 1130.994384765625, 1071.2333984375, 997.5693359375, 1128.447509765625, 1128.5128173828125, 1003.3425903320312, 1017.6773681640625, 1050.6748046875, 1123.4365234375, 1060.6175537109375, 933.4628295898438, 1030.0042724609375, 1075.4820556640625, 1081.143310546875, 1087.796630859375, 1094.6888427734375, 1100.51708984375, 1084.65576171875, 1066.474365234375, 1080.90185546875, 1142.9835205078125, 934.5548095703125, 1041.1502685546875, 1029.8118896484375, 1134.2237548828125, 1028.360595703125, 1091.3155517578125, 1002.4639282226562, 1158.3194580078125, 1085.626953125, 909.8857421875, 1035.52001953125, 1069.7764892578125, 1116.7696533203125, 1027.1573486328125, 1076.6427001953125, 1141.8238525390625, 1116.566650390625, 1068.4991455078125, 1136.44775390625, 1045.172119140625, 1013.5819702148438, 1045.878173828125, 1069.1044921875, 1103.4173583984375, 1012.4391479492188, 1046.757568359375, 1134.6180419921875, 1101.4898681640625, 1058.9541015625, 1056.598876953125, 1104.9903564453125, 1033.8643798828125, 1050.8687744140625, 1083.0172119140625, 1030.785400390625, 1025.7567138671875, 1136.2857666015625, 1113.411376953125, 1091.3929443359375, 1103.0859375, 1035.4754638671875, 1019.069091796875, 1135.79052734375, 1077.9573974609375, 877.7413940429688, 1078.73193359375, 1078.97509765625, 1009.8409423828125, 1016.4925537109375, 1079.051025390625, 1063.6036376953125, 1126.78369140625, 1029.4715576171875, 1044.478271484375, 1029.2686767578125, 932.3246459960938, 1095.85009765625, 1037.9686279296875, 1009.4473876953125, 1079.095947265625, 979.7102661132812, 1088.2073974609375, 1078.0498046875, 1085.8394775390625, 1073.642333984375, 1108.2080078125, 990.3143310546875, 1002.024658203125, 1088.4010009765625, 1099.1251220703125, 1125.6993408203125, 986.0006103515625, 958.2333984375, 1055.447021484375, 1079.3355712890625, 1080.0341796875, 1010.2767333984375, 983.8959350585938, 1108.2086181640625, 1105.349365234375, 1109.308837890625, 1051.3172607421875, 1054.539794921875, 1064.508056640625, 973.4536743164062, 1042.492919921875, 926.690185546875, 1037.633544921875, 994.75439453125, 1076.4879150390625, 1092.80810546875, 1058.36083984375, 1101.9482421875, 1113.2720947265625, 983.5671997070312, 1077.720947265625, 1004.5145874023438, 1050.115966796875, 1076.4669189453125, 1001.6630249023438, 1103.6014404296875, 928.2294311523438, 971.5028076171875, 965.0310668945312, 974.5732421875, 1014.7843627929688, 1076.066650390625, 1079.22607421875, 1053.5501708984375, 1011.292236328125, 975.2503662109375, 1068.9053955078125, 1055.19091796875, 1056.65771484375, 1048.149169921875, 1066.931884765625, 996.1351318359375, 1030.1287841796875, 990.0944213867188, 998.56982421875, 1066.956787109375, 1116.004150390625, 1091.0731201171875, 1029.6136474609375, 1060.3643798828125, 1068.354248046875, 1036.6976318359375, 1134.81494140625, 1051.0343017578125, 1068.925048828125, 1007.5665283203125, 1010.8927001953125, 1099.5760498046875, 1049.2841796875, 1038.9901123046875, 1019.9860229492188, 1009.1746826171875, 954.2902221679688, 898.4716186523438, 979.587646484375, 1055.9091796875, 930.4202880859375, 995.0206909179688, 995.5518188476562, 1048.2498779296875, 1055.45947265625, 1048.276123046875, 949.0570068359375, 1015.096435546875, 1077.1097412109375, 1015.113037109375, 835.5519409179688, 978.8568115234375, 1007.8419189453125, 1080.767822265625, 900.1365966796875, 1033.04931640625, 974.7498779296875, 1064.513916015625, 1077.4365234375, 1026.166748046875, 