{"aucroc": 0.9436204146730462, "aucpr": 0.9334725033364538, "dataset": "18_Ionosphere", "method": "soft", "test_ratio": 0.36666666666666664, "train_ratio": 0.36666666666666664, "labeled_anomalies": 1.0, "loe_loss": [28.494550704956055, 26.419933319091797, 24.990772247314453, 25.424406051635742, 25.577533721923828, 24.79224395751953, 24.943876266479492, 25.33032989501953, 25.234134674072266, 24.8204402923584, 24.567455291748047, 24.374921798706055, 24.829938888549805, 24.380558013916016, 23.90631675720215, 23.933395385742188, 23.526840209960938, 24.341739654541016, 23.879148483276367, 23.233367919921875, 23.512603759765625, 23.0843505859375, 24.108003616333008, 22.688508987426758, 24.136478424072266, 22.749364852905273, 23.248424530029297, 23.31570816040039, 22.409086227416992, 23.399839401245117, 22.134859085083008, 22.16539192199707, 22.484466552734375, 21.44101333618164, 23.30474281311035, 21.383440017700195, 22.93508529663086, 21.99686622619629, 21.755287170410156, 22.34326934814453, 21.883127212524414, 21.497051239013672, 21.69952964782715, 20.95702362060547, 20.939599990844727, 21.07147789001465, 21.334529876708984, 21.253353118896484, 21.09762954711914, 20.99734878540039, 21.516096115112305, 20.668506622314453, 20.354248046875, 21.921554565429688, 20.070920944213867, 20.141895294189453, 20.211666107177734, 20.402565002441406, 20.739315032958984, 21.2810001373291, 20.318666458129883, 20.705482482910156, 19.87788200378418, 19.735332489013672, 19.69011116027832, 20.407766342163086, 20.17854118347168, 20.070545196533203, 19.81325340270996, 20.41805648803711, 19.46211814880371, 19.19217872619629, 19.642255783081055, 20.647977828979492, 19.29597282409668, 19.316631317138672, 19.10161781311035, 18.52604103088379, 20.72296905517578, 20.22817611694336, 20.06863021850586, 19.298748016357422, 18.988679885864258, 18.86821937561035, 18.974611282348633, 18.82556915283203, 19.33708381652832, 19.32061004638672, 19.25629997253418, 19.57299041748047, 19.25234031677246, 19.621387481689453, 20.000503540039062, 19.288801193237305, 20.00743865966797, 18.67888641357422, 19.180418014526367, 18.769981384277344, 18.661666870117188, 18.871795654296875, 18.596729278564453, 18.925682067871094, 18.055814743041992, 19.090087890625, 18.865354537963867, 19.912914276123047, 18.690858840942383, 19.058979034423828, 18.164846420288086, 18.35818862915039, 19.345741271972656, 18.255615234375, 18.11392593383789, 18.49774932861328, 17.82830047607422, 18.89077377319336, 18.64862632751465, 17.975746154785156, 18.00788688659668, 18.971826553344727, 17.697824478149414, 18.08554458618164, 18.303302764892578, 18.029569625854492, 18.222213745117188, 19.517152786254883, 17.77248191833496, 18.074501037597656, 18.625492095947266, 17.43124771118164, 18.414953231811523, 18.648792266845703, 18.1693058013916, 17.44459342956543, 17.979469299316406, 17.29420280456543, 18.163286209106445, 17.268095016479492, 17.546438217163086, 17.748807907104492, 17.506755828857422, 17.496158599853516, 17.38113784790039, 17.985212326049805, 17.620193481445312, 17.689361572265625, 17.80074119567871, 17.981321334838867, 17.31830406188965, 17.587543487548828, 17.804780960083008, 17.299888610839844, 18.06012535095215, 17.1756591796875, 17.21967315673828, 17.219934463500977, 16.660388946533203, 17.04230499267578, 17.29339599609375, 17.408557891845703, 16.729202270507812, 16.92611312866211, 16.410717010498047, 17.442602157592773, 16.740718841552734, 16.752958297729492, 16.58138656616211, 17.091388702392578, 17.10279655456543, 16.5311222076416, 16.472597122192383, 17.072568893432617, 17.209003448486328, 16.62943458557129, 16.844280242919922, 16.28986167907715, 16.051000595092773, 16.850570678710938, 17.076295852661133, 16.38222312927246, 16.287343978881836, 16.664871215820312, 16.381336212158203, 16.942731857299805, 15.746993064880371, 16.614572525024414, 15.8013916015625, 15.771562576293945, 16.449424743652344, 16.674480438232422, 15.923063278198242, 16.407819747924805, 15.662115097045898, 16.092365264892578, 15.742624282836914, 16.023557662963867, 15.858016967773438, 16.277217864990234, 15.259035110473633, 16.224884033203125, 15.786609649658203, 16.385517120361328, 15.683792114257812, 15.990767478942871, 15.810956954956055, 15.65680980682373, 15.776918411254883, 14.99333667755127, 15.212030410766602, 15.204917907714844, 14.619346618652344, 14.827508926391602, 15.055765151977539, 14.676769256591797, 14.997566223144531, 15.64820384979248, 15.772833824157715, 15.311988830566406, 15.258779525756836, 14.852062225341797, 14.875218391418457, 15.056873321533203, 14.715188980102539, 14.814045906066895, 14.781091690063477, 15.266080856323242, 15.17879581451416, 14.773771286010742, 15.262474060058594, 14.27321720123291, 14.564962387084961, 14.851667404174805, 15.07491397857666, 14.359198570251465, 14.32839584350586, 15.054056167602539, 14.729768753051758, 15.248228073120117, 14.048095703125, 13.768783569335938, 14.792530059814453, 14.413174629211426, 14.308341026306152, 14.332866668701172, 14.316913604736328, 14.063652992248535, 14.107643127441406, 14.435303688049316, 14.55073356628418, 14.018789291381836, 14.262727737426758, 13.598529815673828, 14.206128120422363, 14.104631423950195, 13.698261260986328, 14.177958488464355, 13.645279884338379, 14.287850379943848, 13.783967971801758, 12.921420097351074, 13.375231742858887, 13.262492179870605, 13.587132453918457, 13.159005165100098, 13.831334114074707, 13.213345527648926, 12.735816955566406, 13.292019844055176, 13.613779067993164, 13.662517547607422, 13.123428344726562, 12.687629699707031, 13.804914474487305, 13.296148300170898, 12.935674667358398, 13.697333335876465, 12.676403999328613, 12.893423080444336, 13.029435157775879, 13.05324935913086, 12.375397682189941, 12.964581489562988, 12.943938255310059, 12.8336181640625, 12.760212898254395, 12.736648559570312, 13.097736358642578, 12.754697799682617, 12.430891036987305, 11.976187705993652, 12.638407707214355, 11.948453903198242, 12.953665733337402, 12.538352966308594, 13.073201179504395, 12.030391693115234, 12.32689094543457, 12.311371803283691, 12.519853591918945, 11.603338241577148, 13.114758491516113, 12.46734619140625, 12.473503112792969, 12.506915092468262, 12.03236198425293, 12.232269287109375, 12.589265823364258, 12.455718994140625, 11.988130569458008, 12.017694473266602, 11.791070938110352, 12.473594665527344, 12.227378845214844, 11.952115058898926, 12.186731338500977, 11.734338760375977, 11.71826171875, 11.796260833740234, 11.990625381469727, 12.789599418640137, 12.237250328063965, 12.07812213897705, 11.951074600219727, 12.491888046264648, 11.523553848266602, 11.865642547607422, 11.689552307128906, 11.652920722961426, 12.46063232421875, 12.181221008300781, 11.457335472106934, 11.37486743927002, 11.54974365234375, 10.445197105407715, 11.004389762878418, 11.459942817687988, 11.795039176940918, 11.449297904968262, 10.938323974609375, 11.471556663513184, 11.840662956237793, 11.45438289642334, 12.514897346496582, 11.31906509399414, 10.778422355651855, 11.611018180847168, 11.538309097290039, 10.959489822387695, 11.64179801940918, 11.190820693969727, 11.219605445861816, 10.802450180053711, 11.47848892211914, 11.728372573852539, 11.009811401367188, 11.510946273803711, 10.664275169372559, 10.575858116149902, 10.730216026306152, 10.870298385620117, 10.667215347290039, 11.134946823120117, 10.594244956970215, 10.586669921875, 11.214754104614258, 11.080815315246582, 11.3243408203125, 10.92015266418457, 11.35072135925293, 11.040026664733887, 11.125748634338379, 10.83912467956543, 11.073307991027832, 10.815878868103027, 11.330265045166016, 11.4905424118042, 10.927233695983887, 11.021970748901367, 10.82539176940918, 10.342670440673828, 11.32222843170166, 10.553152084350586, 11.378643989562988, 10.779643058776855, 10.846019744873047, 11.39734935760498, 10.369233131408691, 11.073741912841797, 9.972384452819824, 10.607013702392578, 10.503809928894043, 10.565489768981934, 10.86062240600586, 10.401972770690918, 10.413296699523926, 