{"aucroc": 0.9526634768740032, "aucpr": 0.9433337162147958, "dataset": "18_Ionosphere", "method": "refine", "test_ratio": 0.36666666666666664, "train_ratio": 0.36666666666666664, "labeled_anomalies": 1.0, "loe_loss": [36.5118522644043, 34.08451843261719, 32.19482421875, 32.97834014892578, 33.0667724609375, 31.615489959716797, 32.32517623901367, 32.337257385253906, 32.66145706176758, 32.34420394897461, 31.4267578125, 30.78837013244629, 31.734329223632812, 31.326709747314453, 31.078815460205078, 31.061443328857422, 29.926712036132812, 30.99686622619629, 30.460346221923828, 29.802995681762695, 30.780851364135742, 29.471656799316406, 31.02098846435547, 29.31266975402832, 30.54756736755371, 29.400836944580078, 29.603689193725586, 29.685039520263672, 28.8300724029541, 30.14511489868164, 28.215213775634766, 28.65898323059082, 28.384098052978516, 27.71225929260254, 30.082908630371094, 26.73681640625, 29.343215942382812, 28.111547470092773, 28.166259765625, 28.75855827331543, 28.443397521972656, 27.61975860595703, 27.68457794189453, 27.277667999267578, 27.043228149414062, 26.69224739074707, 27.343786239624023, 27.332094192504883, 27.367630004882812, 27.840373992919922, 27.75495147705078, 26.607540130615234, 26.477523803710938, 28.16734504699707, 26.363628387451172, 26.337339401245117, 26.32223892211914, 27.10930061340332, 27.10890769958496, 27.883689880371094, 26.520408630371094, 27.105520248413086, 26.32360076904297, 25.54201316833496, 25.468801498413086, 26.47142791748047, 26.504222869873047, 26.08673667907715, 25.785701751708984, 26.58568572998047, 25.052581787109375, 24.981042861938477, 25.382099151611328, 26.48017692565918, 25.027618408203125, 25.362070083618164, 24.72219467163086, 24.205888748168945, 27.287635803222656, 26.14820671081543, 26.179370880126953, 25.436283111572266, 23.88153839111328, 24.284048080444336, 24.01349639892578, 23.809738159179688, 25.180450439453125, 24.620929718017578, 23.934667587280273, 24.781200408935547, 24.482402801513672, 25.27415657043457, 25.590721130371094, 24.450054168701172, 25.704896926879883, 23.402795791625977, 24.123065948486328, 23.189899444580078, 23.236011505126953, 23.856121063232422, 22.821090698242188, 23.912700653076172, 22.030122756958008, 24.69260597229004, 23.760639190673828, 24.359821319580078, 22.51095199584961, 22.894241333007812, 21.62151527404785, 22.14438247680664, 23.845443725585938, 22.40021324157715, 21.78158950805664, 23.237966537475586, 22.108793258666992, 23.008346557617188, 22.194061279296875, 21.24606704711914, 20.97652244567871, 23.1208438873291, 21.273494720458984, 21.853744506835938, 21.689285278320312, 21.823444366455078, 21.55738067626953, 23.68623161315918, 21.303667068481445, 21.286752700805664, 22.41533660888672, 19.670597076416016, 21.274185180664062, 22.68345832824707, 22.42022705078125, 20.394550323486328, 20.218530654907227, 20.08245086669922, 20.918079376220703, 19.396852493286133, 20.213674545288086, 19.641693115234375, 20.56863021850586, 19.57404899597168, 20.160930633544922, 22.293983459472656, 21.21352195739746, 20.678436279296875, 20.42703628540039, 20.03908920288086, 18.40325927734375, 19.818737030029297, 19.560489654541016, 19.522106170654297, 19.290630340576172, 19.581539154052734, 19.354257583618164, 19.02422523498535, 18.945226669311523, 19.494401931762695, 17.75693702697754, 19.865026473999023, 18.10415267944336, 18.876100540161133, 18.11549186706543, 19.737152099609375, 18.18512725830078, 18.765378952026367, 17.114572525024414, 18.48556137084961, 20.34575080871582, 19.200672149658203, 16.53496551513672, 19.09783172607422, 19.998476028442383, 18.094541549682617, 17.915836334228516, 17.424579620361328, 17.379478454589844, 17.441232681274414, 19.418895721435547, 16.569276809692383, 17.64826011657715, 19.135971069335938, 16.527042388916016, 17.542354583740234, 16.633243560791016, 18.46868133544922, 17.003442764282227, 17.318708419799805, 16.052528381347656, 17.239551544189453, 18.240468978881836, 15.76731014251709, 16.14145278930664, 17.801328659057617, 18.747848510742188, 17.820606231689453, 17.032995223999023, 18.00797462463379, 15.991069793701172, 18.300457000732422, 15.08456802368164, 17.189865112304688, 14.773025512695312, 17.771244049072266, 16.548080444335938, 16.529329299926758, 15.941774368286133, 16.7901668548584, 13.686704635620117, 15.414374351501465, 14.112953186035156, 16.973007202148438, 14.118914604187012, 15.477068901062012, 14.531719207763672, 16.71489715576172, 15.759134292602539, 16.25910758972168, 14.951510429382324, 14.492876052856445, 13.952598571777344, 14.984127044677734, 14.965385437011719, 12.57841968536377, 14.477951049804688, 16.909460067749023, 18.50657844543457, 13.599851608276367, 18.478008270263672, 15.189844131469727, 16.96525764465332, 15.785804748535156, 15.222956657409668, 13.467284202575684, 13.131420135498047, 15.32239055633545, 14.717464447021484, 17.683712005615234, 14.184060096740723, 13.057916641235352, 17.326183319091797, 14.341259956359863, 13.677825927734375, 15.823476791381836, 15.488846778869629, 13.579995155334473, 14.727063179016113, 12.702316284179688, 15.683297157287598, 16.825037002563477, 15.499494552612305, 14.81392765045166, 15.24069881439209, 14.66317081451416, 15.630073547363281, 14.044060707092285, 14.85989761352539, 13.715614318847656, 14.393187522888184, 12.838834762573242, 13.748832702636719, 13.632347106933594, 13.517580032348633, 12.711396217346191, 13.82738971710205, 12.555719375610352, 11.74386215209961, 12.963565826416016, 13.235257148742676, 13.187995910644531, 13.724234580993652, 13.00970458984375, 13.467986106872559, 13.70848274230957, 11.002273559570312, 15.904021263122559, 10.878854751586914, 10.732403755187988, 12.939920425415039, 13.359777450561523, 11.34182357788086, 10.795952796936035, 14.248482704162598, 11.471967697143555, 11.510453224182129, 14.82774829864502, 13.271867752075195, 11.51832103729248, 12.464811325073242, 10.156599044799805, 11.071821212768555, 11.349902153015137, 10.097684860229492, 13.424609184265137, 14.355350494384766, 11.121443748474121, 10.936031341552734, 11.22221851348877, 11.067985534667969, 11.989218711853027, 10.592933654785156, 11.456133842468262, 10.204252243041992, 11.69367790222168, 8.818702697753906, 11.276152610778809, 13.504436492919922, 10.942841529846191, 10.192970275878906, 9.411369323730469, 11.006402015686035, 11.789482116699219, 10.911771774291992, 10.994769096374512, 9.587373733520508, 10.0947904586792, 10.019126892089844, 12.517416954040527, 12.719107627868652, 13.073177337646484, 12.888313293457031, 12.486284255981445, 8.46351432800293, 11.10048770904541, 10.456369400024414, 9.984404563903809, 10.661426544189453, 11.765021324157715, 15.674885749816895, 10.054071426391602, 10.918388366699219, 13.433199882507324, 10.53143310546875, 10.162766456604004, 9.944918632507324, 9.433048248291016, 8.338193893432617, 11.265335083007812, 9.44201374053955, 14.18022346496582, 9.693929672241211, 11.846014976501465, 14.168599128723145, 10.05470085144043, 12.621257781982422, 13.913736343383789, 10.136087417602539, 9.196954727172852, 12.004179000854492, 9.182263374328613, 9.828866958618164, 12.510871887207031, 10.801840782165527, 9.692070007324219, 13.031414031982422, 9.788783073425293, 11.30908203125, 11.369918823242188, 12.481058120727539, 8.32430648803711, 10.798885345458984, 11.497096061706543, 9.745251655578613, 10.438345909118652, 11.529745101928711, 11.590413093566895, 9.049572944641113, 15.002429962158203, 11.956764221191406, 13.212672233581543, 9.490405082702637, 10.229504585266113, 9.339815139770508, 10.08777141571045, 9.664725303649902, 11.768677711486816, 9.027667999267578, 11.025622367858887, 9.353605270385742, 8.799935340881348, 10.193443298339844, 11.032041549682617, 8.994457244873047, 11.215276718139648, 10.724493980407715, 13.754569053649902, 9.93885612487793, 8.404340744018555, 9.593589782714844, 10.999153137207031, 11.33276653289795, 10.216926574707031, 9.939590454101562, 12.918479919433594, 10.44329833984375, 16.215749740600586, 12.05607795715332, 