{"aucroc": 0.9346570972886763, "aucpr": 0.9240435778171955, "dataset": "18_Ionosphere", "method": "soft", "test_ratio": 0.36666666666666664, "train_ratio": 0.36666666666666664, "labeled_anomalies": 1.0, "loe_loss": [28.494550704956055, 26.446773529052734, 25.034130096435547, 25.410030364990234, 25.582311630249023, 24.76378631591797, 24.981109619140625, 25.356870651245117, 25.271326065063477, 24.879295349121094, 24.62386131286621, 24.444934844970703, 24.90094757080078, 24.46100425720215, 23.985435485839844, 23.98668670654297, 23.587112426757812, 24.386646270751953, 23.947294235229492, 23.33855628967285, 23.57210922241211, 23.227378845214844, 24.256031036376953, 22.95056915283203, 24.257102966308594, 22.96768569946289, 23.419137954711914, 23.619552612304688, 22.772165298461914, 23.603378295898438, 22.669586181640625, 22.492279052734375, 23.07064437866211, 22.066030502319336, 23.844894409179688, 22.570682525634766, 23.371517181396484, 22.602699279785156, 22.5911865234375, 22.869659423828125, 22.75223159790039, 22.417343139648438, 22.58453369140625, 22.242982864379883, 22.46611213684082, 22.52161979675293, 22.598752975463867, 22.698177337646484, 22.390220642089844, 21.9342041015625, 22.64851188659668, 22.524845123291016, 22.27635955810547, 23.143144607543945, 22.303354263305664, 22.013559341430664, 22.22927474975586, 22.325611114501953, 22.386171340942383, 22.358455657958984, 22.133928298950195, 22.214828491210938, 21.85840606689453, 22.237957000732422, 21.946334838867188, 21.652517318725586, 21.958961486816406, 21.56422996520996, 22.06963539123535, 21.818857192993164, 21.371051788330078, 21.36432647705078, 21.54437255859375, 21.730438232421875, 21.18999671936035, 21.55162811279297, 21.514665603637695, 21.644901275634766, 21.66515350341797, 21.69170379638672, 21.823261260986328, 21.606531143188477, 21.43524742126465, 21.119413375854492, 21.210159301757812, 20.75901985168457, 20.97449493408203, 21.091712951660156, 21.083106994628906, 21.1400089263916, 21.197250366210938, 21.41131019592285, 21.095386505126953, 20.87382698059082, 21.38938331604004, 20.610980987548828, 20.701553344726562, 20.484100341796875, 20.297260284423828, 20.626314163208008, 20.269975662231445, 20.356809616088867, 19.96466064453125, 20.397687911987305, 20.146570205688477, 20.971105575561523, 20.314687728881836, 20.411800384521484, 19.860231399536133, 19.820995330810547, 20.456300735473633, 19.633636474609375, 19.785621643066406, 19.990737915039062, 19.41425895690918, 20.065582275390625, 19.82403564453125, 19.63310432434082, 19.549171447753906, 20.085983276367188, 19.32850456237793, 19.568317413330078, 19.768661499023438, 19.46855354309082, 19.781837463378906, 20.44399070739746, 19.136777877807617, 19.627079010009766, 19.98199462890625, 19.442317962646484, 19.693981170654297, 19.8524112701416, 19.364473342895508, 19.2814998626709, 19.22058868408203, 18.6420955657959, 19.472654342651367, 18.90982437133789, 19.19815444946289, 19.549901962280273, 19.199512481689453, 19.459157943725586, 19.206769943237305, 19.41251564025879, 19.379175186157227, 19.22740936279297, 19.362030029296875, 19.461660385131836, 19.004310607910156, 18.986858367919922, 19.226686477661133, 19.139175415039062, 19.566354751586914, 19.023805618286133, 18.864667892456055, 19.092140197753906, 18.728849411010742, 18.870227813720703, 19.23021125793457, 19.047447204589844, 18.782745361328125, 18.93366241455078, 18.478010177612305, 19.48386573791504, 18.9576358795166, 18.874622344970703, 18.55112075805664, 19.07578468322754, 18.853195190429688, 18.531213760375977, 18.67557716369629, 18.8199462890625, 19.01829719543457, 18.759607315063477, 18.75554847717285, 18.376941680908203, 18.330629348754883, 18.647357940673828, 18.80951690673828, 18.46999168395996, 18.50221824645996, 18.496444702148438, 18.45653533935547, 18.908641815185547, 18.187639236450195, 18.582223892211914, 18.19405174255371, 18.02515983581543, 18.685855865478516, 18.652252197265625, 18.272815704345703, 18.652782440185547, 18.01482391357422, 18.434953689575195, 18.039779663085938, 18.264188766479492, 18.24254035949707, 18.779226303100586, 17.97633934020996, 18.46738052368164, 18.11786651611328, 18.44847869873047, 18.002384185791016, 18.284561157226562, 18.115550994873047, 18.17315673828125, 18.101890563964844, 17.76940155029297, 17.751461029052734, 17.852643966674805, 17.33759117126465, 17.396345138549805, 17.637788772583008, 17.462186813354492, 17.862146377563477, 18.105098724365234, 18.190567016601562, 17.672348022460938, 17.784618377685547, 17.687788009643555, 17.548908233642578, 17.70440673828125, 17.317386627197266, 17.5059757232666, 17.320825576782227, 17.8324031829834, 17.647733688354492, 17.474029541015625, 17.629432678222656, 17.281278610229492, 17.38894271850586, 17.472354888916016, 17.952651977539062, 17.13057518005371, 17.182861328125, 17.640106201171875, 17.657546997070312, 17.592649459838867, 17.056682586669922, 16.738555908203125, 17.49294090270996, 17.149864196777344, 17.198360443115234, 17.136791229248047, 17.030776977539062, 16.959178924560547, 17.09799575805664, 17.30860137939453, 17.227733612060547, 17.005653381347656, 17.186752319335938, 16.623584747314453, 16.69702911376953, 17.06792449951172, 16.735382080078125, 16.679656982421875, 16.68593978881836, 16.906728744506836, 16.76759147644043, 16.07399559020996, 16.573558807373047, 16.56616973876953, 16.630983352661133, 16.311025619506836, 16.956939697265625, 16.410146713256836, 16.36986541748047, 16.50262451171875, 16.733219146728516, 16.736339569091797, 16.332279205322266, 16.277423858642578, 16.7684326171875, 16.553041458129883, 16.27379035949707, 16.854768753051758, 16.173768997192383, 16.26270294189453, 16.157569885253906, 16.286865234375, 15.774286270141602, 16.084009170532227, 15.98310661315918, 16.217113494873047, 16.107479095458984, 16.006132125854492, 16.060142517089844, 16.17427635192871, 15.924797058105469, 15.5474271774292, 16.14645004272461, 15.732452392578125, 16.362926483154297, 15.990802764892578, 16.45166015625, 15.543027877807617, 15.952449798583984, 15.747103691101074, 15.77536392211914, 15.215121269226074, 16.375240325927734, 15.793094635009766, 15.85287094116211, 15.58780288696289, 15.56241226196289, 15.660173416137695, 15.663740158081055, 15.741376876831055, 15.733996391296387, 15.414677619934082, 15.2146577835083, 15.816850662231445, 15.545916557312012, 15.57087516784668, 15.559019088745117, 15.295465469360352, 15.161857604980469, 15.32507038116455, 15.43038558959961, 15.865822792053223, 15.886035919189453, 15.511970520019531, 15.5281982421875, 16.02959442138672, 15.353293418884277, 15.369036674499512, 15.240983963012695, 15.134695053100586, 15.650650024414062, 15.475785255432129, 15.047215461730957, 15.080938339233398, 15.310506820678711, 14.440240859985352, 14.873734474182129, 15.171648979187012, 15.465280532836914, 15.200575828552246, 14.832653999328613, 15.179882049560547, 15.295299530029297, 15.385615348815918, 15.561689376831055, 15.081440925598145, 14.548080444335938, 15.227029800415039, 15.020391464233398, 14.877867698669434, 15.199132919311523, 15.043060302734375, 14.906785011291504, 14.652105331420898, 15.120814323425293, 15.107450485229492, 14.961268424987793, 15.326351165771484, 14.70114803314209, 14.569719314575195, 14.607564926147461, 14.607954978942871, 14.54883098602295, 14.610578536987305, 14.59223747253418, 14.561866760253906, 14.742368698120117, 15.166716575622559, 15.038032531738281, 14.85155963897705, 15.243666648864746, 15.03225326538086, 14.84970474243164, 14.771448135375977, 14.818564414978027, 14.7442626953125, 15.02680492401123, 15.016676902770996, 14.726557731628418, 15.017485618591309, 14.632835388183594, 14.314273834228516, 15.337970733642578, 14.414491653442383, 15.135841369628906, 14.582533836364746, 14.77219295501709, 14.961709976196289, 14.56186294555664, 14.777710914611816, 14.132705688476562, 14.576156616210938, 14.381721496582031, 14.268515586853027, 14.43935489654541, 14.469694137573242, 14.596794128417969, 14.570021629333496, 