{"aucroc": 0.8406539074960128, "aucpr": 0.769489825762539, "dataset": "18_Ionosphere", "method": "hard", "test_ratio": 0.36666666666666664, "train_ratio": 0.36666666666666664, "labeled_anomalies": 1.0, "loe_loss": [4.166243553161621, 3.528369665145874, 2.5995125770568848, 2.563453197479248, 1.522471308708191, 2.8963098526000977, 2.9498729705810547, 2.416701316833496, 3.1613049507141113, 3.128401756286621, 2.553159236907959, 2.6251492500305176, 3.201404333114624, 1.5288174152374268, 2.0982675552368164, 1.2202482223510742, 2.463426113128662, 2.471505880355835, 3.115377902984619, 1.4275072813034058, 1.7272238731384277, 2.6192119121551514, 1.7881672382354736, 1.7645044326782227, 0.6883913278579712, 1.7163505554199219, 1.8690319061279297, 0.9680868983268738, 0.6350137591362, 1.8016802072525024, 2.206295967102051, 1.6095972061157227, 0.6908085346221924, 1.787881851196289, 1.4085056781768799, 0.5691702365875244, 0.6023001074790955, 0.9735810160636902, -0.5722274780273438], "n_epochs": 38}