{"aucroc": 0.5017167428695842, "aucpr": 0.2037189065177415, "dataset": "19_landsat", "method": "hard", "test_ratio": 0.20714655618850336, "train_ratio": 0.20714655618850336, "labeled_anomalies": 1.0, "loe_loss": [30.475208282470703, 25.970233917236328, 27.727460861206055, 25.92094612121582, 26.693531036376953, 26.591670989990234, 26.724964141845703, 24.670896530151367, 25.397300720214844, 22.723098754882812, 27.34682846069336, 23.788087844848633, 24.431381225585938, 27.483400344848633, 25.518478393554688, 24.66802978515625, 22.293577194213867, 24.612730026245117, 25.81053924560547, 23.777660369873047, 20.9586124420166, 22.31351661682129, 24.483488082885742, 25.662174224853516, 25.86168670654297, 23.779884338378906, 24.652507781982422, 22.990127563476562, 23.848407745361328, 23.666614532470703, 24.5975284576416, 24.49788475036621, 25.36255645751953, 25.564319610595703, 23.063261032104492, 21.23251724243164, 24.6475772857666, 25.052640914916992, 24.56515884399414, 24.445362091064453, 25.882221221923828, 25.30058479309082, 24.408367156982422, 20.251873016357422, 23.402023315429688, 23.667476654052734, 23.105514526367188, 23.280410766601562, 23.815038681030273, 23.604360580444336, 24.301225662231445, 22.87082290649414, 23.23988914489746, 23.210363388061523, 22.06646728515625, 23.66368865966797, 23.562210083007812, 23.300901412963867, 22.517467498779297, 24.079439163208008, 23.502334594726562, 23.355958938598633, 23.05693244934082, 23.722625732421875, 24.29871940612793, 23.024805068969727, 23.552688598632812, 24.04077911376953, 24.172822952270508, 22.323936462402344, 23.32061767578125, 23.82063865661621, 23.62399673461914, 23.447031021118164, 24.042102813720703, 22.965476989746094, 24.291778564453125, 23.23342514038086, 23.955810546875, 23.166671752929688, 22.69806671142578, 22.75822639465332, 23.04176902770996, 23.241718292236328, 23.50666046142578, 22.369674682617188, 21.80257797241211, 22.61835479736328, 23.053848266601562, 22.71571922302246, 22.392610549926758, 21.82354736328125, 22.799488067626953, 22.572050094604492, 22.4611873626709, 22.451696395874023, 22.936325073242188, 22.62971305847168, 22.728416442871094, 22.111547470092773, 21.774845123291016, 21.518064498901367, 21.81491470336914, 22.49791717529297, 21.974172592163086, 22.20074462890625, 22.064172744750977, 22.181713104248047, 21.974733352661133, 21.92168617248535, 21.697113037109375, 21.572967529296875, 21.529354095458984, 21.504112243652344, 21.325347900390625, 21.15109634399414, 21.0871524810791, 21.121715545654297, 21.230819702148438, 21.45594596862793, 20.968841552734375, 21.62851905822754, 20.931961059570312, 21.189128875732422, 20.85647201538086, 20.584306716918945, 20.524805068969727, 20.052715301513672, 19.484830856323242, 20.118127822875977, 20.21872329711914, 20.194948196411133, 20.73682975769043, 19.98467445373535, 19.927715301513672, 19.728435516357422, 20.057968139648438, 20.187763214111328, 19.907352447509766, 19.504453659057617, 19.733198165893555, 19.44614028930664, 18.78223419189453, 18.573875427246094, 19.680635452270508, 19.09040069580078, 19.399433135986328, 19.143234252929688, 18.429826736450195, 18.908845901489258, 18.754131317138672, 19.06834602355957, 18.977310180664062, 18.48195457458496, 18.39425277709961, 18.320465087890625, 18.624547958374023, 18.002391815185547, 18.02897834777832, 17.941883087158203, 18.38559913635254, 18.113126754760742, 18.505220413208008, 18.146493911743164, 18.11321449279785, 17.714311599731445, 17.865081787109375, 17.497339248657227, 17.418399810791016, 17.52143096923828, 17.2410888671875, 17.42622184753418, 17.675678253173828, 17.23552131652832, 16.490942001342773, 17.38231086730957, 16.966283798217773, 16.119953155517578, 16.979215621948242, 16.52597427368164, 17.34248161315918, 16.49712371826172, 16.54764175415039, 16.310596466064453, 15.779352188110352, 15.412834167480469, 15.801546096801758, 16.0050106048584, 15.651083946228027, 16.473861694335938, 15.569746017456055, 16.016889572143555, 15.974967002868652, 16.12950325012207, 15.917917251586914, 15.184494972229004, 15.213319778442383, 16.037599563598633, 15.206856727600098, 15.962355613708496, 15.504939079284668, 13.508346557617188, 14.210246086120605, 14.123966217041016, 14.277260780334473, 14.434601783752441, 14.333296775817871, 14.431231498718262, 13.30600643157959, 13.364470481872559, 14.198321342468262, 14.599907875061035, 13.962201118469238, 13.648224830627441, 13.432551383972168, 13.940977096557617, 13.990276336669922, 13.61646842956543, 13.584447860717773, 13.977237701416016, 13.480110168457031, 12.872194290161133, 13.690608024597168, 12.595425605773926, 13.666223526000977, 12.765628814697266, 13.28242015838623, 12.088829040527344, 12.895479202270508, 12.467490196228027, 12.410433769226074, 12.08082103729248, 12.059181213378906, 12.22647762298584, 10.739242553710938, 11.452886581420898, 12.211197853088379, 12.08108139038086, 11.449560165405273, 10.585200309753418, 11.86935043334961, 11.280657768249512, 11.9268798828125, 11.265409469604492, 10.821843147277832, 11.301301956176758, 10.166032791137695, 12.017962455749512, 11.012690544128418, 10.535057067871094, 11.360030174255371, 10.99183177947998, 11.445008277893066, 10.72907829284668, 9.670010566711426, 10.828390121459961, 10.490175247192383, 10.059903144836426, 9.031574249267578, 10.599865913391113, 9.927756309509277, 8.960395812988281, 9.935720443725586, 9.521772384643555, 10.266366958618164, 9.332210540771484, 10.412450790405273, 10.467389106750488, 10.169904708862305, 9.001227378845215, 9.583343505859375, 8.536848068237305, 9.345209121704102, 9.49501895904541, 8.536958694458008, 8.659774780273438, 9.615961074829102, 8.119009971618652, 8.027174949645996, 8.164216995239258, 9.243733406066895, 8.785021781921387, 9.011674880981445, 8.846604347229004, 9.131208419799805, 8.160927772521973, 8.813009262084961, 9.15785026550293, 7.10080099105835, 7.83652400970459, 7.441704750061035, 7.315683364868164, 8.089744567871094, 7.712013244628906, 6.808313846588135, 7.706493377685547, 7.0320963859558105, 7.243188858032227, 7.545928478240967, 7.136239051818848, 8.105318069458008, 7.843148231506348, 8.16373062133789, 6.717388153076172, 5.534158706665039, 5.086609363555908, 6.96461296081543, 6.680233478546143, 5.582779884338379, 7.360195159912109, 5.196653366088867, 6.496135711669922, 6.722476005554199, 6.703895092010498, 5.6868743896484375, 7.098849296569824, 5.0286688804626465, 6.769569396972656, 7.7022294998168945, 6.111337661743164, 7.0839128494262695, 4.921022415161133, 6.967957496643066, 4.759932518005371, 6.0688347816467285, 6.819944858551025, 6.337051868438721, 5.961812973022461, 4.270818710327148, 5.137414932250977, 4.7360663414001465, 4.644606590270996, 6.015071868896484, 5.216422080993652, 3.0167529582977295, 5.213013648986816, 3.888716220855713, 4.228792190551758, 4.96871280670166, 4.27635383605957, 4.721657752990723, 4.837410926818848, 4.905940532684326, 4.560546875, 6.928035259246826, 6.069729328155518, 4.83621072769165, 4.613566875457764, 3.9561767578125, 4.54325532913208, 4.39113712310791, 2.686835765838623, 2.518244504928589, 4.151580333709717, 4.493224143981934, 3.977921485900879, 1.8467016220092773, 3.685288906097412, 3.760183334350586, 4.939489364624023, 3.165783643722534, 5.082842826843262, 6.114760875701904, 5.860594749450684, 4.6408891677856445, 3.2747695446014404, 4.944028377532959, 3.941765546798706, 2.1465556621551514, 4.83297061920166, 5.175159454345703, 4.7367024421691895, 2.786520481109619, 4.7147135734558105, 6.75267219543457, 3.828218460083008, 2.826045036315918, 2.6721205711364746, 4.140196323394775, 3.5506396293640137, 0.969293475151062, 2.1521639823913574, 5.869654178619385, 3.333742618560791, 4.679908752441406, 4.066956043243408, 3.9825901985168457, 2.650179147720337, 2.1421937942504883, 3.5651955604553223, 4.30935525894165, 2.920426368713379, 0.49669599533081055, 1.9933171272277832, 2.164180278778076, 0.23448926210403442, 2.9059972763061523, 3.7022721767425537, 3.330556631088257, 3.4722561836242676, 