{"aucroc": 0.5135548661005879, "aucpr": 0.2128269441281502, "dataset": "19_landsat", "method": "soft", "test_ratio": 0.20714655618850336, "train_ratio": 0.20714655618850336, "labeled_anomalies": 1.0, "loe_loss": [47.50350570678711, 44.776519775390625, 42.18003845214844, 41.25788497924805, 40.77131652832031, 42.37345886230469, 43.049747467041016, 40.965145111083984, 41.359893798828125, 39.8139762878418, 40.83875274658203, 40.68285369873047, 39.412654876708984, 41.042152404785156, 41.6279182434082, 39.4310302734375, 40.582359313964844, 39.444210052490234, 39.22086715698242, 39.21562957763672, 38.781490325927734, 40.18268966674805, 38.85417556762695, 38.669517517089844, 38.730262756347656, 38.297603607177734, 38.40498352050781, 37.16444396972656, 37.925254821777344, 38.51508712768555, 37.301658630371094, 37.70455551147461, 36.14065170288086, 37.443843841552734, 37.233638763427734, 37.227874755859375, 36.79060363769531, 36.85350036621094, 36.96478271484375, 35.866600036621094, 36.7039680480957, 35.783443450927734, 36.15749740600586, 35.82921600341797, 35.99180603027344, 34.910091400146484, 34.97257614135742, 35.63946533203125, 34.36274337768555, 33.83638000488281, 34.14727783203125, 33.46530532836914, 33.66050720214844, 33.381378173828125, 33.39291000366211, 32.996124267578125, 32.603797912597656, 31.960365295410156, 31.873184204101562, 32.568580627441406, 32.389854431152344, 32.78833770751953, 32.29392623901367, 32.40131759643555, 32.073612213134766, 31.421302795410156, 31.886619567871094, 32.39821243286133, 32.020565032958984, 31.770706176757812, 31.449865341186523, 31.700183868408203, 31.62828254699707, 31.50161361694336, 31.586416244506836, 31.38056755065918, 31.99598503112793, 31.26507568359375, 31.343250274658203, 31.204570770263672, 31.187753677368164, 31.40077781677246, 31.08148956298828, 31.189712524414062, 30.416555404663086, 31.283010482788086, 30.36253547668457, 30.348371505737305, 30.57753562927246, 30.147457122802734, 30.166807174682617, 30.568134307861328, 30.52686309814453, 30.410030364990234, 29.997207641601562, 29.7309513092041, 29.97926902770996, 29.92382049560547, 30.033103942871094, 29.505027770996094, 29.365427017211914, 29.716833114624023, 29.905275344848633, 29.601957321166992, 29.0595760345459, 29.44934844970703, 29.5491943359375, 29.14028549194336, 28.582733154296875, 29.020137786865234, 28.747825622558594, 28.665283203125, 28.55191421508789, 28.347532272338867, 28.58792495727539, 28.115867614746094, 28.30817222595215, 28.506122589111328, 28.442569732666016, 28.092483520507812, 28.254697799682617, 28.132978439331055, 27.86332130432129, 27.583765029907227, 27.52027702331543, 27.26304817199707, 27.494155883789062, 27.43658447265625, 27.624725341796875, 27.53329849243164, 27.039291381835938, 27.05173110961914, 27.078458786010742, 27.257165908813477, 26.816753387451172, 26.656639099121094, 26.91866111755371, 26.837505340576172, 26.45612144470215, 26.49604606628418, 26.856836318969727, 26.278053283691406, 26.135149002075195, 26.264842987060547, 26.142602920532227, 26.1829833984375, 25.939714431762695, 26.071826934814453, 25.672752380371094, 25.506479263305664, 25.20606231689453, 25.707141876220703, 25.62885856628418, 25.624420166015625, 25.75982666015625, 24.959041595458984, 25.187013626098633, 24.84466552734375, 24.96446418762207, 24.83507537841797, 24.639158248901367, 24.648557662963867, 24.312137603759766, 24.237857818603516, 24.21967315673828, 24.828231811523438, 24.287918090820312, 24.176841735839844, 24.250431060791016, 24.24601173400879, 24.080976486206055, 24.102792739868164, 23.947853088378906, 23.96786880493164, 23.971384048461914, 24.08220672607422, 23.81328582763672, 23.837512969970703, 22.911685943603516, 23.444026947021484, 22.830997467041016, 23.16873550415039, 22.75205421447754, 22.712778091430664, 23.01267433166504, 22.95551872253418, 22.431690216064453, 22.012561798095703, 22.68126106262207, 22.240293502807617, 21.83501434326172, 22.42784881591797, 21.992250442504883, 22.21149444580078, 22.061771392822266, 22.203922271728516, 21.94627571105957, 21.888729095458984, 21.599088668823242, 21.46547508239746, 21.57375717163086, 21.1810245513916, 21.597274780273438, 21.2183895111084, 21.063085556030273, 20.88472557067871, 20.45427894592285, 20.797773361206055, 20.768203735351562, 21.16640281677246, 20.597057342529297, 20.605714797973633, 20.368267059326172, 20.33660316467285, 19.905000686645508, 20.3231201171875, 20.83233070373535, 20.564884185791016, 19.79056739807129, 20.370380401611328, 19.839067459106445, 20.256656646728516, 19.05300521850586, 19.221912384033203, 19.15932273864746, 19.353437423706055, 19.61968231201172, 19.13321876525879, 19.481483459472656, 19.401615142822266, 19.09864044189453, 19.025253295898438, 19.008708953857422, 18.211559295654297, 18.629724502563477, 17.988924026489258, 18.45011329650879, 18.348831176757812, 18.06360626220703, 17.70685577392578, 17.982704162597656, 18.410856246948242, 18.097797393798828, 17.99722671508789, 17.5091552734375, 18.62958335876465, 18.417884826660156, 18.118667602539062, 17.553388595581055, 18.155973434448242, 17.364517211914062, 17.74650001525879, 16.846569061279297, 17.30500030517578, 16.722562789916992, 16.626209259033203, 17.145065307617188, 17.215774536132812, 16.897010803222656, 16.936941146850586, 16.960405349731445, 16.408203125, 16.39256477355957, 17.136688232421875, 15.49100112915039, 16.5262393951416, 16.062131881713867, 16.199031829833984, 15.895345687866211, 16.347578048706055, 16.139345169067383, 16.130643844604492, 16.059118270874023, 16.13674545288086, 16.18130874633789, 15.493720054626465, 15.493267059326172, 15.384551048278809, 15.865045547485352, 15.94653606414795, 15.187450408935547, 15.102561950683594, 15.509308815002441, 15.36506175994873, 14.848316192626953, 14.880324363708496, 15.38374137878418, 14.22825813293457, 14.519649505615234, 15.175775527954102, 14.804722785949707, 14.397958755493164, 14.353954315185547, 14.820341110229492, 13.743120193481445, 14.697770118713379, 14.19446086883545, 13.985447883605957, 13.66154956817627, 14.058550834655762, 14.184721946716309, 14.305055618286133, 13.918691635131836, 13.992355346679688, 13.662156105041504, 14.10848617553711, 14.381547927856445, 13.182170867919922, 14.006901741027832, 13.99889087677002, 13.089308738708496, 14.391411781311035, 13.190972328186035, 13.46138858795166, 13.921810150146484, 13.714716911315918, 12.62911319732666, 12.570775032043457, 12.811773300170898, 12.881749153137207, 13.709735870361328, 12.894570350646973, 13.640020370483398, 12.929771423339844, 13.15982723236084, 12.659245491027832, 12.785682678222656, 12.290548324584961, 13.174591064453125, 12.505663871765137, 12.142829895019531, 12.391824722290039, 12.28429889678955, 12.78993034362793, 11.72500228881836, 13.313908576965332, 12.423983573913574, 12.520410537719727, 12.077092170715332, 11.925520896911621, 12.469989776611328, 12.186602592468262, 12.285898208618164, 13.55173110961914, 12.568480491638184, 12.298576354980469, 11.955913543701172, 11.061561584472656, 11.140676498413086, 12.017045974731445, 11.293453216552734, 12.062393188476562, 12.626622200012207, 12.014154434204102, 12.34455680847168, 11.328063011169434, 11.241067886352539, 11.437204360961914, 11.947001457214355, 11.988788604736328, 11.598395347595215, 12.54198169708252, 11.712725639343262, 11.82741641998291, 11.908974647521973, 12.192211151123047, 10.875588417053223, 11.683993339538574, 11.144174575805664, 11.184463500976562, 11.428564071655273, 11.85346794128418, 11.515495300292969, 11.447826385498047, 11.004912376403809, 10.647522926330566, 11.801603317260742, 11.944575309753418, 11.382705688476562, 10.351068496704102, 11.307113647460938, 11.982715606689453, 11.555527687072754, 12.119168281555176, 10.999478340148926, 10.974187850952148, 10.911653518676758, 11.578396797180176, 10.489331245422363, 10.663944244384766, 10.778911590576172, 10.926883697509766, 11.48078727722168, 10.993284225463867, 10.706705093383789, 10.067415237426758, 11.123760223388672, 