{"aucroc": 0.570859460047899, "aucpr": 0.23575661299748582, "dataset": "19_landsat", "method": "soft", "test_ratio": 0.20714655618850336, "train_ratio": 0.20714655618850336, "labeled_anomalies": 1.0, "loe_loss": [48.55244064331055, 46.12953186035156, 41.621315002441406, 42.6085319519043, 42.78021240234375, 41.60649490356445, 40.909576416015625, 42.147315979003906, 41.970420837402344, 41.166717529296875, 39.94556427001953, 40.792320251464844, 41.55711364746094, 39.32975769042969, 40.13310623168945, 39.94854736328125, 39.09842300415039, 39.83877944946289, 38.701087951660156, 38.83338165283203, 38.83713912963867, 37.371978759765625, 37.05810546875, 37.84653854370117, 36.87340545654297, 37.5528678894043, 37.48641586303711, 37.72243881225586, 37.75547790527344, 36.47354507446289, 36.41356658935547, 36.10719680786133, 36.716224670410156, 36.52674865722656, 34.33467483520508, 36.17901611328125, 34.287689208984375, 35.74824523925781, 34.72317886352539, 35.27546691894531, 35.02922821044922, 34.92500686645508, 34.30564880371094, 34.23664855957031, 33.64108657836914, 33.353023529052734, 33.76801300048828, 32.177669525146484, 31.37033462524414, 32.82293701171875, 33.376686096191406, 31.742616653442383, 31.32071304321289, 31.854894638061523, 31.95431900024414, 32.52178192138672, 30.388671875, 30.04500961303711, 31.27858543395996, 31.682594299316406, 30.273717880249023, 29.3264217376709, 30.145090103149414, 29.555965423583984, 28.75177764892578, 28.129711151123047, 28.511714935302734, 30.160816192626953, 28.417827606201172, 28.227859497070312, 25.623422622680664, 26.148439407348633, 26.170536041259766, 26.451873779296875, 27.147613525390625, 27.12830352783203, 24.807662963867188, 25.006248474121094, 25.52375030517578, 25.39687156677246, 27.18198013305664, 24.66150665283203, 26.17557144165039, 24.765974044799805, 24.18126678466797, 24.37133026123047, 24.54206657409668, 22.543546676635742, 25.069019317626953, 21.39134407043457, 22.880615234375, 23.90851593017578, 21.187475204467773, 19.51651382446289, 20.783504486083984, 19.695871353149414, 19.891605377197266, 22.124719619750977, 18.192184448242188, 19.04193687438965, 18.60439682006836, 16.079599380493164, 19.687158584594727, 16.180456161499023, 11.452579498291016, 13.783512115478516, 16.25909996032715, 5.802015781402588, 5.428746700286865, 8.665285110473633, 4.809528350830078, -13.153809547424316], "n_epochs": 111}