{"aucroc": 0.4972509797517963, "aucpr": 0.19574431146416468, "dataset": "19_landsat", "method": "hard", "test_ratio": 0.20714655618850336, "train_ratio": 0.20714655618850336, "labeled_anomalies": 1.0, "loe_loss": [28.893699645996094, 27.699796676635742, 28.207740783691406, 26.167804718017578, 24.586965560913086, 26.729312896728516, 24.677867889404297, 22.464691162109375, 24.175418853759766, 26.17254638671875, 23.229877471923828, 24.319814682006836, 23.04161262512207, 23.59492301940918, 24.18531036376953, 21.535062789916992, 23.766313552856445, 22.886585235595703, 21.0263729095459, 23.939102172851562, 22.486164093017578, 23.207015991210938, 23.951753616333008, 24.09043312072754, 24.68977928161621, 22.755586624145508, 25.779067993164062, 21.249435424804688, 23.8006534576416, 20.899639129638672, 18.373491287231445, 21.953523635864258, 23.04488754272461, 20.04865837097168, 20.511070251464844, 18.92215919494629, 19.293750762939453, 17.898656845092773, 20.774032592773438, 19.553789138793945, 18.059288024902344, 19.955585479736328, 18.841291427612305, 19.255260467529297, 21.10342025756836, 17.333032608032227, 16.63504409790039, 20.678293228149414, 17.594552993774414, 15.198766708374023, 16.555208206176758, 16.581958770751953, 20.572616577148438, 21.109840393066406, 19.44236946105957, 16.813135147094727, 17.030807495117188, 13.449237823486328, 15.92028522491455, 16.68928337097168, 15.638656616210938, 13.213348388671875, 16.666473388671875, 15.101051330566406, 15.15479850769043, 13.643510818481445, 16.104320526123047, 15.118337631225586, 15.381537437438965, 11.636744499206543, 13.007315635681152, 16.163206100463867, 16.715618133544922, 14.017702102661133, 14.568058013916016, 15.18436336517334, 17.01410675048828, 15.897984504699707, 15.196039199829102, 12.391463279724121, 17.13277244567871, 12.295392990112305, 13.380663871765137, 17.928787231445312, 17.338857650756836, 18.996618270874023, 15.610430717468262, 14.791475296020508, 14.321123123168945, 11.25881576538086, 14.926216125488281, 17.061397552490234, 14.437989234924316, 14.515040397644043, 13.431371688842773, 12.979791641235352, 6.855400085449219, 15.266040802001953, 12.043745994567871, 16.64861297607422, 8.627903938293457, 14.382593154907227, 11.194700241088867, 14.420971870422363, 11.397098541259766, 8.601686477661133, 9.059014320373535, 11.518511772155762, 13.366905212402344, 8.892956733703613, 6.295974254608154, 9.215190887451172, 8.33102035522461, 11.348492622375488, 9.18162727355957, 9.853452682495117, 7.108331680297852, 6.052783012390137, 7.655242919921875, 13.503950119018555, 11.585617065429688, 7.7927775382995605, 7.93867301940918, 9.894770622253418, 10.378801345825195, 12.805459022521973, 14.01196575164795, 5.494699001312256, 13.503355026245117, 12.335246086120605, 4.799380779266357, 7.183426380157471, 5.202889919281006, 7.688024997711182, 5.1475419998168945, 8.384921073913574, 11.584981918334961, 7.382785797119141, 6.738052845001221, 6.880842208862305, 7.818310737609863, 9.340452194213867, 7.983733654022217, 11.637022972106934, 6.377467155456543, 4.668972492218018, 7.002431869506836, 3.220315456390381, 2.013805389404297, 5.03468656539917, 7.704379081726074, 7.727839946746826, 3.1426892280578613, 6.226690292358398, 1.6212061643600464, 6.7580108642578125, 2.183004140853882, 8.651643753051758, 8.448296546936035, 3.4578158855438232, 7.181901931762695, 2.6882715225219727, 1.4116777181625366, 7.260800361633301, -0.9598075151443481], "n_epochs": 164}