{"aucroc": 0.5275609623339865, "aucpr": 0.20689574184672302, "dataset": "19_landsat", "method": "refine", "test_ratio": 0.20714655618850336, "train_ratio": 0.20714655618850336, "labeled_anomalies": 1.0, "loe_loss": [53.32064437866211, 49.7261962890625, 46.99169158935547, 46.17020034790039, 46.19754409790039, 47.766273498535156, 47.8826789855957, 46.079708099365234, 46.79145050048828, 45.52425003051758, 45.79873275756836, 45.52289581298828, 44.37588882446289, 45.24396896362305, 47.239166259765625, 43.82289505004883, 45.3272705078125, 44.02900314331055, 43.80121994018555, 42.714088439941406, 43.846595764160156, 44.13493728637695, 43.457740783691406, 42.772361755371094, 42.897029876708984, 42.66030502319336, 42.71586990356445, 42.018829345703125, 42.89110565185547, 42.63119125366211, 41.34293746948242, 41.73536682128906, 40.77356719970703, 40.815616607666016, 41.74641799926758, 40.79609680175781, 40.838523864746094, 41.01030349731445, 41.35591506958008, 39.28692626953125, 39.87797164916992, 40.03080368041992, 39.159446716308594, 39.57880783081055, 37.705787658691406, 37.71953201293945, 38.11190414428711, 36.865943908691406, 37.66490936279297, 36.7735595703125, 37.354434967041016, 36.9056510925293, 36.717430114746094, 36.513221740722656, 35.804443359375, 34.61564636230469, 35.30724334716797, 35.102359771728516, 35.24646759033203, 34.212730407714844, 34.410377502441406, 34.69272994995117, 34.27305603027344, 33.93233108520508, 33.481197357177734, 33.20021057128906, 34.34865188598633, 33.859779357910156, 34.024940490722656, 33.12371063232422, 33.257320404052734, 32.79021453857422, 33.09855270385742, 33.32645797729492, 33.149112701416016, 32.188968658447266, 32.963592529296875, 32.54652786254883, 32.60358810424805, 32.170467376708984, 31.43548011779785, 32.03483581542969, 31.473697662353516, 32.3284797668457, 30.841936111450195, 32.46160888671875, 31.00765609741211, 30.281478881835938, 31.614089965820312, 30.430583953857422, 31.35761070251465, 31.089675903320312, 31.457843780517578, 30.723751068115234, 30.113794326782227, 30.348649978637695, 30.4212646484375, 30.08281707763672, 30.43896484375, 29.92589569091797, 29.71172523498535, 29.823945999145508, 29.819652557373047, 30.116756439208984, 28.87445068359375, 28.683603286743164, 29.988853454589844, 28.955530166625977, 28.239049911499023, 29.115337371826172, 28.71889877319336, 29.079404830932617, 28.89334487915039, 28.437129974365234, 28.749849319458008, 28.6704158782959, 27.800302505493164, 28.306095123291016, 28.192686080932617, 27.702564239501953, 27.227848052978516, 27.85038185119629, 27.084091186523438, 26.57246971130371, 26.645021438598633, 26.092994689941406, 26.360660552978516, 26.63672637939453, 27.013858795166016, 27.12879180908203, 25.609817504882812, 26.02065658569336, 25.735078811645508, 27.1954345703125, 26.183317184448242, 25.654632568359375, 25.988174438476562, 25.9709529876709, 25.29035186767578, 25.497814178466797, 25.694856643676758, 25.026939392089844, 24.849843978881836, 25.99073600769043, 24.320980072021484, 25.81573486328125, 24.329936981201172, 25.16443634033203, 23.998302459716797, 24.481393814086914, 23.57032012939453, 24.157426834106445, 24.474288940429688, 24.09583282470703, 24.048433303833008, 23.17127227783203, 23.628673553466797, 23.268295288085938, 22.7974910736084, 22.497072219848633, 22.473247528076172, 22.14057731628418, 22.523635864257812, 22.36903953552246, 22.613195419311523, 22.263338088989258, 21.52362823486328, 22.1463623046875, 22.35474395751953, 22.382478713989258, 22.28648567199707, 21.63566017150879, 21.735790252685547, 21.869403839111328, 21.699848175048828, 20.658281326293945, 20.95547866821289, 20.954065322875977, 20.344406127929688, 21.14203643798828, 20.1163387298584, 20.75401496887207, 20.286746978759766, 20.194971084594727, 20.2928409576416, 19.625486373901367, 19.2872314453125, 18.624908447265625, 20.67396354675293, 19.31912612915039, 18.55392837524414, 20.236173629760742, 19.45339584350586, 19.142742156982422, 19.3795108795166, 19.756837844848633, 18.385862350463867, 18.902236938476562, 19.248783111572266, 19.487573623657227, 19.035478591918945, 18.618989944458008, 18.291881561279297, 17.801389694213867, 17.707836151123047, 17.51245880126953, 17.54062843322754, 16.632076263427734, 17.410924911499023, 18.748756408691406, 17.657588958740234, 17.539012908935547, 16.681095123291016, 17.235427856445312, 16.7069091796875, 17.108673095703125, 17.97270965576172, 19.943349838256836, 16.411983489990234, 17.935407638549805, 16.67031478881836, 17.249494552612305, 16.360885620117188, 16.250280380249023, 15.55005168914795, 16.483165740966797, 16.934680938720703, 16.324542999267578, 16.07027816772461, 16.122785568237305, 15.55115795135498, 16.123340606689453, 15.96873664855957, 14.858362197875977, 17.425901412963867, 14.521099090576172, 15.442243576049805, 15.236940383911133, 13.93800163269043, 13.518645286560059, 14.760533332824707, 15.567073822021484, 14.681585311889648, 16.189584732055664, 13.26120376586914, 16.10679817199707, 16.530658721923828, 15.197272300720215, 15.907018661499023, 16.103374481201172, 15.003092765808105, 15.656845092773438, 13.028387069702148, 14.909723281860352, 13.811304092407227, 12.584863662719727, 13.745543479919434, 14.898049354553223, 13.822694778442383, 14.879158020019531, 13.919605255126953, 13.271902084350586, 15.22577953338623, 14.741366386413574, 12.61135196685791, 14.892183303833008, 12.958414077758789, 13.214046478271484, 13.020780563354492, 14.561264991760254, 13.654732704162598, 13.086572647094727, 13.523987770080566, 14.01071834564209, 13.416301727294922, 14.503023147583008, 12.699013710021973, 14.071100234985352, 14.345329284667969, 14.074007987976074, 13.050283432006836, 12.204959869384766, 13.650444030761719, 13.068532943725586, 11.517050743103027, 11.689266204833984, 13.34427261352539, 11.557805061340332, 12.091526985168457, 12.473567962646484, 13.594833374023438, 11.216082572937012, 11.903097152709961, 13.110088348388672, 11.000240325927734, 13.21579360961914, 11.913848876953125, 11.35018539428711, 13.552273750305176, 12.922306060791016, 11.194878578186035, 14.443700790405273, 13.834334373474121, 12.847075462341309, 11.069249153137207, 11.563129425048828, 12.925013542175293, 10.513328552246094, 12.763937950134277, 13.107156753540039, 11.472366333007812, 14.222811698913574, 11.927781105041504, 10.322514533996582, 12.712154388427734, 12.037772178649902, 10.117310523986816, 10.399999618530273, 11.729110717773438, 10.738977432250977, 13.49159049987793, 11.364696502685547, 11.517021179199219, 10.11593246459961, 11.162917137145996, 10.687945365905762, 10.877767562866211, 12.053740501403809, 10.980921745300293, 10.823984146118164, 11.329635620117188, 10.751219749450684, 10.423298835754395, 12.146383285522461, 10.373848915100098, 13.269351959228516, 11.398112297058105, 9.727203369140625, 10.225027084350586, 10.625908851623535, 9.650930404663086, 9.995827674865723, 10.197989463806152, 13.101530075073242, 12.175995826721191, 11.23471736907959, 11.381974220275879, 8.702693939208984, 11.307887077331543, 12.734186172485352, 9.851030349731445, 12.086699485778809, 11.799236297607422, 10.535774230957031, 12.233113288879395, 8.807849884033203, 8.590839385986328, 12.687220573425293, 14.13371467590332, 11.70698356628418, 11.454998970031738, 11.963058471679688, 11.972635269165039, 10.761388778686523, 12.60228157043457, 14.97768783569336, 9.368959426879883, 12.064080238342285, 10.892816543579102, 10.612031936645508, 12.848360061645508, 11.667923927307129, 10.429484367370605, 11.271143913269043, 11.274407386779785, 8.867329597473145, 10.949512481689453, 13.766138076782227, 12.029096603393555, 9.07868480682373, 9.647908210754395, 13.16211223602295, 10.641776084899902, 10.592764854431152, 10.603846549987793, 9.652230262756348, 8.78813648223877, 12.131521224975586, 9.3018217086792, 12.818653106689453, 10.601539611816406, 9.796833038330078, 10.948086738586426, 10.345574378967285, 9.881518363952637, 8.238482475280762, 10.32382583618164, 