{"aucroc": 0.8363209876543211, "aucpr": 0.2321638381165307, "dataset": "20_letter", "method": "hard", "test_ratio": 0.0625, "train_ratio": 0.0625, "labeled_anomalies": 1.0, "loe_loss": [57.54183578491211, 54.906917572021484, 53.06012725830078, 53.966514587402344, 51.846229553222656, 51.71383285522461, 50.886688232421875, 51.93320846557617, 51.60306167602539, 50.14003372192383, 50.4488525390625, 50.050880432128906, 50.466678619384766, 50.38444519042969, 50.055355072021484, 48.91389465332031, 49.78767395019531, 50.0887565612793, 48.63142395019531, 48.811092376708984, 47.72764587402344, 47.93267822265625, 47.54117965698242, 47.77445983886719, 47.15958786010742, 47.104217529296875, 46.87944030761719, 46.51115798950195, 46.12456512451172, 46.19501876831055, 45.33507537841797, 46.398929595947266, 45.092041015625, 44.4088134765625, 45.6898307800293, 44.79305648803711, 43.736080169677734, 44.589237213134766, 44.236000061035156, 42.81574630737305, 43.20212173461914, 42.67524719238281, 42.80727005004883, 44.213645935058594, 42.55783462524414, 43.08867645263672, 43.62171936035156, 42.668914794921875, 41.711570739746094, 42.835540771484375, 42.17312240600586, 42.195369720458984, 42.554931640625, 41.700565338134766, 42.54474639892578, 40.612457275390625, 42.028785705566406, 42.29386520385742, 40.907554626464844, 40.52212142944336, 41.877296447753906, 42.29846954345703, 42.27335739135742, 41.248226165771484, 40.93993377685547, 41.26633834838867, 40.90736389160156, 40.1878662109375, 41.52791976928711, 41.26360321044922, 41.00455856323242, 41.1384162902832, 40.25859451293945, 40.76911163330078, 40.50532150268555, 40.329200744628906, 41.13825607299805, 40.736141204833984, 40.35090637207031, 39.635860443115234, 40.10467529296875, 40.060726165771484, 40.325801849365234, 39.121368408203125, 39.58763885498047, 39.91064453125, 39.98467254638672, 39.57484817504883, 39.966453552246094, 39.66560363769531, 39.2553596496582, 39.6541633605957, 38.89948654174805, 39.67033386230469, 38.830284118652344, 38.87107849121094, 39.09217071533203, 38.582794189453125, 39.23204803466797, 39.39609146118164, 37.995548248291016, 39.26759338378906, 38.4378547668457, 39.240684509277344, 38.24348068237305, 39.48826217651367, 38.403038024902344, 38.19853591918945, 38.04942321777344, 38.168880462646484, 37.62539291381836, 38.127777099609375, 38.51675033569336, 38.60391616821289, 38.02012634277344, 37.83747100830078, 38.76270294189453, 37.52513122558594, 37.9013786315918, 38.50141143798828, 37.893455505371094, 37.24506378173828, 38.29452133178711, 37.9964485168457, 37.81501007080078, 38.301475524902344, 38.32052230834961, 37.42158508300781, 37.745296478271484, 38.16437530517578, 37.87209701538086, 37.59116744995117, 37.82927703857422, 37.55521774291992, 38.154449462890625, 37.78738021850586, 37.868629455566406, 37.602237701416016, 37.53713607788086, 37.32122039794922, 37.71992492675781, 37.36555480957031, 36.676536560058594, 37.83707046508789, 36.780452728271484, 37.071250915527344, 36.73928451538086, 37.20574188232422, 37.34354782104492, 36.963314056396484, 37.586181640625, 36.7396125793457, 36.871402740478516, 37.631385803222656, 36.88865280151367, 36.83998489379883, 36.49666213989258, 36.39955520629883, 36.434791564941406, 37.18946075439453, 37.53175354003906, 37.20954132080078, 37.181396484375, 37.10436248779297, 36.4651985168457, 36.77484893798828, 36.56126022338867, 36.23929977416992, 36.3538703918457, 36.57299041748047, 36.29738235473633, 35.760684967041016, 36.321144104003906, 36.1903076171875, 37.20832824707031, 36.098182678222656, 35.96431350708008, 36.01668167114258, 36.4178466796875, 36.36400604248047, 35.65431213378906, 36.11341094970703, 35.89232635498047, 35.36058807373047, 35.575809478759766, 35.628822326660156, 35.04029083251953, 35.39955520629883, 35.60535430908203, 36.15948486328125, 35.554664611816406, 35.3448486328125, 34.71872329711914, 35.04854965209961, 36.35615539550781, 35.61799621582031, 35.6441650390625, 35.276615142822266, 34.49550247192383, 35.294395446777344, 35.585662841796875, 35.037567138671875, 34.75759506225586, 34.38744354248047, 35.21337890625, 35.44580841064453, 33.97017288208008, 33.96949005126953, 34.77900314331055, 34.833927154541016, 35.761749267578125, 34.78369140625, 33.979087829589844, 34.85145950317383, 34.66630935668945, 34.39223098754883, 34.716453552246094, 34.424015045166016, 34.53718948364258, 34.872127532958984, 34.92961883544922, 35.21431350708008, 34.335025787353516, 35.22175216674805, 34.4560661315918, 34.430091857910156, 34.301666259765625, 34.49164581298828, 34.00574493408203, 34.2547607421875, 34.298439025878906, 33.59547805786133, 34.46717071533203, 34.493247985839844, 34.80137252807617, 34.44750213623047, 33.97492599487305, 33.83500289916992, 33.38102722167969, 33.95328140258789, 33.562347412109375, 34.31081771850586, 34.45488739013672, 34.58578872680664, 34.18795394897461, 33.96284103393555, 33.395423889160156, 34.00719451904297, 33.67051315307617, 33.79163360595703, 34.06808090209961, 33.297645568847656, 32.9935417175293, 34.26704788208008, 33.270198822021484, 33.44683074951172, 34.02851867675781, 34.206478118896484, 33.59844207763672, 34.58913803100586, 33.89051818847656, 33.52785110473633, 33.63475036621094, 33.83820343017578, 34.753292083740234, 32.630828857421875, 33.417022705078125, 32.24110794067383, 33.43580627441406, 33.417816162109375, 32.92919158935547, 33.169593811035156, 33.42243194580078, 33.665496826171875, 33.2957649230957, 33.34000015258789, 33.39323043823242, 32.99269104003906, 33.359989166259766, 32.72924041748047, 32.94084930419922, 32.59616470336914, 32.4715576171875, 32.399269104003906, 33.94243240356445, 33.20652770996094, 33.1539192199707, 33.058414459228516, 32.81311798095703, 33.40008544921875, 32.47576141357422, 32.95161437988281, 33.81496047973633, 32.9533805847168, 33.45435333251953, 32.98672103881836, 31.804922103881836, 32.027278900146484, 32.495269775390625, 32.51811981201172, 32.31441879272461, 32.198570251464844, 32.84156799316406, 33.79278564453125, 32.96924591064453, 33.38713073730469, 32.67414855957031, 33.08788299560547, 32.27766036987305, 33.2178840637207, 32.68022537231445, 32.195106506347656, 33.34543228149414, 32.00888442993164, 32.49040222167969, 32.73391342163086, 32.06810760498047, 33.28143310546875, 33.583404541015625, 33.30628204345703, 32.74555587768555, 32.11570739746094, 32.38214111328125, 32.99814224243164, 32.77943801879883, 32.9654541015625, 32.84979248046875, 32.246543884277344, 32.65321731567383, 31.50933837890625, 32.88982391357422, 32.33401107788086, 32.74075698852539, 32.15407943725586, 32.32590866088867, 33.74630355834961, 31.81285858154297, 32.541961669921875, 32.98818588256836, 31.2593994140625, 32.58061599731445, 32.76384735107422, 31.5850830078125, 31.63243865966797, 32.714717864990234, 32.79898452758789, 33.20181655883789, 32.36799621582031, 32.57658767700195, 32.32680892944336, 32.17527770996094, 32.49957275390625, 32.71784973144531, 32.10322570800781, 32.557716369628906, 32.386940002441406, 31.830890655517578, 31.956470489501953, 31.264503479003906, 32.15082550048828, 31.85225486755371, 31.871496200561523, 30.527921676635742, 31.426942825317383, 32.09109878540039, 31.685199737548828, 32.428951263427734, 31.731178283691406, 31.485294342041016, 32.82754898071289, 31.783416748046875, 32.22514343261719, 31.819759368896484, 32.83610534667969, 31.185832977294922, 31.708316802978516, 31.838722229003906, 32.50830078125, 31.661373138427734, 30.979658126831055, 31.76265525817871, 30.642126083374023, 31.389448165893555, 32.11635208129883, 32.337852478027344, 31.79965591430664, 32.360008239746094, 32.58198547363281, 31.837528228759766, 32.0037956237793, 32.18836975097656, 32.32728576660156, 31.53845977783203, 31.605134963989258, 31.69009017944336, 31.588237762451172, 31.63701820373535, 32.173221588134766, 31.986194610595703, 31.138843536376953, 32.50924301147461, 31.07353401184082, 31.81072425842285, 31.907207489013672, 32.0046501159668, 31.63311767578125, 31.735177993774414, 