{"aucroc": 0.9252414252414253, "aucpr": 0.24858616102510767, "dataset": "21_Lymphography", "method": "soft", "test_ratio": 0.04666666666666667, "train_ratio": 0.04666666666666667, "labeled_anomalies": 1.0, "loe_loss": [34.321468353271484, 32.7645263671875, 32.35254669189453, 30.718435287475586, 27.94103240966797, 31.576013565063477, 27.303573608398438, 27.919620513916016, 27.764015197753906, 26.970443725585938, 26.892303466796875, 27.84557342529297, 26.598604202270508, 27.5661678314209, 27.115739822387695, 26.70354461669922, 25.868492126464844, 25.48594093322754, 26.892324447631836, 25.570131301879883, 25.551437377929688, 28.80759620666504, 24.97509002685547, 27.436952590942383, 26.392099380493164, 24.158292770385742, 25.74110984802246, 24.585372924804688, 26.204959869384766, 24.841840744018555, 24.52368927001953, 24.304767608642578, 24.83350372314453, 24.3727970123291, 25.09799575805664, 24.898086547851562, 24.286991119384766, 23.943410873413086, 23.9715633392334, 24.426504135131836, 24.891525268554688, 25.05318260192871, 24.8922061920166, 23.341407775878906, 24.77215576171875, 24.982746124267578, 24.415964126586914, 26.556652069091797, 23.227466583251953, 24.36016082763672, 23.84626007080078, 23.84306526184082, 24.153167724609375, 23.555316925048828, 23.276683807373047, 23.966541290283203, 22.717134475708008, 23.009849548339844, 23.76803207397461, 22.89650535583496, 23.65680503845215, 22.964881896972656, 24.471216201782227, 24.34959602355957, 23.686384201049805, 23.074697494506836, 24.20949935913086, 23.455869674682617, 24.902782440185547, 24.097192764282227, 22.839773178100586, 23.24370002746582, 23.36058235168457, 23.44459342956543, 25.125938415527344, 23.54158592224121, 23.60845184326172, 23.820781707763672, 23.849660873413086, 23.565475463867188, 23.064931869506836, 22.683391571044922, 23.184890747070312, 22.641551971435547, 23.423229217529297, 23.437686920166016, 23.064302444458008, 22.90191650390625, 22.791200637817383, 23.823488235473633, 22.610929489135742, 22.933765411376953, 24.514450073242188, 22.391674041748047, 23.12320899963379, 22.644134521484375, 23.552833557128906, 23.80889320373535, 23.136980056762695, 23.11641502380371, 22.74415397644043, 23.533885955810547, 23.450220108032227, 22.934066772460938, 23.537826538085938, 22.791919708251953, 22.944927215576172, 23.172061920166016, 22.441444396972656, 23.69804573059082, 23.53675079345703, 22.91880226135254, 23.153953552246094, 22.84053611755371, 22.9608097076416, 23.760643005371094, 22.998004913330078, 23.54391098022461, 23.41887092590332, 23.03573226928711, 23.006574630737305, 22.39656639099121, 22.96074867248535, 23.803354263305664, 23.021326065063477, 23.325729370117188, 23.20319938659668, 22.790849685668945, 22.25555419921875, 23.0650634765625, 23.088159561157227, 22.176166534423828, 23.393253326416016, 22.677806854248047, 22.357650756835938, 23.551368713378906, 22.612028121948242, 23.586101531982422, 23.454334259033203, 22.590667724609375, 23.490676879882812, 23.044769287109375, 22.629318237304688, 22.045591354370117, 23.112825393676758, 23.36866569519043, 22.660070419311523, 22.479785919189453, 22.49563217163086, 22.809890747070312, 22.52450180053711, 23.06991195678711, 22.72365951538086, 23.71491241455078, 23.0271053314209, 22.662090301513672, 22.156940460205078, 22.67446517944336, 23.016521453857422, 22.676036834716797, 22.450271606445312, 22.341665267944336, 22.758968353271484, 22.79645538330078, 22.578901290893555, 22.29403305053711, 23.00905418395996, 22.62154769897461, 22.659921646118164, 23.14518928527832, 22.866748809814453, 22.678234100341797, 22.664756774902344, 21.775117874145508, 22.558259963989258, 22.930620193481445, 22.186792373657227, 22.87299919128418, 22.35624885559082, 22.289051055908203, 23.09946060180664, 22.266193389892578, 22.019588470458984, 22.587644577026367, 22.82706069946289, 22.9854793548584, 22.410558700561523, 21.863723754882812, 22.105201721191406, 21.995328903198242, 22.486831665039062, 22.400165557861328, 22.815593719482422, 22.413280487060547, 22.419809341430664, 22.539058685302734, 22.931182861328125, 22.188610076904297, 22.06014633178711, 23.59636878967285, 22.929534912109375, 23.059307098388672, 22.673267364501953, 23.292129516601562, 22.69345474243164, 23.278722763061523, 23.27272605895996, 22.569883346557617, 22.292335510253906, 22.544788360595703, 22.93816566467285, 22.335718154907227, 22.48145866394043, 22.516328811645508, 22.593345642089844, 22.376794815063477, 22.02559471130371, 22.02039337158203, 22.304304122924805, 22.008113861083984, 21.667848587036133, 22.114429473876953, 22.086627960205078, 21.630884170532227, 22.65709686279297, 22.915847778320312, 22.302108764648438, 21.81991195678711, 21.991331100463867, 22.602596282958984, 22.10538101196289, 22.101341247558594, 22.021806716918945, 22.204864501953125, 22.10055923461914, 22.130882263183594, 22.31999969482422, 21.54570198059082, 22.234519958496094, 21.86688804626465, 21.751739501953125, 22.120925903320312, 21.445207595825195, 21.633228302001953, 22.238248825073242, 22.51152801513672, 22.38552474975586, 22.73336410522461, 21.86931610107422, 22.461994171142578, 21.893829345703125, 21.766565322875977, 22.006359100341797, 22.129329681396484, 22.77052879333496, 22.778032302856445, 22.07468032836914, 22.379840850830078, 21.80553436279297, 21.987768173217773, 21.67790985107422, 21.618915557861328, 22.09271240234375, 21.943586349487305, 22.06694984436035, 22.10713768005371, 23.145132064819336, 21.7963809967041, 21.70807647705078, 21.873291015625, 21.693729400634766, 22.212448120117188, 21.844608306884766, 22.328388214111328, 22.116424560546875, 21.943540573120117, 21.44280242919922, 21.510921478271484, 21.96866798400879, 21.641786575317383, 21.43795394897461, 21.90319061279297, 22.09468650817871, 21.745494842529297, 21.955764770507812, 21.57192611694336, 21.43903160095215, 22.294334411621094, 21.57036590576172, 21.34052085876465, 21.79534912109375, 21.546533584594727, 21.57661247253418, 21.735807418823242, 22.508119583129883, 22.677160263061523, 21.842710494995117, 22.421947479248047, 21.533069610595703, 22.104156494140625, 21.788726806640625, 21.131591796875, 22.05748748779297, 21.522377014160156, 21.439916610717773, 22.08840560913086, 21.715221405029297, 21.45142936706543, 21.138301849365234, 21.487892150878906, 21.957319259643555, 21.96360969543457, 21.321895599365234, 22.190887451171875, 21.708341598510742, 21.9762020111084, 21.77300453186035, 21.675161361694336, 21.25728988647461, 21.329647064208984, 21.290815353393555, 21.694746017456055, 20.995548248291016, 21.432870864868164, 21.580875396728516, 21.391910552978516, 21.143096923828125, 21.917625427246094, 22.023048400878906, 21.52874183654785, 21.36465072631836, 21.740753173828125, 21.628650665283203, 22.043182373046875, 21.240318298339844, 21.880508422851562, 22.00873565673828, 21.717361450195312, 20.933961868286133, 20.93701171875, 21.805580139160156, 21.610492706298828, 21.279508590698242, 21.595294952392578, 21.404848098754883, 22.24382209777832, 22.325199127197266, 21.504484176635742, 21.56440544128418, 21.567453384399414, 21.869300842285156, 21.29454803466797, 21.66511344909668, 22.224891662597656, 20.941377639770508, 21.37982177734375, 21.72917366027832, 21.905088424682617, 21.192489624023438, 21.499439239501953, 21.227523803710938, 20.740394592285156, 21.4167537689209, 21.660648345947266, 21.251998901367188, 21.176822662353516, 21.77103042602539, 21.406404495239258, 21.845441818237305, 20.818519592285156, 22.351268768310547, 20.96637535095215, 22.36321258544922, 21.106101989746094, 21.73845863342285, 22.147953033447266, 21.20379638671875, 21.38939666748047, 21.15851593017578, 21.312036514282227, 21.12413215637207, 21.84122085571289, 21.120431900024414, 20.903762817382812, 21.224224090576172, 21.45514488220215, 21.894208908081055, 20.813060760498047, 20.95331573486328, 21.051273345947266, 21.524568557739258, 21.62870979309082, 20.709917068481445, 21.064443588256836, 20.993408203125, 21.649150848388672, 20.714406967163086, 