{"aucroc": 0.9252414252414253, "aucpr": 0.24858616102510767, "dataset": "21_Lymphography", "method": "blind", "test_ratio": 0.04666666666666667, "train_ratio": 0.04666666666666667, "labeled_anomalies": 1.0, "loe_loss": [39.83096694946289, 38.00446701049805, 38.65122604370117, 35.9510383605957, 32.62282180786133, 37.77952575683594, 32.630104064941406, 33.884056091308594, 32.61433792114258, 31.634397506713867, 30.941452026367188, 32.16679382324219, 32.023799896240234, 33.01704788208008, 32.393043518066406, 32.16466522216797, 30.077320098876953, 29.67445182800293, 31.84503746032715, 30.018646240234375, 30.71257209777832, 33.75895309448242, 29.082279205322266, 32.990230560302734, 31.216785430908203, 28.546859741210938, 30.654977798461914, 28.991586685180664, 30.486083984375, 29.536746978759766, 28.939924240112305, 28.98699951171875, 29.30405616760254, 28.065166473388672, 29.96523666381836, 29.942588806152344, 28.51856803894043, 28.114410400390625, 28.495256423950195, 28.850971221923828, 29.741436004638672, 29.19552230834961, 29.16374969482422, 26.846927642822266, 29.25049591064453, 29.5703067779541, 29.229585647583008, 31.306650161743164, 27.358943939208984, 29.37655258178711, 28.314775466918945, 27.707794189453125, 28.323129653930664, 27.70054054260254, 26.899791717529297, 27.907567977905273, 26.270591735839844, 26.648521423339844, 27.681753158569336, 26.34000587463379, 27.590530395507812, 25.966005325317383, 28.308765411376953, 28.86353874206543, 27.692283630371094, 25.73495864868164, 28.314834594726562, 28.021804809570312, 28.581876754760742, 28.14944076538086, 26.593841552734375, 27.830835342407227, 27.51889419555664, 27.402687072753906, 29.689674377441406, 27.372127532958984, 27.672182083129883, 27.961795806884766, 27.941822052001953, 27.39674949645996, 26.677080154418945, 25.680511474609375, 27.151653289794922, 26.81266975402832, 27.454303741455078, 27.267663955688477, 26.398967742919922, 26.789152145385742, 26.720470428466797, 27.441429138183594, 25.740659713745117, 26.096113204956055, 28.773380279541016, 25.384441375732422, 26.676803588867188, 25.493141174316406, 27.500226974487305, 27.543582916259766, 25.952747344970703, 26.94083023071289, 25.389272689819336, 27.68055534362793, 27.36612892150879, 26.681373596191406, 27.24816131591797, 25.893775939941406, 26.537282943725586, 27.16305160522461, 25.601158142089844, 27.73344612121582, 27.506362915039062, 26.391429901123047, 26.858049392700195, 26.013051986694336, 26.565391540527344, 27.695568084716797, 27.034460067749023, 27.114967346191406, 26.990020751953125, 26.789243698120117, 26.081558227539062, 25.503774642944336, 26.792186737060547, 27.80450439453125, 26.569473266601562, 26.94512176513672, 26.556869506835938, 25.61669158935547, 25.762109756469727, 26.469505310058594, 26.412803649902344, 24.831375122070312, 26.915971755981445, 26.336994171142578, 24.998355865478516, 27.204723358154297, 26.26984214782715, 27.152151107788086, 27.024024963378906, 26.023197174072266, 26.726974487304688, 26.629928588867188, 25.859615325927734, 25.130016326904297, 26.693405151367188, 26.690635681152344, 25.960891723632812, 26.177623748779297, 25.82172966003418, 25.725784301757812, 25.198726654052734, 26.138568878173828, 25.49507713317871, 27.51717185974121, 25.968830108642578, 25.50495147705078, 24.846635818481445, 25.87727928161621, 26.580177307128906, 25.96759605407715, 25.21461296081543, 25.168127059936523, 26.10079574584961, 26.240013122558594, 26.183006286621094, 24.940649032592773, 26.47484588623047, 25.997800827026367, 25.78017234802246, 26.76683807373047, 26.328536987304688, 25.515413284301758, 26.18881607055664, 25.021583557128906, 25.90838623046875, 25.97681427001953, 24.351367950439453, 26.141759872436523, 25.43015480041504, 25.46404266357422, 26.748577117919922, 25.5079402923584, 24.980194091796875, 26.0833683013916, 26.06171417236328, 26.5208740234375, 25.479341506958008, 24.514606475830078, 24.985111236572266, 25.52980613708496, 25.65721321105957, 25.240922927856445, 26.171951293945312, 25.72208595275879, 25.381704330444336, 25.418888092041016, 26.015090942382812, 25.27229881286621, 24.879398345947266, 27.123291015625, 26.459007263183594, 25.97256088256836, 25.7222900390625, 26.543617248535156, 26.03609848022461, 26.249603271484375, 26.159591674804688, 25.627931594848633, 25.26729393005371, 25.28720474243164, 26.00850486755371, 25.24193572998047, 25.40841293334961, 25.562978744506836, 25.348861694335938, 25.350505828857422, 24.924148559570312, 24.558761596679688, 25.434980392456055, 24.388383865356445, 23.81354331970215, 25.40037727355957, 25.290508270263672, 24.638561248779297, 25.54193687438965, 25.38709831237793, 25.325191497802734, 24.009708404541016, 24.562477111816406, 25.636014938354492, 24.887985229492188, 24.919071197509766, 25.136526107788086, 25.052616119384766, 25.20535659790039, 24.69013023376465, 25.354820251464844, 25.13409996032715, 25.36179542541504, 24.96759033203125, 24.479516983032227, 25.678436279296875, 23.884357452392578, 24.442245483398438, 25.20627212524414, 25.378690719604492, 25.153337478637695, 25.519235610961914, 24.746124267578125, 25.67878532409668, 24.131179809570312, 25.419755935668945, 24.615663528442383, 24.94928741455078, 25.772632598876953, 25.53982162475586, 24.64105796813965, 25.085803985595703, 24.13347816467285, 24.067344665527344, 24.708709716796875, 24.609235763549805, 24.80219841003418, 24.91016960144043, 25.37257194519043, 24.821781158447266, 26.114904403686523, 24.374605178833008, 24.33344078063965, 24.49702262878418, 24.81422996520996, 25.024930953979492, 24.40233612060547, 25.528881072998047, 25.777631759643555, 25.109272003173828, 24.13494300842285, 24.20871353149414, 24.670719146728516, 24.624263763427734, 23.98021697998047, 25.53194236755371, 25.095462799072266, 23.996116638183594, 24.778669357299805, 24.423002243041992, 23.973133087158203, 25.07743263244629, 24.319061279296875, 23.598554611206055, 24.412954330444336, 24.585098266601562, 24.389114379882812, 24.138107299804688, 25.63798713684082, 26.08111572265625, 25.083524703979492, 24.639209747314453, 24.430280685424805, 24.980756759643555, 24.416669845581055, 24.06696128845215, 24.876733779907227, 23.902301788330078, 24.077682495117188, 24.87041473388672, 24.566516876220703, 24.184080123901367, 24.27241325378418, 24.41210174560547, 24.39629364013672, 25.556180953979492, 24.37730598449707, 25.623397827148438, 24.33810043334961, 25.184799194335938, 25.00645637512207, 24.218643188476562, 23.709354400634766, 24.29899787902832, 23.712299346923828, 24.835506439208984, 24.193603515625, 23.770708084106445, 24.475988388061523, 23.777273178100586, 23.507341384887695, 24.814186096191406, 24.854351043701172, 24.55747413635254, 24.2404727935791, 24.329620361328125, 24.39546775817871, 24.958892822265625, 24.202680587768555, 24.569732666015625, 24.669570922851562, 24.44737434387207, 23.46760368347168, 23.59543228149414, 24.53423500061035, 24.375926971435547, 24.5987606048584, 24.670854568481445, 24.166645050048828, 25.087631225585938, 25.409910202026367, 24.25063705444336, 24.123699188232422, 24.33725357055664, 24.206737518310547, 23.739776611328125, 24.653385162353516, 24.909269332885742, 23.514389038085938, 24.09200096130371, 24.704914093017578, 24.956937789916992, 23.760957717895508, 24.323867797851562, 24.131023406982422, 22.703506469726562, 24.254981994628906, 24.0638484954834, 23.9925479888916, 24.70597267150879, 25.02761459350586, 23.925512313842773, 24.189117431640625, 23.74098014831543, 24.851852416992188, 23.671480178833008, 25.531417846679688, 23.827102661132812, 24.995141983032227, 24.781089782714844, 23.594038009643555, 24.633525848388672, 23.824390411376953, 23.68850326538086, 23.719093322753906, 24.655338287353516, 23.68749237060547, 23.64079475402832, 23.942838668823242, 23.92371368408203, 24.517173767089844, 24.05821990966797, 23.245361328125, 23.263059616088867, 24.270282745361328, 24.19154167175293, 23.810928344726562, 24.044599533081055, 23.940410614013672, 24.295387268066406, 