{"aucroc": 0.9973359973359973, "aucpr": 0.960369498226641, "dataset": "21_Lymphography", "method": "refine", "test_ratio": 0.04666666666666667, "train_ratio": 0.04666666666666667, "labeled_anomalies": 1.0, "loe_loss": [35.29827880859375, 33.67586135864258, 33.447330474853516, 31.637916564941406, 28.719953536987305, 32.69525146484375, 28.19087791442871, 28.93568229675293, 28.59820556640625, 27.742271423339844, 27.559656143188477, 28.567903518676758, 27.504676818847656, 28.473081588745117, 27.991872787475586, 27.615507125854492, 26.514263153076172, 26.117130279541016, 27.720882415771484, 26.277589797973633, 26.369457244873047, 29.856365203857422, 25.577287673950195, 28.4267520904541, 27.274316787719727, 24.858545303344727, 26.631717681884766, 25.260408401489258, 26.997634887695312, 25.606794357299805, 25.26270866394043, 25.00680160522461, 25.582298278808594, 24.887418746948242, 25.905235290527344, 25.774383544921875, 24.96372413635254, 24.625974655151367, 24.682369232177734, 25.19742774963379, 25.784399032592773, 25.828710556030273, 25.63213348388672, 23.851619720458984, 25.525833129882812, 25.888790130615234, 25.260210037231445, 27.63713836669922, 23.732402801513672, 25.273208618164062, 24.519119262695312, 24.446157455444336, 24.87262535095215, 24.218791961669922, 23.744945526123047, 24.62095832824707, 23.076025009155273, 23.49357795715332, 24.4337158203125, 23.245746612548828, 24.295650482177734, 23.295307159423828, 25.311431884765625, 25.23332977294922, 24.346317291259766, 23.307607650756836, 25.026168823242188, 24.4331111907959, 25.87518882751465, 24.971824645996094, 23.31208610534668, 24.030364990234375, 24.099258422851562, 24.232891082763672, 26.152957916259766, 24.268936157226562, 24.429946899414062, 24.848270416259766, 24.652973175048828, 24.12895393371582, 23.42941665649414, 22.851221084594727, 23.73932647705078, 23.149137496948242, 23.941272735595703, 24.13066291809082, 23.346633911132812, 23.420324325561523, 23.207782745361328, 24.533653259277344, 22.60801887512207, 23.155153274536133, 25.479251861572266, 22.335609436035156, 23.473241806030273, 22.719236373901367, 24.180316925048828, 24.48319435119629, 23.2689208984375, 23.57394790649414, 22.590181350708008, 24.27178382873535, 23.94403839111328, 23.273595809936523, 24.354537963867188, 22.90615463256836, 23.397693634033203, 23.759037017822266, 22.24517059326172, 24.44424819946289, 24.172513961791992, 23.247556686401367, 23.89704132080078, 22.9550838470459, 23.437746047973633, 24.445125579833984, 23.3659610748291, 24.125694274902344, 24.067646026611328, 23.37802505493164, 22.959121704101562, 22.20389175415039, 23.156145095825195, 24.34088134765625, 23.39657974243164, 23.834062576293945, 23.713685989379883, 22.689027786254883, 22.104354858398438, 23.281328201293945, 23.429609298706055, 21.783796310424805, 23.614744186401367, 22.861835479736328, 22.089534759521484, 24.384525299072266, 22.73692512512207, 24.26361846923828, 24.195222854614258, 22.653404235839844, 23.978878021240234, 23.41255760192871, 22.705978393554688, 21.4803466796875, 23.53213119506836, 23.732391357421875, 22.705097198486328, 22.444900512695312, 22.24238395690918, 22.65534210205078, 22.140987396240234, 23.206960678100586, 22.25701904296875, 24.64912986755371, 22.97695541381836, 22.50341033935547, 21.598407745361328, 22.869680404663086, 23.466182708740234, 22.647132873535156, 22.286792755126953, 22.102022171020508, 23.064512252807617, 23.09677505493164, 22.57337188720703, 21.76588249206543, 23.370771408081055, 22.59290885925293, 22.472623825073242, 23.723968505859375, 23.011028289794922, 22.24894142150879, 22.895736694335938, 21.131370544433594, 22.262819290161133, 23.252933502197266, 21.445781707763672, 23.01006317138672, 21.882734298706055, 22.152149200439453, 23.379507064819336, 22.041423797607422, 21.482912063598633, 22.263967514038086, 23.31302833557129, 23.55471420288086, 22.13823699951172, 20.987537384033203, 21.770130157470703, 21.577251434326172, 22.20164680480957, 22.131593704223633, 23.307619094848633, 22.08067512512207, 22.168094635009766, 22.18474769592285, 23.5509090423584, 22.027238845825195, 21.30392074584961, 25.073623657226562, 23.508676528930664, 23.356142044067383, 22.956485748291016, 23.397197723388672, 22.992719650268555, 23.77560043334961, 23.907081604003906, 22.259048461914062, 22.46856117248535, 21.968799591064453, 22.635358810424805, 21.763465881347656, 21.90751838684082, 22.16168785095215, 22.384748458862305, 21.905664443969727, 21.275543212890625, 21.020050048828125, 22.187244415283203, 20.947946548461914, 20.513227462768555, 21.790206909179688, 21.832141876220703, 21.3505802154541, 22.844648361206055, 22.474720001220703, 21.725238800048828, 20.671342849731445, 20.940841674804688, 23.011789321899414, 21.402944564819336, 21.50900650024414, 21.433483123779297, 21.713916778564453, 22.030845642089844, 21.342714309692383, 22.20160675048828, 21.02078628540039, 22.262012481689453, 21.220237731933594, 20.85239028930664, 22.401662826538086, 20.219364166259766, 20.49473762512207, 22.043384552001953, 21.673337936401367, 22.052261352539062, 22.532817840576172, 21.02493667602539, 22.928131103515625, 20.82940673828125, 21.18082046508789, 20.940969467163086, 21.546279907226562, 23.422653198242188, 23.11260223388672, 21.21112823486328, 21.514869689941406, 20.956153869628906, 20.767858505249023, 20.780546188354492, 20.817590713500977, 21.388641357421875, 21.796714782714844, 21.945539474487305, 22.022932052612305, 24.87001609802246, 20.26907730102539, 21.003450393676758, 20.84482192993164, 20.78278160095215, 22.294330596923828, 20.63189697265625, 22.92400360107422, 23.464895248413086, 21.496158599853516, 20.48758888244629, 20.537363052368164, 21.437400817871094, 21.197879791259766, 20.376441955566406, 22.052867889404297, 22.17815589904785, 20.763017654418945, 21.503948211669922, 20.51205062866211, 20.047697067260742, 22.974712371826172, 20.80146598815918, 20.08350372314453, 20.708498001098633, 20.675636291503906, 20.995149612426758, 21.046566009521484, 24.08750343322754, 25.94256591796875, 21.87320899963379, 22.30394744873047, 20.948888778686523, 21.67690658569336, 21.077173233032227, 20.079587936401367, 22.019119262695312, 20.56423568725586, 20.627361297607422, 21.216672897338867, 20.83064079284668, 20.629981994628906, 21.217836380004883, 20.701332092285156, 21.198766708374023, 22.427356719970703, 21.037921905517578, 23.229209899902344, 21.165115356445312, 21.79079246520996, 21.475934982299805, 20.53476333618164, 20.15178108215332, 20.96953582763672, 20.260452270507812, 21.540508270263672, 20.790090560913086, 20.154701232910156, 21.04843521118164, 20.295673370361328, 20.092693328857422, 22.219385147094727, 21.90229034423828, 21.878097534179688, 20.709678649902344, 20.704225540161133, 21.921207427978516, 22.448808670043945, 21.053773880004883, 20.941987991333008, 22.03853988647461, 21.554841995239258, 19.447690963745117, 19.897157669067383, 21.830242156982422, 20.660335540771484, 20.82854461669922, 21.29230499267578, 21.062482833862305, 22.508995056152344, 22.482385635375977, 20.701534271240234, 20.90839958190918, 20.91827392578125, 21.61515998840332, 20.114145278930664, 21.64789390563965, 21.784732818603516, 20.036907196044922, 20.317827224731445, 21.150985717773438, 22.33662223815918, 20.397443771362305, 20.985010147094727, 21.547189712524414, 19.43492889404297, 21.28815460205078, 20.718088150024414, 20.246877670288086, 20.827993392944336, 22.314334869384766, 20.279006958007812, 20.780311584472656, 20.437551498413086, 23.07392692565918, 20.42630386352539, 23.90797996520996, 20.858686447143555, 22.34541893005371, 21.08736801147461, 20.060165405273438, 20.7192325592041, 20.262195587158203, 20.576181411743164, 20.528194427490234, 21.87529182434082, 20.274702072143555, 21.1801815032959, 20.259130477905273, 20.75457000732422, 21.276870727539062, 19.931053161621094, 19.806602478027344, 19.851177215576172, 21.5817813873291, 20.74969482421875, 19.83707046508789, 19.94736099243164, 19.88687515258789, 21.6617374420166, 