{"aucroc": 0.9915084915084914, "aucpr": 0.8986394930637805, "dataset": "21_Lymphography", "method": "soft", "test_ratio": 0.04666666666666667, "train_ratio": 0.04666666666666667, "labeled_anomalies": 1.0, "loe_loss": [33.95540237426758, 32.479042053222656, 30.731740951538086, 29.759342193603516, 27.717397689819336, 28.27104949951172, 28.41311264038086, 28.071788787841797, 26.881492614746094, 27.051738739013672, 26.95359992980957, 27.03894805908203, 25.69928550720215, 27.998422622680664, 25.710084915161133, 25.55354118347168, 27.5042781829834, 25.75166130065918, 25.687267303466797, 26.489089965820312, 26.267608642578125, 25.009248733520508, 26.5565128326416, 25.720027923583984, 25.681148529052734, 25.990013122558594, 25.005615234375, 23.953411102294922, 24.527973175048828, 25.79972267150879, 24.774349212646484, 25.79627799987793, 25.978214263916016, 24.717681884765625, 24.918804168701172, 25.5933895111084, 25.283641815185547, 25.036802291870117, 23.409704208374023, 24.454151153564453, 25.47662925720215, 23.112398147583008, 23.253095626831055, 24.426795959472656, 24.597557067871094, 24.494848251342773, 25.059741973876953, 24.004005432128906, 23.89255714416504, 23.055505752563477, 22.952091217041016, 23.621700286865234, 23.32569122314453, 24.33428192138672, 24.19647979736328, 23.0753116607666, 24.73213005065918, 23.01964569091797, 23.465436935424805, 23.05390167236328, 25.489543914794922, 23.747615814208984, 22.791488647460938, 23.554393768310547, 23.300722122192383, 24.32122230529785, 23.35940170288086, 24.700862884521484, 24.231613159179688, 23.2973575592041, 23.092052459716797, 23.13209342956543, 23.947420120239258, 23.441410064697266, 23.835403442382812, 24.886438369750977, 22.73440933227539, 23.39358901977539, 22.693538665771484, 23.05538558959961, 24.60756492614746, 24.103954315185547, 23.442209243774414, 23.25209617614746, 24.157257080078125, 21.83133316040039, 22.346385955810547, 23.26225471496582, 24.445667266845703, 22.542875289916992, 24.63346290588379, 24.30618667602539, 22.588367462158203, 22.607749938964844, 23.851865768432617, 22.24074935913086, 23.956226348876953, 23.312667846679688, 23.915315628051758, 22.925310134887695, 22.95175552368164, 23.167076110839844, 23.04250717163086, 23.321800231933594, 24.168888092041016, 23.241498947143555, 21.551626205444336, 24.071504592895508, 24.337905883789062, 22.93686866760254, 23.07849884033203, 22.98180389404297, 22.809844970703125, 23.596477508544922, 22.359989166259766, 21.471477508544922, 22.748762130737305, 22.34159278869629, 21.349130630493164, 22.82427978515625, 22.164148330688477, 23.244300842285156, 24.407316207885742, 21.799488067626953, 22.019393920898438, 22.642122268676758, 22.27790069580078, 23.137605667114258, 21.700973510742188, 21.87540626525879, 22.731977462768555, 21.861637115478516, 22.47848129272461, 21.83173370361328, 24.07678985595703, 21.668371200561523, 23.138891220092773, 21.52943992614746, 21.549591064453125, 21.764570236206055, 21.331279754638672, 23.591562271118164, 21.869504928588867, 21.73659896850586, 24.008838653564453, 21.921903610229492, 21.657289505004883, 21.8725643157959, 21.897930145263672, 21.36028289794922, 21.795751571655273, 21.538726806640625, 23.363727569580078, 22.448640823364258, 21.554603576660156, 22.78723907470703, 22.74211311340332, 22.06912612915039, 22.458833694458008, 23.058809280395508, 22.442279815673828, 20.664289474487305, 20.950593948364258, 22.431995391845703, 20.868257522583008, 21.14059066772461, 21.389650344848633, 20.51942253112793, 21.198604583740234, 21.603748321533203, 23.344167709350586, 21.863481521606445, 20.158981323242188, 24.424991607666016, 20.590131759643555, 20.86009407043457, 21.56317901611328, 20.859943389892578, 20.92026710510254, 21.888988494873047, 20.8265438079834, 21.89427947998047, 21.923919677734375, 21.599384307861328, 20.796953201293945, 20.685426712036133, 21.79146957397461, 20.560697555541992, 20.898271560668945, 25.21979522705078, 20.55698013305664, 23.435604095458984, 21.707740783691406, 19.56583023071289, 21.388622283935547, 20.40184211730957, 22.568920135498047, 20.944435119628906, 20.44134521484375, 20.45511817932129, 20.846853256225586, 20.75288963317871, 21.29081153869629, 21.356060028076172, 20.840757369995117, 20.330026626586914, 20.071144104003906, 20.307252883911133, 21.814193725585938, 21.340904235839844, 21.321802139282227, 20.0091609954834, 21.02178382873535, 21.36052894592285, 21.07697868347168, 24.65936279296875, 19.600921630859375, 21.36075782775879, 20.155658721923828, 20.543792724609375, 21.020017623901367, 20.13410186767578, 19.77025604248047, 20.714244842529297, 19.23127555847168, 19.343769073486328, 20.660160064697266, 19.45522689819336, 20.612722396850586, 19.855764389038086, 21.962486267089844, 21.673946380615234, 20.984560012817383, 19.968093872070312, 21.47866439819336, 19.74363899230957, 22.87731170654297, 21.220693588256836, 19.581005096435547, 20.630220413208008, 20.686721801757812, 20.12251091003418, 23.502544403076172, 20.20745086669922, 20.394424438476562, 20.66325569152832, 21.458175659179688, 20.5036678314209, 19.630014419555664, 19.518526077270508, 19.54596710205078, 19.3470458984375, 20.286239624023438, 20.023414611816406, 19.938291549682617, 19.1968936920166, 19.407630920410156, 20.88165855407715, 19.07309341430664, 19.559146881103516, 23.218477249145508, 18.67104148864746, 20.092687606811523, 19.776538848876953, 21.145782470703125, 21.36482810974121, 20.653705596923828, 20.060762405395508, 19.690780639648438, 21.066946029663086, 20.51087188720703, 19.968120574951172, 21.107568740844727, 19.36311149597168, 19.953577041625977, 20.271102905273438, 19.011804580688477, 21.358131408691406, 21.49210548400879, 19.605403900146484, 20.10210609436035, 19.695327758789062, 19.909528732299805, 21.328205108642578, 19.802135467529297, 21.008142471313477, 20.745359420776367, 19.78597640991211, 19.492774963378906, 19.133602142333984, 20.02773094177246, 21.93865966796875, 19.81899642944336, 20.90558433532715, 20.328330993652344, 19.68486213684082, 18.54425811767578, 20.73275375366211, 19.80419158935547, 19.049022674560547, 20.3282470703125, 19.16887092590332, 18.54496955871582, 21.73027229309082, 19.62282371520996, 21.52811622619629, 21.67841148376465, 19.68375587463379, 20.85563087463379, 20.406787872314453, 18.63750457763672, 18.39434051513672, 20.273639678955078, 20.449628829956055, 19.019302368164062, 18.890300750732422, 18.624004364013672, 19.528369903564453, 19.17342185974121, 20.195735931396484, 19.069091796875, 22.160825729370117, 20.17014503479004, 19.2277774810791, 18.517375946044922, 19.50152587890625, 20.739830017089844, 19.13894271850586, 18.82268524169922, 18.965885162353516, 19.98847007751465, 19.85560417175293, 19.626806259155273, 18.921741485595703, 20.821338653564453, 19.437253952026367, 19.49907875061035, 21.634212493896484, 20.278892517089844, 19.457551956176758, 19.39727020263672, 17.70899772644043, 18.900394439697266, 19.94663429260254, 18.795860290527344, 19.679487228393555, 19.379512786865234, 18.78813362121582, 20.393634796142578, 18.09758186340332, 18.580114364624023, 19.472688674926758, 20.940317153930664, 20.77299690246582, 19.277694702148438, 18.047657012939453, 18.812793731689453, 18.478235244750977, 19.40289306640625, 18.95058250427246, 21.362194061279297, 18.718990325927734, 18.97718048095703, 19.443635940551758, 21.179521560668945, 18.940370559692383, 18.202268600463867, 23.509811401367188, 20.638973236083984, 21.567489624023438, 20.877487182617188, 20.94569969177246, 20.983348846435547, 20.59213638305664, 22.243915557861328, 19.640539169311523, 20.262920379638672, 18.825883865356445, 19.9594783782959, 18.681640625, 19.285490036010742, 19.38424301147461, 20.26032066345215, 18.787857055664062, 18.377763748168945, 18.660602569580078, 19.7747859954834, 18.68025779724121, 18.463146209716797, 19.068517684936523, 19.39971351623535, 18.738109588623047, 20.151395797729492, 20.81923484802246, 18.9282169342041, 18.209463119506836, 18.02654457092285, 