{"aucroc": 0.9975857475857476, "aucpr": 0.9323917484631771, "dataset": "21_Lymphography", "method": "hard", "test_ratio": 0.04666666666666667, "train_ratio": 0.04666666666666667, "labeled_anomalies": 1.0, "loe_loss": [32.939212799072266, 29.267684936523438, 26.95650291442871, 26.435726165771484, 25.479976654052734, 27.727764129638672, 26.753612518310547, 24.595001220703125, 26.218536376953125, 23.878406524658203, 23.6142578125, 24.38825225830078, 23.835479736328125, 23.977575302124023, 24.741592407226562, 23.573036193847656, 23.657167434692383, 24.203413009643555, 23.839885711669922, 23.713159561157227, 24.328767776489258, 23.05728530883789, 24.144460678100586, 22.3490047454834, 22.08928871154785, 22.69363784790039, 21.82553482055664, 21.736473083496094, 21.652597427368164, 22.999849319458008, 22.555566787719727, 22.981822967529297, 21.493167877197266, 22.744157791137695, 22.0018253326416, 22.154699325561523, 20.896543502807617, 22.030136108398438, 22.59143829345703, 22.302061080932617, 21.413585662841797, 21.82198715209961, 20.970355987548828, 21.991376876831055, 20.77932357788086, 22.60116195678711, 21.32758903503418, 21.835384368896484, 21.317235946655273, 21.09624671936035, 21.49863624572754, 20.939281463623047, 20.403051376342773, 21.3807373046875, 21.832168579101562, 20.05902099609375, 20.867969512939453, 20.414546966552734, 19.719297409057617, 21.373720169067383, 20.754730224609375, 20.786447525024414, 21.6633358001709, 20.964160919189453, 20.933082580566406, 20.782691955566406, 20.311588287353516, 19.935199737548828, 20.721363067626953, 20.708513259887695, 19.675395965576172, 20.006946563720703, 20.092239379882812, 19.462045669555664, 19.691476821899414, 20.34290313720703, 20.58652687072754, 19.103849411010742, 19.7634220123291, 20.30963134765625, 19.696304321289062, 19.948932647705078, 20.165695190429688, 19.633197784423828, 19.163848876953125, 22.680461883544922, 22.10677146911621, 18.6583251953125, 20.76890754699707, 18.39723014831543, 21.850435256958008, 21.88718605041504, 18.81907844543457, 19.086078643798828, 18.3834285736084, 20.160633087158203, 19.058204650878906, 21.426820755004883, 19.432321548461914, 18.86998176574707, 18.820152282714844, 19.709545135498047, 19.164535522460938, 19.725793838500977, 18.865009307861328, 19.56960678100586, 20.979225158691406, 18.971633911132812, 18.98914909362793, 20.37989616394043, 18.346492767333984, 19.623260498046875, 18.66234588623047, 19.46986961364746, 19.727266311645508, 18.587522506713867, 18.173065185546875, 19.336570739746094, 16.835527420043945, 17.155519485473633, 18.877304077148438, 20.269638061523438, 17.839426040649414, 19.721607208251953, 16.31161117553711, 17.484052658081055, 17.27631378173828, 19.777494430541992, 16.327917098999023, 17.259729385375977, 16.969921112060547, 18.128915786743164, 16.499971389770508, 20.32815170288086, 16.506683349609375, 16.217615127563477, 16.78305435180664, 15.293927192687988, 17.203527450561523, 16.28734016418457, 18.099651336669922, 18.34939193725586, 20.218515396118164, 14.555811882019043, 16.932052612304688, 15.781540870666504, 17.12786865234375, 15.234724998474121, 14.024418830871582, 12.79330062866211, 14.848329544067383, 14.49659252166748, 11.717198371887207, 11.291918754577637, 15.241781234741211, 13.394554138183594, 8.586616516113281, 7.237269401550293, 3.932727813720703, 20.045106887817383, 2.8377127647399902, -1.456718921661377], "n_epochs": 161}