{"aucroc": 0.8388278388278388, "aucpr": 0.23995738562917138, "dataset": "21_Lymphography", "method": "hard", "test_ratio": 0.04666666666666667, "train_ratio": 0.04666666666666667, "labeled_anomalies": 1.0, "loe_loss": [31.322162628173828, 27.370464324951172, 27.789371490478516, 27.731761932373047, 25.487714767456055, 25.949459075927734, 25.79391098022461, 25.845552444458008, 25.685043334960938, 24.349058151245117, 25.401729583740234, 24.618331909179688, 24.815975189208984, 23.58835220336914, 24.83319091796875, 23.642391204833984, 25.764196395874023, 22.794416427612305, 24.463499069213867, 25.90261459350586, 23.113523483276367, 24.392263412475586, 23.512065887451172, 23.59765625, 22.247785568237305, 23.339061737060547, 22.419918060302734, 23.788677215576172, 22.535194396972656, 22.94875144958496, 22.97437858581543, 24.505504608154297, 21.89084815979004, 22.422243118286133, 22.076318740844727, 22.032678604125977, 22.506803512573242, 21.692584991455078, 21.773897171020508, 23.362703323364258, 21.851905822753906, 21.05490493774414, 23.075729370117188, 23.089435577392578, 21.89133071899414, 22.57758903503418, 22.115507125854492, 20.756759643554688, 21.68865966796875, 21.423667907714844, 22.67559242248535, 22.571765899658203, 21.178024291992188, 22.272855758666992, 21.80825424194336, 21.86874008178711, 21.803953170776367, 21.812808990478516, 21.86887550354004, 22.128812789916992, 21.63713264465332, 20.898014068603516, 21.8057804107666, 21.215499877929688, 22.222667694091797, 21.156681060791016, 21.005226135253906, 23.015750885009766, 22.07570457458496, 21.996028900146484, 21.911968231201172, 23.01712989807129, 22.41742515563965, 21.634878158569336, 21.715320587158203, 21.647994995117188, 22.671125411987305, 22.244789123535156, 21.684070587158203, 21.58769989013672, 21.779327392578125, 21.47093963623047, 21.668045043945312, 21.264263153076172, 21.37236213684082, 21.596961975097656, 21.647253036499023, 21.566680908203125, 21.688190460205078, 21.27986717224121, 21.30960464477539, 20.957855224609375, 21.577098846435547, 21.761924743652344, 22.047826766967773, 21.82268524169922, 21.106124877929688, 20.977943420410156, 21.59164047241211, 22.081253051757812, 21.852130889892578, 21.708293914794922, 22.227920532226562, 21.2037296295166, 21.700864791870117, 21.360149383544922, 21.980480194091797, 21.726558685302734, 21.457815170288086, 21.561508178710938, 21.539928436279297, 21.46175765991211, 20.93863868713379, 21.025283813476562, 21.254806518554688, 21.405235290527344, 22.71812629699707, 21.190052032470703, 21.590484619140625, 21.905521392822266, 21.601207733154297, 22.38237762451172, 21.2662353515625, 22.55476188659668, 21.486263275146484, 20.981889724731445, 21.538877487182617, 20.166309356689453, 21.40811538696289, 22.5518798828125, 21.17845344543457, 21.683231353759766, 20.844867706298828, 21.28296661376953, 21.175020217895508, 22.344070434570312, 21.817228317260742, 21.730314254760742, 21.088537216186523, 22.65243911743164, 21.60685920715332, 21.584239959716797, 21.743669509887695, 21.38013458251953, 21.692943572998047, 21.59177017211914, 21.53195571899414, 21.772777557373047, 21.543514251708984, 20.847408294677734, 21.542634963989258, 21.540672302246094, 21.075475692749023, 21.133474349975586, 21.153955459594727, 21.65087890625, 21.793851852416992, 21.101045608520508, 21.078399658203125, 21.33698272705078, 20.877145767211914, 20.99814224243164, 21.17606544494629, 21.331912994384766, 21.008371353149414, 21.399858474731445, 21.730117797851562, 21.99160385131836, 21.480775833129883, 21.23321533203125, 21.214038848876953, 21.480670928955078, 22.01247215270996, 21.114471435546875, 21.416296005249023, 21.476747512817383, 20.936973571777344, 21.63909912109375, 20.62404441833496, 20.862112045288086, 21.335752487182617, 21.753646850585938, 20.906150817871094, 21.301727294921875, 20.78496742248535, 20.828067779541016, 21.14446258544922, 20.793418884277344, 21.410734176635742, 21.452713012695312, 21.211185455322266, 21.55458641052246, 21.979782104492188, 21.48200798034668, 21.278833389282227, 21.603973388671875, 21.07891845703125, 20.941425323486328, 21.53926658630371, 20.876205444335938, 20.823036193847656, 21.297548294067383, 20.447509765625, 21.15337562561035, 21.612422943115234, 20.847267150878906, 21.504196166992188, 20.642005920410156, 21.108715057373047, 21.17868995666504, 20.765602111816406, 20.624958038330078, 20.900680541992188, 20.59909439086914, 20.76561737060547, 21.444744110107422, 20.269866943359375, 21.621795654296875, 21.47258758544922, 20.902362823486328, 20.549152374267578, 20.393640518188477, 21.00187110900879, 20.284902572631836, 21.008031845092773, 20.968719482421875, 21.127197265625, 20.599849700927734, 20.963125228881836, 21.32258415222168, 21.22779655456543, 20.657615661621094, 21.05476188659668, 20.932537078857422, 20.442495346069336, 21.776594161987305, 20.948509216308594, 20.93562889099121, 20.8168888092041, 21.259689331054688, 20.90485954284668, 21.180444717407227, 20.734363555908203, 20.701587677001953, 20.412384033203125, 20.791685104370117, 20.239282608032227, 21.013938903808594, 20.851959228515625, 20.289464950561523, 21.167369842529297, 21.25589942932129, 20.57059669494629, 20.39830780029297, 20.686874389648438, 20.9185848236084, 20.836463928222656, 21.024917602539062, 20.517547607421875, 20.227012634277344, 21.342397689819336, 20.806161880493164, 21.13844108581543, 20.502830505371094, 20.64426612854004, 21.108272552490234, 20.598377227783203, 20.372819900512695, 20.813417434692383, 20.229740142822266, 20.351367950439453, 20.72607421875, 20.17597770690918, 20.248371124267578, 20.086849212646484, 20.55817985534668, 20.825199127197266, 21.225595474243164, 20.524154663085938, 20.710796356201172, 20.45895004272461, 20.42808723449707, 20.16402816772461, 19.996368408203125, 20.399139404296875, 20.46680450439453, 20.440597534179688, 20.88349151611328, 20.42936134338379, 20.029926300048828, 20.40353775024414, 19.933977127075195, 20.296602249145508, 20.065536499023438, 20.37334442138672, 20.47225570678711, 21.00486183166504, 21.43219757080078, 21.068723678588867, 20.318681716918945, 21.166378021240234, 20.366056442260742, 20.61717414855957, 20.65308380126953, 20.357864379882812, 20.599105834960938, 20.23721694946289, 20.656375885009766, 20.717878341674805, 20.269580841064453, 20.50373077392578, 20.73217010498047, 20.37173843383789, 20.70377540588379, 20.74351692199707, 21.62104606628418, 20.98819923400879, 20.383249282836914, 20.5965518951416, 20.370067596435547, 20.59121322631836, 20.28519058227539, 20.553842544555664, 20.776309967041016, 20.421463012695312, 21.02652359008789, 20.967493057250977, 21.300355911254883, 20.6873779296875, 20.33115005493164, 21.033824920654297, 20.86333656311035, 20.437719345092773, 20.135873794555664, 20.585092544555664, 20.485977172851562, 20.917470932006836, 20.21120834350586, 20.846832275390625, 20.146488189697266, 20.341838836669922, 20.478487014770508, 20.752540588378906, 20.10148048400879, 20.289962768554688, 20.92449188232422, 20.852497100830078, 20.352027893066406, 21.028282165527344, 19.956687927246094, 20.31502914428711, 20.172237396240234, 20.906116485595703, 20.404178619384766, 20.30356788635254, 20.333751678466797, 20.766048431396484, 20.179534912109375, 20.209808349609375, 19.71340560913086, 20.101871490478516, 20.297269821166992, 20.62842559814453, 20.02994155883789, 20.77139663696289, 20.644271850585938, 20.13443374633789, 20.286767959594727, 20.584131240844727, 19.5234375, 20.184444427490234, 20.206310272216797, 19.96481704711914, 20.047988891601562, 20.382728576660156, 20.21067237854004, 20.613483428955078, 20.253562927246094, 20.50664520263672, 20.827112197875977, 20.7324161529541, 19.41465950012207, 20.40448570251465, 20.28089141845703, 20.271371841430664, 20.62209129333496, 20.265880584716797, 20.356489181518555, 20.60332679748535, 19.844900131225586, 20.31841278076172, 20.394174575805664, 20.455150604248047, 20.614551544189453, 20.191423416137695, 20.87142562866211, 20.062244415283203, 