{"aucroc": 0.6356212084540251, "aucpr": 0.5507138575501087, "dataset": "22_magic.gamma", "method": "hard", "test_ratio": 0.3506666666666667, "train_ratio": 0.3506666666666667, "labeled_anomalies": 1.0, "loe_loss": [2.0557446479797363, 1.0487842559814453, 1.5326827764511108, -0.9486407041549683, -0.3787548243999481, 1.2691693305969238, 0.2533007264137268, -1.5478651523590088, -1.4054347276687622, -0.9787962436676025, -1.2409820556640625, -1.3016819953918457, -2.0920400619506836, -1.5524159669876099, -0.7591513395309448, -1.9994173049926758, -1.865551471710205, -0.9339067935943604, -2.803966760635376, -1.8752228021621704, -2.614753007888794, -3.8145318031311035], "n_epochs": 21}