{"aucroc": 0.6345094445442078, "aucpr": 0.5329199029030814, "dataset": "22_magic.gamma", "method": "hard", "test_ratio": 0.3506666666666667, "train_ratio": 0.3506666666666667, "labeled_anomalies": 1.0, "loe_loss": [2.1497690677642822, 0.9985924959182739, 1.546322226524353, 0.29312342405319214, -0.9574422836303711, -0.5039042830467224, -0.5559273958206177, -0.6334244012832642, -2.676272392272949, -0.6399933099746704, -0.9611979722976685, -1.1197998523712158, -1.2635951042175293, -2.7134764194488525, -2.5072450637817383, -3.702852725982666, -4.784501552581787, -5.873051166534424, -4.646728038787842, -7.729336738586426, -7.838840007781982, -12.734362602233887], "n_epochs": 21}