{"aucroc": 0.6510416260022954, "aucpr": 0.5720400989322137, "dataset": "22_magic.gamma", "method": "hard", "test_ratio": 0.3506666666666667, "train_ratio": 0.3506666666666667, "labeled_anomalies": 1.0, "loe_loss": [1.7870244979858398, 0.7579010725021362, -0.6670704483985901, 0.052605584263801575, 0.9242246747016907, 0.9125829339027405, 0.9432806372642517, 0.7167723178863525, 0.7959407567977905, 0.3283904492855072, 0.2876209318637848, 1.0060687065124512, 0.6645233631134033, 0.7388896942138672, 0.3628227710723877, -0.15898361802101135, -0.03742291033267975, 0.7398711442947388, 1.1034777164459229, 0.7171338796615601, -0.4426060616970062, -1.7812799215316772], "n_epochs": 21}