{"aucroc": 0.6893050101107893, "aucpr": 0.6221410756715716, "dataset": "22_magic.gamma", "method": "soft", "test_ratio": 0.3506666666666667, "train_ratio": 0.3506666666666667, "labeled_anomalies": 1.0, "loe_loss": [8.522979736328125, 8.03158187866211, 7.7645978927612305, 7.697442054748535, 7.008243560791016, 7.322078704833984, 6.8999834060668945, 6.488203525543213, 6.69807767868042, 6.2672438621521, 6.220944404602051, 6.424559593200684, 6.271828651428223, 6.164320468902588, 5.864752769470215, 6.124215602874756, 6.06779146194458, 5.642924785614014, 6.100411891937256, 5.869444370269775, 6.2360615730285645, 6.1052398681640625, 5.889683723449707, 5.423775672912598, 5.865222454071045, 5.707352638244629, 5.9038496017456055, 6.012460708618164, 5.952604293823242, 5.853780746459961, 5.4634785652160645, 5.6857404708862305, 5.803748607635498, 5.754202365875244, 5.758181095123291, 6.009857654571533, 6.02322244644165, 5.826398849487305, 5.77953577041626, 6.0181756019592285, 5.885280609130859, 5.596072196960449, 5.543269634246826, 5.544478416442871, 5.681083679199219, 5.551757335662842, 5.586073875427246, 5.824079990386963, 5.930362224578857, 5.647777557373047, 5.689939498901367, 5.434093475341797, 5.841181755065918, 5.504775047302246, 5.561920166015625, 5.865859031677246, 5.803235054016113, 5.9437785148620605, 5.564086437225342, 5.852558135986328, 5.602954864501953, 5.75614070892334, 5.550853252410889, 5.8212151527404785, 5.711584568023682, 5.3670244216918945, 5.420720100402832, 5.596987247467041, 5.783030986785889, 5.497180461883545, 5.096771717071533, 5.67738676071167, 5.871869087219238, 5.5488667488098145, 5.598452091217041, 5.590104579925537, 5.5399909019470215, 5.801244258880615, 5.400557994842529, 5.664639472961426, 5.5545148849487305, 5.725263595581055, 5.78891658782959, 5.752843856811523, 5.801499366760254, 5.684603691101074, 5.867985248565674, 5.386815547943115, 5.619136333465576, 5.798521995544434, 5.778988361358643, 5.349671840667725, 5.469241619110107, 5.491620063781738, 5.444199562072754, 5.64482307434082, 5.448063850402832, 5.548628807067871, 5.6299824714660645, 5.546029090881348, 5.703637599945068, 5.646307468414307, 5.5735039710998535, 5.734121799468994, 5.608831405639648, 5.434731960296631, 5.729414939880371, 5.51962947845459, 5.3144145011901855, 5.351362228393555, 5.329371929168701, 5.315338134765625, 5.521880626678467, 5.379598617553711, 5.647730827331543, 5.391366958618164, 5.594880104064941, 5.409836292266846, 5.391665458679199, 5.347437381744385, 5.528347492218018, 5.648707866668701, 5.495903015136719, 5.236209869384766, 5.587042331695557, 5.513381004333496, 5.612764835357666, 5.15818452835083, 5.246845722198486, 5.541883945465088, 5.2397379875183105, 5.264517307281494, 5.558228492736816, 5.42864465713501, 5.314281463623047, 5.471708297729492, 5.6095781326293945, 5.567704200744629, 5.685297012329102, 5.450455665588379, 5.324190616607666, 5.444420337677002, 5.531642436981201, 5.224798679351807, 5.188214302062988, 5.581556797027588, 5.612937927246094, 5.741701602935791, 5.287339210510254, 5.27642297744751, 5.198768615722656, 5.406393051147461, 5.492514610290527, 5.4516096115112305, 5.2923054695129395, 5.515049934387207, 5.479087829589844, 5.626947402954102, 5.318117141723633, 5.361268520355225, 5.270168304443359, 5.505471706390381, 5.163809776306152, 5.387482166290283, 5.5129804611206055, 5.454329013824463, 5.240002632141113, 5.38271427154541, 5.448960781097412, 5.549100399017334, 5.524295806884766, 5.403658390045166, 5.401389122009277, 5.322348594665527, 5.20491886138916, 5.39832067489624, 5.128103256225586, 5.256381988525391, 5.227039813995361, 5.30588960647583, 5.223928451538086, 5.290256500244141, 5.299260139465332, 5.461357116699219, 5.36279296875, 5.034549236297607, 5.221321105957031, 5.210369110107422, 5.253071308135986, 5.233656406402588, 5.043100357055664, 5.253630638122559, 5.2936906814575195, 5.300907611846924, 5.271553993225098, 5.28282356262207, 5.197727680206299, 5.373697280883789, 5.174277305603027, 5.271430015563965, 5.129963397979736, 5.299313545227051, 5.225532531738281, 5.2976908683776855, 5.227814674377441, 4.943155765533447, 5.095560550689697, 5.226194381713867, 5.045221328735352, 5.345475196838379, 4.975687503814697, 5.008907318115234, 5.232824325561523, 5.139434337615967, 5.071155548095703, 4.882575035095215, 5.1406097412109375, 5.280325889587402, 5.202320575714111, 5.074333190917969, 4.990800380706787, 5.0331878662109375, 5.140881538391113, 4.697858810424805, 5.276346206665039, 4.857490062713623, 5.052244186401367, 4.857765197753906, 4.766468048095703, 5.001819610595703, 4.963053226470947, 5.0576558113098145, 4.957623481750488, 4.885854721069336, 5.240911483764648, 4.804752826690674, 4.648569583892822, 4.953945636749268, 4.963066101074219, 5.015884876251221, 5.05020809173584, 4.708535671234131, 4.97987174987793, 4.600613594055176, 5.198502540588379, 4.914115905761719, 5.1939544677734375, 5.126412868499756, 4.922977924346924, 4.8940229415893555, 5.069190502166748, 4.794000625610352, 5.093701362609863, 5.031171798706055, 5.153538227081299, 4.941624164581299, 4.796152114868164, 4.958340644836426, 4.4343791007995605, 4.839056015014648, 4.6866455078125, 5.035263538360596, 4.774937629699707, 5.096185684204102, 4.668600559234619, 5.1152873039245605, 4.839927673339844, 4.894408702850342, 5.0605316162109375, 4.827134609222412, 4.562440872192383, 4.682255744934082, 4.953875541687012, 4.920010566711426, 4.704942226409912, 5.023051738739014, 5.0270233154296875, 4.7391037940979, 5.108611106872559, 4.936649322509766, 4.982704162597656, 4.727264404296875, 4.984928607940674, 4.529173374176025, 4.773194313049316, 4.938495635986328, 4.708920955657959, 4.933995246887207, 4.466887474060059, 4.445952415466309, 5.053130626678467, 4.853246212005615, 4.81812047958374, 5.115147590637207, 5.045717716217041, 4.90721321105957, 4.816023826599121, 4.87122917175293, 4.959566593170166, 4.943197250366211, 4.928562164306641, 4.673521041870117, 4.9784111976623535, 4.9632720947265625, 5.171937942504883, 4.998499870300293, 5.153144836425781, 4.972446918487549, 4.665532112121582, 4.923628330230713, 4.87234354019165, 4.8687872886657715, 4.5952839851379395, 5.111464977264404, 4.888739585876465, 4.83796501159668, 4.913470268249512, 4.871072769165039, 4.845275402069092, 4.835664749145508, 4.907325267791748, 4.782991886138916, 4.960040092468262, 4.996297836303711, 4.899830341339111, 4.869390487670898, 4.682276725769043, 4.934814929962158, 4.9985551834106445, 4.726561069488525, 4.824706554412842, 4.796321392059326, 4.605968475341797, 4.4160614013671875, 4.971432209014893, 4.527079105377197, 5.109781742095947, 4.767812728881836, 4.8796067237854, 4.752251148223877, 4.93155574798584, 4.879803657531738, 5.004059791564941, 4.415005207061768, 4.8025641441345215, 4.916887283325195, 4.95120906829834, 4.909740447998047, 4.486001014709473, 4.675775051116943, 4.3402419090271, 4.887442111968994, 4.600237846374512, 4.799888610839844, 4.974248886108398, 4.7275567054748535, 4.718510627746582, 4.871789455413818, 4.8456902503967285, 4.792756080627441, 4.832461357116699, 4.825055122375488, 4.878951072692871, 4.865654945373535, 4.643496513366699, 4.907275199890137, 4.818122863769531, 4.32046365737915, 4.938644886016846, 4.7379326820373535, 4.849300384521484, 4.813178062438965, 4.633539199829102, 4.951999187469482, 4.7628703117370605, 4.985071659088135, 4.931554794311523, 4.787101745605469, 4.633775234222412, 4.8928985595703125, 4.796933174133301, 4.519155979156494, 4.673775672912598, 4.974917411804199, 4.581599235534668, 4.679138660430908, 4.3782219886779785, 4.8465776443481445, 4.884286880493164, 4.940289497375488, 4.757209777832031, 4.858974456787109, 4.793166160583496, 4.837691783905029, 4.526172637939453, 4.915228843688965, 4.77992057800293, 4.726202964782715, 4.768799781799316, 4.8364691734313965, 4.858165740966797, 4.645975112915039, 4.864983558654785, 4.407062530517578, 4.611795902252197, 4.688024044036865, 4.583804130554199, 4.709771156311035, 4.801051139831543, 