{"aucroc": 0.823435786319985, "aucpr": 0.1463513603188165, "dataset": "23_mammography", "method": "blind", "test_ratio": 0.02266666666666667, "train_ratio": 0.02266666666666667, "labeled_anomalies": 1.0, "loe_loss": [15.085351943969727, 12.317817687988281, 11.777247428894043, 12.192591667175293, 11.755143165588379, 12.022443771362305, 11.170388221740723, 11.272828102111816, 10.474889755249023, 10.25450611114502, 11.670836448669434, 11.136299133300781, 12.63912582397461, 10.802635192871094, 9.493550300598145, 9.518532752990723, 9.707496643066406, 9.866226196289062, 9.75816535949707, 10.617712020874023, 9.229751586914062, 11.709639549255371, 8.480542182922363, 9.22010326385498, 11.223531723022461, 10.027519226074219, 8.43846321105957, 8.444428443908691, 8.645484924316406, 9.930974006652832, 9.245183944702148, 8.583452224731445, 8.646718978881836, 10.000602722167969, 9.436142921447754, 9.044581413269043, 9.246966361999512, 9.044024467468262, 10.875998497009277, 9.866910934448242, 9.107477188110352, 8.414643287658691, 8.451361656188965, 9.333829879760742, 9.58240032196045, 10.7994384765625, 8.081233024597168, 9.637876510620117, 8.665520668029785, 9.103166580200195, 9.115495681762695, 10.171887397766113, 8.365753173828125, 9.232454299926758, 8.178136825561523, 9.193193435668945, 8.658126831054688, 8.738608360290527, 11.154088973999023, 9.307670593261719, 8.602765083312988, 8.557443618774414, 8.992289543151855, 9.253572463989258, 8.43100643157959, 9.673768997192383, 9.089138984680176, 8.668407440185547, 8.247457504272461, 8.609957695007324, 8.370626449584961, 8.333237648010254, 9.274219512939453, 8.50394344329834, 8.670734405517578, 9.7724609375, 8.31534194946289, 8.206220626831055, 8.590024948120117, 8.45753002166748, 9.229287147521973, 9.169658660888672, 8.8574800491333, 8.683440208435059, 8.42719554901123, 8.467368125915527, 9.169651985168457, 9.725872993469238, 8.331182479858398, 8.83140754699707, 9.263601303100586, 8.502532005310059, 9.021919250488281, 9.165326118469238, 8.417219161987305, 9.284391403198242, 8.385270118713379, 8.429550170898438, 8.848703384399414, 8.469077110290527, 8.755213737487793, 8.098854064941406, 9.031253814697266, 8.396442413330078, 8.904272079467773, 9.580175399780273, 8.43985366821289, 8.559578895568848, 8.95053482055664, 8.489739418029785, 8.119545936584473, 8.777899742126465, 8.155613899230957, 8.128761291503906, 10.444286346435547, 8.679558753967285, 8.065884590148926, 8.127379417419434, 8.551175117492676, 8.431389808654785, 9.055580139160156, 10.289355278015137, 7.781736850738525, 8.854787826538086, 8.737367630004883, 7.875494003295898, 8.683048248291016, 8.569517135620117, 7.975905418395996, 8.903766632080078, 8.941068649291992, 8.249963760375977, 8.754036903381348, 8.232400894165039, 8.267313003540039, 9.613093376159668, 8.479522705078125, 9.028802871704102, 8.79941177368164, 8.289758682250977, 7.847551345825195, 9.086541175842285, 8.206281661987305, 9.575818061828613, 8.045948028564453, 8.619986534118652, 8.232409477233887, 7.914408206939697, 7.886673927307129, 8.524930953979492, 8.996647834777832, 7.884702682495117, 8.177608489990234, 8.028831481933594, 8.086472511291504, 7.963336944580078, 7.936776638031006, 7.6115899085998535, 7.967986583709717, 7.890777587890625, 8.00241470336914, 8.291704177856445, 8.513233184814453, 8.132975578308105, 9.077390670776367, 9.29606819152832, 7.742752552032471, 9.907294273376465, 8.029155731201172, 8.370678901672363, 8.047026634216309, 8.327132225036621, 7.6606011390686035, 8.246877670288086, 8.075194358825684, 8.807827949523926, 7.823256015777588, 8.037801742553711, 8.113906860351562, 7.919086456298828, 7.931987762451172, 8.013335227966309, 7.719203948974609, 8.737321853637695, 8.288152694702148, 7.991057395935059, 8.104948997497559, 7.533245086669922, 7.822409629821777, 8.380277633666992, 8.195756912231445, 7.938986301422119, 8.108306884765625, 9.026711463928223, 8.304550170898438, 9.056021690368652, 8.43758773803711, 8.787389755249023, 8.30295467376709, 8.413885116577148, 7.284289360046387, 7.955600738525391, 7.221889495849609, 8.339635848999023, 8.190788269042969, 8.462685585021973, 8.333362579345703, 7.917437553405762, 7.749833583831787, 8.676194190979004, 8.083213806152344, 7.721522808074951, 7.6527180671691895, 8.218891143798828, 7.635554313659668, 9.559060096740723, 7.482064723968506, 9.735406875610352, 8.866832733154297, 8.037229537963867, 7.514979839324951, 8.174978256225586, 7.480160236358643, 8.082647323608398, 7.828369617462158, 7.615791320800781, 9.146001815795898, 9.920147895812988, 8.529963493347168, 9.079460144042969, 9.926692008972168, 8.743720054626465, 7.822659492492676, 8.836437225341797, 8.553478240966797, 8.582866668701172, 10.0077543258667, 8.710159301757812, 7.704142093658447, 8.410687446594238, 7.32761812210083, 7.6004180908203125, 8.007184028625488, 8.28014087677002, 8.219186782836914, 8.554732322692871, 7.4451799392700195, 7.939574718475342, 9.475899696350098, 9.357991218566895, 7.14483642578125, 7.650238990783691, 7.560024261474609, 8.103155136108398, 7.86421012878418, 9.323814392089844, 7.859475135803223, 8.028935432434082, 8.582529067993164, 7.492429256439209, 9.176648139953613, 8.529473304748535, 10.101181030273438, 7.602822780609131, 7.23552131652832, 8.020691871643066, 8.588400840759277, 8.474390029907227, 9.305002212524414, 7.4768829345703125, 8.352154731750488, 7.6302876472473145, 8.17581558227539, 9.409075736999512, 8.564083099365234, 8.19814395904541, 8.23492431640625, 9.010489463806152, 7.9335222244262695, 8.168476104736328, 8.041475296020508, 8.618282318115234, 7.897399425506592, 9.715214729309082, 8.189288139343262, 7.871842384338379, 8.639813423156738, 8.269280433654785, 8.715399742126465, 8.26076602935791, 8.237812042236328, 8.713340759277344, 8.18907642364502, 8.250571250915527, 7.445056915283203, 8.146467208862305, 7.648381233215332, 7.538736343383789, 8.211827278137207, 8.500396728515625, 7.11970329284668, 7.689635276794434, 8.346780776977539, 7.569553852081299, 7.995342254638672, 8.390666961669922, 7.661061763763428, 8.195428848266602, 7.797332763671875, 8.874011993408203, 8.871682167053223, 7.4007978439331055, 9.440441131591797, 7.99019193649292, 7.8127031326293945, 7.99051570892334, 7.957281112670898, 7.642299175262451, 7.537690162658691, 7.61020565032959, 7.520720958709717, 8.503438949584961, 8.67740249633789, 8.000861167907715, 7.745858669281006, 9.503263473510742, 7.810866355895996, 8.74970531463623, 7.835857391357422, 7.853475570678711, 8.265459060668945, 7.579790115356445, 7.277360439300537, 7.313082218170166, 7.7912468910217285, 7.349946022033691, 7.797282695770264, 8.678845405578613, 9.00649642944336, 7.264260292053223, 8.503191947937012, 7.851004123687744, 7.867362976074219, 8.017029762268066, 8.58116340637207, 8.314010620117188, 9.187633514404297, 7.994332790374756, 9.828940391540527, 8.03862190246582, 9.983448028564453, 7.534230709075928, 7.511341571807861, 7.676026344299316, 7.71668004989624, 7.602558612823486, 9.251744270324707, 7.6767168045043945, 7.192400932312012, 6.976233005523682, 11.330223083496094, 7.295775890350342, 7.694817066192627, 9.023661613464355, 7.3100690841674805, 8.91305160522461, 7.233103275299072, 9.824678421020508, 7.6465606689453125, 7.3341474533081055, 9.094229698181152, 7.853504657745361, 9.974143981933594, 8.792749404907227, 8.381314277648926, 7.935840129852295, 7.944750785827637, 9.085949897766113, 9.215232849121094, 7.896556854248047, 7.51597785949707, 6.869020938873291, 7.813509464263916, 7.302003860473633, 9.131118774414062, 7.446682453155518, 8.078503608703613, 7.291956424713135, 7.683452606201172, 8.117502212524414, 9.124099731445312, 8.223272323608398, 8.806870460510254, 7.591560363769531, 7.898500919342041, 7.528489589691162, 7.8652191162109375, 6.951576232910156, 9.305825233459473, 6.690927982330322, 10.799687385559082, 9.523871421813965, 7.64831018447876, 9.365198135375977, 7.55946159362793, 9.176899909973145, 10.181909561157227, 7.252071380615234, 6.981570720672607, 9.374945640563965, 