{"aucroc": 0.8652378755049087, "aucpr": 0.19471884314378837, "dataset": "23_mammography", "method": "hard", "test_ratio": 0.02266666666666667, "train_ratio": 0.02266666666666667, "labeled_anomalies": 1.0, "loe_loss": [11.030899047851562, 10.715576171875, 9.65194320678711, 9.24400520324707, 9.870471954345703, 9.355243682861328, 9.063817977905273, 9.26025390625, 8.832353591918945, 9.230301856994629, 8.746941566467285, 7.206230640411377, 8.311467170715332, 7.62230110168457, 6.850576400756836, 8.77351188659668, 8.465025901794434, 6.8685197830200195, 8.179628372192383, 7.883838653564453, 8.231588363647461, 8.782441139221191, 8.13354778289795, 8.285778999328613, 8.272590637207031, 7.936105728149414, 7.683256149291992, 7.61428165435791, 7.323849201202393, 7.67259407043457, 7.612636566162109, 7.870756149291992, 7.7928032875061035, 7.714014530181885, 7.3820905685424805, 6.6899518966674805, 7.528226852416992, 7.622181415557861, 7.864010334014893, 7.696039199829102, 7.871899127960205, 6.841252326965332, 7.557978630065918, 7.534846782684326, 7.082553863525391, 7.82989501953125, 7.292701244354248, 7.412288665771484, 6.788402557373047, 5.954624176025391, 7.607170581817627, 6.208883285522461, 7.5666351318359375, 7.514124870300293, 7.228238105773926, 7.185891628265381, 6.485611915588379, 6.666590213775635, 6.394149303436279, 7.32911491394043, 6.972196102142334, 7.234437942504883, 7.623634338378906, 7.075629234313965, 7.155120372772217, 7.0184454917907715, 7.379019737243652, 7.217835426330566, 6.987187385559082, 7.77983283996582, 7.411974906921387, 6.091458797454834, 7.383230209350586, 7.31699275970459, 7.595014572143555, 7.278596878051758, 7.33745813369751, 6.932764530181885, 6.50257682800293, 6.0245866775512695, 7.170060634613037, 7.483701705932617, 6.23076868057251, 7.235700607299805, 6.711562156677246, 7.23585319519043, 5.215656280517578, 7.732410430908203, 7.015969276428223, 6.733178615570068, 7.044163703918457, 6.354782581329346, 7.258589267730713, 6.940103530883789, 7.36031436920166, 6.733664035797119, 5.807592868804932, 7.79697322845459, 7.735025405883789, 5.95340633392334, 6.856253147125244, 7.226317405700684, 6.908885955810547, 5.980903148651123, 6.917612552642822, 6.479617118835449, 6.926952362060547, 7.090425491333008, 7.361659049987793, 6.711202144622803, 7.498080253601074, 6.799476623535156, 6.712196350097656, 6.501175880432129, 6.8190598487854, 6.594167232513428, 7.1284871101379395, 6.269145488739014, 6.963164329528809, 7.510038375854492, 6.115978240966797, 7.463894844055176, 6.63976526260376, 6.304992198944092, 6.616265296936035, 5.311262607574463, 6.445093154907227, 6.788750171661377, 7.017815589904785, 6.591853141784668, 5.867159366607666, 6.730169296264648, 7.09296989440918, 6.72976541519165, 6.202457427978516, 7.13407039642334, 6.5660014152526855, 6.3617753982543945, 7.133610725402832, 6.280338764190674, 7.052021503448486, 6.145347595214844, 6.9360833168029785, 6.563485145568848, 6.858755588531494, 7.1284332275390625, 6.729305267333984, 7.063716411590576, 6.705443859100342, 5.976933002471924, 6.3718414306640625, 6.713930130004883, 6.865508556365967, 6.439332485198975, 5.890353202819824, 6.781680583953857, 6.5012526512146, 6.390658378601074, 6.127954483032227, 6.494581699371338, 6.4468865394592285, 6.096929550170898, 7.2740559577941895, 6.672219276428223, 6.562273979187012, 6.354115009307861, 7.658158779144287, 5.400484561920166, 5.946821212768555, 6.720826148986816, 6.181507110595703, 5.494510650634766, 5.864980697631836, 6.294539451599121, 5.028110980987549, 4.652471542358398, 6.6670308113098145, 6.0878071784973145, 6.258687973022461, 6.278561592102051, 5.920074939727783, 6.702821254730225, 4.12862491607666, 6.2473907470703125, 6.5251946449279785, 6.156845569610596, 6.537214279174805, 4.775052547454834, 6.801095962524414, 5.9224371910095215, 5.607985973358154, 4.845919609069824, 6.575021266937256, 6.374027252197266, 6.093548774719238, 5.0831298828125, 7.172647476196289, 5.4130167961120605, 5.973944664001465, 6.055283069610596, 5.851010322570801, 6.128625392913818, 6.407010078430176, 7.052319526672363, 5.986356258392334, 6.230393886566162, 6.466779708862305, 6.411175727844238, 6.401823997497559, 6.395427227020264, 5.811770915985107, 6.406806468963623, 6.268284797668457, 6.092545032501221, 7.103363037109375, 7.023783206939697, 6.854325771331787, 6.22050666809082, 6.091397285461426, 6.48974609375, 6.297810077667236, 6.225935935974121, 5.690649509429932, 6.639322280883789, 3.6761155128479004, 5.564396381378174, 6.388484001159668, 6.842166900634766, 5.884510040283203, 5.9039506912231445, 6.296764850616455, 6.312911033630371, 6.091002464294434, 6.243588447570801, 5.57602596282959, 4.779662132263184, 4.72963809967041, 6.345278739929199, 4.528973579406738, 5.0937819480896, 5.626166343688965, 6.145635604858398, 6.1139960289001465, 6.237416744232178, 6.3642730712890625, 5.4992170333862305, 5.90266752243042, 6.490827560424805, 5.949350357055664, 5.931669235229492, 5.748280048370361, 5.886163234710693, 5.931051254272461, 5.0114946365356445, 4.0553669929504395, 5.963021755218506, 6.129426002502441, 6.700527191162109, 5.984309196472168, 4.895777702331543, 5.960707187652588, 6.173304557800293, 6.41975736618042, 5.826526641845703, 4.604679584503174, 4.917680263519287, 5.779750347137451, 6.058792591094971, 5.357024669647217, 5.767361164093018, 5.03792667388916, 6.667905807495117, 6.822760581970215, 5.573868751525879, 6.1766438484191895, 6.5520806312561035, 5.720797061920166, 6.298821926116943, 5.694397926330566, 6.134184837341309, 5.877220153808594, 6.159948348999023, 5.945998191833496, 5.993686199188232, 5.42894983291626, 5.050350189208984, 5.7642621994018555, 6.047601222991943, 5.074340343475342, 6.387838363647461, 2.4424386024475098, 3.0796804428100586, 5.154439449310303, 6.209372520446777, 5.914024353027344, 5.513561248779297, 6.008960723876953, 6.782938480377197, 4.197232723236084, 4.774175643920898, 5.737618446350098, 6.177513122558594, 5.984340667724609, 5.383066654205322, 5.988290309906006, 6.546305179595947, 5.69777774810791, 5.3475799560546875, 6.345292091369629, 5.231793403625488, 5.14377498626709, 4.748098373413086, 5.479816913604736, 4.367469787597656, 5.766977787017822, 4.8056111335754395, 5.4978413581848145, 6.146378517150879, 6.137033939361572, 5.686872959136963, 6.320843696594238, 5.4739251136779785, 5.201939582824707, 4.283198356628418, 6.157954216003418, 5.999395370483398, 2.7711453437805176, 2.55117130279541, 5.599010944366455, 3.600044012069702, 5.052168846130371, 5.162962913513184, 3.9112913608551025, 5.25471305847168, 6.758458137512207, 5.818731784820557, 5.641598701477051, 5.349556922912598, 5.078341960906982, 6.811439037322998, 5.032007217407227, 5.801813125610352, 5.428290367126465, 4.48651647567749, 6.087285995483398, 5.656158447265625, 5.439528942108154, 4.879970550537109, 5.796083927154541, 5.158637046813965, 3.8706343173980713, 5.6683430671691895, 5.927133560180664, 5.332485675811768, 3.595019817352295, 5.6281352043151855, 6.006347179412842, 5.362972259521484, 3.5677878856658936, 5.587382793426514, 5.599213600158691, 5.391839504241943, 6.454931259155273, 5.78502893447876, 5.986485481262207, 6.700685501098633, 4.673620700836182, 5.02792501449585, 5.557973861694336, 6.089439868927002, 6.965513229370117, 5.24704647064209, 4.703627109527588, 5.031329154968262, 5.370202541351318, 5.893857002258301, 6.0843024253845215, 5.089881896972656, 6.759294509887695, 6.585870265960693, 4.837780475616455, 5.496355056762695, 6.836570739746094, 5.582482814788818, 5.521142482757568, 4.916684150695801, 5.728225231170654, 6.240208625793457, 6.641785144805908, 6.129649639129639, 4.910398960113525, 6.231769561767578, 3.977487564086914, 6.3435773849487305, 5.965895652770996, 6.19395637512207, 5.611324787139893, 4.725658416748047, 4.915372848510742, 5.6310906410217285, 4.882324695587158, 6.370105743408203, 5.584939002990723, 5.6170806884765625, 6.168984413146973, 6.495607852935791, 4.698037624359131, 5.798406600952148, 5.945798397064209, 6.275554180145264, 