{"aucroc": 0.8255640933044432, "aucpr": 0.1553079976719859, "dataset": "23_mammography", "method": "hard", "test_ratio": 0.02266666666666667, "train_ratio": 0.02266666666666667, "labeled_anomalies": 1.0, "loe_loss": [9.405200958251953, 9.951199531555176, 10.095705032348633, 6.963015556335449, 10.133918762207031, 9.46355152130127, 9.10849380493164, 9.516977310180664, 9.030518531799316, 7.773610591888428, 9.324942588806152, 8.39906120300293, 8.408597946166992, 8.370028495788574, 8.649870872497559, 8.46597671508789, 8.059202194213867, 7.91217565536499, 7.508662223815918, 8.280067443847656, 7.605609893798828, 8.07114028930664, 8.184948921203613, 8.68655776977539, 8.07883358001709, 8.315024375915527, 6.501728057861328, 7.682321071624756, 7.7015180587768555, 7.539525032043457, 7.057744026184082, 6.179702281951904, 7.795344352722168, 7.9987993240356445, 7.617030620574951, 7.838898658752441, 7.348250389099121, 6.814920902252197, 7.071808815002441, 7.769484519958496, 7.436718463897705, 7.292863845825195, 7.150649547576904, 7.570297718048096, 7.845206260681152, 7.324310302734375, 7.6277570724487305, 7.5872344970703125, 7.589167594909668, 5.409016132354736, 7.755417823791504, 7.253993988037109, 7.3601155281066895, 6.095006942749023, 7.383105754852295, 7.071043014526367, 6.8790669441223145, 6.851104736328125, 7.391213893890381, 6.482997894287109, 6.5941267013549805, 7.539746284484863, 7.1196208000183105, 6.587801456451416, 7.051464080810547, 6.401780128479004, 7.159191131591797, 7.227704048156738, 8.0625638961792, 6.930800914764404, 6.696690559387207, 7.320796966552734, 7.322096347808838, 6.729681015014648, 7.496095180511475, 7.2194905281066895, 6.957821846008301, 7.095581531524658, 7.082012176513672, 7.091462135314941, 7.675836086273193, 6.942965984344482, 7.189896106719971, 7.219271659851074, 7.012423038482666, 7.3732452392578125, 7.510941028594971, 7.131643772125244, 6.888301372528076, 6.765941619873047, 6.218238830566406, 6.376214027404785, 7.3794708251953125, 6.861576080322266, 7.103482246398926, 7.1618876457214355, 6.392906665802002, 7.042582035064697, 6.733353137969971, 6.229310035705566, 6.371463775634766, 7.079375267028809, 7.198647975921631, 6.628566741943359, 6.205799102783203, 6.444384574890137, 7.053136348724365, 7.0484619140625, 6.974119186401367, 6.656936168670654, 7.139822959899902, 6.851683139801025, 7.086629390716553, 6.644009113311768, 7.041470527648926, 7.755491733551025, 6.853787899017334, 7.085557460784912, 6.670910835266113, 6.0616374015808105, 6.784562587738037, 7.378910541534424, 7.1156158447265625, 6.961939811706543, 7.1268086433410645, 7.0993571281433105, 6.938047409057617, 6.561009883880615, 6.751341819763184, 6.906658172607422, 7.167980670928955, 7.5567708015441895, 5.9733357429504395, 6.796961307525635, 6.13235330581665, 7.459914684295654, 5.748016834259033, 6.236067295074463, 6.423384666442871, 6.927718639373779, 6.58086633682251, 7.118790626525879, 6.391648292541504, 6.606889247894287, 5.021945476531982, 6.38671350479126, 6.729623794555664, 6.486227989196777, 5.936407566070557, 6.772525310516357, 6.690914630889893, 6.460042953491211, 6.212399482727051, 6.677530765533447, 6.622174263000488, 6.729221343994141, 6.373025417327881, 6.390387535095215, 6.347725868225098, 7.136124610900879, 6.325355529785156, 5.781084060668945, 7.191333293914795, 6.931225299835205, 5.718069553375244, 6.332480430603027, 6.079829692840576, 6.645904064178467, 5.555034637451172, 6.347064018249512, 6.716081142425537, 6.5386271476745605, 6.571191787719727, 7.077479362487793, 6.410864353179932, 6.545363426208496, 6.368520736694336, 6.259936332702637, 7.037852764129639, 6.334062576293945, 6.153602600097656, 6.159799575805664, 6.573835372924805, 4.718250751495361, 6.357554912567139, 6.4699320793151855, 7.176901817321777, 6.413364410400391, 6.790071964263916, 7.1460371017456055, 7.144953727722168, 6.884075164794922, 6.935590744018555, 6.861666679382324, 7.144689083099365, 6.8969268798828125, 6.547631740570068, 6.55075740814209, 6.809957027435303, 6.624444484710693, 6.442593097686768, 4.875518321990967, 6.742236137390137, 7.247274875640869, 6.6889190673828125, 6.196601867675781, 6.18278694152832, 6.522454261779785, 6.282181739807129, 4.651859283447266, 6.294775009155273, 6.349380970001221, 6.993515968322754, 6.085814476013184, 6.276869297027588, 6.789473533630371, 6.537215232849121, 6.7209978103637695, 6.326229095458984, 6.784975051879883, 6.661327362060547, 6.514078140258789, 5.945247650146484, 6.928844928741455, 6.49025821685791, 6.575946807861328, 6.543384075164795, 6.857456684112549, 6.850488662719727, 6.595808029174805, 6.465742111206055, 6.467533588409424, 6.573375225067139, 6.90987491607666, 6.627976894378662, 6.358610153198242, 4.729242324829102, 7.077146530151367, 6.578090667724609, 6.395535469055176, 6.326410293579102, 6.15598726272583, 6.462521553039551, 6.292832851409912, 6.607227802276611, 6.806136608123779, 6.455635070800781, 6.558167457580566, 5.94399881362915, 6.7003068923950195, 5.30227518081665, 6.317245006561279, 6.261100769042969, 5.1555070877075195, 6.158359050750732, 7.220351696014404, 7.008327484130859, 6.4663519859313965, 6.294241905212402, 6.224870681762695, 6.594909191131592, 6.831630706787109, 6.9847517013549805, 6.683038711547852, 6.695971488952637, 6.878630638122559, 6.696073532104492, 5.992817401885986, 6.771787643432617, 6.721521377563477, 6.735267162322998, 6.591444492340088, 6.511890888214111, 7.221928119659424, 5.330364227294922, 7.246553897857666, 6.174842357635498, 6.296308517456055, 6.2346391677856445, 6.42227840423584, 5.101181507110596, 7.126593112945557, 6.470592498779297, 6.142803192138672, 5.966681480407715, 6.181863307952881, 6.315232276916504, 7.082714557647705, 6.973781108856201, 6.535541534423828, 6.328156471252441, 6.330236434936523, 5.975625991821289, 6.3135986328125, 3.4639406204223633, 6.488729000091553, 6.064006805419922, 6.553297996520996, 5.201030254364014, 5.997417449951172, 6.4208550453186035, 6.365553379058838, 6.062560081481934, 6.38941764831543, 5.499075889587402, 6.34877872467041, 7.048437118530273, 5.769322872161865, 6.768184185028076, 6.232094764709473, 5.9546942710876465, 6.330456733703613, 6.584234714508057, 5.914060115814209, 6.187831878662109, 6.787387847900391, 6.398613452911377, 6.775643825531006, 6.526333332061768, 6.271383285522461, 4.568024158477783, 6.837663173675537, 6.395631790161133, 6.3713202476501465, 6.714967727661133, 6.096289157867432, 6.234173774719238, 5.832892894744873, 6.304006576538086, 6.943962097167969, 6.768914699554443, 5.937753200531006, 5.021693229675293, 5.999350070953369, 6.493428707122803, 6.651815414428711, 6.401554107666016, 6.20819616317749, 4.656484603881836, 6.475179195404053, 6.944526195526123, 5.559764862060547, 5.95927619934082, 5.716479301452637, 5.268476486206055, 5.723548889160156, 6.941953659057617, 5.778981685638428, 6.259347438812256, 6.310994625091553, 6.2588419914245605, 5.681892395019531, 4.979193687438965, 6.813203811645508, 5.802640914916992, 6.544778347015381, 6.789305210113525, 6.279315948486328, 6.055655479431152, 5.5301103591918945, 6.773247241973877, 6.4472336769104, 6.795670509338379, 6.583743095397949, 6.4057111740112305, 6.342258453369141, 6.545231819152832, 6.098677158355713, 6.109604835510254, 6.106260299682617, 6.76535701751709, 5.962690830230713, 6.352504253387451, 6.196832656860352, 5.902031898498535, 6.429166793823242, 5.509270191192627, 6.190238952636719, 6.504829406738281, 6.321585655212402, 5.1486663818359375, 4.745399475097656, 6.5465521812438965, 5.867197513580322, 5.727534294128418, 6.060256004333496, 6.378631114959717, 5.9097723960876465, 6.2302680015563965, 4.6745829582214355, 6.299925327301025, 5.3962907791137695, 6.435464382171631, 6.003619194030762, 6.032423973083496, 6.197504997253418, 6.312696933746338, 5.9886274337768555, 6.42222261428833, 6.350644588470459, 7.478471279144287, 6.7275896072387695, 6.434905052185059, 6.119459629058838, 6.548406600952148, 5.791950225830078, 6.186319828033447, 6.353564739227295, 6.071716785430908,