{"aucroc": 0.8568868654817471, "aucpr": 0.4479119679243184, "dataset": "24_mnist", "method": "blind", "test_ratio": 0.0920648838228847, "train_ratio": 0.0920648838228847, "labeled_anomalies": 1.0, "loe_loss": [188.02857971191406, 195.6454620361328, 181.645263671875, 191.0184326171875, 165.35696411132812, 212.64340209960938, 164.2364959716797, 181.43551635742188, 168.25791931152344, 203.04464721679688, 158.78793334960938, 191.5016632080078, 158.61102294921875, 160.73158264160156, 166.2113037109375, 155.0796356201172, 154.4892120361328, 183.42752075195312, 213.44981384277344, 160.10763549804688, 150.53672790527344, 153.0673828125, 157.8814697265625, 155.880126953125, 154.92599487304688, 152.8833770751953, 144.92996215820312, 147.86976623535156, 152.40220642089844, 147.52145385742188, 146.64772033691406, 147.3052978515625, 161.35366821289062, 152.55923461914062, 142.8006134033203, 181.30587768554688, 145.35400390625, 174.15956115722656, 143.58462524414062, 144.77244567871094, 163.3131561279297, 143.4678497314453, 146.24339294433594, 167.3435821533203, 150.00001525878906, 151.36236572265625, 144.18417358398438, 131.6363067626953, 141.14060974121094, 137.71665954589844, 134.47439575195312, 161.718505859375, 138.43484497070312, 142.56109619140625, 139.65621948242188, 146.83636474609375, 144.51446533203125, 131.4793701171875, 134.11917114257812, 129.4124755859375, 147.25680541992188, 132.13478088378906, 137.5195770263672, 133.0079803466797, 136.23480224609375, 138.17819213867188, 137.3648223876953, 128.81781005859375, 135.87289428710938, 139.93844604492188, 133.01840209960938, 130.63587951660156, 127.90621185302734, 137.26138305664062, 141.71461486816406, 151.51271057128906, 141.39915466308594, 126.41320037841797, 128.7947235107422, 152.13868713378906, 132.2692413330078, 127.4602279663086, 131.60447692871094, 125.2838134765625, 135.56898498535156, 177.2159423828125, 131.79727172851562, 160.13848876953125, 126.59603118896484, 138.55520629882812, 129.68771362304688, 128.46652221679688, 140.2775115966797, 123.9473876953125, 129.21974182128906, 152.13778686523438, 165.34039306640625, 127.14275360107422, 129.07998657226562, 124.17627716064453, 121.3789291381836, 122.9334716796875, 186.12615966796875, 122.25009155273438, 121.8014144897461, 139.8802947998047, 125.07115173339844, 121.551025390625, 129.91490173339844, 128.2952880859375, 121.76725006103516, 120.99319458007812, 210.3910675048828, 127.30545806884766, 136.2001953125, 121.38568878173828, 126.44591522216797, 120.567626953125, 146.74525451660156, 120.6102523803711, 130.34388732910156, 156.68386840820312, 120.51090240478516, 125.96026611328125, 118.8973617553711, 132.89022827148438, 119.71837615966797, 125.05565643310547, 156.74862670898438, 126.11705780029297, 116.3418960571289, 173.04275512695312, 136.24798583984375, 145.76004028320312, 122.40435791015625, 125.86370849609375, 123.08183288574219, 147.70745849609375, 130.36923217773438, 116.86705780029297, 128.68081665039062, 123.77490234375, 121.28631591796875, 119.57971954345703, 122.99649047851562, 126.78248596191406, 139.4371795654297, 149.44239807128906, 118.89344024658203, 115.44914245605469, 127.28118896484375, 122.41883850097656, 154.87220764160156, 160.02220153808594, 128.1351318359375, 116.171630859375, 117.43829345703125, 120.07022094726562, 128.24363708496094, 133.41473388671875, 145.26487731933594, 165.12310791015625, 130.1256103515625, 114.2451171875, 119.56407165527344, 121.26174926757812, 116.26461029052734, 128.97389221191406, 125.91444396972656, 124.15107727050781, 124.6556396484375, 114.72477722167969, 120.05741882324219, 154.97103881835938, 145.47023010253906, 126.17061614990234, 113.6188735961914, 116.86685180664062, 130.3247528076172, 118.59773254394531, 123.95526885986328, 131.24038696289062, 120.1458740234375, 146.76927185058594, 119.35954284667969, 118.75100708007812, 145.39620971679688, 130.21478271484375, 115.2069091796875, 111.85960388183594, 117.37622833251953, 115.29766845703125, 125.83240509033203, 115.73522186279297, 113.99530792236328, 170.4339599609375, 149.07081604003906, 165.74330139160156, 126.35830688476562, 118.58645629882812, 117.9850845336914, 143.3133087158203, 113.54521179199219, 176.0241241455078, 112.30189514160156, 137.497802734375, 113.93775177001953, 116.84761047363281, 116.08966064453125, 169.27288818359375, 128.92652893066406, 116.6659927368164, 120.67508697509766, 130.63827514648438, 115.69097900390625, 122.66100311279297, 113.06369018554688, 119.05097961425781, 117.64352416992188, 122.593505859375, 112.16234588623047, 118.40672302246094, 115.02176666259766, 144.65771484375, 115.70867919921875, 161.3401336669922, 153.71267700195312, 115.88334655761719, 115.95751953125, 120.01646423339844, 110.79761505126953, 193.01687622070312, 108.73749542236328, 118.30386352539062, 115.21975708007812, 148.55950927734375, 122.28240203857422, 119.0753173828125, 119.35148620605469, 113.5516357421875, 111.3120346069336, 115.10355377197266, 112.08686065673828, 113.67689514160156, 119.37765502929688, 154.04881286621094, 111.01152038574219, 108.40278625488281, 119.40956115722656, 119.34193420410156, 114.49943542480469, 118.77206420898438, 118.66282653808594, 117.21794128417969, 139.00184631347656, 114.29680633544922, 122.41404724121094, 122.21923828125, 132.666015625, 148.23104858398438, 187.8298797607422, 183.3045654296875, 115.76483154296875, 124.80741882324219, 121.22048950195312, 140.88873291015625, 123.20838928222656, 112.84580993652344, 155.618408203125, 116.26313781738281, 129.71685791015625, 108.62582397460938, 108.50800323486328, 135.59884643554688, 133.84112548828125, 109.15257263183594, 122.77073669433594, 111.19779205322266, 128.89535522460938, 130.7642364501953, 148.21954345703125, 123.14531707763672, 121.10842895507812, 117.41605377197266, 126.20608520507812, 114.8791732788086, 108.51390838623047, 119.98497009277344, 111.28506469726562, 120.69877624511719, 125.10514831542969, 116.83536529541016, 126.50370025634766, 110.71601867675781, 134.17166137695312, 115.38072204589844, 120.17434692382812, 115.84390258789062, 108.36893463134766, 115.67608642578125, 118.17510223388672, 107.85568237304688, 118.06826782226562, 124.08502197265625, 116.42652893066406, 182.31832885742188, 114.08173370361328, 118.36902618408203, 124.35877990722656, 119.10006713867188, 129.28070068359375, 116.49848175048828, 145.10415649414062, 109.19678497314453, 176.69488525390625, 134.2070770263672, 114.44563293457031, 108.21882629394531, 123.58744049072266, 166.07569885253906, 108.59400177001953, 139.1832275390625, 147.02073669433594, 109.66670227050781, 111.10054016113281, 116.45406341552734, 149.37261962890625, 119.59909057617188, 141.468994140625, 108.39301300048828, 126.8319320678711, 114.55680084228516, 119.68773651123047, 139.8633270263672, 121.48606872558594, 109.14773559570312, 173.10472106933594, 110.16400909423828, 146.6117706298828, 116.77916717529297, 110.75962829589844, 122.64822387695312, 114.22691345214844, 107.96479797363281, 142.71205139160156, 150.1969757080078, 158.17236328125, 108.32267761230469, 114.80565643310547, 118.11571502685547, 116.2586669921875, 124.17484283447266, 108.49031829833984, 144.44908142089844, 114.51832580566406, 111.0851058959961, 113.52436065673828, 117.25588989257812, 115.32762145996094, 107.06230163574219, 119.77769470214844, 111.73759460449219, 109.7429428100586, 113.07286834716797, 105.78633117675781, 113.60404968261719, 145.437255859375, 114.29829406738281, 128.48670959472656, 105.94137573242188, 130.23887634277344, 113.72877502441406, 130.3871612548828, 105.8293685913086, 136.85260009765625, 110.059326171875, 109.24483489990234, 152.5839385986328, 110.03158569335938, 112.29663848876953, 111.1612777709961, 140.4337921142578, 129.74847412109375, 113.22198486328125, 145.635498046875, 107.23590087890625, 127.3551254272461, 124.20803833007812, 108.39376831054688, 144.1038818359375, 113.95153045654297, 108.56440734863281, 115.15007781982422, 105.95404815673828, 111.24742889404297, 155.7230224609375, 