{"aucroc": 0.7945107416860194, "aucpr": 0.25686416063649514, "dataset": "24_mnist", "method": "hard", "test_ratio": 0.0920648838228847, "train_ratio": 0.0920648838228847, "labeled_anomalies": 1.0, "loe_loss": [130.70095825195312, 125.16925048828125, 58.345149993896484, 113.52477264404297, 114.41231536865234, 121.26593017578125, 120.99027252197266, 112.88306427001953, 108.64437866210938, 114.10469818115234, 117.8609390258789, 83.43174743652344, 106.40487670898438, 114.33956146240234, 113.3851089477539, 115.76904296875, 112.35863494873047, 104.45430755615234, 74.20211029052734, 76.94845581054688, 112.04828643798828, 108.28678894042969, 105.17298126220703, 100.68404388427734, 78.42059326171875, 108.53985595703125, 83.02369689941406, 103.9765853881836, 82.15554809570312, 109.84769439697266, 78.93418884277344, 76.87898254394531, 105.37361145019531, 74.04989624023438, 72.8675765991211, 86.37483215332031, 102.42537689208984, 93.22238159179688, 62.152130126953125, 99.44564819335938, 96.362060546875, 55.839195251464844, 86.85614776611328, 87.26638793945312, 57.827796936035156, 98.56939697265625, 88.60601806640625, 83.34832000732422, 88.81596374511719, 80.41529846191406, 91.60842895507812, 70.92138671875, 94.68504333496094, 80.91320037841797, 95.41749572753906, 59.8701286315918, 83.66502380371094, 65.64714813232422, 60.18842315673828, 79.95277404785156, 90.74844360351562, 49.61445236206055, 84.91927337646484, 90.50846862792969, 37.97282409667969, 86.78339385986328, 44.21015930175781, 72.56473541259766, 86.62637329101562, 85.58202362060547, 75.15231323242188, 44.113136291503906, 80.69772338867188, 79.9521713256836, 80.41349029541016, 87.84109497070312, 78.41064453125, 47.141685485839844, 61.87112808227539, 81.13694763183594, 76.1396484375, 41.780677795410156, 71.1529541015625, 76.25606536865234, 82.0253677368164, 66.79743957519531, 72.23036193847656, 60.650779724121094, 67.17692565917969, 58.613624572753906, 60.347084045410156, 74.1560287475586, 68.23274993896484, 77.76990509033203, 76.70556640625, 62.36478042602539, 77.09014892578125, 9.215005874633789, 83.26150512695312, 87.5704574584961, 56.18989181518555, 84.15534973144531, 70.92218780517578, 114.68509674072266, 111.05878448486328, 99.38088989257812, 104.56278991699219, 97.54472351074219, 111.96150207519531, 42.00681686401367, 74.0184326171875, 111.18680572509766, 56.17633819580078, 123.50125885009766, -10.18545150756836], "n_epochs": 114}