{"aucroc": 0.8568868654817471, "aucpr": 0.4479119679243184, "dataset": "24_mnist", "method": "soft", "test_ratio": 0.0920648838228847, "train_ratio": 0.0920648838228847, "labeled_anomalies": 1.0, "loe_loss": [147.6565704345703, 135.8363037109375, 134.85818481445312, 127.91019439697266, 137.2649688720703, 127.53729248046875, 136.44390869140625, 133.5623321533203, 132.53219604492188, 124.9922866821289, 134.2179718017578, 125.96981048583984, 132.4802703857422, 131.49330139160156, 129.84239196777344, 129.2738800048828, 130.3815460205078, 124.07483673095703, 119.90018463134766, 126.61394500732422, 125.34342956542969, 127.42857360839844, 125.11117553710938, 125.9516372680664, 128.02618408203125, 124.73668670654297, 123.08575439453125, 121.73141479492188, 120.98582458496094, 121.8249740600586, 121.39354705810547, 121.85357666015625, 114.53750610351562, 116.78331756591797, 117.73700714111328, 109.7006607055664, 116.27794647216797, 109.44015502929688, 116.74978637695312, 116.45020294189453, 111.3935546875, 114.45255279541016, 111.09043884277344, 107.59922790527344, 109.75299835205078, 109.74197387695312, 110.4486083984375, 112.78001403808594, 113.48155212402344, 111.42399597167969, 112.0016860961914, 105.97267150878906, 108.41960906982422, 107.8503189086914, 110.39321899414062, 108.48023986816406, 107.12972259521484, 109.4412612915039, 109.2440185546875, 109.22559356689453, 105.67721557617188, 109.96675109863281, 108.13496398925781, 109.0189437866211, 106.6064453125, 107.27568054199219, 107.94577026367188, 107.73548126220703, 109.19473266601562, 107.90237426757812, 105.83177185058594, 106.7195053100586, 108.80858612060547, 108.6897964477539, 105.90930938720703, 100.73809814453125, 106.50174713134766, 105.68616485595703, 107.42782592773438, 102.5572280883789, 105.81378936767578, 104.81963348388672, 104.74685668945312, 104.14469909667969, 103.10448455810547, 94.12403106689453, 102.8135757446289, 95.72306060791016, 101.79704284667969, 100.01544952392578, 103.92255401611328, 103.23956298828125, 100.75325012207031, 102.34257507324219, 103.4896011352539, 98.80197143554688, 93.51436614990234, 102.96932220458984, 102.01692199707031, 101.75627899169922, 102.85588836669922, 102.98876953125, 88.12262725830078, 102.0699462890625, 102.90262603759766, 98.6021499633789, 100.44953918457031, 103.91378784179688, 100.65239715576172, 101.9453125, 100.53417205810547, 101.4729232788086, 79.24540710449219, 102.21304321289062, 96.8065414428711, 99.72467041015625, 100.67924499511719, 101.01112365722656, 95.50577545166016, 99.94112396240234, 98.85325622558594, 92.4453353881836, 100.43954467773438, 99.4209213256836, 100.4500961303711, 98.6379165649414, 99.83356475830078, 99.50606536865234, 93.65606689453125, 98.5281982421875, 98.45006561279297, 88.84436798095703, 95.98052978515625, 92.42709350585938, 98.12700653076172, 99.30158996582031, 99.40585327148438, 93.08113098144531, 98.15714263916016, 98.7435073852539, 97.17852020263672, 98.85150146484375, 96.20172119140625, 98.50052642822266, 96.15451049804688, 96.14971923828125, 92.92108917236328, 91.90667724609375, 96.6359634399414, 96.77484893798828, 94.54039764404297, 95.9796371459961, 91.34490966796875, 88.81373596191406, 96.17594909667969, 98.24354553222656, 96.36896514892578, 98.63831329345703, 94.28704833984375, 92.71358489990234, 92.45909118652344, 89.32123565673828, 95.75680541992188, 97.47798919677734, 98.26563262939453, 94.7510986328125, 95.64105224609375, 94.12934112548828, 93.86490631103516, 94.90644836425781, 96.87921905517578, 96.5882339477539, 95.39795684814453, 88.95152282714844, 88.07251739501953, 96.41011047363281, 95.84291076660156, 97.44815063476562, 93.06429290771484, 93.26704406738281, 93.54486083984375, 93.84400939941406, 94.55964660644531, 86.5484390258789, 95.21762084960938, 92.95248413085938, 87.51718139648438, 90.33366394042969, 94.97175598144531, 94.28838348388672, 94.1485366821289, 93.36628723144531, 93.52252197265625, 93.38326263427734, 94.6013412475586, 80.23583984375, 85.29571533203125, 81.73883056640625, 90.12059020996094, 95.18978881835938, 91.50975799560547, 85.2855224609375, 95.52760314941406, 78.63919830322266, 95.05484008789062, 86.34329986572266, 93.32984161376953, 91.89318084716797, 92.86294555664062, 80.6715316772461, 92.38850402832031, 93.27909088134766, 91.35197448730469, 90.03077697753906, 91.15751647949219, 92.16165161132812, 92.48161315917969, 91.67391204833984, 92.12789154052734, 93.54842376708984, 92.74822235107422, 91.73101043701172, 91.46636962890625, 85.78345489501953, 91.9975814819336, 81.74153900146484, 83.64671325683594, 91.05064392089844, 90.87570190429688, 91.59693145751953, 92.20443725585938, 73.29618072509766, 92.70476531982422, 90.8724136352539, 94.25093078613281, 85.58483123779297, 88.3824234008789, 89.9874038696289, 91.40042877197266, 92.66166687011719, 91.4905014038086, 91.08409118652344, 90.93878173828125, 93.14379119873047, 92.24246215820312, 83.3377914428711, 90.58856964111328, 91.38966369628906, 90.36500549316406, 90.00491333007812, 89.25508880615234, 89.46319580078125, 90.6232681274414, 90.09941864013672, 86.56795501708984, 89.45494842529297, 87.13768005371094, 89.09136199951172, 86.9839859008789, 79.53070068359375, 72.3593978881836, 73.56205749511719, 87.62133026123047, 86.963134765625, 86.3819351196289, 82.0315933227539, 87.32069396972656, 89.07677459716797, 79.32254028320312, 87.56511688232422, 85.04598999023438, 89.72965240478516, 90.05805969238281, 87.3228988647461, 87.94371032714844, 91.65617370605469, 87.5790023803711, 89.52645111083984, 85.2310791015625, 84.6514892578125, 79.30281066894531, 86.87895965576172, 88.42533111572266, 88.33232116699219, 87.14657592773438, 89.90349578857422, 89.28314208984375, 88.36870574951172, 89.9841079711914, 87.38263702392578, 87.60983276367188, 86.92906188964844, 84.71466827392578, 88.2004623413086, 86.22819519042969, 87.8542251586914, 88.27034759521484, 88.21414947509766, 89.4035873413086, 87.12596893310547, 88.3190689086914, 88.06202697753906, 88.25291442871094, 85.26597595214844, 86.95724487304688, 72.1298828125, 88.0545654296875, 88.07902526855469, 86.60828399658203, 87.11717987060547, 82.77079772949219, 86.48017883300781, 78.04802703857422, 88.17827606201172, 71.04344177246094, 85.60395812988281, 89.624755859375, 88.50454711914062, 84.05487823486328, 74.25465393066406, 87.91987609863281, 86.62257385253906, 81.97120666503906, 86.4744873046875, 89.14558410644531, 88.63612365722656, 77.9222183227539, 86.84710693359375, 79.31212615966797, 89.21417236328125, 82.91002655029297, 87.36254119873047, 86.5156478881836, 85.79747772216797, 86.71372985839844, 87.59398651123047, 73.56659698486328, 90.43855285644531, 80.76521301269531, 86.87637329101562, 88.94647216796875, 85.23574829101562, 86.19593811035156, 88.15985107421875, 81.3802490234375, 80.8619384765625, 77.7838363647461, 88.26647186279297, 88.1842269897461, 85.25238800048828, 87.58979797363281, 83.53351593017578, 90.57937622070312, 80.09844970703125, 88.56844329833984, 86.18831634521484, 84.89228820800781, 86.45924377441406, 86.93206787109375, 89.26641845703125, 85.9531021118164, 87.58980560302734, 88.41178131103516, 87.13369750976562, 87.9080810546875, 87.83570861816406, 76.26986694335938, 86.3192367553711, 83.62067413330078, 86.48726654052734, 82.69801330566406, 85.85824584960938, 80.93142700195312, 85.09239196777344, 76.59757232666016, 87.91922760009766, 86.6542739868164, 71.5116195678711, 85.80774688720703, 86.46971130371094, 88.43126678466797, 78.55968475341797, 84.30155944824219, 83.86320495605469, 79.03385162353516, 85.026123046875, 81.38311004638672, 83.18678283691406, 86.42182159423828, 79.08592987060547, 86.51264953613281, 86.49779510498047, 85.66856384277344, 85.38638305664062, 87.50946044921875, 76.21617126464844, 73.97123718261719, 76.8510971069336, 83.54573822021484, 84.38014221191406, 83.23164367675781, 85.53251647949219, 82.75015258789062, 87.04869842529297, 84.3502197265625, 84.61898040771484, 86.37066650390625, 74.57405090332031, 78.38270568847656, 