{"aucroc": 0.8538325937167076, "aucpr": 0.44550558394470946, "dataset": "24_mnist", "method": "refine", "test_ratio": 0.0920648838228847, "train_ratio": 0.0920648838228847, "labeled_anomalies": 1.0, "loe_loss": [155.39732360839844, 147.46136474609375, 143.90533447265625, 140.21434020996094, 142.58071899414062, 144.26535034179688, 141.7002410888672, 142.76234436035156, 139.32777404785156, 140.17068481445312, 138.72796630859375, 138.533935546875, 137.16778564453125, 136.87533569335938, 136.5369415283203, 133.8387451171875, 134.44180297851562, 135.54969787597656, 138.24566650390625, 132.40032958984375, 128.5153350830078, 131.49411010742188, 130.63760375976562, 130.4774169921875, 132.93136596679688, 129.03778076171875, 127.41072082519531, 125.60770416259766, 125.7571792602539, 126.00115203857422, 125.77424621582031, 126.51461791992188, 123.23617553710938, 123.01810455322266, 121.06887817382812, 123.07032775878906, 121.04132080078125, 121.26244354248047, 121.41422271728516, 121.2968521118164, 121.05461120605469, 119.90989685058594, 117.72889709472656, 119.30891418457031, 117.12582397460938, 117.28790283203125, 116.24144744873047, 115.5044174194336, 118.07213592529297, 116.01629638671875, 114.97830963134766, 115.85921478271484, 113.32783508300781, 113.75227355957031, 114.93977355957031, 114.6365966796875, 113.25712585449219, 112.00709533691406, 112.25172424316406, 111.26921081542969, 112.08726501464844, 112.660888671875, 112.240478515625, 111.64602661132812, 110.30290985107422, 111.36773681640625, 111.49267578125, 109.27250671386719, 112.37287139892578, 112.2883071899414, 108.42007446289062, 108.6032943725586, 109.80479431152344, 112.09797668457031, 110.14347839355469, 107.24822998046875, 110.77629089355469, 106.08352661132812, 108.39763641357422, 109.27620697021484, 107.1956787109375, 105.02002716064453, 106.00755310058594, 104.1375503540039, 105.35304260253906, 106.74160766601562, 103.47970581054688, 103.75524139404297, 101.05184936523438, 101.99993133544922, 103.69495391845703, 102.39608001708984, 103.61846160888672, 100.75804138183594, 103.58421325683594, 104.68082427978516, 102.6008071899414, 102.14559936523438, 101.13573455810547, 99.76815795898438, 99.70832824707031, 100.8561782836914, 102.3714828491211, 99.41928100585938, 100.7250747680664, 100.48471069335938, 98.28108978271484, 101.22537231445312, 100.01335906982422, 101.65882873535156, 96.69914245605469, 97.96817016601562, 98.17234802246094, 101.84317779541016, 97.51007843017578, 95.77592468261719, 99.09539031982422, 98.10930633544922, 98.85377502441406, 96.14231872558594, 98.7677230834961, 98.2763900756836, 97.06135559082031, 97.40727996826172, 95.93048095703125, 99.90882873535156, 96.4830322265625, 96.84425354003906, 100.29676818847656, 96.49240112304688, 92.73546600341797, 99.3111343383789, 96.97758483886719, 94.23407745361328, 94.48816680908203, 97.42443084716797, 96.62187194824219, 95.74313354492188, 96.70606231689453, 93.07108306884766, 95.78498840332031, 95.63684844970703, 90.52349090576172, 93.87396240234375, 91.11518096923828, 93.44965362548828, 93.21395874023438, 95.24940490722656, 90.81878662109375, 89.27346801757812, 90.66140747070312, 90.53007507324219, 97.27191925048828, 94.95685577392578, 93.44608306884766, 91.83489990234375, 90.17686462402344, 94.48065185546875, 91.21470642089844, 90.10704040527344, 94.13436126708984, 98.19483184814453, 93.62653350830078, 90.06300354003906, 92.58596801757812, 89.5097427368164, 88.14779663085938, 90.41087341308594, 89.52255249023438, 91.0059814453125, 94.09771728515625, 89.76786804199219, 90.03338623046875, 94.13055419921875, 89.36299896240234, 94.17351531982422, 88.81413269042969, 92.01461791992188, 91.07157897949219, 86.45963287353516, 88.96053314208984, 93.6956787109375, 89.32260131835938, 88.09565734863281, 90.67945098876953, 86.85161590576172, 88.35978698730469, 87.06562805175781, 88.18637084960938, 86.62983703613281, 88.30752563476562, 86.20059204101562, 91.87389373779297, 86.78260040283203, 87.58527374267578, 88.21853637695312, 87.65278625488281, 88.41058349609375, 86.76255798339844, 91.61848449707031, 85.0279541015625, 85.61156463623047, 90.21088409423828, 87.84749603271484, 89.02641296386719, 85.28947448730469, 86.64338684082031, 85.0472412109375, 86.91136169433594, 88.97367095947266, 92.0023193359375, 87.96347045898438, 86.29209899902344, 88.4704360961914, 84.1552734375, 89.12271118164062, 85.32678985595703, 85.88154602050781, 86.56991577148438, 91.1861572265625, 85.416015625, 86.3764419555664, 84.74353790283203, 88.0404281616211, 86.42289733886719, 88.09380340576172, 87.46890258789062, 84.86161804199219, 84.6591796875, 87.88712310791016, 84.13273620605469, 88.81835174560547, 85.41216278076172, 85.89297485351562, 90.88805389404297, 90.11392211914062, 82.92013549804688, 85.02487182617188, 87.32955932617188, 86.57500457763672, 84.11367797851562, 85.56871032714844, 83.20390319824219, 87.99093627929688, 89.78602600097656, 89.95886993408203, 83.50762939453125, 83.21896362304688, 86.75518798828125, 86.52921295166016, 82.99493408203125, 85.30645751953125, 87.04769134521484, 85.8813705444336, 89.16033172607422, 83.36345672607422, 84.54425048828125, 87.12659454345703, 88.39655303955078, 82.27708435058594, 86.50623321533203, 86.81393432617188, 81.93830871582031, 84.16458129882812, 81.63541412353516, 82.0321044921875, 83.17664337158203, 82.43785858154297, 84.14244842529297, 81.67325592041016, 82.27157592773438, 81.14633178710938, 81.89938354492188, 87.92720031738281, 88.71931457519531, 84.36412048339844, 84.02970886230469, 82.35693359375, 83.37841796875, 81.76356506347656, 82.02067565917969, 83.90179443359375, 85.1531753540039, 82.0676040649414, 84.59117126464844, 84.18544006347656, 80.83792114257812, 83.41593933105469, 83.16506958007812, 83.47042083740234, 85.56929779052734, 81.13585662841797, 81.08260345458984, 80.00819396972656, 87.4187240600586, 82.33074188232422, 85.47457122802734, 83.33293151855469, 83.01432037353516, 81.19447326660156, 83.80487060546875, 79.37513732910156, 83.6552505493164, 81.14765930175781, 81.6464614868164, 84.42626953125, 83.0792465209961, 84.83451843261719, 85.74330139160156, 84.15109252929688, 80.91645050048828, 82.04396057128906, 80.15333557128906, 81.24363708496094, 80.52197265625, 88.40090942382812, 85.84607696533203, 80.34461975097656, 80.06993103027344, 82.18742370605469, 80.48892974853516, 91.84957885742188, 86.50102233886719, 78.55403137207031, 84.00567626953125, 83.8714599609375, 80.28823852539062, 82.54877471923828, 78.89299011230469, 82.67857360839844, 79.61486053466797, 81.36151123046875, 82.32498168945312, 88.44007110595703, 82.57656860351562, 79.19718170166016, 82.65673065185547, 84.39116668701172, 83.58692932128906, 80.84152221679688, 82.66500854492188, 81.21775817871094, 79.11572265625, 79.78026580810547, 82.55937957763672, 85.77625274658203, 83.81449890136719, 79.58050537109375, 81.9207534790039, 80.12872314453125, 82.70552062988281, 78.1560287475586, 84.13700866699219, 82.0549087524414, 83.72300720214844, 78.24020385742188, 77.2901611328125, 80.4827651977539, 81.00704956054688, 80.17236328125, 81.79105377197266, 80.28706359863281, 80.6722183227539, 80.62120056152344, 78.05281829833984, 81.09574890136719, 74.74336242675781, 79.5307388305664, 81.24361419677734, 76.96258544921875, 80.71222686767578, 79.04280090332031, 78.7119140625, 74.79029846191406, 73.86397552490234, 81.43490600585938, 79.429931640625, 72.36085510253906, 77.5133285522461, 79.2508544921875, 82.8130874633789, 78.01734924316406, 84.20075988769531, 75.22200012207031, 82.77338409423828, 76.45230865478516, 79.4599380493164, 80.2606430053711, 77.86996459960938, 82.01170349121094, 80.46653747558594, 78.1197738647461, 79.83336639404297, 76.46971130371094, 82.52406311035156, 81.32219696044922, 74.90291595458984, 76.99092102050781, 76.90286254882812, 77.55883026123047, 76.5970458984375, 84.72308349609375, 72.76182556152344, 81.87876892089844, 75.37982940673828, 74.95357513427734, 80.82337951660156, 75.56139373779297, 77.82647705078125, 