{"aucroc": 1.0, "aucpr": 0.9999999999999997, "dataset": "25_musk", "method": "hard", "test_ratio": 0.031556039173014146, "train_ratio": 0.031556039173014146, "labeled_anomalies": 1.0, "loe_loss": [303.606689453125, 309.141845703125, 296.1358947753906, 295.7995300292969, 305.747802734375, 302.8031311035156, 298.0652160644531, 299.2347717285156, 297.4332275390625, 297.1717529296875, 294.2957458496094, 301.47955322265625, 287.9479064941406, 285.8839416503906, 288.9588928222656, 284.91741943359375, 280.28753662109375, 276.6107482910156, 275.87139892578125, 274.12213134765625, 276.0020751953125, 276.9317626953125, 281.4709167480469, 281.318359375, 277.33880615234375, 276.820068359375, 271.94854736328125, 270.5420227050781, 269.2086486816406, 270.2640686035156, 268.5958557128906, 261.3985595703125, 263.1220703125, 262.1732482910156, 267.7964782714844, 264.0750732421875, 259.16180419921875, 258.442626953125, 259.6549987792969, 257.9695739746094, 263.7489929199219, 261.5141296386719, 262.1939697265625, 262.33782958984375, 257.7926025390625, 260.7496337890625, 255.78182983398438, 256.7881164550781, 251.62527465820312, 252.4404296875, 252.94464111328125, 252.4376678466797, 248.81065368652344, 248.36383056640625, 253.36245727539062, 251.27532958984375, 249.78240966796875, 252.03565979003906, 251.32968139648438, 251.5692138671875, 252.57208251953125, 246.70404052734375, 246.7812957763672, 248.92416381835938, 250.54771423339844, 243.50738525390625, 245.84762573242188, 249.3901824951172, 249.4000244140625, 244.4142303466797, 250.17601013183594, 246.24514770507812, 253.2255096435547, 255.68453979492188, 257.3155517578125, 258.3905029296875, 255.4342803955078, 254.4368896484375, 251.7410430908203, 252.29974365234375, 250.1047821044922, 245.26321411132812, 248.0674591064453, 250.44467163085938, 245.57144165039062, 242.42787170410156, 243.34854125976562, 240.7152862548828, 238.80516052246094, 240.1844482421875, 241.34112548828125, 239.3384246826172, 240.6932830810547, 238.7689208984375, 238.64840698242188, 240.48480224609375, 240.52674865722656, 239.32785034179688, 237.94154357910156, 237.93429565429688, 237.24404907226562, 237.9144744873047, 237.603515625, 246.51828002929688, 252.65042114257812, 257.7422790527344, 262.12457275390625, 259.65435791015625, 254.32330322265625, 255.30682373046875, 253.394287109375, 252.08108520507812, 253.7072296142578, 251.76068115234375, 250.9390411376953, 248.9449462890625, 249.1715545654297, 247.9609375, 244.6834716796875, 245.61900329589844, 245.73077392578125, 242.32957458496094, 242.75167846679688, 240.15115356445312, 242.5446319580078, 243.3795166015625, 241.17527770996094, 237.71878051757812, 241.547119140625, 242.3080596923828, 243.6412353515625, 241.04391479492188, 238.4183349609375, 239.97142028808594, 240.55154418945312, 239.90135192871094, 240.02239990234375, 240.12327575683594, 239.241943359375, 239.47280883789062, 239.34100341796875, 236.4951629638672, 238.5491485595703, 239.67739868164062, 240.11119079589844, 243.93923950195312, 241.2035675048828, 239.42559814453125, 241.4158172607422, 240.0694580078125, 244.78768920898438, 241.2884063720703, 240.4322509765625, 244.17372131347656, 241.0833740234375, 242.5844268798828, 241.10809326171875, 248.9775848388672, 254.8991241455078, 251.21104431152344, 252.72348022460938, 249.39805603027344, 248.87533569335938, 249.31875610351562, 250.7235107421875, 249.66465759277344, 246.48362731933594, 252.11880493164062, 248.90467834472656, 242.6759796142578, 247.18064880371094, 243.6701202392578, 241.7433624267578, 245.6279296875, 241.48776245117188, 246.7061309814453, 245.3176727294922, 239.62957763671875, 242.32510375976562, 243.291748046875, 243.60614013671875, 244.0987548828125, 249.79849243164062, 249.22518920898438, 245.30628967285156, 241.1654052734375, 246.84786987304688, 267.0066223144531, 272.66192626953125, 273.365966796875, 270.9161682128906, 265.3043212890625, 267.8221435546875, 262.7297058105469, 262.4081115722656, 265.99249267578125, 262.0821228027344, 260.53912353515625, 262.87005615234375, 263.18707275390625, 258.53302001953125, 263.71563720703125, 259.71954345703125, 259.7907409667969, 258.13824462890625, 261.39154052734375, 261.9717712402344, 258.6661682128906, 263.8122863769531, 258.0684814453125, 256.1519470214844, 257.67987060546875, 258.8761291503906, 260.5745544433594, 254.73513793945312, 258.88427734375, 253.85462951660156, 254.88272094726562, 255.65945434570312, 250.5072784423828, 254.04568481445312, 251.90386962890625, 252.1693878173828, 253.2513885498047, 254.64161682128906, 252.1641845703125, 252.5677032470703, 251.14007568359375, 254.84674072265625, 254.966796875, 253.41043090820312, 257.4653625488281, 256.881591796875, 252.4486083984375, 253.7725067138672, 253.43748474121094, 251.73721313476562, 249.84161376953125, 253.57342529296875, 253.59571838378906, 250.7459259033203, 251.70310974121094, 253.54336547851562, 252.25286865234375, 251.18739318847656, 262.787841796875, 267.178466796875, 264.21484375, 266.7103271484375, 264.500732421875, 265.9850158691406, 263.0643615722656, 261.1793212890625, 261.5662536621094, 263.9698181152344, 258.4609069824219, 261.5627136230469, 257.8100891113281, 260.39959716796875, 255.76634216308594, 256.46942138671875, 260.7607116699219, 257.92193603515625, 257.2035217285156, 253.84640502929688, 256.31439208984375, 253.92251586914062, 254.77749633789062, 257.021484375, 257.21014404296875, 258.57958984375, 265.76593017578125, 257.18377685546875, 260.95062255859375, 254.97161865234375, 259.9241027832031, 252.28155517578125, 253.43064880371094, 255.81285095214844, 255.012939453125, 253.7981719970703, 254.84848022460938, 258.02630615234375, 253.26898193359375, 258.73907470703125, 259.3849792480469, 255.03973388671875, 251.1429443359375, 255.51788330078125, 252.97085571289062, 254.09449768066406, 257.11865234375, 254.63426208496094, 250.7464141845703, 251.81434631347656, 251.22540283203125, 256.4284973144531, 251.79098510742188, 256.47894287109375, 255.6162109375, 257.5808410644531, 253.2779541015625, 254.64724731445312, 257.4211730957031, 256.1736145019531, 252.5223388671875, 257.4363098144531, 254.77537536621094, 259.34454345703125, 256.8448486328125, 258.3910827636719, 261.82879638671875, 276.72161865234375, 283.16375732421875, 284.3694152832031, 280.3486328125, 284.1462097167969, 280.6642761230469, 280.4593505859375, 279.6475830078125, 278.3720703125, 287.012939453125, 279.823974609375, 280.74822998046875, 278.0657043457031, 286.41644287109375, 277.8300476074219, 277.3763122558594, 277.4749755859375, 280.0533142089844, 280.04681396484375, 276.051513671875, 275.016845703125, 272.138427734375, 275.1512145996094, 276.872802734375, 271.8190612792969, 275.44189453125, 282.5169677734375, 277.32794189453125, 275.0451965332031, 279.8509826660156, 277.3847351074219, 275.3262634277344, 272.4621887207031, 274.2233581542969, 273.9308776855469, 273.4519348144531, 274.4227600097656, 271.1932373046875, 273.9247741699219, 274.6962890625, 272.2412109375, 274.3883361816406, 274.237548828125, 273.1799011230469, 272.0099182128906, 271.32269287109375, 270.813232421875, 269.8533935546875, 265.58197021484375, 271.1131896972656, 273.9819641113281, 268.5487060546875, 272.3337707519531, 267.9363708496094, 271.6075134277344, 272.3255310058594, 270.7998962402344, 269.74462890625, 272.3143310546875, 272.2496032714844, 271.49737548828125, 273.0496520996094, 271.6271057128906, 269.2217102050781, 270.75177001953125, 270.8099365234375, 267.06805419921875, 269.64276123046875, 264.84564208984375, 269.6825866699219, 269.50299072265625, 271.6243591308594, 268.6265563964844, 268.7769775390625, 270.1951599121094, 266.6675720214844, 269.7822265625, 265.6866149902344, 271.17193603515625, 271.167236328125, 265.4299011230469, 266.80010986328125, 270.45855712890625, 268.2787170410156, 268.438720703125, 270.88177490234375, 268.2390441894531, 267.6221923828125, 266.94482421875, 267.2686767578125, 268.4504699707031, 265.57720947265625, 269.74578857421875, 269.70599365234375, 