{"aucroc": 1.0, "aucpr": 0.9999999999999997, "dataset": "25_musk", "method": "hard", "test_ratio": 0.031556039173014146, "train_ratio": 0.031556039173014146, "labeled_anomalies": 1.0, "loe_loss": [303.14501953125, 310.5179138183594, 300.6403503417969, 296.6424560546875, 308.857421875, 297.7129211425781, 294.8790588378906, 292.61578369140625, 291.24981689453125, 288.7886962890625, 293.0794677734375, 286.8514709472656, 282.2955627441406, 286.0308837890625, 282.2481689453125, 280.1980285644531, 282.66387939453125, 280.54327392578125, 288.765869140625, 285.1817321777344, 282.84765625, 280.4652404785156, 275.6350402832031, 277.9069519042969, 273.6617736816406, 272.85064697265625, 272.2037658691406, 266.26422119140625, 270.9613037109375, 268.3228454589844, 270.8563232421875, 269.067626953125, 271.8787841796875, 266.48150634765625, 263.8635559082031, 271.180908203125, 264.56182861328125, 258.78753662109375, 263.64471435546875, 257.09930419921875, 254.93418884277344, 259.6414794921875, 252.40274047851562, 259.00555419921875, 254.87591552734375, 249.35989379882812, 252.81893920898438, 253.63673400878906, 252.62844848632812, 253.16188049316406, 257.3878479003906, 253.84307861328125, 252.58062744140625, 252.7056427001953, 262.7913513183594, 265.74676513671875, 262.07989501953125, 259.1638488769531, 256.8533630371094, 250.8639373779297, 255.16961669921875, 250.351318359375, 252.4389190673828, 256.84246826171875, 253.47035217285156, 251.61129760742188, 254.449951171875, 253.3518829345703, 246.80856323242188, 253.05044555664062, 249.2471160888672, 247.61361694335938, 244.90072631835938, 247.6595458984375, 249.5922393798828, 247.0236053466797, 249.9619598388672, 245.91180419921875, 244.4403533935547, 243.71974182128906, 245.640869140625, 248.50094604492188, 242.1298370361328, 245.2903594970703, 238.2422332763672, 241.67811584472656, 242.7337646484375, 238.510498046875, 242.3876495361328, 239.0354461669922, 240.0519256591797, 243.15380859375, 243.6588897705078, 242.33367919921875, 242.67678833007812, 237.7007293701172, 240.79354858398438, 239.69058227539062, 237.44522094726562, 241.19606018066406, 238.588623046875, 236.33026123046875, 238.69851684570312, 240.10760498046875, 238.81228637695312, 235.03256225585938, 239.4995574951172, 240.1210479736328, 236.97100830078125, 240.82241821289062, 240.49237060546875, 238.61526489257812, 235.51304626464844, 235.93128967285156, 238.12872314453125, 235.73641967773438, 237.2747039794922, 235.85888671875, 237.9200439453125, 234.63919067382812, 233.87142944335938, 235.0223388671875, 237.64915466308594, 233.38079833984375, 236.03758239746094, 233.69552612304688, 234.6840362548828, 231.0589599609375, 234.0189208984375, 235.0218505859375, 233.90640258789062, 232.05963134765625, 233.20425415039062, 236.8367156982422, 237.11317443847656, 241.35653686523438, 242.58041381835938, 241.74517822265625, 240.9344482421875, 242.87997436523438, 236.6402587890625, 238.64285278320312, 233.4332275390625, 237.22183227539062, 238.10801696777344, 246.02383422851562, 246.6932373046875, 246.16262817382812, 246.35494995117188, 244.45455932617188, 248.8755340576172, 248.48643493652344, 249.48208618164062, 247.13143920898438, 246.403564453125, 248.25711059570312, 254.422607421875, 248.92286682128906, 246.80613708496094, 246.80902099609375, 240.04396057128906, 238.94337463378906, 239.7545166015625, 235.28118896484375, 240.80628967285156, 237.24920654296875, 240.89431762695312, 237.38058471679688, 239.12899780273438, 236.33908081054688, 235.74424743652344, 238.61302185058594, 242.13430786132812, 251.18910217285156, 268.2269287109375, 267.58905029296875, 270.670654296875, 268.59710693359375, 267.2853698730469, 268.59149169921875, 263.04473876953125, 265.0744323730469, 262.7610168457031, 259.38604736328125, 263.1426696777344, 260.5496826171875, 257.26263427734375, 257.8154296875, 257.3508605957031, 261.88824462890625, 256.21612548828125, 256.0561828613281, 254.24493408203125, 256.79443359375, 254.2224884033203, 253.42567443847656, 254.65408325195312, 252.63671875, 254.89111328125, 251.12118530273438, 250.86764526367188, 248.2386016845703, 249.45050048828125, 251.31600952148438, 246.37005615234375, 249.17442321777344, 252.59300231933594, 250.09902954101562, 248.84365844726562, 250.83517456054688, 250.45889282226562, 250.46334838867188, 247.23023986816406, 247.6747283935547, 247.317138671875, 246.20037841796875, 248.51605224609375, 243.97836303710938, 247.93136596679688, 246.38858032226562, 246.88426208496094, 245.69424438476562, 246.37142944335938, 248.25411987304688, 245.98043823242188, 245.70591735839844, 243.35256958007812, 245.24008178710938, 243.14292907714844, 245.40499877929688, 247.32823181152344, 243.7374267578125, 246.03131103515625, 241.35670471191406, 243.11109924316406, 246.16619873046875, 246.27052307128906, 246.11846923828125, 247.76577758789062, 248.0453643798828, 245.62936401367188, 247.19752502441406, 246.55026245117188, 244.0697479248047, 245.245361328125, 246.5981903076172, 243.76666259765625, 245.18038940429688, 240.4610595703125, 244.710693359375, 242.51382446289062, 246.5924530029297, 244.59263610839844, 244.8639678955078, 244.4583740234375, 240.54209899902344, 249.8975067138672, 250.931396484375, 251.73928833007812, 248.0953369140625, 245.319580078125, 245.79779052734375, 247.7393035888672, 246.01097106933594, 246.06036376953125, 249.1795196533203, 243.76712036132812, 244.197021484375, 243.07656860351562, 241.97608947753906, 244.11434936523438, 241.69920349121094, 245.24143981933594, 245.87265014648438, 243.87379455566406, 241.12315368652344, 243.5701904296875, 244.0140838623047, 242.9683837890625, 242.80471801757812, 242.38514709472656, 242.29835510253906, 240.4359588623047, 239.50473022460938, 242.835205078125, 243.90310668945312, 237.6438751220703, 242.35302734375, 235.09844970703125, 242.33282470703125, 237.24114990234375, 236.84909057617188, 243.71910095214844, 243.97817993164062, 242.2292938232422, 251.11819458007812, 265.2332458496094, 269.14544677734375, 269.00775146484375, 266.4213562011719, 264.400634765625, 257.1647033691406, 265.6672058105469, 260.6824951171875, 261.0210266113281, 259.44061279296875, 259.15631103515625, 256.98797607421875, 253.63674926757812, 261.5357666015625, 253.63963317871094, 254.6293182373047, 253.5164794921875, 254.64520263671875, 257.6908874511719, 256.8194885253906, 254.45542907714844, 253.31088256835938, 254.880126953125, 251.00054931640625, 254.72422790527344, 250.11021423339844, 255.34988403320312, 254.16622924804688, 253.59231567382812, 252.48251342773438, 250.9917449951172, 253.909423828125, 254.677001953125, 248.72564697265625, 253.17994689941406, 253.69573974609375, 247.2762451171875, 249.05966186523438, 254.1461944580078, 252.64157104492188, 252.27841186523438, 249.72486877441406, 254.25555419921875, 249.72146606445312, 253.7049560546875, 249.74363708496094, 251.50999450683594, 252.18592834472656, 249.00985717773438, 250.59201049804688, 250.5943603515625, 253.00677490234375, 249.07577514648438, 247.9785919189453, 249.661865234375, 250.13136291503906, 247.00392150878906, 244.66387939453125, 251.95382690429688, 247.68695068359375, 249.1947784423828, 253.09201049804688, 251.12136840820312, 247.53680419921875, 250.85678100585938, 274.6604919433594, 276.3395080566406, 275.2744445800781, 277.6248779296875, 277.2477722167969, 272.63104248046875, 273.29986572265625, 275.7626647949219, 271.1938171386719, 273.98406982421875, 275.31256103515625, 272.6304016113281, 272.243896484375, 269.27655029296875, 272.63787841796875, 267.6133117675781, 269.1386413574219, 268.11224365234375, 268.37921142578125, 271.44873046875, 268.1428527832031, 272.1034240722656, 271.3677062988281, 265.037109375, 268.2157897949219, 273.9793701171875, 267.5653991699219, 268.3388366699219, 267.6015930175781, 262.1627197265625, 267.423828125, 264.1141052246094, 262.8887023925781, 266.5565490722656, 265.50848388671875, 267.98681640625, 263.84405517578125, 263.4073791503906, 266.03192138671875, 265.01318359375, 262.8619079589844, 