{"aucroc": 0.0, "aucpr": 0.0, "dataset": "25_musk", "method": "soft", "test_ratio": 0.031556039173014146, "train_ratio": 0.031556039173014146, "labeled_anomalies": 1.0, "loe_loss": [317.9391174316406, 319.5598449707031, 311.6174011230469, 309.67041015625, 314.93524169921875, 308.4678955078125, 308.607666015625, 299.0065612792969, 310.62933349609375, 303.0455322265625, 302.335205078125, 295.68743896484375, 301.4676513671875, 295.52197265625, 304.9936218261719, 304.20306396484375, 304.6822509765625, 301.41015625, 299.6165771484375, 294.5588684082031, 298.5739440917969, 295.0916748046875, 288.6773986816406, 285.8876037597656, 281.3663330078125, 277.58013916015625, 283.3682556152344, 277.88037109375, 277.05572509765625, 276.1585388183594, 283.8437805175781, 283.9704895019531, 278.2852783203125, 282.5274658203125, 275.2367248535156, 272.1520080566406, 273.60137939453125, 273.28582763671875, 287.194580078125, 289.08990478515625, 294.02642822265625, 291.2847900390625, 285.2083740234375, 282.3319091796875, 277.3260803222656, 277.53570556640625, 274.1275939941406, 270.5787658691406, 268.9876708984375, 270.26202392578125, 265.0932922363281, 267.99951171875, 266.4156799316406, 267.33624267578125, 264.3422546386719, 261.22491455078125, 259.9178771972656, 258.15545654296875, 265.6653137207031, 263.3990783691406, 265.99664306640625, 265.5522766113281, 264.6280212402344, 267.0891418457031, 264.6559753417969, 257.8185729980469, 259.22381591796875, 257.6219482421875, 260.3761291503906, 259.23736572265625, 256.8648681640625, 259.3231201171875, 258.2098388671875, 252.40817260742188, 255.5274200439453, 254.18838500976562, 254.3896026611328, 255.90049743652344, 252.04212951660156, 253.82699584960938, 254.5666046142578, 255.13803100585938, 250.5016632080078, 250.39552307128906, 250.9088897705078, 251.5027618408203, 251.25218200683594, 247.59710693359375, 251.7982177734375, 249.58132934570312, 247.39352416992188, 251.35145568847656, 248.19593811035156, 248.80026245117188, 248.40426635742188, 248.53286743164062, 246.45343017578125, 248.721435546875, 244.37596130371094, 248.56060791015625, 249.22181701660156, 245.9331512451172, 249.12535095214844, 249.3922576904297, 246.4744873046875, 246.1746368408203, 245.5436248779297, 250.2991180419922, 251.5006103515625, 248.9915313720703, 250.86241149902344, 246.26730346679688, 256.3807678222656, 262.3791198730469, 270.375244140625, 265.135986328125, 262.4309997558594, 261.955078125, 260.64154052734375, 255.87310791015625, 258.0995788574219, 260.52349853515625, 257.37457275390625, 255.04302978515625, 251.43600463867188, 251.8604736328125, 255.3975067138672, 251.71144104003906, 251.10037231445312, 249.9136505126953, 251.44178771972656, 251.0878448486328, 248.53240966796875, 248.430908203125, 247.45016479492188, 247.37965393066406, 249.0613555908203, 246.27149963378906, 245.00665283203125, 244.84117126464844, 243.83023071289062, 245.6995391845703, 244.89178466796875, 246.84628295898438, 245.32369995117188, 247.66156005859375, 243.8634033203125, 246.4768829345703, 246.0486297607422, 246.9258270263672, 246.61663818359375, 243.8013153076172, 245.6072998046875, 248.11427307128906, 249.88833618164062, 245.11241149902344, 243.7216339111328, 250.10035705566406, 242.98046875, 247.0614776611328, 245.28662109375, 252.65538024902344, 251.79278564453125, 246.80145263671875, 243.764404296875, 242.73291015625, 247.90109252929688, 249.02947998046875, 249.79051208496094, 247.7606201171875, 250.56402587890625, 245.91116333007812, 247.1400604248047, 250.74673461914062, 253.8150634765625, 256.6180114746094, 250.26914978027344, 251.48147583007812, 249.82281494140625, 250.39393615722656, 254.770263671875, 249.73333740234375, 252.80970764160156, 251.634765625, 247.41725158691406, 249.2664794921875, 249.5690155029297, 252.5635986328125, 253.41600036621094, 254.91920471191406, 248.6278076171875, 252.9625244140625, 248.2222442626953, 248.61474609375, 248.10079956054688, 245.47280883789062, 249.45315551757812, 272.99176025390625, 276.6731872558594, 280.0461120605469, 278.67840576171875, 277.53961181640625, 277.3977966308594, 275.6846923828125, 274.6424865722656, 273.5259704589844, 271.6279602050781, 271.733154296875, 271.4273986816406, 271.2764892578125, 272.6582946777344, 265.35601806640625, 268.6958923339844, 271.11895751953125, 267.4561462402344, 267.7652587890625, 268.44012451171875, 268.6178283691406, 265.36761474609375, 270.9598083496094, 267.6435852050781, 261.93804931640625, 264.3041076660156, 266.01629638671875, 263.6883850097656, 263.6373291015625, 263.5967712402344, 262.8110656738281, 262.95947265625, 261.52410888671875, 260.3848571777344, 262.46026611328125, 263.5359802246094, 265.62359619140625, 265.1367492675781, 262.75799560546875, 261.34454345703125, 263.69671630859375, 262.9958190917969, 261.7426452636719, 261.6551818847656, 263.2245788574219, 260.8978271484375, 262.97760009765625, 259.69049072265625, 262.0057067871094, 272.3379211425781, 277.08087158203125, 281.3124084472656, 278.29327392578125, 276.1510925292969, 277.1149597167969, 275.2983703613281, 275.3122253417969, 272.12640380859375, 273.8730773925781, 269.31146240234375, 274.64410400390625, 269.4436340332031, 272.10186767578125, 269.2372131347656, 273.49688720703125, 272.4401550292969, 269.7971496582031, 271.0907287597656, 271.0696716308594, 269.5712585449219, 268.15228271484375, 267.68414306640625, 269.09173583984375, 269.20831298828125, 267.0790100097656, 263.8274230957031, 268.0057067871094, 267.03887939453125, 265.7357482910156, 264.5050048828125, 267.05157470703125, 262.30743408203125, 261.6109924316406, 260.105712890625, 259.5105285644531, 260.8996887207031, 261.8634948730469, 259.3301086425781, 260.37335205078125, 257.7525634765625, 262.9317321777344, 258.4919128417969, 262.85589599609375, 261.72100830078125, 260.7101135253906, 261.0758056640625, 262.96014404296875, 255.0781707763672, 259.6282958984375, 258.91162109375, 263.3290710449219, 261.4143981933594, 261.8466491699219, 261.63763427734375, 260.14263916015625, 260.4069519042969, 257.2178039550781, 257.4423522949219, 257.5149230957031, 266.58062744140625, 272.262939453125, 268.3955078125, 266.2760009765625, 264.2655334472656, 266.2117919921875, 267.9564514160156, 265.500244140625, 268.32257080078125, 263.77593994140625, 265.91693115234375, 260.94488525390625, 265.1376953125, 263.8568115234375, 260.15850830078125, 261.90966796875, 267.95843505859375, 263.3914794921875, 267.2843933105469, 260.832275390625, 258.5428466796875, 262.4864501953125, 260.08270263671875, 259.5904235839844, 262.4293212890625, 257.57012939453125, 255.27223205566406, 257.0849304199219, 259.9713439941406, 257.6053161621094, 259.9781188964844, 256.2081604003906, 256.00042724609375, 257.73699951171875, 257.1778564453125, 253.3950653076172, 252.88870239257812, 257.9000549316406, 253.90469360351562, 252.5389404296875, 252.5306854248047, 251.0682373046875, 254.3710174560547, 252.15875244140625, 251.63458251953125, 254.07284545898438, 249.20045471191406, 252.8705596923828, 257.444091796875, 252.52798461914062, 253.08154296875, 251.47779846191406, 253.78407287597656, 252.60816955566406, 255.07073974609375, 251.778076171875, 251.9669189453125, 257.3262939453125, 273.013916015625, 275.9963073730469, 272.4818420410156, 272.6319274902344, 274.2547302246094, 271.8009338378906, 270.4632873535156, 267.90087890625, 272.13360595703125, 272.0899963378906, 267.78729248046875, 268.4527893066406, 266.2626647949219, 265.8521728515625, 267.07012939453125, 264.6625671386719, 267.96417236328125, 264.1676025390625, 267.1795654296875, 265.07647705078125, 262.1565246582031, 266.91937255859375, 261.855712890625, 266.0210876464844, 262.388671875, 260.54840087890625, 262.82861328125, 266.0232238769531, 259.8822021484375, 268.9417419433594, 265.2134704589844, 266.0394287109375, 266.7189636230469, 270.0288391113281, 269.12811279296875, 266.29547119140625, 264.6940002441406, 266.1739501953125, 261.86553955078125, 264.6228332519531, 264.81854248046875, 258.63037109375, 265.7821044921875, 