{"aucroc": 0.9994575745834947, "aucpr": 0.9813269508756957, "dataset": "25_musk", "method": "hard", "test_ratio": 0.031556039173014146, "train_ratio": 0.031556039173014146, "labeled_anomalies": 1.0, "loe_loss": [304.06500244140625, 310.2886657714844, 298.26666259765625, 293.48956298828125, 299.1883544921875, 300.66455078125, 302.2345275878906, 292.5287780761719, 293.61810302734375, 292.4975891113281, 294.48431396484375, 287.7188720703125, 297.6004333496094, 290.38916015625, 289.7195129394531, 284.03009033203125, 281.6560363769531, 283.389404296875, 280.7588195800781, 279.149169921875, 276.19189453125, 278.2061767578125, 278.06201171875, 275.840087890625, 276.86553955078125, 278.55340576171875, 270.7174987792969, 267.3570251464844, 268.6610412597656, 266.4623107910156, 263.71112060546875, 262.7908630371094, 265.23565673828125, 261.8957214355469, 265.0585632324219, 262.4433288574219, 259.49609375, 262.7764892578125, 265.4517822265625, 263.6759948730469, 263.4035949707031, 260.1889953613281, 259.3671875, 260.2993469238281, 257.3923034667969, 260.2630920410156, 257.13519287109375, 254.78370666503906, 257.4939270019531, 256.1361083984375, 251.70628356933594, 253.61282348632812, 253.10081481933594, 251.65423583984375, 253.66357421875, 252.77423095703125, 257.383056640625, 256.8277893066406, 258.2449035644531, 257.1171569824219, 251.82293701171875, 253.38720703125, 251.70095825195312, 247.6153106689453, 248.5823211669922, 245.9669647216797, 246.24366760253906, 247.41847229003906, 245.5784149169922, 242.7699432373047, 245.97323608398438, 245.400390625, 247.1107177734375, 244.61102294921875, 242.6256866455078, 244.60595703125, 244.44464111328125, 243.1310577392578, 243.73214721679688, 243.56690979003906, 241.84555053710938, 242.07640075683594, 241.11326599121094, 238.90077209472656, 240.1813201904297, 239.64955139160156, 237.56732177734375, 240.9401092529297, 238.63589477539062, 235.81375122070312, 238.78219604492188, 237.21334838867188, 241.03152465820312, 237.3343963623047, 238.48782348632812, 238.92813110351562, 236.1602783203125, 239.5458984375, 237.70794677734375, 237.69984436035156, 238.54135131835938, 234.87957763671875, 237.39068603515625, 235.3719482421875, 235.596923828125, 234.79977416992188, 237.03024291992188, 234.5022430419922, 233.8656768798828, 241.3666229248047, 237.9481201171875, 233.825439453125, 238.11325073242188, 233.35748291015625, 232.86404418945312, 240.1632843017578, 247.82528686523438, 284.0638427734375, 289.2107238769531, 282.7289733886719, 281.0782165527344, 280.5037841796875, 279.3880920410156, 278.52978515625, 281.12213134765625, 277.0418395996094, 274.8940734863281, 271.64593505859375, 275.909423828125, 275.6628723144531, 273.37677001953125, 272.4549865722656, 273.17559814453125, 268.23236083984375, 271.6728210449219, 267.1695861816406, 267.27789306640625, 270.1780700683594, 266.7756042480469, 265.6588439941406, 267.05816650390625, 267.6451416015625, 262.78289794921875, 269.1341552734375, 267.0627136230469, 265.66876220703125, 264.60504150390625, 267.7325134277344, 268.80084228515625, 264.87261962890625, 267.3695068359375, 263.8865051269531, 263.2469787597656, 263.0667419433594, 266.122802734375, 267.7470397949219, 262.80242919921875, 265.7764587402344, 260.4033203125, 262.6878662109375, 263.5187072753906, 259.57220458984375, 263.0995788574219, 260.7825927734375, 261.1526184082031, 263.87286376953125, 264.1321716308594, 263.184326171875, 263.3147277832031, 260.0244140625, 262.919677734375, 262.1247253417969, 260.1246337890625, 262.23175048828125, 260.7210693359375, 259.081787109375, 260.81768798828125, 263.03118896484375, 261.7237854003906, 258.7347412109375, 262.8235168457031, 262.8978576660156, 259.605224609375, 261.66290283203125, 262.0174865722656, 260.54071044921875, 258.7597351074219, 260.2556457519531, 262.031982421875, 260.65289306640625, 261.90582275390625, 260.5423583984375, 262.50836181640625, 259.8290710449219, 259.3757629394531, 260.3239440917969, 262.3385925292969, 258.6650390625, 260.6375732421875, 259.01593017578125, 259.68408203125, 256.78167724609375, 260.1379089355469, 261.7013244628906, 259.121826171875, 257.93548583984375, 256.27423095703125, 258.3388977050781, 255.48947143554688, 257.61761474609375, 258.3682861328125, 258.67279052734375, 259.76123046875, 262.87078857421875, 258.5008544921875, 260.343017578125, 257.1293029785156, 259.9585876464844, 255.88934326171875, 258.9589538574219, 258.2216796875, 258.00335693359375, 258.55462646484375, 257.5396423339844, 259.6794738769531, 257.11859130859375, 260.82806396484375, 261.02642822265625, 258.2797546386719, 255.7186279296875, 260.9047546386719, 257.2279357910156, 258.3495788574219, 260.8860168457031, 255.7269744873047, 254.952880859375, 255.8609619140625, 254.47393798828125, 259.6642761230469, 254.70404052734375, 258.7528381347656, 255.4627227783203, 257.76416015625, 256.2930603027344, 256.6692199707031, 259.043212890625, 257.26898193359375, 252.20169067382812, 256.3660888671875, 252.89227294921875, 257.237060546875, 255.9621124267578, 256.5414123535156, 258.8463134765625, 254.02725219726562, 257.059814453125, 254.89797973632812, 253.40167236328125, 257.1555480957031, 255.16981506347656, 253.31423950195312, 254.3397979736328, 253.89646911621094, 258.4583435058594, 254.40679931640625, 254.87835693359375, 253.83172607421875, 256.8766784667969, 254.57847595214844, 253.5789794921875, 256.30963134765625, 254.064697265625, 256.1673583984375, 253.48480224609375, 253.644287109375, 251.20147705078125, 252.46096801757812, 254.9730682373047, 251.1177978515625, 253.71624755859375, 257.5647888183594, 254.86355590820312, 254.6224365234375, 256.89324951171875, 254.98419189453125, 255.26596069335938, 252.67501831054688, 253.21360778808594, 253.3584747314453, 252.43426513671875, 254.819091796875, 249.96832275390625, 253.3922119140625, 252.07357788085938, 252.98382568359375, 252.35108947753906, 253.2376708984375, 255.334716796875, 253.01934814453125, 253.20339965820312, 251.2639617919922, 251.9912872314453, 250.17642211914062, 253.45150756835938, 255.52862548828125, 252.4652862548828, 254.18768310546875, 250.36656188964844, 251.988525390625, 253.72955322265625, 253.04840087890625, 251.81558227539062, 253.51736450195312, 253.87191772460938, 252.01828002929688, 253.31930541992188, 253.67274475097656, 252.00125122070312, 251.75323486328125, 252.72756958007812, 251.46243286132812, 252.29115295410156, 248.99807739257812, 251.7029571533203, 251.1832275390625, 254.0941619873047, 251.5750274658203, 250.96249389648438, 252.86984252929688, 249.43162536621094, 252.1802215576172, 249.71658325195312, 252.5717315673828, 250.31187438964844, 248.73403930664062, 250.27407836914062, 251.90664672851562, 250.1068572998047, 250.7384490966797, 253.95309448242188, 248.50634765625, 249.50062561035156, 249.75540161132812, 249.16921997070312, 250.7234344482422, 248.9520721435547, 251.97239685058594, 252.4881134033203, 251.53005981445312, 248.96328735351562, 251.2170867919922, 251.68580627441406, 251.4725341796875, 251.0347442626953, 250.74798583984375, 250.1645965576172, 249.6569366455078, 247.10447692871094, 249.7046661376953, 251.58526611328125, 247.29129028320312, 252.32118225097656, 246.34593200683594, 250.812744140625, 247.12075805664062, 246.10081481933594, 251.14263916015625, 249.95944213867188, 248.84449768066406, 251.73953247070312, 250.10552978515625, 251.53338623046875, 251.41018676757812, 249.90127563476562, 251.44970703125, 244.42117309570312, 252.08663940429688, 249.33668518066406, 248.54580688476562, 249.014892578125, 249.60421752929688, 248.57757568359375, 245.1274871826172, 253.527587890625, 246.73275756835938, 248.05178833007812, 247.4039306640625, 248.35032653808594, 250.3242645263672, 249.94668579101562, 247.9749755859375, 249.06268310546875, 249.75393676757812, 248.500244140625, 250.89572143554688, 245.38558959960938, 250.61537170410156, 248.80271911621094, 248.22738647460938, 248.78419494628906, 247.16351318359375, 249.31549072265625, 250.03536987304688, 245.1861572265625, 