{"aucroc": 0.0, "aucpr": 0.0, "dataset": "25_musk", "method": "refine", "test_ratio": 0.031556039173014146, "train_ratio": 0.031556039173014146, "labeled_anomalies": 1.0, "loe_loss": [322.33099365234375, 320.22601318359375, 314.670654296875, 314.217529296875, 318.8123779296875, 315.25225830078125, 309.1986389160156, 317.7803039550781, 310.6214904785156, 306.8397216796875, 311.2903747558594, 303.69561767578125, 306.3304138183594, 300.9227294921875, 304.0812683105469, 303.35821533203125, 302.750244140625, 295.97607421875, 294.5264892578125, 297.09490966796875, 290.5835876464844, 290.94378662109375, 287.552001953125, 285.11407470703125, 287.2909240722656, 288.8505554199219, 291.319580078125, 292.1602478027344, 285.57122802734375, 286.90625, 281.3525390625, 286.0171203613281, 281.0928955078125, 280.7501525878906, 270.9859924316406, 275.8143615722656, 277.77923583984375, 272.8683166503906, 271.53961181640625, 270.0924072265625, 270.58349609375, 278.5475158691406, 277.4925231933594, 277.6885681152344, 277.6841735839844, 272.6869812011719, 271.4424743652344, 267.189697265625, 270.7633361816406, 267.45269775390625, 263.7186279296875, 268.8016052246094, 285.90087890625, 293.7776794433594, 287.5136413574219, 291.70123291015625, 286.17303466796875, 282.6172180175781, 282.5938415527344, 278.5422668457031, 275.7205810546875, 276.45904541015625, 275.9597473144531, 273.38653564453125, 273.59576416015625, 273.5900573730469, 271.1614074707031, 267.75933837890625, 269.422119140625, 270.2882385253906, 268.28497314453125, 268.0476379394531, 267.60809326171875, 261.97564697265625, 262.4474792480469, 266.19183349609375, 258.6752014160156, 261.98211669921875, 264.8645935058594, 259.2554931640625, 259.69281005859375, 258.8539123535156, 259.6499938964844, 258.0198669433594, 260.4532165527344, 259.2427673339844, 260.4079895019531, 257.6723327636719, 256.565185546875, 256.5888366699219, 254.33460998535156, 253.68202209472656, 252.2762451171875, 260.67535400390625, 254.86373901367188, 252.8590850830078, 255.97320556640625, 255.71018981933594, 249.6472625732422, 253.48306274414062, 251.59188842773438, 254.99935913085938, 250.36097717285156, 251.66921997070312, 249.09376525878906, 250.1163787841797, 254.65760803222656, 250.19491577148438, 252.64434814453125, 252.63851928710938, 253.21897888183594, 248.60614013671875, 251.07943725585938, 245.6074981689453, 245.77890014648438, 248.20626831054688, 249.1812286376953, 247.6025848388672, 247.47189331054688, 248.17922973632812, 248.98214721679688, 248.04762268066406, 249.87203979492188, 248.52854919433594, 246.9290313720703, 245.90501403808594, 248.6699676513672, 251.1314239501953, 245.90884399414062, 245.9431610107422, 243.96542358398438, 245.3720703125, 249.51889038085938, 244.52761840820312, 244.9906463623047, 247.82293701171875, 245.34564208984375, 241.24818420410156, 245.46951293945312, 243.15855407714844, 244.75167846679688, 242.8290252685547, 244.32090759277344, 243.5906219482422, 245.4554901123047, 244.33340454101562, 247.4745635986328, 247.7781982421875, 244.4602813720703, 244.22372436523438, 252.48110961914062, 253.1531982421875, 250.09817504882812, 253.27735900878906, 251.4999237060547, 249.62208557128906, 251.76467895507812, 248.38636779785156, 245.39857482910156, 249.76510620117188, 251.05760192871094, 255.27783203125, 260.5838928222656, 256.3912353515625, 253.8578643798828, 255.15191650390625, 253.93106079101562, 259.6997375488281, 260.8121643066406, 260.3340148925781, 257.06719970703125, 258.64678955078125, 257.909423828125, 252.10617065429688, 252.53817749023438, 250.44610595703125, 254.25070190429688, 258.2929382324219, 253.4832305908203, 257.83721923828125, 250.5647430419922, 251.25743103027344, 250.7041015625, 252.72454833984375, 253.10183715820312, 255.22085571289062, 251.0968780517578, 255.95431518554688, 255.4038543701172, 262.0234375, 267.0654602050781, 269.50543212890625, 263.88525390625, 272.5558166503906, 270.7662353515625, 273.4631652832031, 273.6814880371094, 269.8163757324219, 265.6239318847656, 269.878662109375, 265.4761047363281, 265.47723388671875, 263.1496276855469, 267.3254699707031, 266.1418151855469, 261.77557373046875, 260.9569091796875, 261.4912109375, 261.8367919921875, 259.132080078125, 259.52362060546875, 261.89849853515625, 262.42254638671875, 262.7377014160156, 257.2915954589844, 262.5134582519531, 256.8676452636719, 265.3121643066406, 261.15594482421875, 259.920166015625, 257.90606689453125, 255.76242065429688, 254.4337158203125, 258.3418884277344, 260.6361999511719, 262.76495361328125, 259.1082763671875, 260.1549987792969, 259.67401123046875, 262.213623046875, 257.0020751953125, 258.40093994140625, 256.758544921875, 259.1147766113281, 254.70338439941406, 259.67205810546875, 255.32156372070312, 258.63592529296875, 260.8494873046875, 262.6183776855469, 261.56024169921875, 259.7594299316406, 259.2357482910156, 257.14324951171875, 254.63670349121094, 255.5262451171875, 255.47055053710938, 257.3520202636719, 255.00563049316406, 260.0158996582031, 258.0049743652344, 256.33843994140625, 252.82223510742188, 253.06369018554688, 252.35263061523438, 255.81942749023438, 255.22157287597656, 252.54296875, 261.7270202636719, 258.8787841796875, 262.4144287109375, 261.4751281738281, 255.60931396484375, 260.8552551269531, 256.37640380859375, 258.3387145996094, 255.835205078125, 257.3815002441406, 255.02450561523438, 257.4960632324219, 252.81153869628906, 260.6556091308594, 254.06137084960938, 254.876953125, 253.03851318359375, 252.75279235839844, 251.17477416992188, 254.57337951660156, 251.13829040527344, 247.37086486816406, 253.57211303710938, 256.96881103515625, 252.76266479492188, 252.75857543945312, 252.85455322265625, 251.38470458984375, 252.5728759765625, 251.67990112304688, 250.7611846923828, 251.85879516601562, 251.42108154296875, 253.09353637695312, 253.9197235107422, 250.26449584960938, 256.5605163574219, 256.0995178222656, 256.5390319824219, 262.73431396484375, 265.83685302734375, 256.5470886230469, 256.168701171875, 257.2952880859375, 255.13177490234375, 256.6267395019531, 254.3640594482422, 258.07135009765625, 255.45310974121094, 256.40435791015625, 257.54931640625, 253.44439697265625, 255.97073364257812, 254.5895233154297, 253.69305419921875, 256.9968566894531, 248.3634033203125, 251.0106201171875, 251.7676239013672, 251.9275360107422, 251.54730224609375, 255.1519775390625, 251.920166015625, 259.489990234375, 269.0166015625, 265.07879638671875, 265.7321472167969, 260.09283447265625, 262.8548583984375, 260.5177001953125, 259.5945129394531, 258.89959716796875, 263.8442687988281, 257.22076416015625, 257.50604248046875, 255.59828186035156, 255.3329620361328, 258.935546875, 255.84759521484375, 257.7716369628906, 261.22418212890625, 255.47964477539062, 256.1400451660156, 255.56085205078125, 257.8240966796875, 264.7194519042969, 268.14599609375, 264.49114990234375, 264.7159118652344, 265.5881042480469, 257.23980712890625, 260.75592041015625, 262.60748291015625, 259.5669860839844, 258.81878662109375, 258.8854675292969, 259.54998779296875, 270.2115478515625, 268.6407775878906, 270.0784606933594, 268.9142761230469, 266.2660217285156, 262.48980712890625, 264.4568176269531, 265.01611328125, 260.6042785644531, 262.23883056640625, 261.0567321777344, 260.68292236328125, 260.7381591796875, 263.737548828125, 261.04095458984375, 262.7290344238281, 259.04962158203125, 261.7919616699219, 257.9617919921875, 258.1496276855469, 257.24609375, 258.6238708496094, 255.66856384277344, 259.7822265625, 259.83807373046875, 255.53146362304688, 254.1575927734375, 254.2539825439453, 256.8818664550781, 257.0513916015625, 255.87551879882812, 255.57070922851562, 253.00759887695312, 253.30209350585938, 257.88214111328125, 254.55137634277344, 253.29464721679688, 257.2267150878906, 252.83261108398438, 252.8062744140625, 254.20022583007812, 255.00177001953125, 253.83712768554688, 253.69813537597656, 254.03555297851562, 254.0165252685547, 252.68592834472656, 252.89071655273438, 255.8150634765625, 250.80496215820312, 253.9901580810547, 