{"aucroc": 0.44535087719298244, "aucpr": 0.0247030959521141, "dataset": "26_optdigits", "method": "hard", "test_ratio": 0.02875399361022364, "train_ratio": 0.02875399361022364, "labeled_anomalies": 1.0, "loe_loss": [106.62153625488281, 106.88716125488281, 105.02583312988281, 101.66047668457031, 100.35997772216797, 101.0633316040039, 97.4351806640625, 105.73685455322266, 92.87786102294922, 96.00813293457031, 102.94239044189453, 92.43365478515625, 101.6114730834961, 98.17332458496094, 100.842529296875, 97.42520904541016, 99.44827270507812, 91.29059600830078, 97.3285140991211, 95.99544525146484, 93.51376342773438, 99.90083312988281, 94.3284912109375, 89.69087982177734, 96.02731323242188, 95.1777114868164, 93.88082885742188, 92.36788177490234, 84.79840087890625, 92.40879821777344, 81.57075500488281, 91.28805541992188, 78.1826171875, 92.37022399902344, 85.17933654785156, 92.15546417236328, 88.91802978515625, 80.69659423828125, 88.79771423339844, 84.65384674072266, 87.20641326904297, 87.53521728515625, 88.31549072265625, 85.14990234375, 82.4348373413086, 75.67562103271484, 81.79855346679688, 72.82423400878906, 73.83578491210938, 67.31904602050781, 83.86390686035156, 82.68368530273438, 83.47076416015625, 74.45574951171875, 69.97640991210938, 84.10211944580078, 82.8729248046875, 80.40206146240234, 82.05570220947266, 81.820556640625, 84.02578735351562, 80.408447265625, 81.06179809570312, 75.38143157958984, 82.51811981201172, 74.73094177246094, 80.85902404785156, 75.54165649414062, 81.86014556884766, 76.69059753417969, 78.61177825927734, 80.37937927246094, 74.23751068115234, 81.88406372070312, 77.33375549316406, 79.29307556152344, 78.04922485351562, 75.427490234375, 77.9420394897461, 77.58876037597656, 76.12446594238281, 72.2921142578125, 75.47647857666016, 61.763118743896484, 76.05947875976562, 78.76277160644531, 76.83189392089844, 77.38978576660156, 77.77263641357422, 76.07763671875, 76.68498229980469, 74.27099609375, 76.69432830810547, 69.0521240234375, 65.17987060546875, 75.24174499511719, 71.41909790039062, 69.06180572509766, 75.27941131591797, 74.44436645507812, 71.30171203613281, 76.2929458618164, 61.90678787231445, 64.14539337158203, 75.17486572265625, 75.37443542480469, 73.67401885986328, 54.951114654541016, 75.22500610351562, 74.01934051513672, 69.92730712890625, 69.61372375488281, 72.84629821777344, 75.25337982177734, 72.39972686767578, 65.66451263427734, 44.51087951660156, 71.578857421875, 73.21536254882812, 73.93923950195312, 62.162559509277344, 72.70870971679688, 71.74563598632812, 72.51990509033203, 72.94383239746094, 65.19648742675781, 72.24478912353516, 73.72654724121094, 71.24398803710938, 72.38134002685547, 74.68104553222656, 73.87910461425781, 69.58110046386719, 52.90498352050781, 51.62672424316406, 65.80904388427734, 66.94851684570312, 65.94181060791016, 65.33607482910156, 74.2252426147461, 48.69872283935547, 73.16333770751953, 72.84939575195312, 70.93095397949219, 64.99833679199219, 71.24183654785156, 71.39099884033203, 71.61028289794922, 62.48576354980469, 68.36187744140625, 39.505226135253906, 73.37044525146484, 62.399654388427734, 63.550601959228516, 69.82710266113281, 70.60855865478516, 55.34595489501953, 67.77163696289062, 49.65263748168945, 70.81501007080078, 60.66183853149414, 70.17951202392578, 67.5635986328125, 66.10386657714844, 63.85630798339844, 57.41780471801758, 63.71735763549805, 69.47688293457031, 60.828636169433594, 54.817256927490234, 69.61198425292969, 67.00850677490234, 69.13570404052734, 43.6048583984375, 64.48625183105469, 64.50830078125, 65.19148254394531, 67.06927490234375, 68.4459457397461, 67.08538055419922, 65.14761352539062, 63.013648986816406, 61.77834701538086, 65.802001953125, 63.70246887207031, 66.56864166259766, 68.2506103515625, 67.95435333251953, 67.1884765625, 66.94036865234375, 67.17022705078125, 64.4984130859375, 66.5667953491211, 55.6876106262207, 56.15630340576172, 40.24045181274414, 49.26508331298828, 67.4926986694336, 54.86790466308594, 49.250064849853516, 63.990211486816406, 68.88211822509766, 61.175167083740234, 62.69196701049805, 60.967742919921875, 61.080482482910156, 64.87478637695312, 58.708797454833984, 61.198638916015625, 55.72028732299805, 61.981201171875, 65.29458618164062, 65.95519256591797, 58.71570587158203, 62.85652160644531, 51.35331344604492, 61.103065490722656, 57.432518005371094, 58.38978576660156, 59.86967468261719, 64.76227569580078, 66.3828353881836, 40.85508728027344, 61.164459228515625, 53.70829391479492, 60.65345001220703, 64.1821517944336, 59.925113677978516, 57.77489471435547, 54.046356201171875, 63.43368911743164, 67.37734985351562, 61.09996032714844, 65.88597869873047, 57.71240234375, 65.74182891845703, 60.409690856933594, 61.97663497924805, 63.98780059814453, 44.401390075683594, 41.72530746459961, 51.89042663574219, 64.71931457519531, 65.09178924560547, 63.96857833862305, 38.39866638183594, 35.83966827392578, 60.89200973510742, 60.32253646850586, 63.58271026611328, 62.16207504272461, 64.33647155761719, 60.32279968261719, 41.94680404663086, 52.07097625732422, 56.06916809082031, 53.922489166259766, 64.6883316040039, 59.25458526611328, 60.0075798034668, 57.22172546386719, 55.912925720214844, 58.42908477783203, 54.183868408203125, 59.378692626953125, 56.74838638305664, 57.162139892578125, 63.04877471923828, 49.18241882324219, 62.45241928100586, 59.31611633300781, 63.47925567626953, 55.411399841308594, 62.35477828979492, 61.95969009399414, 53.08782958984375, 63.303035736083984, 58.383827209472656, 53.15753936767578, 64.42544555664062, 49.57523727416992, 32.15962600708008, 63.31803512573242, 61.663658142089844, 54.7589225769043, 63.68157958984375, 64.01382446289062, 58.57035827636719, 65.52623748779297, 53.530147552490234, 56.17244338989258, 61.873897552490234, 60.3404655456543, 60.280879974365234, 49.153564453125, 64.75254821777344, 60.35887145996094, 52.90967559814453, 62.34801483154297, 61.85453796386719, 62.66237258911133, 60.820526123046875, 30.184478759765625, 48.373287200927734, 59.899085998535156, 51.497352600097656, 55.46580505371094, 32.228492736816406, 58.141380310058594, 57.94154357910156, 43.633846282958984, 62.1513786315918, 58.307281494140625, 53.75272750854492, 46.108978271484375, 55.73882293701172, 57.40635299682617, 65.23309326171875, 63.34731674194336, 44.80522155761719, 47.23362350463867, 47.09027862548828, 58.82933807373047, 64.13482666015625, 55.428443908691406, 58.869834899902344, 62.428775787353516, 49.6979866027832, 47.02264404296875, 48.705589294433594, 62.210113525390625, 26.34444236755371, 43.17825698852539, 60.96949005126953, 55.10070037841797, 57.367862701416016, 55.74571990966797, 62.824058532714844, 59.335899353027344, 63.92903137207031, 54.60074234008789, 53.41267395019531, 51.75220489501953, 58.97216796875, 55.31752014160156, 57.71124267578125, 53.81199645996094, 58.030479431152344, 63.407508850097656, 49.852783203125, 59.881996154785156, 33.81219482421875, 32.294403076171875, 58.46373748779297, 25.39044189453125, 57.22264099121094, 26.912479400634766, 58.24400329589844, 61.09787368774414, 50.917335510253906, 53.243492126464844, 52.221946716308594, 61.59016799926758, 59.66106033325195, 47.793270111083984, 61.240013122558594, 53.025672912597656, 55.85515594482422, -0.2642965316772461], "n_epochs": 368}