{"aucroc": 0.4521491228070175, "aucpr": 0.024723339520956334, "dataset": "26_optdigits", "method": "blind", "test_ratio": 0.02875399361022364, "train_ratio": 0.02875399361022364, "labeled_anomalies": 1.0, "loe_loss": [133.53335571289062, 120.92294311523438, 120.74337005615234, 141.41009521484375, 121.0133056640625, 127.5941390991211, 121.8400650024414, 115.91639709472656, 119.93670654296875, 113.42609405517578, 126.51571655273438, 114.198486328125, 113.803466796875, 123.71995544433594, 109.34382629394531, 112.95257568359375, 122.01052856445312, 106.31195831298828, 115.79185485839844, 108.25517272949219, 117.92801666259766, 117.22640228271484, 127.5954360961914, 109.0688247680664, 121.43915557861328, 105.57492065429688, 108.53633117675781, 104.63807678222656, 129.75665283203125, 101.16053009033203, 100.20568084716797, 97.16600036621094, 102.9417495727539, 111.8653564453125, 113.43934631347656, 115.9955825805664, 109.23735046386719, 114.66250610351562, 97.9395980834961, 102.22276306152344, 96.5818099975586, 95.1509780883789, 95.24028015136719, 112.4375991821289, 96.99252319335938, 97.2872543334961, 116.77913665771484, 100.63601684570312, 97.109375, 98.04869079589844, 94.06452178955078, 95.72492218017578, 104.6596450805664, 97.62871551513672, 96.07337188720703, 91.67984771728516, 92.48767852783203, 100.04048919677734, 90.20482635498047, 92.56378173828125, 92.81363677978516, 104.46725463867188, 90.13389587402344, 100.16495513916016, 92.15431213378906, 89.36530303955078, 113.48255157470703, 94.6524887084961, 89.12053680419922, 98.9674301147461, 89.58455657958984, 93.33898162841797, 96.27215576171875, 93.20069885253906, 96.83330535888672, 95.88774871826172, 91.66804504394531, 91.93775939941406, 89.64291381835938, 90.30826568603516, 91.00679779052734, 91.58792114257812, 89.96590423583984, 87.00186157226562, 99.73810577392578, 90.18641662597656, 95.34268188476562, 98.5181884765625, 95.43132019042969, 89.76520538330078, 112.13740539550781, 95.31173706054688, 96.32589721679688, 91.35612487792969, 90.62195587158203, 101.7169418334961, 93.96560668945312, 100.46266174316406, 89.04924774169922, 85.31810760498047, 84.75792694091797, 85.4676513671875, 89.37667846679688, 94.81532287597656, 84.88577270507812, 88.96794891357422, 106.6892318725586, 86.78829193115234, 85.17530822753906, 85.20915222167969, 88.38654327392578, 88.75581359863281, 96.09510803222656, 85.45984649658203, 92.1146011352539, 90.18191528320312, 86.48119354248047, 90.28763580322266, 85.92729187011719, 104.22064971923828, 92.17407989501953, 86.47235107421875, 86.28594970703125, 88.5669174194336, 91.58601379394531, 85.56136322021484, 83.6184310913086, 102.60179138183594, 84.81140899658203, 87.66499328613281, 90.85826110839844, 83.64111328125, 85.29946899414062, 97.88536071777344, 103.33728790283203, 86.37820434570312, 84.83348083496094, 83.30319213867188, 82.7552490234375, 81.87081146240234, 87.13931274414062, 88.98395538330078, 89.16525268554688, 95.22698211669922, 87.80672454833984, 82.28463745117188, 92.76919555664062, 96.09609985351562, 86.81678771972656, 80.8272476196289, 98.29969024658203, 81.02491760253906, 82.06632995605469, 84.81269073486328, 80.79341888427734, 85.45718383789062, 86.8267593383789, 82.54946899414062, 83.94158935546875, 93.42887115478516, 87.78719329833984, 82.35868072509766, 84.73651123046875, 89.17982482910156, 85.46654510498047, 88.80292510986328, 87.17557525634766, 81.79551696777344, 93.89261627197266, 79.44615173339844, 82.62276458740234, 81.00623321533203, 98.26698303222656, 94.07030487060547, 82.51040649414062, 85.72268676757812, 80.77262878417969, 93.41661834716797, 83.44473266601562, 82.99421691894531, 79.99334716796875, 82.74144744873047, 94.83159637451172, 84.80538177490234, 94.30374145507812, 84.81892395019531, 81.16551971435547, 78.6791763305664, 79.89630126953125, 79.55699157714844, 87.69905853271484, 86.17420196533203, 78.6980972290039, 80.68391418457031, 79.57969665527344, 82.55152893066406, 84.95426177978516, 79.42435455322266, 91.35139465332031, 78.47125244140625, 91.90554809570312, 79.29942321777344, 92.29524993896484, 84.06935119628906, 88.68806457519531, 79.73283386230469, 101.80374145507812, 81.7364501953125, 76.5025405883789, 76.11387634277344, 81.47164916992188, 77.58136749267578, 81.73506927490234, 79.67630004882812, 86.8156509399414, 88.52185821533203, 76.34149169921875, 74.78277587890625, 80.26966094970703, 81.75550079345703, 99.53129577636719, 90.93801879882812, 79.58258056640625, 80.65681457519531, 76.73937225341797, 78.23116302490234, 76.45327758789062, 83.69169616699219, 91.21752166748047, 79.04752349853516, 76.1685791015625, 114.76241302490234, 76.6424560546875, 100.71765899658203, 75.48112487792969, 94.11643981933594, 86.78668975830078, 77.02839660644531, 83.12213897705078, 83.8905029296875, 83.55308532714844, 78.78600311279297, 80.03821563720703, 80.077880859375, 96.57264709472656, 94.9810791015625, 75.60064697265625, 78.49822235107422, 87.69467163085938, 92.8709945678711, 76.06009674072266, 82.81771087646484, 83.17293548583984, 74.75240325927734, 76.12355041503906, 80.26043701171875, 84.37091827392578, 82.27259826660156, 79.25235748291016, 77.86700439453125, 78.19688415527344, 78.03004455566406, 79.46446990966797, 94.48991394042969, 90.15086364746094, 81.15364837646484, 77.67391967773438, 79.64295959472656, 76.90129089355469, 74.681640625, 111.76686096191406, 76.86848449707031, 80.28788757324219, 73.53631591796875, 75.2092514038086, 82.07878112792969, 85.39303588867188, 76.06523132324219, 86.65680694580078, 92.83659362792969, 83.93682098388672, 75.87998962402344, 95.73338317871094, 78.0944595336914, 74.29600524902344, 76.68637084960938, 74.25481414794922, 75.1170883178711, 77.58648681640625, 79.08586120605469, 81.34266662597656, 76.33174896240234, 94.88426971435547, 81.01469421386719, 76.0041275024414, 73.85986328125, 91.80277252197266, 97.6834716796875, 97.02519226074219, 76.86287689208984, 102.83878326416016, 81.05753326416016, 80.51530456542969, 81.56365966796875, 83.37893676757812, 77.53050231933594, 78.39329528808594, 72.06378936767578, 76.50743103027344, 84.08139038085938, 79.99560546875, 83.06414031982422, 79.44243621826172, 93.54202270507812, 90.76520538330078, 78.26933288574219, 77.41287994384766, 78.47595977783203, 87.10428619384766, 85.0509033203125, 75.12173461914062, 75.62854766845703, 77.48106384277344, 102.0555648803711, 81.92327880859375, 71.69877624511719, 82.3514404296875, 83.1654281616211, 80.18228912353516, 71.67378234863281, 92.12350463867188, 98.34843444824219, 77.56156921386719, 89.00928497314453, 78.11035919189453, 90.69134521484375, 82.91922760009766, 81.73178100585938, 78.15021514892578, 72.79840850830078, 77.08103942871094, 73.01305389404297, 74.53651428222656, 74.82978820800781, 80.18435668945312, 79.15003204345703, 81.98435974121094, 90.30480194091797, 85.52302551269531, 73.0682373046875, 79.70130920410156, 76.8280029296875, 82.68106079101562, 77.135986328125, 86.27223205566406, 100.0010757446289, 90.18333435058594, 79.07637786865234, 72.64386749267578, 79.38581848144531, 83.25003051757812, 84.52934265136719, 79.71177673339844, 74.96946716308594, 103.14683532714844, 79.47554016113281, 74.52180480957031, 81.06886291503906, 74.5699691772461, 77.08392333984375, 81.12513732910156, 82.51823425292969, 108.23727416992188, 82.10294342041016, 76.70880889892578, 75.21224975585938, 83.35609436035156, 78.23825073242188, 79.11430358886719, 72.46340942382812, 83.35539245605469, 95.65645599365234, 94.68692779541016, 94.81889343261719, 80.10060119628906, 94.65594482421875, 120.07777404785156, 83.35255432128906, 75.13397216796875, 77.03672790527344, 84.64381408691406, 75.03263092041016, 73.73249816894531, 98.08563995361328, 94.37870788574219, 76.31127166748047, 75.20562744140625, 80.13492584228516, 73.06370544433594, 86.0965576171875, 82.24005126953125, 76.89619445800781, 77.37258911132812, 75.77085876464844, 90.48532104492188, 80.78067779541016, 73.96332550048828, 78.83287811279297, 80.16593170166016, 84.97636413574219, 