{"aucroc": 0.3892495126705653, "aucpr": 0.021889152927919864, "dataset": "26_optdigits", "method": "soft", "test_ratio": 0.02875399361022364, "train_ratio": 0.02875399361022364, "labeled_anomalies": 1.0, "loe_loss": [113.91322326660156, 112.58959197998047, 111.44435119628906, 103.64669036865234, 112.70674133300781, 109.21968078613281, 110.13488006591797, 107.76890563964844, 108.25960540771484, 106.43499755859375, 105.2364501953125, 107.09136199951172, 102.41355895996094, 104.50775909423828, 103.42311096191406, 101.01580810546875, 104.42356872558594, 100.68517303466797, 102.29559326171875, 101.90620422363281, 103.34407806396484, 100.83967590332031, 97.59426879882812, 97.5617446899414, 101.67095947265625, 98.42540740966797, 94.24650573730469, 97.06407165527344, 93.99576568603516, 93.63433074951172, 93.71260070800781, 91.47760772705078, 95.23158264160156, 94.69776916503906, 92.600341796875, 92.87999725341797, 90.21745300292969, 85.71048736572266, 89.055908203125, 91.9782485961914, 89.33792877197266, 88.64115905761719, 87.67221069335938, 83.5175552368164, 88.0281982421875, 89.40992736816406, 87.27178192138672, 87.17803192138672, 88.58589935302734, 88.57959747314453, 86.86490631103516, 87.48309326171875, 83.49923706054688, 87.11466979980469, 87.26982116699219, 85.07453155517578, 86.98463439941406, 89.22086334228516, 84.49246978759766, 84.09524536132812, 83.16943359375, 82.28033447265625, 83.80630493164062, 80.78743743896484, 84.41830444335938, 82.47270202636719, 80.40264129638672, 82.6530532836914, 82.52975463867188, 83.36238098144531, 83.26146697998047, 83.31903076171875, 81.35009765625, 81.1729736328125, 81.44354248046875, 83.78084564208984, 82.13273620605469, 81.43706512451172, 82.64247131347656, 80.062744140625, 84.13026428222656, 80.26155090332031, 82.74610900878906, 79.83091735839844, 79.546875, 83.0541000366211, 78.60540008544922, 79.39282989501953, 80.2117919921875, 79.6611099243164, 73.30747985839844, 80.89457702636719, 82.94985961914062, 78.93074798583984, 77.71072387695312, 75.60846710205078, 78.24180603027344, 77.51315307617188, 78.53189086914062, 78.83338165283203, 78.1418685913086, 77.49745178222656, 81.1131591796875, 77.36373901367188, 77.89744567871094, 78.0238037109375, 74.09616088867188, 76.07783508300781, 77.49626159667969, 76.34529113769531, 77.9188003540039, 77.1666030883789, 73.76617431640625, 75.61077880859375, 76.20670318603516, 78.55831909179688, 77.62932586669922, 77.47457885742188, 74.95732116699219, 69.71939086914062, 75.77233123779297, 76.59968566894531, 74.38272094726562, 75.46987915039062, 75.80357360839844, 73.91754913330078, 74.50347137451172, 72.92750549316406, 76.08051300048828, 73.95214080810547, 74.29524993896484, 73.73777770996094, 76.29304504394531, 74.73223876953125, 70.24138641357422, 74.79466247558594, 75.98689270019531, 74.9980239868164, 73.21717834472656, 73.43875122070312, 71.02886199951172, 72.78279113769531, 75.053955078125, 70.69651794433594, 70.208984375, 75.01062774658203, 72.29103088378906, 65.605224609375, 73.31973266601562, 71.46408081054688, 65.80545043945312, 71.61547088623047, 72.91264343261719, 73.97740173339844, 72.21507263183594, 71.32661437988281, 75.30352783203125, 70.07038879394531, 69.94193267822266, 70.56108856201172, 70.9979248046875, 72.90435028076172, 72.62897491455078, 67.88302612304688, 73.01398468017578, 69.60111999511719, 67.00926971435547, 73.51329040527344, 66.5670166015625, 68.80929565429688, 68.42735290527344, 71.14372253417969, 67.49590301513672, 64.35608673095703, 68.84496307373047, 70.0505142211914, 67.06259155273438, 67.19822692871094, 69.7380599975586, 70.6802749633789, 70.75656127929688, 69.32199096679688, 62.93769836425781, 67.82878112792969, 65.43229675292969, 71.68386840820312, 68.76659393310547, 69.06947326660156, 66.97991180419922, 70.55742645263672, 67.6335220336914, 64.75328063964844, 68.07322692871094, 67.60484313964844, 66.80609130859375, 67.39347839355469, 66.87968444824219, 67.18955993652344, 61.23955535888672, 69.57451629638672, 62.855796813964844, 67.33943176269531, 69.50274658203125, 65.86579132080078, 65.7426528930664, 67.71788787841797, 63.976661682128906, 68.3580093383789, 66.51942443847656, 65.91939544677734, 70.6338882446289, 67.65511322021484, 66.3299789428711, 69.2417984008789, 67.65123748779297, 66.90631866455078, 66.73999786376953, 63.30934143066406, 64.0383529663086, 66.66029357910156, 58.183319091796875, 66.22992706298828, 67.19378662109375, 65.4782485961914, 66.27310943603516, 66.76403045654297, 64.34415435791016, 64.23584747314453, 60.24553298950195, 66.5916748046875, 65.24956512451172, 52.97697830200195, 67.19677734375, 60.98247146606445, 64.49600982666016, 60.000213623046875, 64.35443878173828, 68.10645294189453, 67.32945251464844, 72.6029281616211, 67.692138671875, 69.23216247558594, 68.02070617675781, 63.01969909667969, 59.72435760498047, 57.964508056640625, 63.37963104248047, 64.87083435058594, 64.32838439941406, 57.98166275024414, 65.05524444580078, 66.98751068115234, 61.77297592163086, 65.01778411865234, 66.14666748046875, 64.70043182373047, 61.28241729736328, 67.22209167480469, 63.120033264160156, 66.76571655273438, 66.23014068603516, 65.2065200805664, 62.62241744995117, 58.0716438293457, 59.91337585449219, 59.1954460144043, 66.72566986083984, 69.26910400390625, 60.87030029296875, 62.32781982421875, 55.379878997802734, 63.70433807373047, 69.47129821777344, 63.088356018066406, 66.15878295898438, 65.46007537841797, 66.7302017211914, 64.46712493896484, 66.79703521728516, 70.35602569580078, 60.67171096801758, 67.62999725341797, 57.17095184326172, 62.56359100341797, 64.70303344726562, 66.94628143310547, 65.44371032714844, 61.89752960205078, 65.4317855834961, 62.0893440246582, 63.96772003173828, 64.90038299560547, 59.40657043457031, 64.0716781616211, 61.41522216796875, 63.9788703918457, 57.054229736328125, 57.252994537353516, 56.420249938964844, 64.5445327758789, 59.20307159423828, 67.24005126953125, 59.746822357177734, 58.5265998840332, 58.628265380859375, 65.48511505126953, 59.865882873535156, 62.03117752075195, 63.38695526123047, 59.51293182373047, 64.69883728027344, 57.588409423828125, 65.59793090820312, 60.215049743652344, 52.419677734375, 62.95772171020508, 62.81208801269531, 64.74467468261719, 57.38748550415039, 71.4369888305664, 62.433258056640625, 65.71854400634766, 64.46488189697266, 55.82953643798828, 59.487152099609375, 62.41954803466797, 60.485565185546875, 61.572105407714844, 63.182090759277344, 60.39927291870117, 58.62855911254883, 49.55834197998047, 62.644535064697266, 63.73114013671875, 62.308799743652344, 72.13008880615234, 58.086097717285156, 62.744510650634766, 65.95797729492188, 62.402183532714844, 59.36280059814453, 62.81025314331055, 60.61878967285156, 63.256324768066406, 63.19160461425781, 62.27738952636719, 58.76003646850586, 56.128089904785156, 58.46751403808594, 62.57270050048828, 64.11453247070312, 61.6990966796875, 55.98366165161133, 65.978759765625, 60.35355758666992, 53.68497848510742, 61.54193115234375, 66.00780487060547, 61.672237396240234, 69.4720687866211, 61.535614013671875, 62.732208251953125, 58.60657501220703, 63.52967834472656, 53.067447662353516, 61.66689682006836, 60.89824295043945, 55.613861083984375, 63.662933349609375, 60.730037689208984, 58.135108947753906, 59.5098876953125, 45.43197250366211, 62.89658737182617, 62.04656219482422, 63.08202362060547, 62.654090881347656, 62.85784149169922, 63.57770538330078, 63.29180145263672, 60.00392150878906, 65.7378158569336, 53.49274444580078, 58.80009078979492, 64.43882751464844, 51.912391662597656, 56.289817810058594, 59.586830139160156, 64.02958679199219, 65.5790023803711, 67.45477294921875, 59.35458755493164, 64.09890747070312, 51.77599334716797, 57.74814224243164, 62.0185546875, 61.15870666503906, 62.57341003417969, 62.207725524902344, 60.10357666015625, 61.038665771484375, 66.36444091796875, 69.70823669433594, 65.11925506591797, 54.83015823364258, 61.78677749633789, 64.01060485839844, 61.85151672363281, 65.23561096191406, 64.05908203125, 55.24024200439453, 