{"aucroc": 0.8353511236944228, "aucpr": 0.08399900612562178, "dataset": "28_pendigits", "method": "soft", "test_ratio": 0.022804463852498787, "train_ratio": 0.022804463852498787, "labeled_anomalies": 1.0, "loe_loss": [34.33121109008789, 31.472949981689453, 31.21605110168457, 29.266576766967773, 29.01700210571289, 28.989669799804688, 28.57122802734375, 27.980148315429688, 27.9262752532959, 27.583261489868164, 26.687576293945312, 28.190784454345703, 26.60599136352539, 27.52297592163086, 26.43473243713379, 26.951263427734375, 27.507064819335938, 26.11344337463379, 26.03666114807129, 25.892925262451172, 25.13922691345215, 25.748374938964844, 25.62857437133789, 25.10830307006836, 25.113922119140625, 25.37976837158203, 24.83846092224121, 25.456687927246094, 25.211727142333984, 24.908571243286133, 25.695096969604492, 24.377424240112305, 24.736560821533203, 24.12789535522461, 24.765499114990234, 24.06877326965332, 23.816844940185547, 23.77993392944336, 23.89159393310547, 24.13616180419922, 24.235355377197266, 24.361040115356445, 24.162975311279297, 24.134918212890625, 23.625335693359375, 23.56088638305664, 23.545066833496094, 23.85794448852539, 23.21143341064453, 23.575849533081055, 23.183027267456055, 23.24268341064453, 23.16638946533203, 23.514095306396484, 23.00949478149414, 22.588674545288086, 23.73024559020996, 22.895536422729492, 23.24721336364746, 22.942415237426758, 22.58843994140625, 22.480669021606445, 22.577045440673828, 23.410497665405273, 22.724111557006836, 22.540794372558594, 23.010507583618164, 22.2027587890625, 22.14665985107422, 22.45777130126953, 22.37786865234375, 22.521087646484375, 21.98436737060547, 22.16730499267578, 22.18441390991211, 21.947668075561523, 22.22174835205078, 22.12647247314453, 22.27212905883789, 21.93425178527832, 21.940898895263672, 21.765880584716797, 21.545412063598633, 21.974641799926758, 22.35108184814453, 21.823387145996094, 22.410140991210938, 21.629627227783203, 21.711336135864258, 21.614355087280273, 21.516767501831055, 21.372350692749023, 21.52355194091797, 21.241580963134766, 21.590049743652344, 21.360965728759766, 21.709028244018555, 21.482633590698242, 21.130964279174805, 21.333925247192383, 21.117570877075195, 20.532663345336914, 21.507780075073242, 20.98381805419922, 20.8162784576416, 21.26173210144043, 21.523088455200195, 20.87959861755371, 21.319597244262695, 21.259716033935547, 21.13128662109375, 20.618270874023438, 20.93246841430664, 21.170272827148438, 20.998279571533203, 20.854509353637695, 21.204381942749023, 20.77939796447754, 21.163223266601562, 21.230937957763672, 20.697429656982422, 20.83445167541504, 21.061424255371094, 20.525373458862305, 20.922971725463867, 20.87611961364746, 20.88788604736328, 20.640403747558594, 20.372161865234375, 20.243680953979492, 21.15906524658203, 20.446733474731445, 20.912858963012695, 20.621822357177734, 20.632448196411133, 20.553741455078125, 20.155813217163086, 20.227649688720703, 20.550443649291992, 20.25714683532715, 20.09263801574707, 20.25970458984375, 20.18516731262207, 19.98736572265625, 20.30646324157715, 20.151296615600586, 19.88074493408203, 20.045516967773438, 20.212984085083008, 20.183792114257812, 19.653003692626953, 20.198156356811523, 20.245407104492188, 20.35236358642578, 20.086795806884766, 20.103307723999023, 19.69818115234375, 20.251285552978516, 20.036415100097656, 19.749216079711914, 19.578767776489258, 19.749631881713867, 19.557634353637695, 20.0289306640625, 19.967815399169922, 19.7580623626709, 19.60556411743164, 20.12871742248535, 19.29848289489746, 19.415319442749023, 18.957141876220703, 19.565975189208984, 19.647235870361328, 19.450088500976562, 19.655689239501953, 19.634321212768555, 19.491622924804688, 19.38482093811035, 19.554443359375, 19.53354263305664, 19.324520111083984, 19.110363006591797, 19.445178985595703, 19.548995971679688, 19.138866424560547, 19.48064613342285, 19.316904067993164, 19.864768981933594, 19.65097999572754, 19.26913070678711, 19.167789459228516, 19.33588218688965, 19.25011444091797, 19.622825622558594, 18.953147888183594, 18.80994415283203, 18.576005935668945, 18.76799201965332, 19.381454467773438, 19.056978225708008, 19.48969841003418, 19.272436141967773, 18.51259994506836, 18.167734146118164, 18.948619842529297, 18.184375762939453, 19.095657348632812, 19.142332077026367, 18.98183250427246, 20.199216842651367, 18.80401611328125, 18.458757400512695, 19.834318161010742, 18.60738754272461, 18.601375579833984, 18.944114685058594, 18.260862350463867, 18.583377838134766, 19.551856994628906, 19.004375457763672, 18.76633644104004, 18.634380340576172, 18.848297119140625, 18.877521514892578, 18.815959930419922, 19.85836410522461, 18.171560287475586, 18.335975646972656, 18.4145565032959, 19.357919692993164, 18.615848541259766, 18.388999938964844, 18.10135269165039, 18.060352325439453, 18.102338790893555, 18.757217407226562, 18.28656005859375, 18.396060943603516, 19.292707443237305, 18.259891510009766, 19.410037994384766, 18.116167068481445, 18.495594024658203, 18.982837677001953, 18.85287857055664, 18.764217376708984, 18.447891235351562, 19.10967445373535, 18.329072952270508, 18.092533111572266, 17.54570770263672, 18.115983963012695, 18.67542839050293, 17.90334701538086, 18.378890991210938, 19.21478271484375, 17.803730010986328, 18.319042205810547, 18.21510887145996, 18.078418731689453, 18.035249710083008, 18.064716339111328, 17.522201538085938, 18.059955596923828, 18.3874568939209, 17.708572387695312, 18.927974700927734, 18.636940002441406, 17.851757049560547, 18.41885757446289, 17.884933471679688, 17.89098358154297, 18.450613021850586, 17.423540115356445, 18.065296173095703, 17.29705810546875, 17.892446517944336, 18.63383674621582, 18.63376808166504, 18.192466735839844, 17.61669158935547, 18.263553619384766, 18.955902099609375, 18.352615356445312, 17.86562156677246, 17.51852035522461, 17.56633758544922, 18.20484733581543, 17.548982620239258, 18.268756866455078, 18.121646881103516, 17.855758666992188, 18.19837188720703, 17.668746948242188, 17.71746253967285, 18.04178237915039, 17.925460815429688, 17.227378845214844, 17.936172485351562, 17.42351531982422, 17.717811584472656, 17.658592224121094, 18.36514663696289, 16.89202880859375, 17.794658660888672, 17.787208557128906, 17.9830265045166, 18.08124542236328, 17.71036720275879, 18.224531173706055, 18.995372772216797, 18.047311782836914, 17.78539276123047, 17.7074031829834, 17.600509643554688, 17.890399932861328, 17.477563858032227, 18.31829833984375, 18.368656158447266, 17.629945755004883, 17.671541213989258, 17.87021255493164, 17.76491355895996, 18.501468658447266, 17.51816749572754, 17.61073112487793, 18.12140464782715, 17.671171188354492, 17.473478317260742, 17.3911190032959, 17.463592529296875, 17.19808006286621, 17.300086975097656, 16.95159149169922, 17.157752990722656, 17.51808738708496, 17.477937698364258, 17.434480667114258, 17.383731842041016, 17.035533905029297, 18.100881576538086, 17.860164642333984, 17.03247833251953, 17.272300720214844, 16.940439224243164, 17.992464065551758, 16.96526527404785, 16.96689796447754, 17.50891876220703, 17.200115203857422, 18.27067756652832, 17.739877700805664, 17.318817138671875, 17.32499122619629, 17.591859817504883, 18.385610580444336, 17.094762802124023, 16.845441818237305, 17.45893096923828, 17.6314754486084, 17.47989273071289, 17.91822624206543, 17.641921997070312, 17.025997161865234, 16.906238555908203, 17.454051971435547, 17.517601013183594, 17.467174530029297, 18.290319442749023, 17.092626571655273, 16.884031295776367, 16.898134231567383, 16.67860984802246, 17.71237564086914, 17.219078063964844, 17.160383224487305, 16.780784606933594, 17.560163497924805, 16.772113800048828, 16.98832893371582, 17.298208236694336, 17.931684494018555, 17.4302978515625, 16.87468147277832, 16.84599494934082, 18.715333938598633, 17.257431030273438, 16.41241455078125, 17.414310455322266, 17.49875831604004, 16.936861038208008, 17.319255828857422, 17.643985748291016, 17.75689697265625, 17.358213424682617, 17.13341522216797, 16.809417724609375, 