{"aucroc": 0.7894208624733251, "aucpr": 0.061117677149289486, "dataset": "28_pendigits", "method": "refine", "test_ratio": 0.022804463852498787, "train_ratio": 0.022804463852498787, "labeled_anomalies": 1.0, "loe_loss": [34.552345275878906, 31.70270347595215, 31.43198585510254, 29.52381134033203, 29.183879852294922, 29.19715690612793, 28.74738311767578, 28.196264266967773, 28.13692283630371, 27.767757415771484, 26.883882522583008, 28.36956214904785, 26.748550415039062, 27.68813705444336, 26.610271453857422, 27.156116485595703, 27.719703674316406, 26.32140350341797, 26.18772315979004, 26.068580627441406, 25.3297176361084, 25.9227294921875, 25.780685424804688, 25.30256462097168, 25.295019149780273, 25.535480499267578, 25.0468807220459, 25.620010375976562, 25.411054611206055, 25.051788330078125, 25.871837615966797, 24.591978073120117, 24.88976287841797, 24.305984497070312, 24.93985366821289, 24.2340087890625, 23.99262809753418, 23.9824161529541, 24.05706214904785, 24.27613067626953, 24.387672424316406, 24.52071189880371, 24.34333038330078, 24.31500244140625, 23.751619338989258, 23.712583541870117, 23.74124526977539, 24.040163040161133, 23.378650665283203, 23.702314376831055, 23.38153839111328, 23.423381805419922, 23.310993194580078, 23.665721893310547, 23.16753578186035, 22.738441467285156, 23.880905151367188, 23.045269012451172, 23.441612243652344, 23.09527587890625, 22.709436416625977, 22.651657104492188, 22.72423553466797, 23.553529739379883, 22.85894203186035, 22.717037200927734, 23.141193389892578, 22.30777359008789, 22.285329818725586, 22.61188316345215, 22.53719711303711, 22.67767906188965, 22.09050750732422, 22.32476043701172, 22.29105567932129, 22.06219482421875, 22.393285751342773, 22.273113250732422, 22.409168243408203, 22.078208923339844, 22.0629825592041, 21.881181716918945, 21.66904067993164, 22.097698211669922, 22.527996063232422, 21.971538543701172, 22.52745819091797, 21.80241584777832, 21.809640884399414, 21.732791900634766, 21.6422119140625, 21.490724563598633, 21.669546127319336, 21.42725372314453, 21.710601806640625, 21.49396324157715, 21.788705825805664, 21.616226196289062, 21.218791961669922, 21.469345092773438, 21.262115478515625, 20.700170516967773, 21.629138946533203, 21.115571975708008, 21.012346267700195, 21.354448318481445, 21.627906799316406, 20.991098403930664, 21.49405288696289, 21.439022064208984, 21.276670455932617, 20.7947998046875, 21.082740783691406, 21.353670120239258, 21.18541145324707, 20.979774475097656, 21.292774200439453, 20.922548294067383, 21.3414306640625, 21.416881561279297, 20.838415145874023, 21.00795555114746, 21.251529693603516, 20.669294357299805, 21.023757934570312, 21.019569396972656, 21.105915069580078, 20.794723510742188, 20.536161422729492, 20.386056900024414, 21.30559730529785, 20.61566162109375, 21.111846923828125, 20.829668045043945, 20.78885269165039, 20.725582122802734, 20.29362678527832, 20.366697311401367, 20.640764236450195, 20.476341247558594, 20.296268463134766, 20.40909194946289, 20.371135711669922, 20.13632583618164, 20.49861717224121, 20.318586349487305, 20.078420639038086, 20.2014217376709, 20.39381980895996, 20.353893280029297, 19.846927642822266, 20.312236785888672, 20.327198028564453, 20.480430603027344, 20.242427825927734, 20.284997940063477, 19.87925910949707, 20.391193389892578, 20.163732528686523, 19.912214279174805, 19.72867202758789, 19.860403060913086, 19.706714630126953, 20.21623992919922, 20.211877822875977, 19.899768829345703, 19.794742584228516, 20.305322647094727, 19.444129943847656, 19.536121368408203, 19.157733917236328, 19.75604248046875, 19.819503784179688, 19.614458084106445, 19.775569915771484, 19.81385040283203, 19.66964340209961, 19.54204559326172, 19.784568786621094, 19.684194564819336, 19.467018127441406, 19.298995971679688, 19.522502899169922, 19.65289878845215, 19.351438522338867, 19.66672706604004, 19.543684005737305, 20.090007781982422, 19.83525276184082, 19.454570770263672, 19.280500411987305, 19.517440795898438, 19.47686004638672, 19.802982330322266, 19.062801361083984, 18.949378967285156, 18.713600158691406, 18.92049789428711, 19.548185348510742, 19.27190589904785, 19.769920349121094, 19.483482360839844, 18.631494522094727, 18.29996109008789, 19.081298828125, 18.48192596435547, 19.18799591064453, 19.36469268798828, 19.15576171875, 20.368356704711914, 19.038204193115234, 18.661624908447266, 20.032150268554688, 18.781536102294922, 18.719572067260742, 19.17600440979004, 18.413150787353516, 18.85032081604004, 19.719003677368164, 19.121030807495117, 18.866470336914062, 18.786819458007812, 19.04106330871582, 19.103952407836914, 18.96316909790039, 19.928043365478516, 18.4530029296875, 18.48442268371582, 18.60031509399414, 19.55034065246582, 18.76582908630371, 18.629859924316406, 18.249313354492188, 18.32464027404785, 18.266963958740234, 18.867721557617188, 18.453466415405273, 18.610790252685547, 19.377931594848633, 18.432268142700195, 19.545757293701172, 18.377473831176758, 18.677886962890625, 19.164642333984375, 18.947404861450195, 18.882463455200195, 18.665700912475586, 19.283702850341797, 18.555999755859375, 18.250959396362305, 17.689224243164062, 18.404085159301758, 18.831022262573242, 17.992231369018555, 18.49380874633789, 19.42205810546875, 17.978225708007812, 18.54125213623047, 18.365835189819336, 18.28923797607422, 18.177486419677734, 18.332399368286133, 17.7221622467041, 18.300607681274414, 18.672697067260742, 17.85328483581543, 19.02273941040039, 18.781452178955078, 18.000675201416016, 18.721233367919922, 18.050628662109375, 18.112085342407227, 18.488162994384766, 17.657360076904297, 18.177875518798828, 17.446645736694336, 18.031421661376953, 18.811004638671875, 18.910625457763672, 18.324724197387695, 18.036518096923828, 18.44245147705078, 19.078968048095703, 18.622098922729492, 18.071529388427734, 17.68254852294922, 17.8742618560791, 18.36765480041504, 17.83327865600586, 18.413034439086914, 18.33499526977539, 17.99105453491211, 18.398880004882812, 17.94471549987793, 18.047229766845703, 18.259620666503906, 17.970516204833984, 17.36590576171875, 18.129196166992188, 17.588960647583008, 17.819398880004883, 17.917287826538086, 18.644895553588867, 17.18109130859375, 17.949548721313477, 18.098270416259766, 18.319801330566406, 18.23951530456543, 17.955615997314453, 18.366178512573242, 19.07465171813965, 18.218229293823242, 17.924732208251953, 18.03874397277832, 17.84516143798828, 18.213109970092773, 17.60289192199707, 18.530471801757812, 18.386661529541016, 17.774295806884766, 17.93113136291504, 18.153108596801758, 17.834814071655273, 18.83599281311035, 17.622934341430664, 17.697917938232422, 18.23001480102539, 17.935152053833008, 17.854446411132812, 17.502660751342773, 17.907363891601562, 17.32404136657715, 17.56278419494629, 17.216075897216797, 17.58207893371582, 17.60206413269043, 17.630239486694336, 17.53199005126953, 17.627643585205078, 17.219749450683594, 18.287002563476562, 18.11013412475586, 17.155166625976562, 17.511707305908203, 17.128158569335938, 18.113616943359375, 17.212934494018555, 17.351634979248047, 17.754182815551758, 17.50521469116211, 18.545753479003906, 17.976511001586914, 17.590896606445312, 17.474166870117188, 17.919689178466797, 18.702938079833984, 17.329370498657227, 17.004806518554688, 17.77242088317871, 17.724992752075195, 17.69925880432129, 18.26018714904785, 17.796306610107422, 17.250865936279297, 17.141613006591797, 17.524959564208984, 17.714794158935547, 17.53717041015625, 18.52299690246582, 17.18153190612793, 17.16182518005371, 17.24358558654785, 17.094993591308594, 17.981069564819336, 17.48744010925293, 17.222055435180664, 17.13545799255371, 17.836273193359375, 16.966169357299805, 17.3559513092041, 17.437602996826172, 18.021451950073242, 17.540315628051758, 17.181427001953125, 16.810461044311523, 19.110759735107422, 17.40265655517578, 16.66872787475586, 17.5070858001709, 17.954177856445312, 17.08177375793457, 17.591093063354492, 17.903377532958984, 18.002857208251953, 17.496305465698242, 17.244022369384766, 