{"aucroc": 0.8183213956207259, "aucpr": 0.07012667862773841, "dataset": "28_pendigits", "method": "hard", "test_ratio": 0.022804463852498787, "train_ratio": 0.022804463852498787, "labeled_anomalies": 1.0, "loe_loss": [34.28245544433594, 31.688549041748047, 30.843271255493164, 30.00731658935547, 28.02235984802246, 28.2590389251709, 27.718242645263672, 27.975196838378906, 27.65947914123535, 27.310874938964844, 26.744047164916992, 27.403194427490234, 26.679889678955078, 26.33639144897461, 26.59249496459961, 26.36484718322754, 26.007007598876953, 25.944849014282227, 25.697450637817383, 25.05222511291504, 25.645719528198242, 24.735679626464844, 25.030540466308594, 25.188735961914062, 24.884950637817383, 24.641128540039062, 24.672611236572266, 24.254535675048828, 24.13764190673828, 24.821840286254883, 24.407072067260742, 24.0800838470459, 23.640832901000977, 24.0367431640625, 23.93466567993164, 23.735822677612305, 24.079044342041016, 23.646862030029297, 23.33095359802246, 23.78052520751953, 23.821578979492188, 22.874406814575195, 22.897918701171875, 23.196962356567383, 22.396961212158203, 23.201950073242188, 22.787513732910156, 22.05731964111328, 22.979352951049805, 22.83961296081543, 22.608549118041992, 22.422456741333008, 22.37654685974121, 22.465892791748047, 22.66364860534668, 21.98214340209961, 21.854116439819336, 22.42827796936035, 22.513999938964844, 22.00865936279297, 22.3187313079834, 21.94580841064453, 22.15268898010254, 21.895780563354492, 21.861474990844727, 22.013824462890625, 21.65669059753418, 21.813138961791992, 21.82220458984375, 21.116952896118164, 21.855314254760742, 21.338851928710938, 21.146137237548828, 21.779870986938477, 21.54031753540039, 21.091981887817383, 21.49834442138672, 21.54975128173828, 20.98508071899414, 20.787071228027344, 21.093900680541992, 20.787166595458984, 21.056991577148438, 21.284618377685547, 20.685754776000977, 21.21044921875, 21.355609893798828, 21.102989196777344, 21.359298706054688, 20.918794631958008, 21.194339752197266, 21.042930603027344, 20.834131240844727, 21.197420120239258, 20.65570068359375, 20.94432830810547, 21.08700180053711, 20.563692092895508, 20.58720588684082, 20.60462760925293, 20.00273323059082, 20.780717849731445, 20.257776260375977, 20.768901824951172, 20.441614151000977, 20.24226951599121, 20.51817512512207, 20.68622589111328, 20.568042755126953, 20.235748291015625, 19.90696907043457, 21.052114486694336, 20.541349411010742, 20.283248901367188, 20.255231857299805, 20.704639434814453, 20.63730239868164, 20.491127014160156, 20.343107223510742, 20.094133377075195, 20.833213806152344, 20.274904251098633, 20.143224716186523, 19.661413192749023, 20.115901947021484, 20.548419952392578, 20.015243530273438, 20.243757247924805, 20.08016586303711, 19.99654197692871, 20.050111770629883, 20.386465072631836, 20.319963455200195, 20.237937927246094, 19.884714126586914, 19.934099197387695, 20.081310272216797, 20.328136444091797, 20.098613739013672, 19.52022933959961, 19.930744171142578, 19.84054183959961, 19.966930389404297, 19.45281982421875, 19.171310424804688, 19.88906478881836, 19.82527732849121, 19.75217628479004, 19.508899688720703, 19.342357635498047, 19.644317626953125, 19.560728073120117, 19.70884132385254, 19.182863235473633, 20.134328842163086, 20.137310028076172, 19.36823844909668, 19.431249618530273, 19.511701583862305, 19.73153305053711, 18.949960708618164, 19.391050338745117, 19.50778579711914, 19.63418960571289, 19.658740997314453, 19.956344604492188, 19.586933135986328, 19.283353805541992, 19.55461883544922, 19.75009536743164, 18.85396957397461, 19.557689666748047, 18.92029571533203, 19.66577911376953, 19.120155334472656, 18.849977493286133, 19.463163375854492, 18.90871238708496, 19.167343139648438, 18.83194351196289, 19.17584991455078, 19.70486831665039, 19.128734588623047, 19.445478439331055, 19.110553741455078, 19.300640106201172, 18.852115631103516, 18.88319969177246, 18.8941650390625, 18.674760818481445, 19.136890411376953, 19.243865966796875, 19.299591064453125, 18.472259521484375, 18.501455307006836, 18.697364807128906, 18.44057846069336, 18.849088668823242, 19.016090393066406, 18.53491973876953, 18.748035430908203, 18.87317657470703, 18.73046875, 19.2867488861084, 18.518218994140625, 18.987205505371094, 18.50365447998047, 18.654979705810547, 18.537353515625, 18.964008331298828, 18.591920852661133, 19.07735252380371, 18.604595184326172, 18.125211715698242, 18.808032989501953, 18.733396530151367, 18.304298400878906, 18.978897094726562, 18.36897850036621, 18.591672897338867, 18.497848510742188, 17.891172409057617, 18.859527587890625, 18.50767707824707, 18.537084579467773, 18.553775787353516, 18.683677673339844, 18.514719009399414, 18.19377326965332, 18.110736846923828, 17.936355590820312, 17.797170639038086, 18.437820434570312, 18.486520767211914, 17.933717727661133, 18.006675720214844, 18.13146209716797, 18.34908676147461, 18.2757625579834, 18.395586013793945, 17.823089599609375, 17.86366081237793, 17.594768524169922, 17.867807388305664, 18.10039710998535, 17.93305778503418, 18.348844528198242, 18.53744125366211, 17.934288024902344, 18.26272964477539, 17.829923629760742, 17.751506805419922, 17.715272903442383, 17.2969970703125, 17.63538360595703, 17.667875289916992, 17.43448829650879, 17.940776824951172, 17.737201690673828, 18.007741928100586, 17.54532241821289, 17.764423370361328, 18.023595809936523, 18.441761016845703, 17.637256622314453, 17.115474700927734, 18.198360443115234, 17.659910202026367, 17.242958068847656, 17.324731826782227, 17.997543334960938, 17.626239776611328, 16.905534744262695, 17.714488983154297, 17.467294692993164, 17.216733932495117, 17.334552764892578, 17.058496475219727, 17.79155921936035, 17.036619186401367, 17.86848258972168, 17.691314697265625, 17.456642150878906, 17.41379165649414, 17.816539764404297, 17.53876495361328, 16.710859298706055, 18.016807556152344, 17.292442321777344, 17.402143478393555, 18.154279708862305, 17.36394691467285, 17.084808349609375, 17.67841148376465, 17.375246047973633, 17.436843872070312, 16.588064193725586, 17.42443084716797, 17.54952049255371, 18.17666244506836, 16.72003936767578, 17.036151885986328, 17.626873016357422, 17.279483795166016, 17.52953338623047, 16.9555721282959, 16.797941207885742, 17.6370792388916, 17.15944480895996, 17.638219833374023, 17.400957107543945, 17.71871566772461, 17.267616271972656, 16.94980239868164, 16.862812042236328, 17.101951599121094, 16.41071128845215, 17.01116180419922, 17.017993927001953, 17.161420822143555, 17.878576278686523, 16.85745620727539, 16.717361450195312, 16.564634323120117, 16.89488410949707, 18.286344528198242, 16.791221618652344, 17.09341812133789, 18.00222396850586, 16.871299743652344, 16.9965877532959, 16.94888687133789, 16.95673942565918, 16.937410354614258, 17.565671920776367, 17.015554428100586, 17.579391479492188, 16.323753356933594, 16.649028778076172, 17.543920516967773, 16.859468460083008, 16.990617752075195, 16.91916275024414, 16.574317932128906, 17.261404037475586, 17.98824119567871, 17.086732864379883, 17.8393497467041, 17.43325424194336, 16.968469619750977, 17.55746841430664, 16.52815818786621, 17.198572158813477, 17.525432586669922, 17.136125564575195, 17.22115135192871, 16.19753074645996, 16.31212043762207, 16.64079475402832, 17.024600982666016, 16.075551986694336, 16.846176147460938, 16.82472038269043, 17.186777114868164, 17.151765823364258, 17.063034057617188, 16.95416831970215, 16.492345809936523, 17.307701110839844, 16.53794288635254, 17.184507369995117, 16.78759765625, 17.34478187561035, 16.74070167541504, 16.79630470275879, 16.52008819580078, 16.964828491210938, 16.13262939453125, 16.7285213470459, 16.027366638183594, 17.1322021484375, 16.1276912689209, 16.36423110961914, 17.229028701782227, 16.33538818359375, 17.243288040161133, 16.991212844848633, 16.711654663085938, 15.849687576293945, 17.292415618896484, 16.02597427368164, 15.792289733886719, 16.343666076660156, 17.11045265197754, 17.273971557617188, 17.39866828918457, 16.68879508972168, 