{"aucroc": 0.6392265104191887, "aucpr": 0.49618957589213997, "dataset": "29_Pima", "method": "soft", "test_ratio": 0.3566666666666667, "train_ratio": 0.3566666666666667, "labeled_anomalies": 1.0, "loe_loss": [7.7195234298706055, 7.115170478820801, 6.990379333496094, 6.429290771484375, 6.436636924743652, 6.274118900299072, 6.126827239990234, 5.948451995849609, 5.964887619018555, 5.888466835021973, 5.8291730880737305, 5.817518711090088, 5.568273544311523, 5.504631042480469, 5.623071670532227, 5.496621608734131, 5.347603797912598, 5.290215015411377, 5.327566623687744, 5.224576473236084, 5.485762119293213, 5.275012969970703, 5.345346450805664, 5.1081953048706055, 5.301452159881592, 5.053582668304443, 5.172142505645752, 5.221945762634277, 5.114149570465088, 5.208801746368408, 5.164185523986816, 5.061092376708984, 4.951491355895996, 5.226936340332031, 5.217494487762451, 5.145038604736328, 5.028573989868164, 5.03315544128418, 4.984082221984863, 5.213992118835449, 5.048065185546875, 5.176344871520996, 4.841029167175293, 4.977902412414551, 4.980736255645752, 5.069544792175293, 4.889643669128418, 4.846821308135986, 4.937845706939697, 4.9886651039123535, 5.110525608062744, 4.923430919647217, 4.996725559234619, 5.18443489074707, 4.941761016845703, 4.82752799987793, 5.0162353515625, 4.945433139801025, 4.781369209289551, 4.943878173828125, 4.978941917419434, 4.9333577156066895, 4.909584999084473, 4.896282196044922, 5.02016544342041, 4.865423202514648, 4.859695911407471, 5.028046607971191, 4.879217147827148, 4.841854572296143, 4.837817192077637, 4.927155017852783, 4.964094161987305, 5.0128960609436035, 4.84480094909668, 4.963210582733154, 4.881120681762695, 4.868710041046143, 4.81921911239624, 4.830102920532227, 4.846247673034668, 4.892431259155273, 5.100579738616943, 4.741992950439453, 4.837017059326172, 4.879537105560303, 4.80434513092041, 4.8062591552734375, 5.060537815093994, 4.835293769836426, 4.911252021789551, 4.801525115966797, 4.755287170410156, 4.9769392013549805, 4.972670555114746, 4.742066860198975, 4.866211891174316, 4.930017948150635, 4.786984443664551, 5.070457458496094, 4.799801826477051, 4.87095832824707, 4.87495756149292, 5.007390975952148, 4.802228927612305, 4.932445526123047, 4.746551036834717, 4.923757076263428, 4.777474880218506, 4.862550735473633, 4.887221336364746, 4.6923370361328125, 5.064397811889648, 4.731007099151611, 4.850654602050781, 4.760144233703613, 4.931789875030518, 4.8433837890625, 4.679860591888428, 4.761035442352295, 4.852276802062988, 4.881382942199707, 4.860751152038574, 4.742030143737793, 4.761270523071289, 4.892614841461182, 4.80235481262207, 4.881935119628906, 4.886240005493164, 4.560531139373779, 4.839901447296143, 4.843202590942383, 4.712850570678711, 4.697083950042725, 4.822569847106934, 5.036883354187012, 4.715409755706787, 4.705026626586914, 4.865193843841553, 4.770657539367676, 4.791377544403076, 4.7126994132995605, 4.87114953994751, 4.8355607986450195, 4.835503578186035, 4.850045680999756, 4.8620147705078125, 4.803056716918945, 4.836084842681885, 4.787538528442383, 4.78691291809082, 4.794734001159668, 4.856266498565674, 4.834733009338379, 4.610620498657227, 4.887858867645264, 4.809717655181885, 4.857464790344238, 4.761629581451416, 4.565863609313965, 4.855939865112305, 4.832008361816406, 4.785134792327881, 4.883966445922852, 4.5965728759765625, 4.798999309539795, 4.645642280578613, 4.71916389465332, 4.638458251953125, 4.756863594055176, 4.641462802886963, 4.686622142791748, 4.686113357543945, 4.733983516693115, 4.7027997970581055, 4.596922397613525, 4.7884721755981445, 4.813183784484863, 4.870170593261719, 4.710873126983643, 4.790148735046387, 4.747671604156494, 4.626023292541504, 4.67085075378418, 4.705013275146484, 4.661087989807129, 4.81077766418457, 4.664844989776611, 4.589436054229736, 4.788068771362305, 4.692159175872803, 4.741413593292236, 4.710114479064941, 4.75990104675293, 4.714724063873291, 4.8356146812438965, 4.718553066253662, 4.696877956390381, 4.62504243850708, 4.686486721038818, 4.606683731079102, 4.814479827880859, 4.721932411193848, 4.647284507751465, 4.712779521942139, 4.562429904937744, 4.682149887084961, 4.747353553771973, 4.630006790161133, 4.771621227264404, 4.588891983032227, 4.606202602386475, 4.684946060180664, 4.547996997833252, 4.882404327392578, 4.602176666259766, 4.662741661071777, 4.600175857543945, 4.633716106414795, 4.602203845977783, 4.7475409507751465, 4.842051982879639, 4.5967607498168945, 4.496590614318848, 4.676774024963379, 4.663617134094238, 4.511971473693848, 4.640657424926758, 4.576752185821533, 4.638050556182861, 4.678850173950195, 4.566318035125732, 4.687086582183838, 4.43371057510376, 4.603326797485352, 4.63503360748291, 4.828554630279541, 4.555977821350098, 4.59649133682251, 4.72830867767334, 4.613966464996338, 4.610376358032227, 4.622668266296387, 4.583829879760742, 4.663101673126221, 4.497712135314941, 4.600794792175293, 4.667398452758789, 4.575804233551025, 4.712100505828857, 4.738716125488281, 4.581818580627441, 4.557312965393066, 4.607721328735352, 4.726171016693115, 4.553880214691162, 4.6022467613220215, 4.451153755187988, 4.714831829071045, 4.535314559936523, 4.5710368156433105, 4.636195182800293, 4.652249336242676, 4.731598377227783, 4.533607006072998, 4.44119119644165, 4.5414910316467285, 4.570793151855469, 4.53816032409668, 4.632319450378418, 4.368625640869141, 4.682264804840088, 4.672212600708008, 4.445404052734375, 4.4156999588012695, 4.596294403076172, 4.497922420501709, 4.504712104797363, 4.716000080108643, 4.531679630279541, 4.658548355102539, 4.463019847869873, 4.53813362121582, 4.661552906036377, 4.546878337860107, 4.5501298904418945, 4.654799938201904, 4.200932502746582, 4.589079856872559, 4.521697044372559, 4.646393299102783, 4.558805465698242, 4.577313423156738, 4.55341100692749, 4.730760097503662, 4.517998695373535, 4.494457721710205, 4.685041904449463, 4.652095794677734, 4.4543657302856445, 4.597823143005371, 4.297527313232422, 4.6991400718688965, 4.552404403686523, 4.402734756469727, 4.535894870758057, 4.566014289855957, 4.752557277679443, 4.65260124206543, 4.596251010894775, 4.621783256530762, 4.539819240570068, 4.250626564025879, 4.481707572937012, 4.466843128204346, 4.6542840003967285, 4.525044918060303, 4.648432731628418, 4.4263787269592285, 4.510054588317871, 4.537786960601807, 4.505404472351074, 4.619579792022705, 4.494945049285889, 4.560722827911377, 4.546938896179199, 4.665270805358887, 4.676753997802734, 4.480787754058838, 4.476661682128906, 4.63620138168335, 4.442162036895752, 4.697934150695801, 4.57986307144165, 4.438407897949219, 4.595678329467773, 4.742171764373779, 4.537876129150391, 4.38863468170166, 4.33415412902832, 4.590224266052246, 4.617186069488525, 4.513275146484375, 4.419345855712891, 4.540517330169678, 4.6188859939575195, 4.50064754486084, 4.561502456665039, 4.503933429718018, 4.496570110321045, 4.531042575836182, 4.450554847717285, 4.538512229919434, 4.393714904785156, 4.518082618713379, 4.325840950012207, 4.451722145080566, 4.4287638664245605, 4.612825870513916, 4.443698406219482, 4.491817474365234, 4.5368242263793945, 4.287729263305664, 4.408830642700195, 4.6266679763793945, 4.323563098907471, 4.502620220184326, 4.431722164154053, 4.589258193969727, 4.7613019943237305, 4.616940498352051, 4.539297103881836, 4.5410261154174805, 4.412627696990967, 4.421838760375977, 4.369874477386475, 4.602881908416748, 4.541476726531982, 4.400649547576904, 4.537820339202881, 4.370311737060547, 4.396186351776123, 4.515564918518066, 4.785157203674316, 4.409942626953125, 4.4947662353515625, 4.349720001220703, 4.390870094299316, 4.373279094696045, 4.249025344848633, 4.293004989624023, 4.311337471008301, 4.1696577072143555, 4.585376739501953, 4.717396259307861, 4.40548849105835, 4.431225776672363, 4.598158836364746, 4.415715217590332, 4.459923267364502, 4.349534511566162, 4.476541996002197, 4.388604164123535, 4.585953235626221, 4.502899646759033, 4.363539218902588, 4.350157260894775, 4.290848255157471, 4.729323387145996, 4.212829113006592, 