{"aucroc": 0.7007086016819201, "aucpr": 0.5381948041758279, "dataset": "29_Pima", "method": "hard", "test_ratio": 0.3566666666666667, "train_ratio": 0.3566666666666667, "labeled_anomalies": 1.0, "loe_loss": [1.9012724161148071, 1.4820014238357544, 1.4811137914657593, 1.5435744524002075, 0.8384811878204346, 0.9537702798843384, 0.8853565454483032, 0.4360543489456177, 0.5497408509254456, 0.7111899852752686, 0.8243869543075562, 0.45621615648269653, -0.013444200158119202, 0.21943020820617676, 0.36797791719436646, 0.937450647354126, 1.1474533081054688, 0.6611499190330505, 0.21641123294830322, 0.30945611000061035, 0.6190027594566345, 0.7176195979118347, 0.0644960105419159, 0.7023882865905762, 0.4609753489494324, -0.6302944421768188], "n_epochs": 25}