{"aucroc": 0.7503591432214743, "aucpr": 0.6153687058976618, "dataset": "29_Pima", "method": "soft", "test_ratio": 0.3566666666666667, "train_ratio": 0.3566666666666667, "labeled_anomalies": 1.0, "loe_loss": [7.57904052734375, 7.190773963928223, 6.770458221435547, 6.516341209411621, 6.432446479797363, 6.262336254119873, 5.9353814125061035, 5.987514972686768, 5.860877990722656, 5.930882930755615, 5.531839370727539, 5.804477691650391, 5.432914733886719, 5.52244758605957, 5.454244136810303, 5.613490104675293, 5.391841411590576, 5.467731475830078, 5.244963645935059, 5.412632942199707, 5.2364912033081055, 5.158463478088379, 5.213262557983398, 5.137808799743652, 5.1421284675598145, 5.126400947570801, 5.005520820617676, 5.119850158691406, 4.965853214263916, 5.111736297607422, 4.896082401275635, 4.938202381134033, 4.939208507537842, 5.329387187957764, 4.7090535163879395, 4.808157920837402, 4.8415374755859375, 4.798886299133301, 4.7342658042907715, 5.008753776550293, 4.618975639343262, 4.739502429962158, 4.738603115081787, 5.019161701202393, 4.591801643371582, 4.46600341796875, 4.485434532165527, 4.756429195404053, 4.616992950439453, 4.902222156524658, 4.7178497314453125, 4.6318278312683105, 4.553592205047607, 4.5267438888549805, 4.814226150512695, 4.598424434661865, 4.4369964599609375, 4.576170444488525, 4.786312103271484, 4.77586555480957, 4.52033805847168, 4.4201459884643555, 4.608010768890381, 4.536990642547607, 4.131620407104492, 4.538074016571045, 4.374517440795898, 4.565680027008057, 4.5826497077941895, 4.52851676940918, 4.4444122314453125, 4.383398532867432, 4.298159599304199, 4.167262554168701, 3.9738852977752686, 4.232368469238281, 4.205691337585449, 4.5287184715271, 4.3212714195251465, 4.215732574462891, 4.311826705932617, 4.361881732940674, 4.220052719116211, 4.196557998657227, 4.012844085693359, 3.981940269470215, 3.627990961074829, 4.052887916564941, 4.110066890716553, 4.058434009552002, 4.628740310668945, 4.320703506469727, 4.562447547912598, 4.137928009033203, 4.086723804473877, 4.284146308898926, 4.620416164398193, 4.3563761711120605, 4.1368021965026855, 3.9093213081359863, 3.7025036811828613, 3.8540890216827393, 4.106136798858643, 4.049201488494873, 3.8070898056030273, 4.114147186279297, 3.8195319175720215, 3.9345874786376953, 4.377652645111084, 3.983505964279175, 4.037109851837158, 4.018857002258301, 3.945643901824951, 4.040773391723633, 4.258688449859619, 3.8347997665405273, 4.097068786621094, 4.01085090637207, 4.034908294677734, 3.9745118618011475, 3.868638515472412, 4.128180027008057, 3.7067904472351074, 4.091064453125, 4.1725592613220215, 3.6549253463745117, 4.2834343910217285, 3.445173978805542, 3.7313015460968018, 3.2491860389709473, 3.662118911743164, 4.111364841461182, 3.9430339336395264, 4.435834884643555, 4.1631903648376465, 3.960803508758545, 4.294952392578125, 3.8966054916381836, 3.6617660522460938, 4.266849040985107, 4.466865539550781, 3.902858257293701, 3.700479030609131, 3.7483649253845215, 3.630599021911621, 4.306997299194336, 4.251132488250732, 3.344468832015991, 3.515012264251709, 4.208842754364014, 4.138401031494141, 4.446813583374023, 3.900285482406616, 4.092319965362549, 3.769258975982666, 4.028090476989746, 3.80576753616333, 3.2443578243255615, 4.303524017333984, 3.482604503631592, 4.65390157699585, 3.5101232528686523, 3.4333553314208984, 3.8851985931396484, 3.617088794708252, 3.6352782249450684, 3.831512928009033, 4.1831560134887695, 3.3165364265441895, 3.0307674407958984, 3.449810266494751, 3.965965747833252, 3.661109685897827, 3.4366090297698975, 3.3288466930389404, 3.2380471229553223, 3.188337802886963, 3.1539113521575928, 3.786198616027832, 3.128835678100586, 3.757871389389038, 3.203460216522217, 2.4614248275756836, 3.291954517364502, 3.0937130451202393, 3.4458796977996826, 3.199998378753662, 2.837690830230713, 3.2111105918884277, 2.709113836288452, 3.1779985427856445, 3.2353413105010986, 2.9740734100341797, 2.2881951332092285, 2.841794967651367, 2.59732723236084, 2.3963451385498047, 2.625684976577759, 3.161409616470337, 1.8894383907318115, 2.868433952331543, 1.9818285703659058, 1.9070888757705688, 1.4343551397323608, 2.7894818782806396, 1.214373230934143, 1.3392903804779053, 0.24571309983730316, 1.6235313415527344, 0.7720961570739746, -0.6026094555854797], "n_epochs": 210}