{"aucroc": 0.6184526980130097, "aucpr": 0.4812483529251205, "dataset": "29_Pima", "method": "soft", "test_ratio": 0.3566666666666667, "train_ratio": 0.3566666666666667, "labeled_anomalies": 1.0, "loe_loss": [7.7195234298706055, 7.145803451538086, 7.013195037841797, 6.4507246017456055, 6.446911811828613, 6.294412612915039, 6.169584274291992, 5.954609394073486, 6.004152774810791, 5.921839714050293, 5.88076114654541, 5.84895658493042, 5.659562587738037, 5.5792670249938965, 5.7065935134887695, 5.593222618103027, 5.39691686630249, 5.40049409866333, 5.455690860748291, 5.355216979980469, 5.5538716316223145, 5.4015703201293945, 5.428300857543945, 5.222077369689941, 5.4280548095703125, 5.224946975708008, 5.271167278289795, 5.370363235473633, 5.254744529724121, 5.321118354797363, 5.274661540985107, 5.204316139221191, 5.103459358215332, 5.397363662719727, 5.328029155731201, 5.295636177062988, 5.212535858154297, 5.1924638748168945, 5.103240966796875, 5.394615650177002, 5.192905426025391, 5.298972129821777, 5.063709259033203, 5.173846244812012, 5.184450149536133, 5.234992980957031, 5.110635280609131, 5.083908557891846, 5.180838108062744, 5.184505462646484, 5.303260326385498, 5.170675277709961, 5.213625431060791, 5.320085525512695, 5.152376174926758, 5.0702009201049805, 5.216106414794922, 5.1660003662109375, 5.065686225891113, 5.194211959838867, 5.255764007568359, 5.124967098236084, 5.175455093383789, 5.131430149078369, 5.211992263793945, 5.0844316482543945, 5.097984790802002, 5.288484573364258, 5.103933334350586, 5.1164350509643555, 5.057867050170898, 5.158822536468506, 5.211314678192139, 5.238101005554199, 5.129449844360352, 5.208771705627441, 5.138238430023193, 5.129801273345947, 5.06464958190918, 5.12661075592041, 5.106932640075684, 5.141339302062988, 5.319765090942383, 5.033792018890381, 5.161391735076904, 5.100794315338135, 5.075776100158691, 5.111753463745117, 5.3228325843811035, 5.130634307861328, 5.224675178527832, 5.135453224182129, 5.086663246154785, 5.264754295349121, 5.265891075134277, 5.057184219360352, 5.141453742980957, 5.221951007843018, 5.119521141052246, 5.331996917724609, 5.1291046142578125, 5.161375045776367, 5.141469955444336, 5.275459289550781, 5.05485725402832, 5.2245774269104, 5.080780506134033, 5.249502658843994, 5.12068510055542, 5.137770652770996, 5.171247959136963, 5.054100036621094, 5.318925380706787, 5.064079284667969, 5.183263301849365, 5.095369338989258, 5.19899845123291, 5.2395243644714355, 5.060741901397705, 5.129982948303223, 5.181346893310547, 5.185788154602051, 5.181539535522461, 5.049447059631348, 5.119781494140625, 5.252389430999756, 5.131921291351318, 5.19308614730835, 5.197894096374512, 4.967108726501465, 5.1866068840026855, 5.1671271324157715, 5.098970413208008, 5.0768046379089355, 5.1819610595703125, 5.361209869384766, 5.109255790710449, 5.077607154846191, 5.235899925231934, 5.123286247253418, 5.123113632202148, 5.14088249206543, 5.211526870727539, 5.196723937988281, 5.168948173522949, 5.188166618347168, 5.161619663238525, 5.158210277557373, 5.167203903198242, 5.125219345092773, 5.162719249725342, 5.160206317901611, 5.266815185546875, 5.166672706604004, 5.016113758087158, 5.247906684875488, 5.158065319061279, 5.19285774230957, 5.136391639709473, 4.989028453826904, 5.22186803817749, 5.20264196395874, 5.124837875366211, 5.267303466796875, 5.018511772155762, 5.1634321212768555, 5.042781352996826, 5.076862335205078, 5.020417213439941, 5.174932479858398, 5.099349498748779, 5.100739479064941, 5.044113636016846, 5.1236958503723145, 5.115941524505615, 5.024790287017822, 5.171172618865967, 5.146937370300293, 5.219393730163574, 5.115025997161865, 5.1523847579956055, 5.175548553466797, 5.096402168273926, 5.104929447174072, 5.071396350860596, 5.063723564147949, 5.220488548278809, 5.104984760284424, 5.011296272277832, 5.159380912780762, 5.097531318664551, 5.1229424476623535, 5.136953830718994, 5.181280136108398, 5.148744106292725, 5.2283034324646, 5.113351345062256, 5.121011734008789, 5.074319839477539, 5.0900654792785645, 5.021998405456543, 5.193976879119873, 5.141907215118408, 5.04368782043457, 5.100496768951416, 5.009432792663574, 5.139939785003662, 5.137271881103516, 5.0639777183532715, 5.168701648712158, 5.006650447845459, 5.020969390869141, 5.132559299468994, 4.9687089920043945, 5.235409736633301, 4.987693786621094, 5.065517425537109, 5.05222749710083, 5.09257173538208, 5.085612773895264, 5.111939907073975, 5.258068561553955, 5.029841423034668, 4.978418827056885, 5.122664928436279, 5.11284875869751, 4.956475734710693, 5.04409122467041, 5.0167412757873535, 5.06455135345459, 5.070091724395752, 4.997741222381592, 5.102326393127441, 4.857537746429443, 5.053981781005859, 5.062688827514648, 5.220597743988037, 4.998790740966797, 4.970630168914795, 5.092993259429932, 5.033132076263428, 5.043456077575684, 5.0552287101745605, 5.05158805847168, 5.053166389465332, 4.961596488952637, 4.996903896331787, 5.105825901031494, 5.006380558013916, 5.127683162689209, 5.140815258026123, 5.020893573760986, 5.045472621917725, 5.040619373321533, 5.113554954528809, 4.99591064453125, 5.049081802368164, 4.930392265319824, 5.1487603187561035, 4.987236022949219, 5.000971794128418, 5.06052827835083, 5.082070350646973, 5.121109962463379, 4.992339611053467, 4.954768180847168, 4.985729694366455, 4.969803333282471, 4.960303783416748, 5.040624618530273, 4.830926895141602, 5.0716872215271, 5.077129364013672, 4.893433570861816, 4.8677568435668945, 4.981993675231934, 4.93843936920166, 4.962778091430664, 5.078484535217285, 4.986946105957031, 5.091352939605713, 4.916270732879639, 4.969264984130859, 5.073390007019043, 4.956583023071289, 4.960442543029785, 5.034493446350098, 4.686293601989746, 4.989047050476074, 4.920593738555908, 5.06742525100708, 4.979954719543457, 4.99879789352417, 4.95090389251709, 5.065841197967529, 4.943427085876465, 4.9475908279418945, 5.066390037536621, 5.045801639556885, 4.872430801391602, 5.028142929077148, 4.809813022613525, 5.0585527420043945, 5.005122184753418, 4.8674163818359375, 5.002719402313232, 5.001668930053711, 5.1026458740234375, 5.081709861755371, 5.060255527496338, 5.045429229736328, 4.959343433380127, 4.760664463043213, 4.962822914123535, 4.928481578826904, 5.0417680740356445, 4.989351272583008, 5.0521159172058105, 4.868024826049805, 4.926543235778809, 4.967240333557129, 4.928713798522949, 5.022855281829834, 4.938169002532959, 4.9631805419921875, 4.965776443481445, 5.0477094650268555, 5.071486473083496, 4.899205684661865, 4.91124153137207, 5.058847427368164, 4.92299222946167, 5.094174385070801, 5.039751052856445, 4.896535873413086, 5.001803398132324, 5.111143112182617, 4.963393211364746, 4.88594388961792, 4.822579383850098, 5.039017677307129, 5.054789066314697, 4.990181922912598, 4.899679183959961, 5.018169403076172, 5.078474044799805, 4.960327625274658, 4.990540027618408, 4.9688005447387695, 4.932807922363281, 4.921652793884277, 4.91132926940918, 4.966562271118164, 4.936326026916504, 4.966949939727783, 4.843149662017822, 4.927304744720459, 4.8932013511657715, 5.042364120483398, 4.954040050506592, 4.915447235107422, 4.956038475036621, 4.861332893371582, 4.8907036781311035, 5.048518180847168, 4.849024772644043, 4.951555252075195, 4.907774448394775, 5.014739990234375, 5.133047580718994, 5.031764030456543, 4.9535064697265625, 4.952389240264893, 4.915585041046143, 4.9508161544799805, 4.846888542175293, 5.018733024597168, 4.970787048339844, 4.885821342468262, 5.018306255340576, 4.8736252784729, 4.8752121925354, 4.942662715911865, 5.102647304534912, 4.885396957397461, 4.9290900230407715, 4.819649696350098, 4.9060797691345215, 4.8444061279296875, 4.780714988708496, 4.794646739959717, 4.792407035827637, 4.773800373077393, 5.026059627532959, 5.066500186920166, 4.872754096984863, 4.917086124420166, 5.039257526397705, 4.868043899536133, 4.875802516937256, 4.889805793762207, 4.930725574493408, 4.859107494354248, 4.994706153869629, 4.985164165496826, 4.853063106536865, 4.809309959411621, 4.798081398010254, 5.141964912414551, 