{"aucroc": 0.7466305102254935, "aucpr": 0.5946155037677275, "dataset": "29_Pima", "method": "hard", "test_ratio": 0.3566666666666667, "train_ratio": 0.3566666666666667, "labeled_anomalies": 1.0, "loe_loss": [1.732685923576355, 1.7689671516418457, 1.1552295684814453, 1.4005974531173706, 1.184678077697754, 0.8029645681381226, 0.8290618658065796, 1.2204961776733398, 0.2984294295310974, 0.6296341419219971, 0.025985419750213623, -0.7480024099349976, -0.9879595637321472, -0.124077707529068, -1.3478796482086182, -1.554739236831665, -1.9282894134521484, -2.51420521736145, -2.5439646244049072, -4.063791751861572, -4.516965866088867, -5.970080375671387], "n_epochs": 21}