{"aucroc": 0.7610507695614079, "aucpr": 0.7221977610816928, "dataset": "30_satellite", "method": "refine", "test_ratio": 0.31641636457793887, "train_ratio": 0.31641636457793887, "labeled_anomalies": 1.0, "loe_loss": [42.809722900390625, 41.559425354003906, 41.918704986572266, 40.095123291015625, 39.75566482543945, 39.26356506347656, 39.73949432373047, 39.58831787109375, 38.07424545288086, 38.97098922729492, 39.37023162841797, 38.322959899902344, 41.00878143310547, 38.20600128173828, 37.646026611328125, 38.70415115356445, 38.837562561035156, 37.08525085449219, 37.384395599365234, 38.504600524902344, 36.97025680541992, 38.22015380859375, 37.81761169433594, 36.75276565551758, 36.86332702636719, 36.597251892089844, 36.68544006347656, 36.3482551574707, 36.069095611572266, 36.412410736083984, 36.35114288330078, 36.08205032348633, 36.04875946044922, 36.050071716308594, 36.361305236816406, 35.242496490478516, 35.94923400878906, 35.94137191772461, 35.92827606201172, 34.721763610839844, 34.160308837890625, 34.150245666503906, 33.48628616333008, 34.24696731567383, 33.38075256347656, 34.26203536987305, 32.15847396850586, 33.50959777832031, 33.3931999206543, 32.80874252319336, 33.78330993652344, 31.953378677368164, 32.236385345458984, 31.913808822631836, 31.730045318603516, 32.0822868347168, 32.84723663330078, 31.644254684448242, 30.516353607177734, 31.61118507385254, 31.33761978149414, 31.498451232910156, 31.275259017944336, 30.241153717041016, 30.647171020507812, 31.258291244506836, 30.197341918945312, 30.252283096313477, 30.00188446044922, 29.25220489501953, 29.09393310546875, 28.99092674255371, 28.66485023498535, 28.174041748046875, 29.039142608642578, 27.985004425048828, 28.20547103881836, 28.055267333984375, 27.369873046875, 27.647855758666992, 27.7111873626709, 27.1743106842041, 27.924833297729492, 27.756229400634766, 27.195375442504883, 28.608863830566406, 27.138473510742188, 27.031435012817383, 26.58125877380371, 26.380102157592773, 26.141115188598633, 25.304031372070312, 25.574871063232422, 25.495180130004883, 25.243370056152344, 25.874916076660156, 24.84259796142578, 24.792320251464844, 25.515783309936523, 24.874122619628906, 24.486751556396484, 24.883852005004883, 24.994712829589844, 25.037534713745117, 23.61068344116211, 22.914764404296875, 23.521846771240234, 22.866777420043945, 22.899871826171875, 23.891555786132812, 24.60284423828125, 24.22507095336914, 22.605806350708008, 23.823162078857422, 23.09299087524414, 23.561267852783203, 22.066146850585938, 22.805648803710938, 22.431652069091797, 22.886632919311523, 21.867069244384766, 23.053815841674805, 23.119667053222656, 23.11063575744629, 22.871326446533203, 22.347856521606445, 22.696720123291016, 20.777423858642578, 22.216567993164062, 21.110437393188477, 20.821170806884766, 20.605775833129883, 21.196496963500977, 21.161495208740234, 20.436376571655273, 20.338951110839844, 20.68486785888672, 19.84185028076172, 21.448949813842773, 19.635454177856445, 21.421066284179688, 20.757097244262695, 20.71962547302246, 21.454959869384766, 20.355789184570312, 19.624401092529297, 20.289928436279297, 19.22872543334961, 21.58350944519043, 20.0579891204834, 19.43721580505371, 19.203815460205078, 20.034494400024414, 20.61886978149414, 19.583866119384766, 17.989364624023438, 19.466289520263672, 18.345914840698242, 18.101591110229492, 18.418813705444336, 19.363025665283203, 18.979572296142578, 19.097721099853516, 18.333131790161133, 17.58510971069336, 17.516408920288086, 18.268707275390625, 18.374732971191406, 17.797319412231445, 17.49516487121582, 17.15056610107422, 18.480369567871094, 18.9958438873291, 18.257944107055664, 18.662864685058594, 18.00577163696289, 17.720539093017578, 17.034595489501953, 16.241073608398438, 16.909393310546875, 18.620502471923828, 16.270570755004883, 16.739532470703125, 16.439228057861328, 16.92569351196289, 16.00800323486328, 16.297666549682617, 16.784942626953125, 17.201507568359375, 15.85987663269043, 15.329111099243164, 16.214191436767578, 15.040977478027344, 16.88819122314453, 14.525430679321289, 16.225229263305664, 14.364227294921875, 13.95683479309082, 15.913381576538086, 16.158720016479492, 14.527271270751953, 15.665925025939941, 14.528779983520508, 15.027534484863281, 15.478562355041504, 15.941977500915527, 13.62445068359375, 16.09784698486328, 12.843393325805664, 14.146413803100586, 13.895624160766602, 15.51519775390625, 14.181357383728027, 15.20219612121582, 14.338773727416992, 14.417527198791504, 13.203753471374512, 13.743646621704102, 14.904760360717773, 14.36391544342041, 14.653943061828613, 13.775619506835938, 13.532944679260254, 13.726215362548828, 13.661653518676758, 14.216033935546875, 12.949087142944336, 12.498067855834961, 13.584630012512207, 12.112217903137207, 12.488929748535156, 12.635393142700195, 11.591835975646973, 12.069469451904297, 12.419597625732422, 11.359758377075195, 12.66050910949707, 12.309778213500977, 11.249699592590332, 12.412298202514648, 13.153181076049805, 11.430683135986328, 11.640205383300781, 11.551118850708008, 11.54594612121582, 11.666976928710938, 11.694963455200195, 10.988945960998535, 11.564035415649414, 10.428010940551758, 10.59369945526123, 10.555356979370117, 10.216413497924805, 11.46425724029541, 10.460612297058105, 11.193674087524414, 9.4697847366333, 11.114970207214355, 11.821249008178711, 10.367268562316895, 11.650339126586914, 10.857242584228516, 10.541011810302734, 10.103669166564941, 10.323927879333496, 10.220438957214355, 9.158330917358398, 10.082108497619629, 10.705769538879395, 10.35267162322998, 9.47774600982666, 9.788531303405762, 9.997434616088867, 9.133386611938477, 9.795088768005371, 10.11026382446289, 9.63963794708252, 10.16199779510498, 9.469338417053223, 8.635675430297852, 8.927358627319336, 9.018157958984375, 8.8962984085083, 10.142339706420898, 9.888840675354004, 9.347384452819824, 8.78674602508545, 8.703720092773438, 9.379762649536133, 7.67390775680542, 8.966118812561035, 9.55638313293457, 9.719837188720703, 9.666450500488281, 9.115506172180176, 9.35362434387207, 8.73049545288086, 9.430908203125, 9.320070266723633, 8.798768997192383, 8.96828556060791, 7.527518272399902, 8.585274696350098, 8.767966270446777, 7.953386306762695, 9.063886642456055, 8.993220329284668, 10.336848258972168, 7.733668327331543, 8.590913772583008, 8.592700958251953, 7.063601016998291, 10.467462539672852, 9.864346504211426, 7.351059436798096, 9.273895263671875, 7.884190559387207, 6.925393104553223, 6.4688920974731445, 7.31884765625, 7.9329938888549805, 7.259136199951172, 8.42094898223877, 5.945180892944336, 6.8695244789123535, 7.753060340881348, 6.145259857177734, 9.245427131652832, 9.304631233215332, 7.728476524353027, 7.620110034942627, 6.0385847091674805, 8.674284934997559, 6.852273941040039, 9.25297737121582, 7.448333740234375, 7.066644668579102, 7.433176517486572, 8.137154579162598, 7.271666049957275, 6.452333450317383, 7.099100589752197, 7.131494522094727, 7.040363788604736, 6.980861186981201, 7.7245330810546875, 6.846991062164307, 6.083946228027344, 5.628289222717285, 5.995568752288818, 8.661515235900879, 6.5488715171813965, 6.15064811706543, 8.158483505249023, 5.912698745727539, 7.3689961433410645, 6.361297607421875, 8.483116149902344, 5.633368492126465, 6.226347923278809, 5.550189971923828, 6.088443279266357, 5.727426528930664, 6.741539478302002, 5.273683071136475, 5.192920207977295, 7.990355491638184, 4.840750694274902, 6.665811538696289, 6.4903082847595215, 6.631861686706543, 8.769850730895996, 6.494290828704834, 5.375616073608398, 7.71711540222168, 8.610296249389648, 7.56860876083374, 6.997867107391357, 6.3170166015625, 4.928286552429199, 7.380823135375977, 6.95797061920166, 7.0836710929870605, 6.625340461730957, 5.39594030380249, 6.099495887756348, 5.60948371887207, 6.748593330383301, 6.246972560882568, 6.293832302093506, 6.787158966064453, 8.184152603149414, 6.070842266082764, 7.442666530609131, 6.175600051879883, 7.372215270996094, 5.389795303344727, 8.136751174926758, 6.251107215881348, 6.594799995422363, 6.373525142669678, 