{"aucroc": 0.6737741572847956, "aucpr": 0.5511033091267271, "dataset": "30_satellite", "method": "soft", "test_ratio": 0.31641636457793887, "train_ratio": 0.31641636457793887, "labeled_anomalies": 1.0, "loe_loss": [35.78685760498047, 34.92205047607422, 33.02465057373047, 32.39410400390625, 32.392234802246094, 32.20146179199219, 31.771713256835938, 32.329620361328125, 32.317256927490234, 31.122900009155273, 30.657649993896484, 31.584487915039062, 32.19407272338867, 31.159931182861328, 30.793197631835938, 31.121021270751953, 30.592174530029297, 30.755109786987305, 30.67056655883789, 31.322246551513672, 29.551876068115234, 30.278684616088867, 30.283620834350586, 30.34966278076172, 29.464109420776367, 29.4739990234375, 30.1047306060791, 30.261770248413086, 29.42464828491211, 29.284387588500977, 29.551971435546875, 29.49662208557129, 28.75836181640625, 29.734935760498047, 29.949504852294922, 29.96123504638672, 29.028200149536133, 28.782482147216797, 28.79216766357422, 28.82146453857422, 28.780731201171875, 28.229469299316406, 28.3522891998291, 28.913362503051758, 27.871118545532227, 26.845497131347656, 27.985231399536133, 27.084274291992188, 26.53878402709961, 26.92774772644043, 27.231225967407227, 27.145694732666016, 26.563175201416016, 27.537553787231445, 26.57459259033203, 26.912120819091797, 26.79235076904297, 26.606271743774414, 26.02131462097168, 26.44515609741211, 25.669422149658203, 25.743186950683594, 25.760072708129883, 25.047801971435547, 25.39464569091797, 24.954477310180664, 25.586828231811523, 25.413896560668945, 25.191072463989258, 25.100139617919922, 24.013288497924805, 24.586261749267578, 24.18682098388672, 23.86686134338379, 23.063608169555664, 23.807100296020508, 23.97528076171875, 23.981367111206055, 23.712066650390625, 22.96110725402832, 23.42278289794922, 23.65026092529297, 23.410404205322266, 23.15185546875, 22.33444595336914, 23.29434585571289, 22.345111846923828, 22.25414276123047, 22.311248779296875, 22.170459747314453, 21.929933547973633, 21.700281143188477, 21.858016967773438, 21.62833023071289, 21.879796981811523, 22.48626708984375, 21.861984252929688, 21.985231399536133, 22.33687973022461, 21.606184005737305, 21.58576774597168, 21.846715927124023, 21.77220916748047, 21.062946319580078, 20.871971130371094, 21.82357406616211, 20.783878326416016, 20.381237030029297, 21.21111488342285, 20.98282241821289, 21.63747787475586, 21.183197021484375, 20.501983642578125, 21.183429718017578, 20.57179069519043, 20.918912887573242, 20.430320739746094, 19.92240333557129, 20.462390899658203, 20.341228485107422, 19.541332244873047, 20.411178588867188, 20.63022804260254, 19.91920280456543, 20.02565574645996, 19.360267639160156, 20.232219696044922, 19.82921600341797, 19.988174438476562, 20.433040618896484, 19.960094451904297, 19.876895904541016, 19.980398178100586, 19.952571868896484, 19.330732345581055, 19.374027252197266, 19.296083450317383, 19.732269287109375, 18.905376434326172, 19.6456356048584, 19.6535701751709, 19.550886154174805, 19.35454750061035, 19.046653747558594, 19.37862777709961, 19.70551109313965, 19.40786361694336, 19.016448974609375, 19.1876163482666, 19.127779006958008, 19.484235763549805, 19.28743553161621, 18.931785583496094, 18.945850372314453, 18.47121238708496, 18.54245376586914, 19.006542205810547, 18.294143676757812, 18.659025192260742, 18.60427474975586, 18.032115936279297, 17.531484603881836, 18.3687801361084, 18.442094802856445, 18.610177993774414, 17.965593338012695, 18.154155731201172, 17.667938232421875, 18.0010929107666, 17.880725860595703, 17.789310455322266, 17.587352752685547, 18.233930587768555, 18.007646560668945, 17.62356948852539, 17.743728637695312, 18.306249618530273, 17.65516471862793, 17.50198745727539, 18.051132202148438, 17.26040267944336, 17.25340461730957, 17.381317138671875, 16.82245445251465, 16.630504608154297, 16.1544132232666, 16.746828079223633, 16.935104370117188, 16.79176902770996, 16.658527374267578, 17.176462173461914, 17.210161209106445, 16.827098846435547, 16.173063278198242, 17.50670051574707, 16.987655639648438, 16.202613830566406, 16.473608016967773, 16.390779495239258, 16.583072662353516, 15.01478099822998, 16.115915298461914, 16.28140640258789, 15.935065269470215, 15.845038414001465, 16.384416580200195, 15.7915620803833, 16.04445457458496, 15.20582103729248, 15.371651649475098, 15.413594245910645, 14.53885555267334, 16.270740509033203, 15.620765686035156, 15.30001163482666, 15.433623313903809, 15.646373748779297, 15.479734420776367, 14.958370208740234, 15.382125854492188, 15.338991165161133, 15.666681289672852, 15.101066589355469, 14.512730598449707, 14.652175903320312, 14.681764602661133, 13.33234977722168, 14.467077255249023, 14.57921314239502, 14.246112823486328, 14.484110832214355, 13.797163009643555, 13.580431938171387, 14.116354942321777, 13.756878852844238, 13.479402542114258, 13.8553466796875, 12.963837623596191, 13.659448623657227, 13.73140811920166, 13.94008731842041, 13.314949035644531, 13.247855186462402, 13.692676544189453, 13.352270126342773, 13.226696014404297, 12.925182342529297, 13.557760238647461, 13.766573905944824, 13.65964126586914, 13.52096939086914, 12.84073543548584, 13.428046226501465, 13.582281112670898, 12.781893730163574, 13.041078567504883, 12.295534133911133, 13.29628849029541, 12.254846572875977, 12.875980377197266, 12.34743881225586, 12.707649230957031, 12.623770713806152, 12.20783805847168, 11.63203239440918, 11.427034378051758, 11.620224952697754, 11.767145156860352, 12.332054138183594, 12.405172348022461, 12.290822982788086, 12.096688270568848, 12.378213882446289, 11.727386474609375, 11.753798484802246, 11.473567962646484, 11.497213363647461, 11.396492004394531, 11.0626220703125, 11.515913009643555, 11.554577827453613, 11.66958236694336, 10.943674087524414, 11.097546577453613, 10.917482376098633, 11.003947257995605, 11.173741340637207, 10.855461120605469, 10.316844940185547, 10.581615447998047, 10.339435577392578, 10.534296035766602, 10.745820045471191, 10.13880729675293, 10.474458694458008, 9.753915786743164, 9.979801177978516, 9.650642395019531, 11.684332847595215, 10.29518985748291, 10.16817855834961, 10.004219055175781, 9.60370922088623, 9.515514373779297, 9.80884838104248, 8.841755867004395, 9.615097999572754, 9.489830017089844, 9.605021476745605, 8.920539855957031, 8.677810668945312, 9.852066993713379, 10.172767639160156, 9.445161819458008, 10.228336334228516, 9.923931121826172, 9.806486129760742, 9.404284477233887, 9.80148696899414, 8.870360374450684, 8.842182159423828, 9.968659400939941, 9.24678897857666, 8.83405876159668, 8.39632797241211, 8.737217903137207, 8.733448028564453, 7.948726654052734, 9.406026840209961, 8.643745422363281, 8.460226058959961, 8.275489807128906, 8.90365219116211, 8.56523323059082, 8.95870590209961, 8.012799263000488, 7.176243782043457, 7.253793716430664, 8.946731567382812, 8.714712142944336, 9.183209419250488, 8.801773071289062, 8.419861793518066, 9.032831192016602, 9.57628345489502, 9.414533615112305, 8.870800018310547, 9.252862930297852, 8.55911922454834, 9.938135147094727, 8.124654769897461, 7.816413402557373, 9.377598762512207, 8.462620735168457, 8.781475067138672, 8.928162574768066, 8.239099502563477, 8.820413589477539, 8.091012001037598, 7.770077705383301, 9.023990631103516, 9.151087760925293, 8.566511154174805, 7.396274566650391, 7.73834753036499, 7.037431716918945, 9.091996192932129, 8.31255054473877, 7.481113433837891, 9.111116409301758, 8.170000076293945, 8.421107292175293, 10.082725524902344, 9.468186378479004, 9.674393653869629, 7.908669471740723, 6.924004554748535, 7.244251728057861, 7.322896480560303, 8.552976608276367, 8.446495056152344, 7.051088333129883, 8.592082977294922, 8.309669494628906, 8.76247501373291, 9.049179077148438, 8.310179710388184, 8.705619812011719, 7.8396735191345215, 8.786376953125, 8.989057540893555, 9.159429550170898, 8.404786109924316, 7.989551544189453, 9.500325202941895, 9.147150039672852, 8.563828468322754, 9.551742553710938, 8.633694648742676, 7.587964057922363, 