{"aucroc": 0.6730802294632081, "aucpr": 0.5320941346017426, "dataset": "30_satellite", "method": "blind", "test_ratio": 0.31641636457793887, "train_ratio": 0.31641636457793887, "labeled_anomalies": 1.0, "loe_loss": [77.98375701904297, 75.71150207519531, 70.69754791259766, 70.0166015625, 72.42333984375, 70.35836029052734, 69.36347961425781, 68.42558288574219, 68.57809448242188, 68.14352416992188, 67.23351287841797, 67.90502166748047, 67.80790710449219, 64.47758483886719, 68.5767593383789, 64.89640808105469, 66.77767944335938, 65.69116973876953, 66.62108612060547, 64.45081329345703, 66.21170043945312, 67.23250579833984, 61.89889144897461, 65.76472473144531, 66.44487762451172, 63.289390563964844, 66.24191284179688, 64.22859954833984, 61.56040954589844, 61.323883056640625, 62.03431701660156, 62.336368560791016, 61.217620849609375, 63.28096008300781, 59.06220245361328, 63.10063934326172, 60.70439910888672, 62.07937240600586, 61.19453430175781, 63.102622985839844, 60.5973014831543, 58.669151306152344, 63.13819885253906, 61.594871520996094, 63.701927185058594, 63.742916107177734, 58.188232421875, 58.45379638671875, 55.303306579589844, 57.6865348815918, 60.9578971862793, 55.495872497558594, 59.58525085449219, 57.65283203125, 59.3541374206543, 55.130615234375, 55.22099304199219, 58.914276123046875, 57.04481506347656, 56.86830520629883, 56.66279602050781, 53.8900260925293, 54.65949630737305, 55.229278564453125, 57.149017333984375, 56.85747528076172, 53.342472076416016, 53.67210006713867, 53.93991470336914, 54.7082405090332, 55.541587829589844, 55.391212463378906, 51.61035919189453, 52.41471481323242, 51.63698196411133, 53.149513244628906, 51.61783981323242, 51.18018341064453, 51.96474838256836, 52.48282241821289, 54.498085021972656, 51.64767837524414, 50.19774627685547, 51.72258758544922, 49.61356735229492, 49.008384704589844, 47.81132125854492, 49.2827033996582, 48.639015197753906, 48.07444381713867, 47.29782485961914, 48.529354095458984, 48.078975677490234, 48.03630447387695, 48.1904296875, 46.85238265991211, 47.34973907470703, 45.707862854003906, 47.15888214111328, 47.128135681152344, 46.1817626953125, 45.343143463134766, 45.48103332519531, 43.92185974121094, 45.9266357421875, 44.34824752807617, 45.302772521972656, 44.00491714477539, 45.346031188964844, 44.54194259643555, 44.22828674316406, 43.952030181884766, 44.17399978637695, 43.766685485839844, 43.87638854980469, 43.013587951660156, 44.14604949951172, 42.1367073059082, 42.11882019042969, 42.55037307739258, 42.60163497924805, 42.68910217285156, 41.981075286865234, 41.96258544921875, 42.57487487792969, 42.68926239013672, 41.72303009033203, 41.77230453491211, 41.58381652832031, 41.06783676147461, 41.77833557128906, 40.97119140625, 40.745872497558594, 40.929439544677734, 41.35389709472656, 40.421630859375, 40.22726821899414, 40.73752212524414, 40.2099609375, 40.50404739379883, 40.924617767333984, 40.26886749267578, 39.53957748413086, 40.161766052246094, 40.23735046386719, 39.42833709716797, 40.65620422363281, 39.45028305053711, 39.2056999206543, 38.72681427001953, 39.79916763305664, 40.18260955810547, 39.3028678894043, 38.42816162109375, 39.32649230957031, 37.71174240112305, 39.159523010253906, 38.32844543457031, 38.32841873168945, 38.28631591796875, 38.4019889831543, 37.559715270996094, 37.820289611816406, 37.559349060058594, 37.91575622558594, 37.62432861328125, 37.51211929321289, 37.59592819213867, 37.39791488647461, 37.231117248535156, 36.66044998168945, 36.69248962402344, 35.54022216796875, 36.223777770996094, 36.62983703613281, 36.01205825805664, 35.60545349121094, 35.475223541259766, 36.34746170043945, 36.426605224609375, 36.324562072753906, 36.393165588378906, 35.730709075927734, 36.586639404296875, 34.6453857421875, 35.756046295166016, 34.566978454589844, 36.38468933105469, 34.342262268066406, 35.436241149902344, 34.787235260009766, 35.047569274902344, 36.505985260009766, 34.54859161376953, 35.36782455444336, 34.329986572265625, 35.050750732421875, 34.38157653808594, 34.351078033447266, 34.077571868896484, 33.13733673095703, 34.03931427001953, 34.283939361572266, 33.069496154785156, 34.06521987915039, 33.68657684326172, 33.676177978515625, 33.951393127441406, 32.69121551513672, 33.691246032714844, 32.888877868652344, 32.326534271240234, 33.019447326660156, 31.72564697265625, 33.157833099365234, 32.829566955566406, 33.11317825317383, 32.19097137451172, 31.83489990234375, 31.90268325805664, 32.926944732666016, 32.29343032836914, 30.831052780151367, 32.1652946472168, 31.078887939453125, 31.97232437133789, 31.27510643005371, 31.167299270629883, 30.842927932739258, 31.34120750427246, 30.059856414794922, 31.80281639099121, 29.958539962768555, 31.946687698364258, 30.594505310058594, 29.795881271362305, 30.677499771118164, 31.355270385742188, 31.478885650634766, 30.16967010498047, 30.885459899902344, 30.626636505126953, 30.466796875, 29.952917098999023, 30.943187713623047, 29.84695053100586, 30.482240676879883, 30.43008804321289, 29.279865264892578, 29.389026641845703, 30.695964813232422, 30.330673217773438, 30.711383819580078, 28.735462188720703, 29.21991729736328, 31.343795776367188, 28.394412994384766, 29.104286193847656, 29.71274185180664, 29.301563262939453, 27.521743774414062, 29.049495697021484, 28.631916046142578, 28.1306209564209, 29.375682830810547, 27.20487403869629, 29.570602416992188, 29.589643478393555, 28.910381317138672, 29.51256561279297, 27.665735244750977, 28.616287231445312, 29.416671752929688, 29.97995376586914, 28.348058700561523, 27.736127853393555, 26.419445037841797, 26.901742935180664, 28.752227783203125, 28.781618118286133, 28.61978530883789, 28.34575653076172, 28.282001495361328, 28.20787811279297, 27.508012771606445, 26.880630493164062, 27.45624351501465, 28.632110595703125, 27.890687942504883, 27.38205909729004, 26.476207733154297, 27.9355411529541, 27.6414737701416, 29.16750144958496, 27.847700119018555, 28.648868560791016, 27.088119506835938, 27.848562240600586, 28.08989906311035, 28.99382209777832, 28.0186767578125, 28.237590789794922, 25.7347469329834, 27.819400787353516, 28.49411392211914, 28.187238693237305, 28.740859985351562, 28.39654541015625, 28.757230758666992, 26.129411697387695, 27.330509185791016, 26.62221336364746, 28.474424362182617, 26.47684669494629, 27.232397079467773, 29.63628387451172, 25.7487735748291, 26.55379867553711, 25.555805206298828, 27.440059661865234, 24.89988136291504, 26.274372100830078, 26.800338745117188, 25.00754737854004, 25.45975112915039, 24.93206024169922, 26.354835510253906, 24.986392974853516, 24.62628173828125, 25.99773597717285, 24.754758834838867, 26.646820068359375, 26.805782318115234, 25.347270965576172, 25.157657623291016, 27.408369064331055, 28.367055892944336, 28.75419044494629, 24.2950382232666, 25.79669952392578, 23.676645278930664, 25.171621322631836, 24.291662216186523, 23.313718795776367, 26.541690826416016, 27.442888259887695, 25.451637268066406, 24.37604331970215, 25.541912078857422, 21.762941360473633, 25.986845016479492, 22.44589614868164, 26.74213218688965, 25.499225616455078, 23.624399185180664, 23.55485725402832, 24.757423400878906, 27.663461685180664, 21.647560119628906, 24.725065231323242, 25.87731170654297, 27.15626335144043, 25.705331802368164, 24.874237060546875, 22.260549545288086, 25.111942291259766, 22.934412002563477, 24.13657569885254, 22.65542221069336, 25.656728744506836, 22.42629623413086, 21.90805435180664, 22.466197967529297, 24.3378963470459, 24.909303665161133, 24.116357803344727, 23.427331924438477, 25.51361846923828, 24.09224510192871, 24.07619857788086, 26.86566162109375, 23.37141227722168, 26.18939208984375, 23.86785316467285, 25.316577911376953, 25.142372131347656, 23.970657348632812, 25.346920013427734, 22.89676856994629, 21.405996322631836, 22.586061477661133, 24.85985565185547, 24.674177169799805, 24.014190673828125, 22.896347045898438, 22.296733856201172, 22.891063690185547, 24.45633888244629, 22.266952514648438, 23.974796295166016, 23.97541046142578, 25.23999786376953, 23.72905731201172,