{"aucroc": 0.9762735326688815, "aucpr": 0.5359835106046781, "dataset": "31_satimage-2", "method": "soft", "test_ratio": 0.012062033314187249, "train_ratio": 0.012062033314187249, "labeled_anomalies": 1.0, "loe_loss": [74.89457702636719, 69.39340209960938, 66.97786712646484, 67.198974609375, 67.32659912109375, 67.76179504394531, 66.15957641601562, 64.3492431640625, 65.56269073486328, 65.85637664794922, 65.79173278808594, 63.829002380371094, 64.18389129638672, 63.92555618286133, 65.27295684814453, 64.00359344482422, 61.1906852722168, 66.04658508300781, 62.72244644165039, 61.96845245361328, 62.429378509521484, 61.51081085205078, 62.129638671875, 61.540443420410156, 60.27452087402344, 60.763648986816406, 58.422630310058594, 59.76369857788086, 61.25286865234375, 59.5357666015625, 59.9788703918457, 59.881385803222656, 60.47072982788086, 62.31462097167969, 58.18406295776367, 60.8974494934082, 55.86857604980469, 57.13791275024414, 54.866146087646484, 57.38956069946289, 54.2322883605957, 56.04361343383789, 56.820743560791016, 55.23297119140625, 56.14353942871094, 54.71635818481445, 52.123313903808594, 52.3675651550293, 53.23682403564453, 52.60184860229492, 53.77837371826172, 52.26606750488281, 53.9049072265625, 51.29628372192383, 51.603973388671875, 51.432491302490234, 51.37679672241211, 51.347007751464844, 52.60524368286133, 51.80188751220703, 49.93939208984375, 51.334686279296875, 50.84026336669922, 50.13933181762695, 48.159217834472656, 49.633460998535156, 48.3258056640625, 47.895042419433594, 48.486331939697266, 46.6831169128418, 47.56019973754883, 47.12794494628906, 46.1116828918457, 46.53798294067383, 46.2263069152832, 44.75164794921875, 44.988868713378906, 44.371646881103516, 45.60472106933594, 44.15583801269531, 44.84086227416992, 44.543678283691406, 45.358768463134766, 47.27852249145508, 42.93663024902344, 43.860294342041016, 45.565399169921875, 45.193603515625, 43.06317901611328, 44.21770095825195, 43.302589416503906, 42.6955451965332, 42.5308837890625, 44.155067443847656, 42.37024688720703, 41.571372985839844, 43.37004852294922, 45.66609573364258, 43.94721221923828, 41.19732666015625, 41.09806442260742, 41.78391647338867, 42.042930603027344, 41.97344207763672, 42.60908508300781, 41.47296905517578, 42.4797248840332, 41.40442657470703, 41.498565673828125, 42.25713348388672, 41.499298095703125, 40.59919738769531, 41.10038757324219, 40.77485656738281, 40.53529357910156, 40.633087158203125, 40.79841232299805, 40.40006637573242, 39.88972473144531, 39.23206329345703, 40.14617156982422, 39.757789611816406, 41.224700927734375, 40.455875396728516, 39.93756866455078, 39.71705627441406, 40.77409744262695, 39.40192794799805, 39.1226692199707, 39.46405792236328, 39.971458435058594, 38.65534973144531, 38.49595260620117, 39.647743225097656, 38.41482925415039, 38.79921340942383, 38.28473663330078, 38.844974517822266, 38.077545166015625, 38.57984161376953, 40.91248321533203, 38.12627410888672, 37.51899719238281, 37.95024108886719, 36.98044967651367, 36.756797790527344, 37.05282211303711, 37.40247344970703, 37.57444763183594, 35.85749053955078, 37.57332992553711, 37.23527908325195, 36.15216827392578, 36.95994567871094, 35.725345611572266, 37.31118392944336, 36.04761505126953, 35.91933059692383, 35.641326904296875, 35.23991394042969, 35.216426849365234, 35.719749450683594, 34.924522399902344, 35.983943939208984, 33.784912109375, 35.36820602416992, 34.486515045166016, 34.394779205322266, 34.78076934814453, 33.8238410949707, 33.903343200683594, 32.64260482788086, 33.430267333984375, 34.31576919555664, 33.46673583984375, 33.7642707824707, 33.340755462646484, 33.04273223876953, 32.255897521972656, 33.32219314575195, 32.86262893676758, 33.427249908447266, 32.37376022338867, 32.365875244140625, 32.211910247802734, 33.63329315185547, 34.58365249633789, 32.04695129394531, 33.149173736572266, 31.52021026611328, 32.44399642944336, 32.20025634765625, 31.568187713623047, 32.53351974487305, 31.09475326538086, 32.49323654174805, 31.507709503173828, 31.341106414794922, 31.432329177856445, 32.091163635253906, 31.35557746887207, 31.737890243530273, 30.828418731689453, 31.068309783935547, 35.740264892578125, 31.015972137451172, 30.744535446166992, 30.068824768066406, 30.02450942993164, 30.044044494628906, 32.00666046142578, 29.542436599731445, 30.77399253845215, 29.079694747924805, 31.414958953857422, 31.228994369506836, 29.28815460205078, 31.658082962036133, 29.452022552490234, 30.93670082092285, 29.199356079101562, 28.855745315551758, 29.29789161682129, 32.16676330566406, 30.023164749145508, 29.856290817260742, 28.658536911010742, 28.343263626098633, 29.156930923461914, 28.2417049407959, 27.534378051757812, 29.443988800048828, 29.93888282775879, 28.819236755371094, 29.119110107421875, 28.2473201751709, 28.31875228881836, 30.018417358398438, 29.947528839111328, 28.72107696533203, 27.056941986083984, 27.36294937133789, 26.556800842285156, 26.871829986572266, 29.847740173339844, 29.23088836669922, 26.533893585205078, 26.90892791748047, 28.039033889770508, 28.067787170410156, 27.12743377685547, 25.94857406616211, 26.27747917175293, 26.29336166381836, 26.259868621826172, 27.222808837890625, 26.73445701599121, 28.192068099975586, 26.073802947998047, 25.806337356567383, 27.86040496826172, 27.920141220092773, 24.0689697265625, 25.867149353027344, 26.9130859375, 25.559934616088867, 26.096162796020508, 29.41864013671875, 24.733285903930664, 25.221704483032227, 25.679183959960938, 26.92500114440918, 24.611635208129883, 23.939205169677734, 24.9635009765625, 24.04014778137207, 24.918087005615234, 24.715801239013672, 25.41741180419922, 25.101659774780273, 25.83211326599121, 25.433950424194336, 24.700176239013672, 24.917051315307617, 25.631027221679688, 24.792972564697266, 28.7489013671875, 27.299116134643555, 25.45145606994629, 25.84541893005371, 23.870487213134766, 22.911325454711914, 23.39348793029785, 26.47345733642578, 26.104049682617188, 24.875261306762695, 23.338586807250977, 23.357938766479492, 23.985183715820312, 23.433279037475586, 23.243343353271484, 25.32686996459961, 24.341163635253906, 23.779096603393555, 24.536197662353516, 22.6038761138916, 22.741178512573242, 23.977222442626953, 23.379159927368164, 23.654916763305664, 23.553030014038086, 22.94354820251465, 23.75505256652832, 23.12163734436035, 24.40161895751953, 22.671749114990234, 22.021451950073242, 24.07615852355957, 24.116748809814453, 25.319021224975586, 23.796035766601562, 22.312192916870117, 24.363250732421875, 24.228517532348633, 23.759170532226562, 21.05992889404297, 26.565074920654297, 23.89203643798828, 22.60190200805664, 23.408767700195312, 24.63791847229004, 27.088817596435547, 21.645116806030273, 20.971586227416992, 22.551523208618164, 25.026077270507812, 23.204063415527344, 23.428009033203125, 23.38416290283203, 22.53780174255371, 21.469802856445312, 23.518335342407227, 21.416240692138672, 22.982892990112305, 23.2415714263916, 24.30426597595215, 23.39086151123047, 22.887470245361328, 21.965185165405273, 21.157676696777344, 22.62745475769043, 24.050111770629883, 33.845298767089844, 26.779539108276367, 30.270004272460938, 26.348176956176758, 25.905752182006836, 31.80265998840332, 28.114072799682617, 35.0850715637207, 27.62957000732422, 34.4349250793457, 26.30907440185547, 29.524578094482422, 30.743043899536133, 27.164106369018555, 28.418031692504883, 25.518939971923828, 27.757553100585938, 22.036006927490234, 27.513477325439453, 26.196752548217773, 27.94565773010254, 24.064075469970703, 23.22258758544922, 26.277400970458984, 25.551206588745117, 25.938079833984375, 25.236248016357422, 23.803096771240234, 24.164409637451172, 22.20389747619629, 26.879493713378906, 25.88461685180664, 24.44565200805664, 21.409019470214844, 26.96738624572754, 23.030963897705078, 26.32569122314453, 22.36871337890625, 24.290517807006836, 23.113426208496094, 21.99408531188965, 23.9998779296875, 21.92472267150879, 24.98125457763672, 22.551555633544922, 22.159313201904297, 24.105987548828125, 22.376588821411133, 22.922245025634766, 