{"aucroc": 0.9990679217423404, "aucpr": 0.9707857719358932, "dataset": "31_satimage-2", "method": "soft", "test_ratio": 0.012062033314187249, "train_ratio": 0.012062033314187249, "labeled_anomalies": 1.0, "loe_loss": [74.89457702636719, 69.39340209960938, 66.9813461303711, 67.19927978515625, 67.32807922363281, 67.76224517822266, 66.16034698486328, 64.34861755371094, 65.56219482421875, 65.85710144042969, 65.78960418701172, 63.82924270629883, 64.1839599609375, 63.92550277709961, 65.26726531982422, 64.0086441040039, 61.17966079711914, 66.0353012084961, 62.728126525878906, 61.94202423095703, 62.40205001831055, 61.48499298095703, 62.07515335083008, 61.501068115234375, 60.191017150878906, 60.633602142333984, 58.35357666015625, 59.82868576049805, 61.40794372558594, 59.593605041503906, 59.54287338256836, 59.55436706542969, 60.09491729736328, 60.44994354248047, 56.634483337402344, 59.249229431152344, 54.80649185180664, 55.0362663269043, 54.84229278564453, 56.349090576171875, 53.97370147705078, 53.9147834777832, 56.458106994628906, 54.91339111328125, 55.68157958984375, 55.407413482666016, 52.83977508544922, 54.823062896728516, 54.7230110168457, 53.73681640625, 55.13902282714844, 52.651031494140625, 55.75502395629883, 52.767154693603516, 51.91489028930664, 51.636260986328125, 51.975643157958984, 51.92289733886719, 53.25332260131836, 52.279083251953125, 50.01848602294922, 51.71731948852539, 51.05030059814453, 50.7313346862793, 48.58260726928711, 50.77570724487305, 48.954429626464844, 48.515708923339844, 48.81240463256836, 47.24189758300781, 48.0402946472168, 47.38633728027344, 46.43516159057617, 45.86140823364258, 46.42127990722656, 44.80907440185547, 44.71415328979492, 44.34886932373047, 45.68714904785156, 44.130859375, 44.3055534362793, 44.41809844970703, 45.01349639892578, 47.203590393066406, 42.63300323486328, 43.61753845214844, 45.38536834716797, 44.79233169555664, 42.70090866088867, 43.93706512451172, 42.797306060791016, 42.154136657714844, 42.19267654418945, 43.82868194580078, 41.96555709838867, 41.18840789794922, 43.030757904052734, 45.298683166503906, 43.327415466308594, 40.85751724243164, 40.70534133911133, 41.53471755981445, 41.848899841308594, 41.787193298339844, 42.452701568603516, 41.21483612060547, 42.15959167480469, 40.981143951416016, 41.09635925292969, 42.278560638427734, 41.293724060058594, 40.29231262207031, 40.82253646850586, 40.50475311279297, 40.1878662109375, 40.024864196777344, 40.32286071777344, 39.70571517944336, 39.388858795166016, 38.69116973876953, 39.3175048828125, 38.92741394042969, 40.59954833984375, 39.51626968383789, 38.92207717895508, 38.699462890625, 39.79517364501953, 38.31962585449219, 38.37108612060547, 37.9616813659668, 38.33619689941406, 37.435794830322266, 37.184532165527344, 38.7127685546875, 36.80364227294922, 37.08635711669922, 36.806644439697266, 37.34735107421875, 36.86693572998047, 37.38542556762695, 39.34716796875, 37.23102569580078, 36.574058532714844, 36.75177764892578, 35.94371795654297, 35.77708053588867, 35.986671447753906, 36.25218200683594, 35.6755485534668, 34.762874603271484, 36.38220977783203, 36.07403564453125, 35.069969177246094, 35.9092903137207, 34.842796325683594, 36.9841423034668, 34.915794372558594, 35.00517654418945, 34.66565704345703, 34.25444030761719, 33.916622161865234, 35.075279235839844, 33.9366569519043, 34.95924758911133, 32.912391662597656, 34.7698974609375, 33.25695037841797, 33.13104248046875, 33.850093841552734, 32.613258361816406, 33.004798889160156, 31.487180709838867, 32.589839935302734, 33.176090240478516, 32.34678649902344, 32.99437713623047, 32.33496856689453, 31.911331176757812, 31.112102508544922, 32.22277069091797, 31.807720184326172, 32.639339447021484, 31.107784271240234, 31.137065887451172, 31.39892578125, 32.245296478271484, 34.08707046508789, 30.888322830200195, 32.136566162109375, 30.715789794921875, 31.5062255859375, 31.040000915527344, 30.69782257080078, 31.61435317993164, 29.766794204711914, 31.894380569458008, 30.61564826965332, 30.12128448486328, 30.570932388305664, 30.757001876831055, 30.135900497436523, 30.73356819152832, 29.490619659423828, 29.407291412353516, 35.8852424621582, 29.75599479675293, 29.313106536865234, 28.632532119750977, 28.420499801635742, 29.164169311523438, 30.260459899902344, 28.510717391967773, 28.908817291259766, 26.759416580200195, 29.87848663330078, 28.57272720336914, 27.884733200073242, 29.431438446044922, 27.58541488647461, 29.546897888183594, 27.242515563964844, 27.230188369750977, 27.965965270996094, 31.221887588500977, 28.88275146484375, 28.431625366210938, 26.28044891357422, 26.449066162109375, 27.923797607421875, 26.708677291870117, 25.447288513183594, 28.331605911254883, 28.411296844482422, 27.71356964111328, 28.356266021728516, 26.4422550201416, 27.344873428344727, 27.789100646972656, 28.383949279785156, 27.474319458007812, 25.545555114746094, 25.60675621032715, 24.9751033782959, 25.005828857421875, 29.35585594177246, 28.190624237060547, 24.861940383911133, 25.208213806152344, 26.34294891357422, 26.816959381103516, 25.7607421875, 24.79617691040039, 24.75067138671875, 25.22783088684082, 25.156782150268555, 25.266817092895508, 25.295045852661133, 27.34477996826172, 24.774658203125, 24.277442932128906, 28.34950828552246, 27.58954620361328, 22.74976921081543, 25.036874771118164, 26.299896240234375, 24.422609329223633, 24.90702247619629, 29.140666961669922, 23.561241149902344, 24.45701789855957, 24.849241256713867, 26.198993682861328, 23.950910568237305, 22.72989845275879, 23.633045196533203, 22.80369758605957, 23.929853439331055, 23.819087982177734, 24.712968826293945, 24.10253143310547, 25.680599212646484, 23.556015014648438, 22.63983917236328, 22.757761001586914, 25.088481903076172, 23.07762336730957, 28.097604751586914, 25.360958099365234, 24.046192169189453, 23.812793731689453, 22.440332412719727, 21.489694595336914, 22.163806915283203, 25.23200798034668, 24.211671829223633, 23.863800048828125, 21.45136070251465, 21.965286254882812, 22.60914421081543, 22.021697998046875, 21.30373764038086, 23.516645431518555, 22.299285888671875, 22.205936431884766, 23.45802116394043, 20.756071090698242, 21.13136100769043, 22.5395450592041, 21.068683624267578, 22.19060516357422, 22.074403762817383, 21.6269588470459, 22.109060287475586, 21.492483139038086, 22.542774200439453, 21.408119201660156, 20.154441833496094, 22.255645751953125, 23.18539810180664, 25.06854248046875, 25.109222412109375, 22.32965850830078, 26.537683486938477, 23.967252731323242, 22.668121337890625, 20.767423629760742, 26.3696231842041, 24.475452423095703, 22.162139892578125, 22.781808853149414, 24.14841651916504, 27.579004287719727, 20.759380340576172, 19.56519889831543, 21.99688148498535, 24.817081451416016, 21.26937484741211, 21.655458450317383, 23.904254913330078, 21.805002212524414, 20.466175079345703, 22.3636531829834, 19.756975173950195, 22.369094848632812, 23.23590850830078, 24.841794967651367, 22.635751724243164, 21.347692489624023, 20.50929069519043, 19.305036544799805, 20.88597297668457, 21.4909610748291, 22.314355850219727, 21.23961067199707, 19.792858123779297, 21.306251525878906, 20.818267822265625, 24.302852630615234, 20.66421890258789, 33.25008010864258, 22.204864501953125, 27.156375885009766, 22.534440994262695, 19.79766082763672, 25.71609878540039, 23.621599197387695, 22.869354248046875, 20.132652282714844, 23.42113494873047, 17.977529525756836, 24.607006072998047, 22.36318588256836, 23.93401336669922, 19.439361572265625, 20.652360916137695, 24.590974807739258, 22.732891082763672, 22.45517921447754, 20.747446060180664, 20.841163635253906, 22.191932678222656, 20.14250946044922, 26.1124210357666, 24.19772720336914, 21.422908782958984, 18.518798828125, 25.101043701171875, 21.161104202270508, 24.832984924316406, 19.317604064941406, 21.28902244567871, 21.52582550048828, 19.748634338378906, 22.4453182220459, 20.405332565307617, 22.335447311401367, 21.063058853149414, 19.83259391784668, 21.95455551147461, 20.799070358276367, 22.215190887451172, 17.589508056640625, 