{"aucroc": 0.9988833517903286, "aucpr": 0.9637566137566139, "dataset": "31_satimage-2", "method": "refine", "test_ratio": 0.012062033314187249, "train_ratio": 0.012062033314187249, "labeled_anomalies": 1.0, "loe_loss": [75.14732360839844, 69.80213165283203, 67.51771545410156, 67.641845703125, 67.78062438964844, 67.99700927734375, 66.44412994384766, 64.6782455444336, 65.95036315917969, 66.3769302368164, 66.23211669921875, 64.12261199951172, 64.504150390625, 64.26160430908203, 65.77218627929688, 64.38031768798828, 61.427249908447266, 66.43094635009766, 63.00898361206055, 62.37586975097656, 62.63573455810547, 61.931884765625, 62.29222106933594, 61.83872985839844, 60.550018310546875, 60.863529205322266, 58.75093460083008, 60.193641662597656, 61.6853141784668, 59.86790466308594, 59.80706787109375, 59.80291748046875, 59.87775421142578, 61.20012283325195, 57.09767150878906, 59.32905578613281, 55.09373474121094, 57.307029724121094, 55.19755554199219, 56.23512649536133, 53.67652893066406, 55.146644592285156, 56.6718864440918, 55.49445343017578, 56.092567443847656, 54.497955322265625, 52.85709762573242, 55.58589553833008, 56.031166076660156, 54.26939392089844, 54.72381591796875, 52.489253997802734, 54.38794708251953, 52.46509552001953, 51.6624870300293, 51.51142120361328, 52.054569244384766, 52.082611083984375, 53.448524475097656, 52.223087310791016, 50.10247039794922, 52.06559371948242, 51.55459976196289, 50.85664367675781, 48.81996154785156, 50.41413116455078, 48.89495849609375, 48.75289535522461, 49.49325942993164, 47.32748794555664, 48.13029479980469, 47.20864486694336, 46.418148040771484, 46.585872650146484, 46.50971603393555, 45.21030044555664, 45.32566452026367, 44.814735412597656, 46.0494499206543, 44.82783126831055, 45.18104934692383, 44.88764953613281, 45.49034118652344, 47.540130615234375, 43.32767868041992, 43.83537292480469, 46.16110610961914, 45.58171463012695, 43.19312286376953, 44.688114166259766, 43.454139709472656, 42.76272964477539, 42.62603759765625, 44.46730041503906, 42.180015563964844, 41.59778594970703, 43.271087646484375, 45.676700592041016, 44.02940368652344, 41.10017395019531, 41.00015640258789, 41.70143508911133, 41.79509735107422, 42.34431838989258, 42.906185150146484, 41.703731536865234, 42.10591125488281, 41.4731559753418, 41.44540023803711, 42.19136047363281, 41.617210388183594, 40.24065017700195, 41.15721893310547, 40.83015441894531, 40.6575813293457, 40.8291015625, 40.51194763183594, 40.1419677734375, 39.61156463623047, 39.50739669799805, 40.000370025634766, 39.80665588378906, 40.81703186035156, 39.78122329711914, 39.434226989746094, 38.777488708496094, 40.05573272705078, 38.82479476928711, 38.299400329589844, 38.297943115234375, 38.53313446044922, 38.15369415283203, 37.690853118896484, 39.05546951293945, 37.41025161743164, 37.359474182128906, 36.94706726074219, 37.67507553100586, 36.7773551940918, 37.68522644042969, 39.86116027832031, 37.364688873291016, 36.71005630493164, 37.296878814697266, 36.37854766845703, 36.01763153076172, 36.57061004638672, 36.62946701049805, 36.15835189819336, 34.848575592041016, 36.6693000793457, 36.56869888305664, 35.41659164428711, 35.98393249511719, 35.39860916137695, 37.07366180419922, 35.622013092041016, 35.11795425415039, 34.95074462890625, 34.89291763305664, 34.71038055419922, 35.48363494873047, 35.075687408447266, 35.586181640625, 33.29212188720703, 35.47355270385742, 34.34990692138672, 33.60856246948242, 34.60462951660156, 33.667205810546875, 33.73503494262695, 32.35038757324219, 33.17274475097656, 34.28589630126953, 32.95148468017578, 33.810245513916016, 33.2427864074707, 32.806884765625, 31.980480194091797, 32.99028396606445, 32.93075942993164, 32.93986892700195, 32.061439514160156, 32.31295394897461, 32.053829193115234, 33.26472473144531, 34.935752868652344, 31.889652252197266, 33.060585021972656, 30.915090560913086, 31.92698097229004, 32.36862564086914, 31.755720138549805, 32.44435501098633, 30.61382484436035, 32.52566146850586, 31.264793395996094, 31.12953758239746, 31.351924896240234, 32.01375961303711, 31.195629119873047, 31.101713180541992, 30.303434371948242, 30.48268699645996, 36.742576599121094, 30.996599197387695, 29.547544479370117, 29.477195739746094, 30.000221252441406, 29.84881591796875, 31.5669002532959, 28.707305908203125, 29.845394134521484, 27.889869689941406, 30.127742767333984, 29.035724639892578, 28.513031005859375, 30.852638244628906, 28.816362380981445, 30.787450790405273, 28.367761611938477, 28.421342849731445, 29.553171157836914, 32.41498565673828, 29.584228515625, 29.558109283447266, 27.52739715576172, 27.83884048461914, 28.9979248046875, 28.370635986328125, 26.846269607543945, 29.827608108520508, 29.258087158203125, 29.134416580200195, 28.903886795043945, 27.378843307495117, 28.04266357421875, 28.955238342285156, 29.167797088623047, 28.28795051574707, 26.137435913085938, 25.955364227294922, 25.80720329284668, 26.07465171813965, 30.04779624938965, 28.423320770263672, 25.9310302734375, 26.628095626831055, 27.553321838378906, 27.820980072021484, 26.322080612182617, 25.494579315185547, 25.748414993286133, 25.764806747436523, 25.722606658935547, 26.789936065673828, 26.89052391052246, 28.054197311401367, 25.48809814453125, 25.628000259399414, 28.571195602416992, 27.942930221557617, 23.27611541748047, 25.314353942871094, 26.134197235107422, 24.77008056640625, 25.042760848999023, 29.765336990356445, 24.53338623046875, 24.71906280517578, 26.17906379699707, 27.205888748168945, 24.514324188232422, 22.987632751464844, 24.95903205871582, 23.69500160217285, 25.064701080322266, 24.426311492919922, 25.806541442871094, 25.336151123046875, 26.0915470123291, 25.353130340576172, 24.103126525878906, 24.469499588012695, 25.643293380737305, 24.050251007080078, 29.932140350341797, 26.131834030151367, 25.42342758178711, 25.544099807739258, 23.645416259765625, 21.972322463989258, 22.92862892150879, 25.686986923217773, 25.424949645996094, 23.95590591430664, 23.079784393310547, 22.36083984375, 23.16571617126465, 23.219627380371094, 22.794597625732422, 24.64268684387207, 23.781349182128906, 22.398754119873047, 23.833900451660156, 22.123191833496094, 22.050926208496094, 22.938751220703125, 21.6586856842041, 22.573984146118164, 22.86138153076172, 21.996337890625, 23.608444213867188, 23.445289611816406, 23.843612670898438, 21.749168395996094, 21.142133712768555, 23.769180297851562, 23.002487182617188, 26.160240173339844, 23.980857849121094, 21.18427848815918, 26.535430908203125, 23.2161808013916, 23.964599609375, 19.729846954345703, 26.75385284423828, 23.19322395324707, 22.77770233154297, 22.91592788696289, 25.17898941040039, 28.043601989746094, 21.993186950683594, 20.490339279174805, 22.79863739013672, 25.227262496948242, 23.58039665222168, 23.070043563842773, 24.228160858154297, 22.655712127685547, 20.778392791748047, 22.613149642944336, 20.165878295898438, 22.450023651123047, 22.17856216430664, 25.49847984313965, 22.09984016418457, 21.6916446685791, 21.30824851989746, 20.669376373291016, 21.84107208251953, 21.866191864013672, 22.43446922302246, 21.576993942260742, 19.513404846191406, 21.6412353515625, 21.048158645629883, 24.620506286621094, 20.8338680267334, 31.269943237304688, 21.872400283813477, 27.825334548950195, 21.14936637878418, 19.380939483642578, 24.870925903320312, 24.087383270263672, 22.26861572265625, 19.839548110961914, 21.812458038330078, 17.693119049072266, 24.914628982543945, 21.825143814086914, 24.844518661499023, 18.94607162475586, 20.021364212036133, 24.1063232421875, 23.184661865234375, 21.572917938232422, 20.676015853881836, 20.461681365966797, 20.840694427490234, 19.353158950805664, 26.132686614990234, 23.348865509033203, 21.285133361816406, 19.596099853515625, 23.898160934448242, 21.356027603149414, 25.614643096923828, 19.348569869995117, 22.706113815307617, 21.40243911743164, 20.305736541748047, 21.860355377197266, 19.802610397338867, 22.1665096282959, 20.027814865112305, 21.262510299682617, 21.18981170654297, 22.79416847229004, 21.306276321411133, 