{"aucroc": 0.9978220745662606, "aucpr": 0.9387555167212444, "dataset": "31_satimage-2", "method": "hard", "test_ratio": 0.012062033314187249, "train_ratio": 0.012062033314187249, "labeled_anomalies": 1.0, "loe_loss": [75.84945678710938, 69.60298919677734, 67.75617218017578, 65.93793487548828, 66.89196014404297, 66.24290466308594, 63.75575637817383, 64.09213256835938, 66.05016326904297, 65.14644622802734, 64.410400390625, 63.97789764404297, 62.64463806152344, 62.39663314819336, 64.14066314697266, 64.19452667236328, 61.980918884277344, 64.086669921875, 62.810123443603516, 59.222023010253906, 61.877357482910156, 61.05321502685547, 61.25328826904297, 59.693946838378906, 59.86845016479492, 59.01213455200195, 59.74370574951172, 58.144622802734375, 57.090511322021484, 58.07415771484375, 58.38533020019531, 57.07624816894531, 58.53804016113281, 56.15627670288086, 57.67822265625, 58.56557083129883, 59.45853042602539, 57.11371994018555, 57.60466384887695, 56.755584716796875, 56.05830764770508, 57.52458190917969, 55.17359924316406, 55.39734649658203, 53.94222640991211, 53.75459289550781, 55.0967903137207, 55.09886932373047, 54.81913757324219, 53.56745529174805, 54.23258972167969, 54.05458450317383, 52.50473403930664, 52.7947883605957, 51.490901947021484, 51.32243728637695, 52.958431243896484, 52.58052062988281, 50.1792106628418, 52.79068374633789, 51.34291458129883, 51.99627685546875, 52.205936431884766, 48.905029296875, 51.18275833129883, 53.02904510498047, 50.94111633300781, 48.155357360839844, 49.423423767089844, 48.06364440917969, 50.8077392578125, 51.907657623291016, 49.2169303894043, 48.59527587890625, 51.98930358886719, 49.4392204284668, 49.59336853027344, 46.13166427612305, 47.323429107666016, 48.60617446899414, 47.22868347167969, 46.88577651977539, 46.47890090942383, 47.23363494873047, 47.098628997802734, 45.28204345703125, 45.56184005737305, 45.77412414550781, 44.31167221069336, 44.58474349975586, 43.89883804321289, 44.26866149902344, 43.955528259277344, 43.600502014160156, 42.380218505859375, 42.91039276123047, 41.852962493896484, 41.66996383666992, 44.8982048034668, 41.01122283935547, 40.760372161865234, 40.535003662109375, 41.35830307006836, 40.44249725341797, 40.92085647583008, 41.454261779785156, 40.5211181640625, 40.806724548339844, 41.572879791259766, 41.14762878417969, 38.90810775756836, 39.448326110839844, 39.28377151489258, 40.138633728027344, 39.51978302001953, 39.64353561401367, 39.16081619262695, 39.8133544921875, 38.64248275756836, 39.179161071777344, 38.17082214355469, 37.507850646972656, 38.727447509765625, 38.087154388427734, 37.8681526184082, 38.59534454345703, 38.05128860473633, 36.50306701660156, 36.647003173828125, 36.43815231323242, 37.257102966308594, 36.787017822265625, 37.17481231689453, 36.005104064941406, 38.34755325317383, 36.649932861328125, 36.40376663208008, 36.80206298828125, 36.96708297729492, 36.72270202636719, 37.56410598754883, 34.01852798461914, 36.14271545410156, 37.650665283203125, 36.16200256347656, 35.15867233276367, 34.88975143432617, 36.564571380615234, 35.18465042114258, 34.5113639831543, 35.04632568359375, 34.12263488769531, 34.899173736572266, 34.97785186767578, 33.8195686340332, 31.469484329223633, 34.81010055541992, 33.619754791259766, 32.301239013671875, 33.512489318847656, 33.72189712524414, 33.7742919921875, 33.188018798828125, 32.645381927490234, 33.450801849365234, 32.47594451904297, 32.60495376586914, 33.26063537597656, 32.061439514160156, 30.856277465820312, 32.703285217285156, 31.68474578857422, 30.919225692749023, 31.8994140625, 32.1011848449707, 28.80968475341797, 32.25849151611328, 31.332042694091797, 31.430091857910156, 31.504337310791016, 30.67470359802246, 29.831161499023438, 30.062211990356445, 31.67655372619629, 28.816776275634766, 28.550912857055664, 29.270782470703125, 26.89064598083496, 30.192302703857422, 34.6104850769043, 29.79522705078125, 29.500560760498047, 28.60068130493164, 29.879589080810547, 30.403718948364258, 31.533344268798828, 28.36833381652832, 29.723600387573242, 29.675989151000977, 28.030593872070312, 28.762187957763672, 27.832176208496094, 27.641088485717773, 29.886154174804688, 29.302778244018555, 29.222116470336914, 27.41277313232422, 28.891403198242188, 29.108318328857422, 25.517187118530273, 24.326555252075195, 28.62006950378418, 27.48534393310547, 25.922805786132812, 27.92827796936035, 27.608144760131836, 32.22496795654297, 26.452632904052734, 27.784303665161133, 28.460960388183594, 28.73516082763672, 27.741443634033203, 25.482362747192383, 26.223299026489258, 27.03875732421875, 26.02850914001465, 25.873023986816406, 24.41139793395996, 23.494680404663086, 23.49998664855957, 19.76117515563965, 24.66801643371582, 26.514129638671875, 25.706043243408203, 24.04192543029785, 31.550569534301758, 22.6890811920166, 24.305953979492188, 25.668701171875, 23.232141494750977, 25.111648559570312, 24.229211807250977, 24.089035034179688, 25.3193359375, 24.323299407958984, 23.594261169433594, 22.397113800048828, 17.190898895263672, 24.78828239440918, 18.629146575927734, 24.541213989257812, 22.390169143676758, 26.144859313964844, 24.801738739013672, 23.523221969604492, 23.65106964111328, 23.829551696777344, 22.5560359954834, 21.23002052307129, 27.919933319091797, 23.503162384033203, 22.3535213470459, 21.76800537109375, 20.980865478515625, 22.29772186279297, 18.311843872070312, 19.35171127319336, 24.23436164855957, 26.05868148803711, 18.618026733398438, 17.864465713500977, 26.477216720581055, 23.441083908081055, 23.397153854370117, 20.651472091674805, 19.436649322509766, 17.90106201171875, 19.86463165283203, 27.12230682373047, 18.614913940429688, 15.428954124450684, 17.049577713012695, 19.00678825378418, 25.646282196044922, 17.100261688232422, 31.424144744873047, 19.75905418395996, 22.250690460205078, 22.61457061767578, 24.281763076782227, 25.365314483642578, 21.854270935058594, 27.10070037841797, 25.50419044494629, 25.536357879638672, 28.00865364074707, 25.57383918762207, 23.120464324951172, 22.38998794555664, 23.06957244873047, 26.24374771118164, 19.16082000732422, 24.145286560058594, 25.176410675048828, 22.892404556274414, 24.443056106567383, 25.99251937866211, 16.03874397277832, 22.86506462097168, 25.016014099121094, 17.37005043029785, 20.486631393432617, 23.32000732421875, 20.571565628051758, 18.693462371826172, 22.94384002685547, 20.640705108642578, 21.234277725219727, 25.58195686340332, 23.028310775756836, 15.586082458496094, 24.127641677856445, 16.95656394958496, 19.66595458984375, 20.69521141052246, 21.54595184326172, 24.249162673950195, 18.017059326171875, 24.736507415771484, 26.470558166503906, 22.824161529541016, 17.583494186401367, 20.56592559814453, 23.94099998474121, 18.39315414428711, 16.543128967285156, 19.599163055419922, 30.248645782470703, 20.22452735900879, 23.56781578063965, 26.20684814453125, 18.405134201049805, 16.61001205444336, 28.23755645751953, 17.904407501220703, 16.415903091430664, 20.36664390563965, 21.200624465942383, 26.373292922973633, 15.428776741027832, 21.51715850830078, 20.646343231201172, 21.30517578125, 11.341093063354492, 19.768821716308594, 13.411462783813477, 24.634593963623047, 17.039588928222656, 15.088441848754883, 10.742959976196289, 19.150657653808594, 22.722949981689453, 27.422998428344727, 23.333499908447266, 18.82693862915039, 25.914581298828125, 22.602811813354492, 22.09958267211914, 27.58302879333496, 21.926353454589844, 25.821474075317383, 14.261526107788086, 16.432506561279297, 23.668190002441406, 20.96417236328125, 24.781143188476562, 21.78586769104004, 24.60858917236328, 24.577293395996094, 18.656620025634766, 19.004230499267578, 11.55968952178955, 20.354806900024414, 20.83549690246582, 15.494482040405273, 15.507211685180664, 22.470073699951172, 24.483436584472656, 14.252985954284668, 13.844356536865234, 23.728357315063477, 22.273454666137695, 22.396249771118164, 22.982120513916016, 18.258041381835938, 10.804903030395508, 16.944448471069336, 11.409454345703125, 12.339153289794922, 16.00869369506836, 16.312789916992188, 