{"aucroc": 0.9515042451088962, "aucpr": 0.3395705080827623, "dataset": "31_satimage-2", "method": "blind", "test_ratio": 0.012062033314187249, "train_ratio": 0.012062033314187249, "labeled_anomalies": 1.0, "loe_loss": [77.16781616210938, 72.97201538085938, 70.82537841796875, 70.44959259033203, 71.09539031982422, 69.86300659179688, 68.54461669921875, 67.3025894165039, 68.49703979492188, 70.33438873291016, 68.86338806152344, 66.22038269042969, 66.95026397705078, 66.86387634277344, 69.64230346679688, 67.22794342041016, 63.253822326660156, 69.33019256591797, 64.94189453125, 65.8158950805664, 64.49518585205078, 65.09552001953125, 64.0541763305664, 64.38462829589844, 63.422637939453125, 62.76118469238281, 61.1788444519043, 62.48713684082031, 63.65115737915039, 62.1600456237793, 62.53473663330078, 62.03163528442383, 62.78291320800781, 65.55343627929688, 60.64693069458008, 62.92255401611328, 59.282386779785156, 59.95804977416992, 58.995967864990234, 59.93500518798828, 57.987449645996094, 62.20895004272461, 61.55685043334961, 60.034751892089844, 61.240135192871094, 59.141021728515625, 57.57242965698242, 60.925636291503906, 60.72954559326172, 59.4633674621582, 58.46923065185547, 56.1402587890625, 57.40298080444336, 54.30796813964844, 54.3132438659668, 54.8339729309082, 53.97926330566406, 55.188724517822266, 54.44036102294922, 54.18084716796875, 51.449623107910156, 54.418270111083984, 52.916175842285156, 51.09238815307617, 50.420310974121094, 52.1284065246582, 50.58327102661133, 50.42604064941406, 51.822540283203125, 49.21123123168945, 50.826168060302734, 49.13457107543945, 48.9694709777832, 47.83711242675781, 49.2786865234375, 47.16741943359375, 46.33369064331055, 46.824684143066406, 47.51083755493164, 45.757198333740234, 48.361934661865234, 47.4442024230957, 48.295013427734375, 50.254520416259766, 46.18818664550781, 45.37295913696289, 48.761802673339844, 48.79167938232422, 45.755287170410156, 47.73237609863281, 46.08966827392578, 44.12180709838867, 46.061744689941406, 47.48592758178711, 44.30487823486328, 44.07017135620117, 45.54279708862305, 48.50224304199219, 47.03189468383789, 42.439453125, 43.92079162597656, 42.958351135253906, 43.40398406982422, 44.815887451171875, 45.68579864501953, 44.45847702026367, 43.79801559448242, 44.12626266479492, 44.64512634277344, 45.40974807739258, 43.74318313598633, 41.58856201171875, 43.288726806640625, 42.86823272705078, 43.2386474609375, 43.67377853393555, 42.59124755859375, 42.46260452270508, 42.49180221557617, 43.833168029785156, 42.96786880493164, 43.70217514038086, 44.11940002441406, 42.64990997314453, 43.13718032836914, 40.8748893737793, 43.13261795043945, 41.37177658081055, 40.254127502441406, 41.23038101196289, 40.51729202270508, 40.79186248779297, 41.301658630371094, 42.1429557800293, 39.69182205200195, 39.910465240478516, 38.9163703918457, 40.156578063964844, 39.0468864440918, 39.5421028137207, 42.880516052246094, 40.546783447265625, 39.066078186035156, 40.38263702392578, 39.281227111816406, 38.93859100341797, 39.072898864746094, 39.605628967285156, 39.195247650146484, 37.46392059326172, 39.528160095214844, 39.8409309387207, 38.66407775878906, 38.47273254394531, 39.16352844238281, 40.31585693359375, 39.40642547607422, 38.19004821777344, 37.68617248535156, 37.300628662109375, 37.906917572021484, 38.48734664916992, 38.742088317871094, 38.80429458618164, 35.75407028198242, 38.339141845703125, 37.61461639404297, 36.319732666015625, 37.55715560913086, 37.16630935668945, 37.16432189941406, 35.67692947387695, 36.1957893371582, 37.95614242553711, 35.738868713378906, 36.56131362915039, 36.122947692871094, 35.111270904541016, 34.90341567993164, 36.72312545776367, 35.941802978515625, 37.0489501953125, 34.88190460205078, 36.295772552490234, 34.788570404052734, 36.045677185058594, 37.8968505859375, 35.77127456665039, 36.31721878051758, 33.857303619384766, 34.53316116333008, 35.15372848510742, 34.80329132080078, 36.057769775390625, 33.19101333618164, 36.87493896484375, 33.84209060668945, 34.018096923828125, 34.682090759277344, 35.14101791381836, 35.2828254699707, 33.70050811767578, 33.28968811035156, 34.75391387939453, 38.737857818603516, 34.904685974121094, 32.84501266479492, 33.84207534790039, 34.061737060546875, 33.323692321777344, 35.123191833496094, 31.81883430480957, 32.36775588989258, 31.908315658569336, 32.88047409057617, 32.20328140258789, 32.13053894042969, 34.50325012207031, 32.61656188964844, 35.08829879760742, 32.58568572998047, 32.87831115722656, 32.86213302612305, 35.42069625854492, 33.45693588256836, 32.93629837036133, 32.022056579589844, 31.795564651489258, 32.87103271484375, 32.38650894165039, 30.354633331298828, 32.966102600097656, 32.379093170166016, 33.49651336669922, 32.54435729980469, 30.782257080078125, 32.06098175048828, 32.21675491333008, 31.689868927001953, 31.500844955444336, 29.009044647216797, 29.558481216430664, 28.727436065673828, 30.817163467407227, 32.61088180541992, 31.446441650390625, 30.98920249938965, 30.448030471801758, 30.306072235107422, 32.158050537109375, 29.65604019165039, 28.468807220458984, 29.504701614379883, 28.518251419067383, 28.870471954345703, 32.73326110839844, 30.198949813842773, 33.24760055541992, 28.40972328186035, 31.269262313842773, 32.380313873291016, 31.632917404174805, 27.459714889526367, 29.850494384765625, 30.654226303100586, 28.799785614013672, 29.610759735107422, 32.84468460083008, 29.819259643554688, 28.52352523803711, 31.514429092407227, 31.548105239868164, 28.097185134887695, 26.2105655670166, 28.936927795410156, 27.137548446655273, 29.442337036132812, 28.69917869567871, 30.4028377532959, 28.932641983032227, 30.05830955505371, 29.63285255432129, 29.99755859375, 28.860919952392578, 28.957372665405273, 27.75168800354004, 33.69123458862305, 30.303028106689453, 29.018768310546875, 30.969253540039062, 27.729307174682617, 25.64268684387207, 26.12032699584961, 29.76097297668457, 28.607622146606445, 26.781352996826172, 27.895484924316406, 26.224369049072266, 26.364158630371094, 29.171154022216797, 28.675003051757812, 27.992321014404297, 29.503402709960938, 25.681381225585938, 27.924976348876953, 27.628400802612305, 26.100000381469727, 27.834890365600586, 26.129579544067383, 27.052709579467773, 26.1943416595459, 26.262826919555664, 29.11665153503418, 28.41240119934082, 27.670490264892578, 26.59440803527832, 24.81601333618164, 29.519968032836914, 26.740249633789062, 28.450538635253906, 29.370468139648438, 25.370115280151367, 28.162076950073242, 27.203842163085938, 26.448089599609375, 22.97788429260254, 29.73736572265625, 26.745697021484375, 24.685794830322266, 25.7348690032959, 28.26324462890625, 29.504825592041016, 26.379066467285156, 24.352502822875977, 25.089994430541992, 27.62849998474121, 28.227508544921875, 27.28113555908203, 27.496023178100586, 29.755859375, 24.187137603759766, 25.292097091674805, 24.001266479492188, 26.197494506835938, 26.386905670166016, 28.558094024658203, 25.858850479125977, 25.206790924072266, 24.850439071655273, 25.117904663085938, 25.857370376586914, 25.033000946044922, 24.488384246826172, 24.873918533325195, 23.141132354736328, 24.741544723510742, 24.690462112426758, 27.312068939208984, 24.404020309448242, 28.251108169555664, 24.305805206298828, 27.333751678466797, 25.233383178710938, 22.50969696044922, 29.06212615966797, 26.84471893310547, 25.003480911254883, 22.92119598388672, 25.522920608520508, 20.67035675048828, 26.914260864257812, 23.85869026184082, 29.774171829223633, 22.348037719726562, 23.593547821044922, 26.853130340576172, 27.185449600219727, 25.741567611694336, 24.31863021850586, 23.41429328918457, 24.377605438232422, 21.85674285888672, 27.232017517089844, 25.649667739868164, 25.185392379760742, 24.78097152709961, 27.086868286132812, 24.996017456054688, 30.787185668945312, 22.491416931152344, 27.282976150512695, 24.747634887695312, 24.674663543701172, 24.632158279418945, 23.718055725097656, 25.618776321411133, 23.245468139648438, 25.621929168701172, 25.25670051574707, 26.354368209838867, 25.00113296508789, 23.66794204711914,