{"aucroc": 0.9737082199669249, "aucpr": 0.8768508939283391, "dataset": "32_shuttle", "method": "refine", "test_ratio": 0.07366666666666667, "train_ratio": 0.07366666666666667, "labeled_anomalies": 1.0, "loe_loss": [13.591043472290039, 12.416851043701172, 12.677309036254883, 11.957655906677246, 11.985213279724121, 11.906572341918945, 11.579900741577148, 11.396651268005371, 10.830142974853516, 11.757987022399902, 11.395158767700195, 10.57726001739502, 10.72846794128418, 10.243438720703125, 10.271649360656738, 10.163209915161133, 10.04893684387207, 9.532526969909668, 10.107487678527832, 10.379179954528809, 10.228195190429688, 9.493280410766602, 10.060867309570312, 9.664962768554688, 10.269506454467773, 9.899221420288086, 9.120246887207031, 9.097565650939941, 9.037835121154785, 9.36378002166748, 9.291980743408203, 8.582775115966797, 9.064678192138672, 9.26647663116455, 8.890220642089844, 9.48338508605957, 10.343578338623047, 9.36043930053711, 9.305273056030273, 8.268987655639648, 9.055875778198242, 8.761588096618652, 8.5686616897583, 9.381243705749512, 8.487032890319824, 8.051358222961426, 8.53377628326416, 9.9218111038208, 9.062782287597656, 8.445050239562988, 8.358470916748047, 8.495109558105469, 8.321528434753418, 9.259060859680176, 9.153782844543457, 8.235958099365234, 8.07970905303955, 7.823582649230957, 9.5504150390625, 8.009790420532227, 8.14328384399414, 8.346186637878418, 7.7769293785095215, 8.001838684082031, 8.184328079223633, 8.241817474365234, 7.608198165893555, 7.8288373947143555, 8.498383522033691, 7.646661758422852, 7.788507461547852, 7.842831611633301, 7.957446098327637, 7.912810325622559, 7.058624744415283, 7.141996383666992, 7.309700965881348, 7.543975830078125, 6.9739155769348145, 7.883859634399414, 6.952168941497803, 7.859710216522217, 7.62214469909668, 7.331490516662598, 7.335344314575195, 7.0590057373046875, 7.66593074798584, 7.10882568359375, 7.64674711227417, 7.669686794281006, 8.453112602233887, 7.620842456817627, 7.342567443847656, 7.839605808258057, 7.8704118728637695, 7.150352478027344, 7.7220354080200195, 8.083622932434082, 6.947988986968994, 6.955523490905762, 8.01244831085205, 7.881094455718994, 6.3870344161987305, 8.297924995422363, 7.5252275466918945, 7.187400817871094, 8.039254188537598, 7.051514625549316, 6.887644290924072, 6.619394302368164, 6.330572605133057, 7.643613338470459, 6.218819618225098, 6.709507465362549, 6.922456741333008, 6.647706508636475, 6.562529563903809, 7.306818962097168, 7.323497772216797, 6.549908638000488, 7.904989242553711, 6.413130283355713, 6.427708625793457, 6.321571350097656, 6.227118968963623, 6.128037929534912, 6.092992305755615, 5.79299259185791, 5.903106689453125, 7.3981122970581055, 6.652700424194336, 6.14347505569458, 6.111583709716797, 5.834203720092773, 6.274128437042236, 6.035340309143066, 5.5747480392456055, 6.829174995422363, 6.335884094238281, 5.752633094787598, 5.739315032958984, 5.507228374481201, 5.869441986083984, 7.892175197601318, 5.787929534912109, 5.763206481933594, 5.537568092346191, 5.221870422363281, 5.028034687042236, 5.022490501403809, 5.8715105056762695, 5.3106913566589355, 6.759140968322754, 5.172039031982422, 5.109147548675537, 5.245830059051514, 4.600517272949219, 4.745330333709717, 5.480118751525879, 7.234086513519287, 5.3955183029174805, 5.366006374359131, 4.8159966468811035, 5.406430244445801, 6.510608673095703, 7.051968574523926, 4.8462347984313965, 6.234397888183594, 4.401614189147949, 6.624658584594727, 8.346314430236816, 4.763785362243652, 5.221941947937012, 5.555727958679199, 4.712841033935547, 7.870157241821289, 7.334626197814941, 5.098817825317383, 4.811980724334717, 4.4220404624938965, 5.781290531158447, 5.461947917938232, 5.432236671447754, 4.698882579803467, 4.787882328033447, 4.766035079956055, 3.88177490234375, 6.851789474487305, 4.289798736572266, 7.55724573135376, 4.048497200012207, 5.1882734298706055, 4.081113815307617, 4.643917083740234, 8.24341106414795, 4.564923286437988, 6.124456882476807, 3.471116781234741, 6.28309965133667, 4.0171799659729, 5.389296531677246, 4.018120765686035, 4.1119065284729, 4.210545539855957, 4.00700569152832, 6.038601875305176, 5.4833083152771, 4.155067443847656, 7.114657878875732, 4.416981220245361, 4.011952877044678, 5.185525894165039, 5.848916530609131, 5.656657695770264, 4.806943893432617, 4.415741920471191, 5.039135932922363, 3.6117606163024902, 4.414238452911377, 4.2784423828125, 7.219938278198242, 6.330400466918945, 3.6635515689849854, 4.614198684692383, 8.205183982849121, 4.88131046295166, 7.132923603057861, 4.651597499847412, 4.65283203125, 3.977116107940674, 4.5818915367126465, 3.50008225440979, 4.318518161773682, 6.67069673538208, 4.0792036056518555, 4.8010711669921875, 3.714895725250244, 3.610884666442871, 3.1368343830108643, 3.9198405742645264, 3.3581290245056152, 9.293962478637695, 5.758077144622803, 5.619493007659912, 8.635865211486816, 3.789144515991211, 3.3960418701171875, 2.9940991401672363, 7.774315357208252, 3.698132038116455, 4.017256736755371, 4.3835368156433105, 3.6559834480285645, 3.946287155151367, 3.667004108428955, 4.887159824371338, 3.0014264583587646, 3.323422908782959, 3.9891281127929688, 4.210124492645264, 3.7963428497314453, 3.2454745769500732, 4.021838665008545, 4.633005142211914, 3.6407084465026855, 4.938281536102295, 3.54970645904541, 4.468832015991211, 8.18856430053711, 4.171185493469238, 4.559399604797363, 4.173057556152344, 3.4232017993927, 4.62177848815918, 4.86558723449707, 5.435457706451416, 4.5352606773376465, 4.396225929260254, 3.2630105018615723, 2.8359172344207764, 4.037388324737549, 4.46027946472168, 6.853579998016357, 5.538247108459473, 4.491958141326904, 3.6979522705078125, 5.976931571960449, 6.437222957611084, 9.854374885559082, 2.454040050506592, 2.8066208362579346, 4.670253753662109, 3.34098482131958, 3.365532159805298, 3.6971476078033447, 3.4740731716156006, 3.586561918258667, 3.166033983230591, 4.47012996673584, 2.776125431060791, 2.6087379455566406, 2.388302803039551, 2.611581563949585, 3.1410868167877197, 3.3300318717956543, 2.7724361419677734, 2.541201591491699, 2.628852605819702, 5.220987319946289, 2.6480002403259277, 2.3775973320007324, 2.294891357421875, 1.9221810102462769, 2.8609774112701416, 3.5187578201293945, 2.057694673538208, 1.9872161149978638, 6.164400577545166, 3.80104923248291, 2.326218366622925, 1.709686040878296, 2.3761672973632812, 2.3804757595062256, 6.8548502922058105, 5.887989521026611, 4.780806541442871, 3.827371120452881, 2.48675799369812, 1.8587111234664917, 2.772477865219116, 6.439357757568359, 2.181579828262329, 3.8104796409606934, 2.9276013374328613, 1.8195748329162598, 4.65008020401001, 1.725472331047058, 2.92513370513916, 2.058570384979248, 1.7791273593902588, 2.7229983806610107, 2.1709487438201904, 3.732731342315674, 1.718424916267395, 2.356365442276001, 3.131349563598633, 1.5782899856567383, 2.056556224822998, 1.4847522974014282, 1.1094293594360352, 2.253052234649658, 2.3699734210968018, 4.8236775398254395, 1.30656898021698, 1.0361605882644653, 0.8403906226158142, 1.3255813121795654, 2.437828302383423, 0.9507625102996826, 0.808896541595459, 1.9055140018463135, 1.46419095993042, 1.410422682762146, 4.262986660003662, 1.0062472820281982, 1.3531142473220825, 1.5316828489303589, 2.088700294494629, 1.6826049089431763, 0.4777594804763794, 0.8500241041183472, 1.098056674003601, 1.678985357284546, 1.9459787607192993, 1.0528937578201294, 2.841996192932129, 3.4578449726104736, 1.7730116844177246, 1.0168578624725342, 3.7216267585754395, 2.0007388591766357, 0.6310913562774658, 0.2221943736076355, 0.567666232585907, 6.49474573135376, 0.2976128160953522, 0.8283594846725464, 1.6175991296768188, 2.4879026412963867, 0.4362219572067261, 0.19474510848522186, 2.996100902557373, 0.4356718957424164, 0.1433580070734024, 0.3444072902202606, 0.3833359479904175, 0.3506210744380951, 0.6786110401153564, 0.48935410380363464, 3.1870012283325195, 0.7929185628890991, -0.16796699166297913], "n_epochs": 401}