{"aucroc": 0.9738683305137594, "aucpr": 0.7743656603513317, "dataset": "32_shuttle", "method": "soft", "test_ratio": 0.07366666666666667, "train_ratio": 0.07366666666666667, "labeled_anomalies": 1.0, "loe_loss": [13.310401916503906, 12.828598022460938, 12.191934585571289, 11.482728958129883, 11.36035442352295, 10.392102241516113, 11.023995399475098, 10.890533447265625, 9.724183082580566, 10.474997520446777, 9.659333229064941, 6.168788433074951, 9.620976448059082, 9.681960105895996, 9.532600402832031, 10.131376266479492, 8.936190605163574, 9.100042343139648, 9.306182861328125, 9.260329246520996, 8.745340347290039, 9.557258605957031, 9.285737991333008, 8.762470245361328, 9.033785820007324, 9.60006332397461, 8.646812438964844, 8.818999290466309, 8.556347846984863, 8.790371894836426, 8.944278717041016, 8.5639066696167, 9.134675979614258, 8.45213794708252, 8.314435958862305, 8.581635475158691, 8.357765197753906, 8.056867599487305, 8.513072967529297, 8.593181610107422, 8.416563987731934, 8.413269996643066, 8.529727935791016, 8.279336929321289, 8.422653198242188, 8.324395179748535, 8.793584823608398, 8.564684867858887, 8.622251510620117, 8.155783653259277, 8.460647583007812, 8.065799713134766, 8.035202980041504, 8.442554473876953, 8.125925064086914, 8.043212890625, 8.6329927444458, 8.421738624572754, 7.982526779174805, 8.118623733520508, 8.15878963470459, 8.483290672302246, 8.85999870300293, 4.340224266052246, 8.076955795288086, 8.089530944824219, 8.037460327148438, 8.215514183044434, 7.946418762207031, 8.418811798095703, 8.01409912109375, 8.0569429397583, 7.939150333404541, 7.869838714599609, 8.714728355407715, 8.017674446105957, 7.884915351867676, 5.811309814453125, 7.9760637283325195, 8.588393211364746, 8.27465534210205, 8.378951072692871, 8.61644172668457, 7.658560752868652, 7.8616557121276855, 7.8024516105651855, 9.230141639709473, 6.994351387023926, 8.048199653625488, 8.11828899383545, 7.882478713989258, 8.305546760559082, 7.914873123168945, 7.820195198059082, 8.364343643188477, 8.141755104064941, 8.198339462280273, 7.710896968841553, 8.431775093078613, 7.558046340942383, 8.043543815612793, 8.591507911682129, 8.471156120300293, 4.852486610412598, 7.758426189422607, 7.865945816040039, 8.274078369140625, 7.720120429992676, 8.26078987121582, 8.524170875549316, 8.181135177612305, 8.287012100219727, 8.09057331085205, 7.77886438369751, 8.353920936584473, 7.535006999969482, 8.015192985534668, 8.38656997680664, 7.860832691192627, 8.08015251159668, 8.344371795654297, 8.110695838928223, 8.287101745605469, 7.905513286590576, 8.084846496582031, 1.3508285284042358, 7.886019229888916, 1.6942775249481201, 8.109310150146484, 8.10102653503418, 8.276097297668457, 8.336780548095703, 7.918787956237793, 8.533329963684082, 8.411581039428711, 8.393278121948242, 8.216626167297363, 8.255167007446289, 8.235904693603516, 8.093687057495117, 8.542059898376465, 7.958684921264648, 7.1038360595703125, 8.555532455444336, 8.439220428466797, 8.421612739562988, 8.450490951538086, 8.546502113342285, 4.479956150054932, 8.005691528320312, 8.057811737060547, 8.103642463684082, 7.4668378829956055, 7.781333923339844, 8.388986587524414, 8.276159286499023, 8.067596435546875, 8.6393461227417, 8.02372932434082, 8.396963119506836, 8.051207542419434, 8.183134078979492, 8.396407127380371, 8.356367111206055, 8.470202445983887, 8.466026306152344, 8.030794143676758, 4.575710773468018, 8.419830322265625, 8.134988784790039, 8.235014915466309, 8.317584991455078, 8.091917037963867, 8.022797584533691, 8.138650894165039, 8.404375076293945, 8.405383110046387, 8.490635871887207, 8.184481620788574, 8.04025650024414, 7.727277755737305, 8.509108543395996, 8.271492958068848, 8.483063697814941, 7.965049743652344, 8.022990226745605, 8.291790008544922, 7.967153549194336, 4.449581623077393, 7.984417915344238, 1.8152809143066406, 7.999784469604492, 8.030755996704102, 8.40052318572998, 8.193110466003418, 8.69068717956543, 8.272660255432129, 0.08332586288452148, 8.193049430847168, 8.391995429992676, 8.114058494567871, 8.323906898498535, 8.174029350280762, 8.299836158752441, 8.359092712402344, 8.207663536071777, 8.776918411254883, 8.721953392028809, 8.366887092590332, 7.893675804138184, 7.035112380981445, 8.415375709533691, 8.4443359375, 8.505032539367676, 8.162291526794434, 8.440193176269531, 4.845184326171875, 7.989908218383789, 8.409913063049316, 1.8135602474212646, 8.10732364654541, 8.388333320617676, 8.449224472045898, 8.355194091796875, 8.392495155334473, 8.144042015075684, 8.468092918395996, 8.155405044555664, 8.250261306762695, 8.367334365844727, 8.310528755187988, 8.366128921508789, 8.391072273254395, 8.57555103302002, 7.470556259155273, 8.532413482666016, 8.225991249084473, 8.681694984436035, 0.49369698762893677, 5.1610822677612305, 8.463875770568848, 8.322040557861328, 5.399510860443115, 8.472158432006836, 4.925441265106201, 8.4800443649292, 8.60390853881836, 8.32007122039795, 8.544872283935547, 8.746071815490723, 8.480107307434082, 8.59375286102295, 8.312372207641602, 8.475799560546875, 8.800700187683105, 8.467273712158203, 8.6102933883667, 8.561430931091309, 8.388490676879883, 8.269844055175781, 8.39615249633789, 8.475700378417969, 8.538501739501953, 8.466071128845215, 8.279825210571289, 8.349416732788086, 8.339798927307129, 8.219990730285645, 8.621395111083984, 8.28926944732666, 8.427984237670898, 8.248729705810547, 8.662731170654297, 8.516433715820312, 8.374224662780762, 8.414383888244629, 8.326311111450195, 1.745910882949829, 8.452851295471191, 4.5251007080078125, 8.255885124206543, 8.306700706481934, 7.9080891609191895, 8.376039505004883, 8.420599937438965, 8.343448638916016, 8.083319664001465, 8.358081817626953, 8.271440505981445, 7.869017124176025, 8.373075485229492, 7.946900844573975, 8.614447593688965, 8.435547828674316, 8.116455078125, 0.20444011688232422, 8.181797981262207, 8.187226295471191, 8.11890697479248, 8.31955623626709, 8.286105155944824, 8.279257774353027, 8.276477813720703, 8.194125175476074, 7.777641296386719, 8.34592056274414, 8.272971153259277, 8.329633712768555, 8.309819221496582, 8.25303840637207, 8.205830574035645, 8.201338768005371, 7.75452995300293, 8.441390037536621, 8.139843940734863, 8.186983108520508, 8.311360359191895, 8.362271308898926, 8.197112083435059, 8.111631393432617, 8.080047607421875, 8.35732364654541, 4.558976650238037, 8.059663772583008, 8.11164665222168, 7.907796859741211, 8.094468116760254, 8.094426155090332, 8.072847366333008, 4.661936283111572, 8.263471603393555, 8.024903297424316, 8.174908638000488, 8.253214836120605, 8.008472442626953, -0.6552214622497559], "n_epochs": 335}