{"aucroc": 0.993216740290381, "aucpr": 0.9429383986087272, "dataset": "32_shuttle", "method": "hard", "test_ratio": 0.07366666666666667, "train_ratio": 0.07366666666666667, "labeled_anomalies": 1.0, "loe_loss": [10.6040678024292, 9.754311561584473, -27.291580200195312, 9.353567123413086, 8.986212730407715, 8.722166061401367, 9.219718933105469, 8.250603675842285, 7.081306457519531, -21.98450469970703, 8.40997314453125, 7.166849613189697, 7.341195106506348, 8.025049209594727, 8.124799728393555, 6.080935001373291, 7.116983890533447, 7.792924880981445, 7.524840831756592, 7.708738803863525, 7.379944801330566, 7.2555108070373535, 1.3307297229766846, 7.500059127807617, 6.999221324920654, 7.15170955657959, 7.156179428100586, 7.2033185958862305, 7.103702545166016, 7.214245796203613, -20.656898498535156], "n_epochs": 30}