{"aucroc": 0.9364442541209469, "aucpr": 0.47974256884840644, "dataset": "32_shuttle", "method": "blind", "test_ratio": 0.07366666666666667, "train_ratio": 0.07366666666666667, "labeled_anomalies": 1.0, "loe_loss": [18.77941131591797, 18.665706634521484, 17.52761459350586, 15.53148365020752, 15.500832557678223, 14.830185890197754, 14.325113296508789, 14.231744766235352, 13.599270820617676, 14.820340156555176, 13.688148498535156, 13.409707069396973, 12.726550102233887, 13.194628715515137, 13.011260032653809, 13.512588500976562, 14.786096572875977, 13.520045280456543, 13.271493911743164, 29.478260040283203, 12.91047477722168, 13.636680603027344, 12.284281730651855, 12.605504989624023, 12.551800727844238, 12.397736549377441, 12.283805847167969, 12.31803035736084, 27.76658058166504, 11.308207511901855, 11.775772094726562, 12.236089706420898, 12.274121284484863, 11.762397766113281, 25.350067138671875, 11.618064880371094, 12.487837791442871, 10.99560546875, 13.182558059692383, 11.839653015136719, 12.314982414245605, 12.55532169342041, 11.758943557739258, 17.836509704589844, 12.410417556762695, 11.63010025024414, 44.2987174987793, 12.92115306854248, 11.332411766052246, 11.62869644165039, 12.200447082519531, 12.595192909240723, 13.6610107421875, 11.42959976196289, 11.332740783691406, 11.706748962402344, 11.425050735473633, 11.669183731079102, 10.944838523864746, 24.995426177978516, 11.113163948059082, 12.097899436950684, 10.614273071289062, 12.106765747070312, 11.634148597717285, 11.794694900512695, 11.535635948181152, 11.801790237426758, 11.470808982849121, 11.564525604248047, 10.272217750549316, 10.76295280456543, 11.163135528564453, 10.670903205871582, 11.851659774780273, 14.870537757873535, 10.969091415405273, 10.832864761352539, 12.213987350463867, 25.331621170043945, 10.583830833435059, 10.957169532775879, 11.287450790405273, 10.553816795349121, 11.96910572052002, 10.928543090820312, 12.438514709472656, 11.807940483093262, 11.03813648223877, 10.790977478027344, 11.385551452636719, 11.075811386108398, 12.090902328491211, 10.988191604614258, 10.426250457763672, 11.521233558654785, 11.231082916259766, 11.424083709716797, 10.907755851745605, 10.791851043701172, 11.471308708190918, 10.846952438354492, 11.013530731201172, 41.58842468261719, 10.517139434814453, 12.272459983825684, 10.212897300720215, 10.75158977508545, 10.892633438110352, 11.023561477661133, 10.769240379333496, 11.355157852172852, 11.27226448059082, 35.296783447265625, 10.873133659362793, 10.564291954040527, 10.68146800994873, 10.901911735534668, 11.215072631835938, 10.600717544555664, 10.22732925415039, 10.876325607299805, 11.276569366455078, 10.33384895324707, 11.096841812133789, 10.993375778198242, 10.685989379882812, 16.369464874267578, 10.317138671875, 10.213525772094727, 11.674064636230469, 10.745233535766602, 47.68160629272461, 10.906403541564941, 10.828740119934082, 11.017327308654785, 10.47892951965332, 10.70956039428711, 10.434839248657227, 23.424121856689453, 10.433306694030762, 11.64409351348877, 9.932750701904297, 10.430898666381836, 10.598896980285645, 11.042346954345703, 10.321352005004883, 10.689260482788086, 34.96146011352539, 10.683761596679688, 10.895556449890137, 10.798779487609863, 10.888208389282227, 11.053449630737305, 10.475582122802734, 11.154642105102539, 11.209319114685059, 10.15976333618164, 10.619725227355957, 10.644258499145508, 11.20074462890625, 10.840775489807129, 10.573884963989258, 10.420196533203125, 14.149577140808105, 10.232564926147461, 9.902863502502441, 10.242310523986816, 10.711358070373535, 10.745096206665039, 10.166353225708008, 10.188251495361328, 10.057689666748047, 10.390076637268066, 10.758216857910156, 10.084095001220703, 10.549174308776855, 11.745737075805664, 10.390047073364258, 10.05344009399414, 42.072509765625, 10.49625015258789, 10.279935836791992, 10.445077896118164, 10.199856758117676, 12.254413604736328, 10.777685165405273, 10.516963005065918, 10.467723846435547, 10.130133628845215, 10.775182723999023, 10.325261116027832, 10.467995643615723, 10.189285278320312, 10.646029472351074, 10.19049072265625, 10.094948768615723, 10.000570297241211, 10.118408203125, 10.58719253540039, 9.508476257324219, 10.02211856842041, 10.452827453613281, 10.627084732055664, 10.190593719482422, 9.870976448059082, 9.868677139282227, 10.388057708740234, 10.37039566040039, 10.303173065185547, 10.079621315002441, 10.301912307739258, 12.024059295654297, 23.39605712890625, 10.260808944702148, 10.06337833404541, 10.829278945922852, 10.019492149353027, 9.988937377929688, 10.758596420288086, 10.290789604187012, 9.978594779968262, 10.170573234558105, 9.780173301696777, 9.788805961608887, 9.77608871459961, 9.951543807983398, 9.486053466796875, 14.767566680908203, 10.092061996459961, 9.875951766967773, 10.060054779052734, 44.386985778808594, 10.029574394226074, 10.383341789245605, 10.128593444824219, 45.48103713989258, 10.341236114501953, 9.868078231811523, 10.042757034301758, 9.949193000793457, 10.352132797241211, 9.678206443786621, 10.218167304992676, 36.942466735839844, 9.621334075927734, 9.856674194335938, 11.26054573059082, 10.273601531982422, 10.236954689025879, 43.364723205566406, 10.311525344848633, 25.766578674316406, 25.59749984741211, 42.720619201660156, 9.718645095825195, 10.209844589233398, 9.906268119812012, 9.873686790466309, 10.034187316894531, 10.0136079788208, 9.936378479003906, 10.368782043457031, 9.93186092376709, 10.43315601348877, 10.314199447631836, 10.46723747253418, 9.915514945983887, 9.799564361572266, 9.839418411254883, 9.746170997619629, 9.613357543945312, 10.609492301940918, 10.394914627075195, 23.6198673248291, 10.480380058288574, 9.887938499450684, 9.985841751098633, 10.154359817504883, 10.219033241271973, 10.211605072021484, 10.110448837280273, 10.176582336425781, 10.18397331237793, 10.062509536743164, 9.954890251159668, 10.126705169677734, 12.054899215698242, 9.531076431274414, 9.960317611694336, 23.29536247253418, 10.000358581542969, 9.93770980834961, 10.289687156677246, 10.458541870117188, 10.552051544189453, 10.64654541015625, 10.442109107971191, 9.839876174926758, 9.776617050170898, 14.239124298095703, 10.135981559753418, 10.014731407165527, 9.914570808410645, 9.985560417175293, 10.210357666015625, 11.125858306884766, 9.891151428222656, 10.319173812866211, 9.94550895690918, 10.415412902832031, 10.41269588470459, 9.579270362854004, 11.303360939025879, 9.978707313537598, 11.284379005432129, 10.016576766967773, 9.763771057128906, 10.0216064453125, 9.766606330871582, 9.845657348632812, 10.210199356079102, 9.853360176086426, 9.892862319946289, 10.0741605758667, 9.82978630065918, 9.600109100341797, 9.733837127685547, 9.915969848632812, 10.03923225402832, 11.563016891479492, 10.130570411682129, 9.170780181884766, 9.506902694702148, 37.80060958862305, 9.671025276184082, 9.901805877685547, 9.669979095458984, 11.198686599731445, 9.747419357299805, 10.265576362609863, 9.932029724121094, 9.373160362243652, 9.516334533691406, 9.603622436523438, 9.814992904663086, 9.547663688659668, 9.712080001831055, 9.574041366577148, 9.893426895141602, 9.53557014465332, 42.93559265136719, 24.035459518432617, 9.622725486755371, 9.558223724365234, 9.38011646270752, 9.935186386108398, 9.801688194274902, 9.628868103027344, 9.320770263671875, 9.618537902832031, 9.271259307861328, 9.424723625183105, 10.250534057617188, 9.30798053741455, 10.185093879699707, 10.883621215820312, 9.662243843078613, 10.086793899536133, 11.964090347290039, 12.21001148223877, 9.866324424743652, 9.35527229309082, 9.528032302856445, 10.8343505859375, 9.801583290100098, 9.351144790649414, 10.144665718078613, 9.648472785949707, 51.53059387207031, 8.961657524108887, 9.920939445495605, 11.47806167602539, 11.368383407592773, 11.179084777832031, 9.771278381347656, 9.772732734680176, 11.158492088317871, 9.399877548217773, 9.37875747680664, 9.88801097869873, 9.777802467346191, 9.12877082824707, 11.478496551513672, 9.920699119567871, 9.99135971069336, 9.373912811279297, 10.020888328552246, 