{"aucroc": 0.9951945126044993, "aucpr": 0.9499546441714884, "dataset": "32_shuttle", "method": "hard", "test_ratio": 0.07366666666666667, "train_ratio": 0.07366666666666667, "labeled_anomalies": 1.0, "loe_loss": [11.112204551696777, 11.219291687011719, 8.174450874328613, 7.618380546569824, 9.280932426452637, 9.373112678527832, 8.763843536376953, 8.1870698928833, 7.516689777374268, 7.934810161590576, 8.444477081298828, 7.568923473358154, 9.00080394744873, 7.850985527038574, 7.544432163238525, 7.625234603881836, -10.9079008102417, 7.391780853271484, 7.527527809143066, 3.0406622886657715, 7.267802715301514, 7.801032543182373, 6.342426776885986, 7.833471298217773, 7.393963813781738, 6.998692035675049, 6.460301399230957, 7.100996017456055, 6.2984619140625, 6.425798416137695, -11.156381607055664], "n_epochs": 30}