{"aucroc": 0.7834930319665222, "aucpr": 0.40494549119858075, "dataset": "33_skin", "method": "refine", "test_ratio": 0.21233333333333335, "train_ratio": 0.21233333333333335, "labeled_anomalies": 1.0, "loe_loss": [5.468879222869873, 5.073118686676025, 4.807268142700195, 4.55642557144165, 4.448477745056152, 4.219192981719971, 4.077112674713135, 3.912264823913574, 3.8634631633758545, 3.8552725315093994, 3.586592674255371, 3.5503432750701904, 3.563768148422241, 3.589266061782837, 3.3996741771698, 3.486102342605591, 3.40495228767395, 3.2285397052764893, 3.278372049331665, 3.1954264640808105, 3.3334906101226807, 3.128908634185791, 3.170259475708008, 3.2865378856658936, 3.177863121032715, 3.1770548820495605, 2.9756016731262207, 2.8739001750946045, 2.9379806518554688, 3.1621201038360596, 3.17252254486084, 2.935201406478882, 3.1701931953430176, 2.971423625946045, 2.871188163757324, 2.8420157432556152, 2.9315152168273926, 2.999558210372925, 3.1062450408935547, 3.0649397373199463, 2.8546783924102783, 3.0159037113189697, 2.7742249965667725, 3.0351927280426025, 3.151475429534912, 3.0369057655334473, 2.8450632095336914, 2.9732189178466797, 2.930297374725342, 2.9112279415130615, 2.7357754707336426, 2.782796621322632, 3.043025016784668, 2.755509376525879, 2.7219159603118896, 3.023151159286499, 2.708578109741211, 2.6762588024139404, 2.9035444259643555, 2.8521568775177, 2.626976251602173, 2.840766429901123, 2.764132499694824, 2.604947566986084, 2.5958542823791504, 2.6044650077819824, 2.6469058990478516, 2.6951510906219482, 2.7969746589660645, 2.788062572479248, 2.940336227416992, 2.6727983951568604, 2.622659683227539, 2.794785976409912, 2.641713857650757, 2.6596784591674805, 2.592203140258789, 2.9006216526031494, 2.6319217681884766, 2.7821545600891113, 2.6890006065368652, 3.1436100006103516, 2.7853918075561523, 2.5966603755950928, 3.0472397804260254, 2.7940168380737305, 2.7247257232666016, 2.802208662033081, 2.9451749324798584, 2.7750916481018066, 2.766486406326294, 2.947810649871826, 2.619544267654419, 2.645730495452881, 2.6788864135742188, 2.6429595947265625, 2.649142026901245, 2.5672805309295654, 2.6288630962371826, 2.6975550651550293, 2.653790235519409, 2.5969555377960205, 2.6868813037872314, 2.545886754989624, 2.9205164909362793, 2.56272554397583, 2.6501405239105225, 2.6650238037109375, 2.780524253845215, 2.7918155193328857, 2.474679470062256, 2.6255784034729004, 2.7327005863189697, 2.58003568649292, 2.594886302947998, 2.5943806171417236, 2.4782800674438477, 2.321394205093384, 2.5292530059814453, 2.800485849380493, 2.5378880500793457, 2.584739923477173, 2.717308759689331, 2.8879568576812744, 2.6748850345611572, 2.5317769050598145, 2.578580617904663, 2.437243700027466, 2.612138509750366, 2.861152172088623, 2.8998990058898926, 2.6815085411071777, 2.422907829284668, 2.3919780254364014, 2.532431125640869, 2.873016595840454, 2.612194538116455, 2.3928141593933105, 2.836261034011841, 2.4617440700531006, 2.6658167839050293, 2.6693174839019775, 2.5989227294921875, 2.4814491271972656, 2.8507089614868164, 2.724881410598755, 2.318816661834717, 2.8663811683654785, 2.4923083782196045, 2.7312066555023193, 2.9169697761535645, 2.5368921756744385, 2.470665693283081, 2.565460681915283, 2.4598209857940674, 2.6995131969451904, 2.6811749935150146, 2.430757522583008, 2.6314010620117188, 2.3909401893615723, 2.408797025680542, 2.4105186462402344, 2.4801268577575684, 2.4581241607666016, 2.259063243865967, 2.2160699367523193, 2.3899941444396973, 2.4209845066070557, 2.3551974296569824, 2.2564306259155273, 2.4514057636260986, 2.5683248043060303, 2.32248854637146, 2.4874699115753174, 2.3399229049682617, 2.486936330795288, 2.7534255981445312, 2.3436999320983887, 2.5453121662139893, 2.4035089015960693, 2.293368101119995, 2.306213617324829, 2.290310859680176, 2.5060689449310303, 2.458765983581543, 2.289141893386841, 2.453597068786621, 2.4610445499420166, 2.4239649772644043, 2.3355774879455566, 2.5841403007507324, 2.466916084289551, 2.6265392303466797, 2.4679901599884033, 2.3345398902893066, 2.3081934452056885, 2.43149995803833, 2.450699806213379, 2.548910140991211, 2.165724039077759, 2.3823916912078857, 2.430203437805176, 2.4962852001190186, 2.4281933307647705, 2.453298330307007, 2.2803077697753906, 2.388631582260132, 2.5196897983551025, 2.15948748588562, 2.315645456314087, 2.1922800540924072, 2.5095019340515137, 2.154491662979126, 2.298179864883423, 2.480541467666626, 2.473094940185547, 2.08061146736145, 2.6562435626983643, 2.311911106109619, 2.0939204692840576, 2.3632051944732666, 2.2626121044158936, 2.4408843517303467, 2.4132580757141113, 2.311568021774292, 2.4388227462768555, 2.1653504371643066, 2.45471453666687, 2.390958786010742, 2.3731250762939453, 2.498931884765625, 2.0999131202697754, 2.1211531162261963, 2.3185575008392334, 2.2954764366149902, 2.323535919189453, 2.3668041229248047, 2.091035842895508, 2.3460488319396973, 2.306001663208008, 2.246962785720825, 2.167747974395752, 2.333733320236206, 2.0717592239379883, 2.3941597938537598, 2.343226194381714, 2.039036750793457, 2.2110238075256348, 2.294358491897583, 2.137202739715576, 2.645613193511963, 2.472102165222168, 2.2288994789123535, 2.1434507369995117, 2.076488733291626, 2.1094536781311035, 2.1758391857147217, 2.1203107833862305, 2.2975285053253174, 2.3290677070617676, 2.1173579692840576, 2.1671905517578125, 2.282672882080078, 2.15566349029541, 2.048668146133423, 2.222738742828369, 2.3506693840026855, 2.2637879848480225, 2.0738048553466797, 2.223942756652832, 2.065155267715454, 2.162946939468384, 2.150059938430786, 2.1444523334503174, 1.9680421352386475, 2.27101469039917, 1.9777462482452393, 2.226013660430908, 2.0194945335388184, 2.1364011764526367, 2.286341428756714, 1.99166738986969, 2.1659183502197266, 2.1704421043395996, 2.4718072414398193, 2.2011427879333496, 2.1632015705108643, 2.2191195487976074, 2.2082605361938477, 2.0649709701538086, 2.3059239387512207, 2.1699318885803223, 1.9774761199951172, 2.1470909118652344, 2.0634145736694336, 2.044640302658081, 2.065340280532837, 1.9768258333206177, 2.0410361289978027, 2.1288013458251953, 1.8267545700073242, 2.269228458404541, 1.925350546836853, 2.1645491123199463, 2.106506586074829, 2.134861946105957, 2.2007036209106445, 2.164891481399536, 2.022388219833374, 2.059915542602539, 2.2917017936706543, 2.2614192962646484, 1.7617098093032837, 1.9181725978851318, 2.2778818607330322, 2.219099998474121, 1.8480257987976074, 2.057452917098999, 2.198286533355713, 2.424718141555786, 2.0870561599731445, 1.883601188659668, 1.9226547479629517, 2.26725435256958, 2.0494558811187744, 2.052382469177246, 2.0247740745544434, 1.8165603876113892, 1.8191781044006348, 1.7603936195373535, 1.7761435508728027, 1.9872469902038574, 1.958590030670166, 2.189103126525879, 1.8580178022384644, 1.808440089225769, 2.0786478519439697, 1.9790387153625488, 1.8146734237670898, 2.1148343086242676, 1.715632438659668, 1.9690117835998535, 1.6096198558807373, 1.7750025987625122, 1.6889790296554565, 1.7267578840255737, 1.77965247631073, 1.7950220108032227, 1.9088982343673706, 1.7046525478363037, 2.0819976329803467, 1.9856903553009033, 2.091439962387085, 1.9251376390457153, 2.2669148445129395, 1.6915147304534912, 1.834291934967041, 1.8286993503570557, 2.0013651847839355, 1.877625584602356, 1.806435227394104, 1.666206955909729, 1.6137343645095825, 1.7626858949661255, 2.020059108734131, 1.999770164489746, 1.6117841005325317, 1.499457597732544, 1.821132779121399, 1.6170830726623535, 1.9482669830322266, 1.625879168510437, 1.4263142347335815, 1.672210454940796, 1.8871338367462158, 1.3435988426208496, 1.575409173965454, 1.7892754077911377, 1.5601205825805664, 1.6633189916610718, 1.337923288345337, 1.748087763786316, 1.5653694868087769, 1.6333811283111572, 1.789407730102539, 1.5612901449203491, 1.4384359121322632, 1.3591687679290771, 1.537330985069275, 1.5420114994049072, 1.9244080781936646, 1.7701878547668457, 1.7098901271820068, 1.9059045314788818, 1.617876648902893, 1.5385053157806396, 1.8419013023376465, 1.4794642925262451, 