{"aucroc": 0.5540730957573954, "aucpr": 0.21105040994247976, "dataset": "33_skin", "method": "hard", "test_ratio": 0.21233333333333335, "train_ratio": 0.21233333333333335, "labeled_anomalies": 1.0, "loe_loss": [3.6631932258605957, 3.0528860092163086, 2.7466471195220947, 2.5164501667022705, 2.377328872680664, 2.3262691497802734, 2.014984607696533, 2.038017988204956, 1.971361756324768, 1.9448554515838623, 1.805173635482788, 1.7180123329162598, 1.8157464265823364, 1.6152843236923218, 1.5194432735443115, 1.701819658279419, 1.4641542434692383, 1.4571648836135864, 1.521798014640808, 1.4670981168746948, 1.5168302059173584, 1.375279426574707, 1.321793556213379, 1.323648452758789, 1.4200663566589355, 1.5649458169937134, 1.3774160146713257, 1.3454549312591553, 1.232734203338623, 1.4075164794921875, 1.1286946535110474, 1.2585527896881104, 1.138230800628662, 1.1467769145965576, 1.2282408475875854, 0.9853568077087402, 1.1766576766967773, 1.041086196899414, 1.1788238286972046, 1.0182554721832275, 0.9841824173927307, 1.2451441287994385, 1.1549811363220215, 0.889462411403656, 1.010237693786621, 1.0911076068878174, 1.072916030883789, 1.0777772665023804, 0.9819270372390747, 0.96197909116745, 0.9622366428375244, 0.8857559561729431, 0.8168015480041504, 1.0692723989486694, 0.8612760901451111, 0.9002128839492798, 1.057036280632019, 0.8912312388420105, 0.8942953944206238, 0.9385029077529907, 0.8730041980743408, 0.7005494236946106, 0.9746459722518921, 0.8864841461181641, 0.9780031442642212, 0.8231585025787354, 1.1299610137939453, 0.905237078666687, 0.785875141620636, 0.9745972752571106, 0.8009185791015625, 0.665737509727478, 0.821893572807312, 0.8523118495941162, 0.7843301296234131, 0.7532055377960205, 0.792935848236084, 0.9295645952224731, 0.9177570343017578, 0.787512481212616, 0.8334691524505615, 0.827155590057373, 0.7553657293319702, 0.7402388453483582, 0.7744719982147217, 0.8377639651298523, 0.7977830171585083, 0.7231202125549316, 0.9364590644836426, 0.8790456056594849, 0.8160067796707153, 0.7456521391868591, 0.7261678576469421, 0.7012765407562256, 0.7603294849395752, 0.6784407496452332, 0.8579239845275879, 0.7312709093093872, 0.7547105550765991, 0.8441001176834106, 0.558905839920044, 0.7622669339179993, 0.7300848364830017, 1.0289115905761719, 0.6139559149742126, 0.7415454387664795, 0.8599498867988586, 0.6541308164596558, 0.7146485447883606, 0.6775829195976257, 0.7100893259048462, 0.9246139526367188, 0.7343998551368713, 0.7110512852668762, 0.7606483101844788, 0.646560788154602, 0.5905096530914307, 0.8931574821472168, 0.7692244648933411, 0.6353625655174255, 0.6833906173706055, 0.735180139541626, 0.7077199220657349, 0.5172008275985718, 0.7951046228408813, 0.6801599264144897, 0.7038716077804565, 0.4865761697292328, 0.5218174457550049, 0.5315691828727722, 0.5404101610183716, 0.6533083915710449, 0.6915838718414307, 0.7267252206802368, 0.8143038749694824, 0.8308948278427124, 0.5649136304855347, 0.4603483974933624, 0.46258145570755005, 0.5919855237007141, 0.49273231625556946, 0.5628906488418579, 0.526659369468689, 0.6966900825500488, 0.5337110757827759, 0.8300245404243469, 0.7102036476135254, 0.7494273781776428, 0.7549551725387573, 0.6259479522705078, 0.7706612944602966, 0.7541319727897644, 0.5694462656974792, 0.5198884010314941, 0.570624053478241, 0.5058408379554749, 0.7142128944396973, 0.514613151550293, 0.5725435614585876, 0.38963258266448975, 0.5051910281181335, 0.7272850871086121, 0.5259113311767578, 0.673302173614502, 0.6436365246772766, 0.32353144884109497, 0.38757041096687317, 0.6048322319984436, 0.5494737029075623, 0.4631957709789276, 0.47960785031318665, 0.5512821674346924, 0.596068799495697, 0.4993988871574402, 0.6455473899841309, 0.5770728588104248, 0.6652324795722961, 0.43817034363746643, 0.5397842526435852, 0.6927309036254883, 0.32170557975769043, 0.7106857299804688, 0.5336220860481262, 0.45929059386253357, 0.612863302230835, 0.5079159736633301, 0.4344194829463959, 0.42502090334892273, 0.5425893068313599, 0.6404421329498291, 0.458901584148407, 0.529802143573761, 0.6594134569168091, 0.5055802464485168, 0.7092764973640442, 0.4969056248664856, 0.5297842025756836, 0.371504545211792, 0.4593958854675293, 0.5063287019729614, 0.48854419589042664, 0.5135223269462585, 0.4532628655433655, 0.44618022441864014, 0.3864254355430603, 0.5416141748428345, 0.41810643672943115, 0.2523009181022644, 0.4492076337337494, 0.6764683127403259, 0.2782711088657379, 0.4330146014690399, 0.3443186283111572, 0.47168198227882385, 0.4249124526977539, 0.7021713256835938, 0.8055260181427002, 0.4128793478012085, 0.5310081243515015, 0.6449596285820007, 0.35346266627311707, 0.3048919439315796, 0.4115189015865326, 0.5831383466720581, 0.5032728910446167, 0.35638660192489624, 0.3646843731403351, 0.5004607439041138, 0.4624022841453552, 0.3012920618057251, 0.37319111824035645, 0.40221211314201355, 0.6029463410377502, 0.3964873254299164, 0.6408423185348511, 0.3319106996059418, 0.3222634494304657, 0.33695101737976074, 0.35118579864501953, 0.516832709312439, 0.2937423586845398, 0.4409257471561432, 0.4953441023826599, 0.5669675469398499, 0.24571576714515686, 0.43198361992836, 0.22517722845077515, 0.3516455292701721, 0.5082789659500122, 0.595327615737915, 0.29249125719070435, 0.34043097496032715, 0.34959709644317627, 0.6391233205795288, 0.4037255644798279, 0.3051106631755829, 0.19278311729431152, 0.28356748819351196, 0.24199888110160828, 0.544354259967804, 0.5235492587089539, 0.15606066584587097, 0.27272164821624756, 0.5206495523452759, 0.4054565727710724, 0.39090341329574585, 0.4212909936904907, 0.245320126414299, 0.32125091552734375, 0.06520233303308487, 0.24433326721191406, 0.024633534252643585, 0.34489181637763977, 0.4728353023529053, 0.024457361549139023, 0.228371262550354, 0.14566518366336823, 0.08978788554668427, 0.25084954500198364, 0.19681426882743835, 0.43548649549484253, 0.29939544200897217, 0.4464624524116516, 0.14665444195270538, 0.3505196273326874, 0.10918991267681122, 0.6308076977729797, 0.33653444051742554, 0.11616591364145279, 0.24802878499031067, 0.24398356676101685, 0.2445279061794281, 0.2806515693664551, 0.2573210597038269, 0.1828785538673401, 0.7642924189567566, 0.4412500858306885, 0.12439312040805817, 0.39090049266815186, 0.504982054233551, 0.5550763607025146, 0.23772436380386353, 0.08725371956825256, 0.23154599964618683, 0.4548051953315735, 0.1670682430267334, 0.19407550990581512, 0.13564126193523407, 0.25756555795669556, 0.39659908413887024, 0.312616229057312, 0.2217692881822586, 0.3967873454093933, 0.35314661264419556, 0.33598679304122925, 0.0823180079460144, 0.2573089897632599, 0.3202386200428009, 0.5642820000648499, 0.32229363918304443, 0.34990373253822327, -0.21264301240444183], "n_epochs": 321}