{"aucroc": 0.5633673502605249, "aucpr": 0.21395817996884317, "dataset": "33_skin", "method": "hard", "test_ratio": 0.21233333333333335, "train_ratio": 0.21233333333333335, "labeled_anomalies": 1.0, "loe_loss": [2.8525102138519287, 2.3876349925994873, 2.2567896842956543, 2.146472454071045, 1.8935517072677612, 2.008172035217285, 1.9769923686981201, 2.012277126312256, 1.7799996137619019, 1.9317922592163086, 1.8453283309936523, 1.5191168785095215, 1.6149033308029175, 1.574885606765747, 1.569723129272461, 1.6270418167114258, 1.5287282466888428, 1.4016711711883545, 1.4008017778396606, 1.3440511226654053, 1.3948605060577393, 1.3738752603530884, 1.2479133605957031, 1.5197397470474243, 1.2128686904907227, 1.2143597602844238, 1.3496001958847046, 1.3425787687301636, 1.3523285388946533, 1.1336393356323242, 1.0462408065795898, 1.0776723623275757, 1.2699464559555054, 1.1850672960281372, 1.1074609756469727, 1.1801241636276245, 1.083553671836853, 0.9090036749839783, 1.104769229888916, 1.1579976081848145, 1.198123574256897, 0.9848365187644958, 1.0597565174102783, 1.0540919303894043, 0.8431861400604248, 0.9219567179679871, 0.8773386478424072, 1.0723259449005127, 0.9747625589370728, 0.9917026162147522, 0.9364157915115356, 1.1089653968811035, 0.9318638443946838, 0.9431686401367188, 0.8429644107818604, 0.9687514305114746, 0.8936151266098022, 0.924037754535675, 0.7882958054542542, 0.9839707612991333, 1.08829665184021, 0.8910025954246521, 0.9266484975814819, 0.8522778749465942, 0.7664443850517273, 0.8885511755943298, 0.8592679500579834, 0.914605975151062, 0.9128130078315735, 0.873801589012146, 0.8075346946716309, 0.7951933145523071, 0.7761409282684326, 0.8836811780929565, 0.8678828477859497, 0.8685526847839355, 0.9412005543708801, 0.7866004705429077, 0.80373615026474, 0.9637656211853027, 0.7175711989402771, 0.8352453112602234, 0.6647210121154785, 1.00192391872406, 0.6990863680839539, 0.9516314268112183, 0.8428890705108643, 0.8255846500396729, 0.716010332107544, 0.7871326208114624, 0.925443172454834, 0.9150032997131348, 0.9083907008171082, 0.8343318700790405, 0.5648034811019897, 0.6475406289100647, 0.6395671367645264, 0.8956615924835205, 0.8196608424186707, 0.8548944592475891, 0.6401485800743103, 0.6354852318763733, 0.6339597105979919, 0.45115476846694946, 0.7478250861167908, 0.6204686760902405, 0.479439914226532, 0.7901673316955566, 0.7286134958267212, 0.6867154836654663, 0.7647531032562256, 0.7022069692611694, 0.6978312730789185, 0.785137414932251, 0.6092067360877991, 0.6115056276321411, 0.48168084025382996, 0.6169020533561707, 0.6375736594200134, 0.7928282022476196, 0.7691645622253418, 0.7116548418998718, 0.5272032022476196, 0.5545216202735901, 0.8310938477516174, 0.5073592066764832, 0.5794243812561035, 0.884414553642273, 0.6749244928359985, 0.7000061869621277, 0.43364036083221436, 0.8440930843353271, 0.7087991833686829, 0.7844359278678894, 0.6194022297859192, 0.5848593711853027, 0.6985737085342407, 0.3859790563583374, 0.4385773241519928, 0.4713638126850128, 0.600078821182251, 0.752998948097229, 0.3117210268974304, 0.6683185696601868, 0.4712021052837372, 0.720391035079956, 0.5423406362533569, 0.7724812626838684, 0.5970606803894043, 0.6693112850189209, 0.5407226085662842, 0.5202252864837646, 0.5259429216384888, 0.48514261841773987, 0.7217261791229248, 0.5569463968276978, 0.3937374949455261, 0.3428252339363098, 0.4666311740875244, 0.6535371541976929, 0.379890501499176, 0.5896751880645752, 0.49241289496421814, 0.22149091958999634, 0.23175543546676636, 0.4526093602180481, 0.5945999622344971, 0.537905216217041, 0.2841535210609436, 0.43312984704971313, 0.33370864391326904, 0.4238157868385315, 0.555359959602356, 0.38199278712272644, 0.3996134400367737, 0.22486624121665955, 0.5405301451683044, 0.4657879173755646, 0.6223739385604858, 0.709672749042511, 0.3891657292842865, 0.5436632037162781, 0.3098837733268738, 0.5188449025154114, 0.5347515940666199, 0.5206058025360107, 0.2985233664512634, 0.4901886582374573, 0.35577157139778137, 0.5093498229980469, 0.5454311966896057, 0.419860303401947, 0.31234848499298096, 0.45494475960731506, 0.28102755546569824, 0.34562042355537415, 0.5446533560752869, 0.6253001093864441, 0.4985416531562805, 0.3131149411201477, 0.4485882520675659, 0.22247815132141113, 0.3992321491241455, 0.2608722448348999, 0.4000096321105957, 0.42424625158309937, 0.32805660367012024, 0.5873596668243408, 0.30902165174484253, 0.29969322681427, 0.2942241132259369, 0.28486573696136475, 0.3259201645851135, 0.22583429515361786, 0.3896840810775757, 0.3568938076496124, 0.13573840260505676, 0.7171738743782043, 0.4932694435119629, 0.6023442149162292, 0.24463151395320892, 0.2836725115776062, 0.25069499015808105, 0.32343798875808716, 0.09704336524009705, 0.27024197578430176, 0.3222433030605316, 0.30507832765579224, 0.5854968428611755, 0.5234707593917847, 0.3838465213775635, 0.37371137738227844, 0.43741488456726074, 0.3120499551296234, 0.3879249095916748, 0.5179733633995056, 0.34083622694015503, 0.511921763420105, 0.3122923672199249, 0.4000270962715149, 0.3551139235496521, 0.3332687318325043, 0.2153869867324829, 0.5839686393737793, 0.3349993824958801, 0.3990688920021057, 0.2767513692378998, 0.19471850991249084, 0.41332724690437317, 0.14494764804840088, 0.3473365902900696, 0.3966401219367981, 0.3603854179382324, 0.38076063990592957, 0.042318522930145264, 0.26807957887649536, 0.365355908870697, 0.32424724102020264, 0.2689225375652313, 0.191923126578331, 0.40244707465171814, 0.16521507501602173, 0.2690591812133789, 0.5396060943603516, 0.44805967807769775, 0.26831477880477905, 0.2768874168395996, 0.40605002641677856, 0.11933998763561249, 0.19429245591163635, 0.13291099667549133, 0.11434865742921829, 0.52866530418396, 0.03805693984031677, 0.2544424533843994, 0.12547221779823303, 0.014428749680519104, 0.6794130802154541, 0.015991277992725372, 0.31793397665023804, 0.4285389184951782, 0.3504854738712311, 0.3374057412147522, 0.2902812361717224, 0.35641610622406006, 0.2613731026649475, 0.1672128438949585, 0.18013612926006317, 0.15757331252098083, 0.4781024158000946, 0.2743263244628906, 0.4022641181945801, 0.4053785502910614, 0.040672749280929565, 0.04035090655088425, 0.2000063955783844, -0.274100124835968], "n_epochs": 296}