{"aucroc": 0.49988019557574, "aucpr": 0.1917628461719937, "dataset": "33_skin", "method": "hard", "test_ratio": 0.21233333333333335, "train_ratio": 0.21233333333333335, "labeled_anomalies": 1.0, "loe_loss": [2.7381417751312256, 2.6282386779785156, 2.3925559520721436, 2.346550941467285, 2.219705820083618, 2.011761426925659, 1.7327892780303955, 1.7785842418670654, 1.6406768560409546, 1.7906957864761353, 1.422832727432251, 1.6325749158859253, 1.182493805885315, 1.2073993682861328, 1.246874451637268, 0.9720634818077087, 1.1598700284957886, 1.3117623329162598, 1.0552955865859985, 1.0523344278335571, 0.8620501160621643, 0.7728400230407715, 0.7088509798049927, 0.7382972240447998, 0.7261408567428589, 0.5355297327041626, 0.467724084854126, 0.6902951002120972, 0.40554267168045044, 0.6047883033752441, 0.3203492760658264, 0.3670944571495056, 0.5874999165534973, 0.32963627576828003, 0.12665681540966034, 0.09649308025836945, 0.19487564265727997, -0.22797270119190216], "n_epochs": 37}