{"aucroc": 0.5792918163391533, "aucpr": 0.22155323758430143, "dataset": "33_skin", "method": "soft", "test_ratio": 0.21233333333333335, "train_ratio": 0.21233333333333335, "labeled_anomalies": 1.0, "loe_loss": [5.431314945220947, 4.71851110458374, 4.353797435760498, 4.137204170227051, 3.9755799770355225, 3.7729251384735107, 3.6994786262512207, 3.5193839073181152, 3.457794189453125, 3.4165124893188477, 3.1265344619750977, 3.0079329013824463, 3.123335599899292, 3.0913238525390625, 3.2022743225097656, 2.979660987854004, 2.950462818145752, 2.6936004161834717, 2.7805328369140625, 2.7018978595733643, 2.8854856491088867, 2.819645881652832, 2.8893723487854004, 2.876415252685547, 2.730232000350952, 2.631563425064087, 2.656355142593384, 2.516256332397461, 2.65458345413208, 2.529144763946533, 2.5069503784179688, 2.5312180519104004, 2.475822925567627, 2.3004493713378906, 2.5586297512054443, 2.461911678314209, 2.3387997150421143, 2.5801005363464355, 2.399099349975586, 2.4216644763946533, 2.4247100353240967, 2.169626474380493, 2.429683208465576, 2.159475803375244, 2.395930767059326, 2.415942430496216, 2.325039863586426, 2.381647825241089, 2.5195252895355225, 2.2291038036346436, 2.48286771774292, 2.2686524391174316, 2.411447048187256, 2.4636855125427246, 2.3610758781433105, 2.0758540630340576, 2.363572597503662, 2.3361916542053223, 2.2523293495178223, 2.378340244293213, 2.129751205444336, 2.16237735748291, 2.124544143676758, 2.2171826362609863, 1.9871058464050293, 2.1627278327941895, 2.054387092590332, 2.3657424449920654, 2.0831360816955566, 2.160388469696045, 1.9608995914459229, 2.171858549118042, 2.020565986633301, 2.0975425243377686, 2.522264003753662, 1.9137978553771973, 1.9770312309265137, 1.9984265565872192, 1.9173582792282104, 2.0479633808135986, 1.900496482849121, 2.2328202724456787, 1.7109034061431885, 2.5108680725097656, 2.1817104816436768, 2.0446126461029053, 1.9319396018981934, 1.812540054321289, 1.7161881923675537, 1.8262672424316406, 1.8250415325164795, 2.0822160243988037, 1.7542701959609985, 1.8200721740722656, 2.1596317291259766, 2.335022449493408, 2.0637331008911133, 1.9583356380462646, 1.7513748407363892, 2.0768492221832275, 1.939705491065979, 1.8208332061767578, 1.7930893898010254, 1.579064965248108, 1.6017348766326904, 1.8542592525482178, 1.837522029876709, 1.647255539894104, 1.796714186668396, 1.7821465730667114, 1.9249458312988281, 1.759352207183838, 1.5573956966400146, 2.3988471031188965, 1.9525341987609863, 1.9162005186080933, 1.9543308019638062, 1.9993549585342407, 2.148040771484375, 1.618638515472412, 1.653960108757019, 1.7410610914230347, 1.8086981773376465, 1.8161014318466187, 1.8021149635314941, 1.5500587224960327, 2.055996894836426, 1.7379088401794434, 1.9694721698760986, 2.98671555519104, 2.3168411254882812, 1.664556622505188, 1.6604642868041992, 2.0511724948883057, 1.846571683883667, 1.9027931690216064, 1.6923213005065918, 1.9423472881317139, 1.6932041645050049, 2.0126054286956787, 1.7853659391403198, 1.4588513374328613, 2.030097007751465, 1.8725175857543945, 2.0265543460845947, 1.5676379203796387, 1.476799726486206, 1.4471582174301147, 1.888444423675537, 2.308694839477539, 1.3835350275039673, 2.2057905197143555, 1.8478045463562012, 1.8371847867965698, 1.8497639894485474, 1.6842100620269775, 1.4364752769470215, 1.516127109527588, 1.4062378406524658, 1.57297682762146, 1.388831377029419, 1.7707455158233643, 2.199094295501709, 1.741956114768982, 1.3970140218734741, 2.2955477237701416, 1.7842472791671753, 1.7891559600830078, 1.6815125942230225, 1.552005648612976, 1.8394484519958496, 1.7051554918289185, 1.6315350532531738, 1.6648547649383545, 1.7097364664077759, 1.5790503025054932, 1.425313115119934, 1.7745027542114258, 1.493579387664795, 1.6665112972259521, 1.50382399559021, 1.7500874996185303, 2.576603889465332, 1.8041282892227173, 1.373213768005371, 1.4904191493988037, 1.6621999740600586, 1.7738524675369263, 1.7023370265960693, 1.383474588394165, 1.2493131160736084, 1.1608586311340332, 1.5104156732559204, 1.3165496587753296, 1.234915852546692, 1.510999083518982, 1.1891638040542603, 1.3917367458343506, 1.3177621364593506, 1.510310173034668, 1.3098304271697998, 1.3816356658935547, 1.6010966300964355, 1.0125854015350342, 0.9152615666389465, 1.2632269859313965, 1.1810842752456665, 0.7943849563598633, 1.1250929832458496, 0.5006323456764221, 0.6244863867759705, 1.1615028381347656, 1.315046787261963, 1.4294633865356445, 0.7245028614997864, 1.1190569400787354, 0.9635534286499023, 0.7737686038017273, 0.5963116884231567, -0.006543196737766266], "n_epochs": 219}