{"aucroc": 0.5622000875613112, "aucpr": 0.2151744725525842, "dataset": "33_skin", "method": "soft", "test_ratio": 0.21233333333333335, "train_ratio": 0.21233333333333335, "labeled_anomalies": 1.0, "loe_loss": [4.280886650085449, 4.024990558624268, 3.880568504333496, 3.6154820919036865, 3.5468897819519043, 3.4860904216766357, 3.395521640777588, 3.24796199798584, 3.088181734085083, 3.256657600402832, 2.992863893508911, 2.8983285427093506, 2.8825111389160156, 2.748729705810547, 2.918555974960327, 2.8809428215026855, 2.8821704387664795, 2.7406063079833984, 2.787388801574707, 2.627045154571533, 2.6318490505218506, 2.6508631706237793, 2.708627462387085, 2.61387300491333, 2.6250264644622803, 2.7523367404937744, 2.451972246170044, 2.663114309310913, 2.802731513977051, 2.4565417766571045, 2.555812120437622, 2.4693896770477295, 2.5194787979125977, 2.298708915710449, 2.34443998336792, 2.1252689361572266, 2.449732780456543, 2.2771999835968018, 2.2012577056884766, 2.2889950275421143, 2.428618907928467, 2.4210305213928223, 2.351494073867798, 2.383991003036499, 2.192142963409424, 2.2634992599487305, 2.261875629425049, 2.1348586082458496, 1.99370539188385, 2.2660036087036133, 2.3942551612854004, 2.3804004192352295, 2.2128946781158447, 2.2416415214538574, 2.335320234298706, 2.239731788635254, 2.2240447998046875, 2.147939682006836, 2.233017921447754, 2.045072317123413, 2.2021942138671875, 2.042743682861328, 2.3579039573669434, 2.144078016281128, 2.0974583625793457, 2.140277624130249, 2.4559295177459717, 2.052915096282959, 2.1250367164611816, 2.1959259510040283, 2.212737798690796, 2.1295361518859863, 1.8181264400482178, 1.9109524488449097, 2.398521900177002, 2.1374995708465576, 2.004945755004883, 2.1783790588378906, 2.053471803665161, 2.1429712772369385, 1.9369158744812012, 2.1270060539245605, 2.063462972640991, 2.0300447940826416, 1.743912696838379, 1.821451187133789, 2.0778698921203613, 1.7521120309829712, 2.202754020690918, 2.236720085144043, 1.8669103384017944, 2.2256736755371094, 1.7598057985305786, 1.9999206066131592, 2.005777359008789, 2.1428284645080566, 1.933394432067871, 1.7964136600494385, 1.9975862503051758, 1.8429791927337646, 2.170092821121216, 1.9664723873138428, 1.8424277305603027, 1.8747931718826294, 2.3472743034362793, 1.8310940265655518, 1.7865253686904907, 1.5823943614959717, 2.0378100872039795, 1.91837477684021, 1.8336256742477417, 2.045870304107666, 1.763911247253418, 2.102168560028076, 1.6145033836364746, 2.0787346363067627, 1.5014487504959106, 1.482227087020874, 1.8103505373001099, 1.4922287464141846, 1.6151810884475708, 1.8774263858795166, 1.855094313621521, 1.713051438331604, 1.6819270849227905, 1.417006254196167, 1.5629127025604248, 1.4644370079040527, 1.2927740812301636, 1.3661890029907227, 1.1276198625564575, 1.4445390701293945, 1.6567659378051758, 1.161036491394043, 1.325108289718628, 1.5205726623535156, 1.2852692604064941, 1.357446312904358, 1.0695412158966064, 1.115107774734497, 1.320062518119812, 2.2411158084869385, 1.2654203176498413, 1.0434412956237793, 1.257572889328003, 0.8702150583267212, 2.0209927558898926, 1.1597098112106323, 0.9570186138153076, 1.0490654706954956, 0.5066335797309875, 1.0123881101608276, 1.132380485534668, 0.47965821623802185, 0.45007336139678955, 0.31583648920059204, 0.7085790634155273, 0.05335858464241028, -0.37108734250068665], "n_epochs": 158}