{"aucroc": 0.043014338112704276, "aucpr": 0.00034867002306535706, "dataset": "34_smtp", "method": "soft", "test_ratio": 0.0003333333333333333, "train_ratio": 0.0003333333333333333, "labeled_anomalies": 1.0, "loe_loss": [5.412174224853516, 4.883713245391846, 5.0098419189453125, 6.122626304626465, 5.296454429626465, 4.413567543029785, 4.7222371101379395, 4.940556526184082, 4.843018531799316, 5.550922870635986, 5.538617134094238, 5.402332305908203, 5.180590629577637, 4.772356986999512, 4.725873947143555, 3.9617807865142822, 4.864571571350098, 5.433689594268799, 4.181509971618652, 5.10360050201416, 4.535892486572266, 4.523443222045898, 4.434031009674072, 4.682104110717773, 4.553322792053223, 3.9269280433654785, 5.441173076629639, 4.341696739196777, 4.546113014221191, 5.387961387634277, 3.691598892211914, 4.0992231369018555, 4.258836269378662, 4.199589252471924, 3.7469749450683594, 4.23433780670166, 4.375810146331787, 3.628908634185791, 4.11435079574585, 3.554421901702881, 4.456100940704346, 3.7158615589141846, 4.414958477020264, 4.236442565917969, 4.20034122467041, 5.028968334197998, 3.7265141010284424, 3.81121826171875, 4.027164459228516, 4.0052490234375, 3.6322131156921387, 4.150013446807861, 3.9579038619995117, 3.9819834232330322, 3.6145057678222656, 4.032017707824707, 3.7789390087127686, 4.485231399536133, 3.942354679107666, 4.2435173988342285, 3.8422327041625977, 4.191056251525879, 4.475780010223389, 4.195561408996582, 4.1221184730529785, 4.600922107696533, 4.359251022338867, 4.131284713745117, 4.742210388183594, 3.9593188762664795, 3.9361484050750732, 4.781014442443848, 4.161755561828613, 3.6674318313598633, 3.8568387031555176, 4.578453063964844, 4.204641819000244, 4.700739860534668, 4.345887184143066, 4.0547871589660645, 4.703121185302734, 4.0249505043029785, 3.540639877319336, 4.223341464996338, 4.484559535980225, 4.159627437591553, 4.25720739364624, 4.319403171539307, 3.659555435180664, 4.824922561645508, 3.752371072769165, 4.752076148986816, 3.9829509258270264, 4.438066005706787, 3.859950065612793, 4.230418682098389, 3.8526077270507812, 3.9450764656066895, 4.2470831871032715, 3.865891456604004, 3.9095444679260254, 4.159629821777344, 3.778831958770752, 3.738048553466797, 3.7732276916503906, 4.329394340515137, 4.008816242218018, 3.9631154537200928, 3.756469249725342, 4.172268867492676, 3.6262147426605225, 4.418720245361328, 4.225619316101074, 4.114452362060547, 4.1314802169799805, 3.5810883045196533, 3.923687696456909, 4.824331283569336, 4.497056007385254, 4.327206134796143, 4.597568511962891, 3.9812324047088623, 4.125695705413818, 3.6949689388275146, 3.9722957611083984, 4.146424293518066, 4.1913981437683105, 3.710428237915039, 4.290765285491943, 4.690032482147217, 3.8663077354431152, 4.154947280883789, 3.7447361946105957, 4.492903709411621, 3.796267032623291, 4.481744289398193, 5.148766994476318, 4.004769325256348, 3.6122026443481445, 3.941026449203491, 4.176583290100098, 3.728971481323242, 3.9091567993164062, 3.714301586151123, 3.8205411434173584, 4.266389846801758, 3.9508821964263916, 4.476003170013428, 4.150351047515869, 4.100677967071533, 3.6588432788848877, 4.201308250427246, 3.7685396671295166, 4.091739654541016, 4.153055191040039, 3.9147884845733643, 4.294277191162109, 4.257633209228516, 3.8963074684143066, 4.247395038604736, 3.9088242053985596, 3.7933099269866943, 3.984853982925415, 3.8170032501220703, 3.6930203437805176, 4.058747291564941, 3.955090045928955, 4.213594913482666, 3.6270148754119873, 3.580171585083008, 4.615995407104492, 3.8143351078033447, 4.158452987670898, 5.013943672180176, 3.8148767948150635, 3.89349102973938, 4.023758888244629, 4.3952531814575195, 4.25221586227417, 3.9739818572998047, 3.901852607727051, 3.5879552364349365, 3.648850440979004, 4.4680562019348145, 4.352879524230957, 4.243936538696289, 4.023412227630615, 3.986987352371216, 4.246579170227051, 3.828207015991211, 3.948821544647217, 5.130668640136719, 3.766939401626587, 3.7362027168273926, 3.7203269004821777, 3.790278196334839, 3.616433620452881, 3.8267340660095215, 3.9480223655700684, 4.434935569763184, 4.1035475730896, 4.088788032531738, 4.194939136505127, 5.2237443923950195, 4.116756439208984, 3.820554733276367, 3.625951051712036, 4.161929607391357, 3.958204507827759, 4.822943210601807, 4.095973968505859, 3.6579439640045166, 4.428634166717529, 3.541858196258545, 3.827185869216919, 3.6901912689208984, 4.259439468383789, 4.023854732513428, 3.8958635330200195, 4.572168827056885, 3.6268310546875, 4.333062648773193, 3.9353933334350586, 3.8503196239471436, 4.083934783935547, 4.437077045440674, 4.6126179695129395, 3.854665517807007, 3.9922890663146973, 3.896773099899292, 4.384090900421143, 4.442712783813477, 4.771794319152832, 4.1134138107299805, 4.0940632820129395, 4.406238555908203, 4.108980655670166, 3.7343053817749023, 4.113286018371582, 3.807767868041992, 3.8976612091064453, 4.057502746582031, 4.179991722106934, 4.175072193145752, 3.8127336502075195, 3.825511932373047, 4.1724653244018555, 4.358136177062988, 3.6600871086120605, 4.547057151794434, 3.766885757446289, 5.44104528427124, 4.600926399230957, 3.8576812744140625, 3.746670961380005, 3.843336582183838, 3.879542350769043, 4.532972812652588, 3.879807472229004, 3.604198455810547, 4.068979740142822, 4.811258792877197, 3.882033348083496, 3.672219753265381, 3.873260974884033, 4.295810222625732, 4.063793659210205, 4.5594658851623535, 3.729524850845337, 3.870608329772949, 3.6907949447631836, 3.743399143218994, 4.147632122039795, 4.0134172439575195, 4.659322261810303, 3.855062961578369, 4.149632453918457, 4.463108539581299, 3.738996744155884, 3.7769882678985596, 3.9313597679138184, 4.288325309753418, 3.827115058898926, 4.246267795562744, 4.281309127807617, 4.722660064697266, 3.8620715141296387, 4.08088493347168, 4.498295783996582, 3.841728925704956, 3.8434650897979736, 4.267098426818848, 4.151857376098633, 3.547804355621338, 4.302675247192383, 4.4858198165893555, 4.116593360900879, 3.9108939170837402, 4.467336177825928, 3.988865375518799, 3.892390012741089, 3.676548719406128, 4.283322811126709, 3.847902774810791, 3.827389717102051, 4.842133522033691, 4.060781478881836, 4.481935024261475, 3.717534065246582, 4.070819854736328, 3.68996524810791, 3.6326370239257812, 4.429720401763916, 4.342447757720947, 4.250892162322998, 4.292946815490723, 3.948951005935669, 4.139371395111084, 3.697279930114746, 4.148187637329102, 4.849198341369629, 4.012400150299072, 4.055041313171387, 3.9757795333862305, 3.9619224071502686, 4.001746654510498, 4.536574363708496, 3.923060417175293, 4.238621711730957, 4.459046363830566, 3.661674976348877, 3.6866743564605713, 4.416244983673096, 4.247326850891113, 4.440065860748291, 4.194934368133545, 3.9967291355133057, 3.983153820037842, 4.0530805587768555, 5.228015422821045, 3.6835367679595947, 3.954636335372925, 3.6550703048706055, 3.843554973602295, 4.387070178985596, 3.909301280975342, 4.547776699066162, 3.836786985397339, 4.178703308105469, 4.038569927215576, 3.931084156036377, 3.616476535797119, 3.7532460689544678, 4.452260494232178, 4.594998359680176, 4.038739204406738, 3.9095652103424072, 3.956533193588257, 3.880021572113037, 4.160547256469727, 3.6527109146118164, 4.580258369445801, 4.08688497543335, 4.07459831237793, 4.140863418579102, 3.9516263008117676, 4.754297256469727, 3.6554150581359863, 3.919712543487549, 4.052874565124512, 3.9498815536499023, 3.6515703201293945, 3.723196506500244, 4.405409812927246, 3.6555800437927246, 3.862636089324951, 4.12737512588501, 4.4054155349731445, 4.073807239532471, 3.630021810531616, 4.198695182800293, 4.005611896514893, 3.613156318664551, 3.869475841522217, 3.938957929611206, 3.7842793464660645, 4.6152544021606445, 4.147778034210205, 3.651693105697632, 3.7379703521728516, 4.619559288024902, 4.645336151123047, 4.206658840179443, 3.6530234813690186, 4.089208126068115, 4.251408576965332, 3.9215407371520996, 3.924529552459717, 4.053485870361328, 3.9161014556884766, 3.9793150424957275, 4.097627639770508, 3.879268169403076, 3.9695258140563965, 