{"aucroc": 0.043014338112704276, "aucpr": 0.00034867002306535706, "dataset": "34_smtp", "method": "blind", "test_ratio": 0.0003333333333333333, "train_ratio": 0.0003333333333333333, "labeled_anomalies": 1.0, "loe_loss": [5.801313877105713, 5.190065383911133, 5.397710800170898, 6.51616096496582, 5.605330944061279, 4.737913131713867, 5.030957221984863, 5.258808135986328, 5.177687644958496, 5.9212799072265625, 6.047691822052002, 5.716856956481934, 5.475708484649658, 5.074889183044434, 5.014875888824463, 4.247820854187012, 5.238250732421875, 5.782761573791504, 4.4610595703125, 5.456521987915039, 4.814709663391113, 4.792899131774902, 4.70756721496582, 5.022188186645508, 4.860994338989258, 4.2069597244262695, 5.791856288909912, 4.692660808563232, 4.81136417388916, 5.662655353546143, 3.9472219944000244, 4.421631813049316, 4.5286664962768555, 4.471601486206055, 4.019381999969482, 4.55908727645874, 4.634037017822266, 3.8831019401550293, 4.367984771728516, 3.595731735229492, 4.726318836212158, 3.982769727706909, 4.7262067794799805, 4.492400169372559, 4.4598517417907715, 5.3579254150390625, 4.015568733215332, 4.063038349151611, 4.348986625671387, 4.28496789932251, 3.699756622314453, 4.430769443511963, 4.180293560028076, 4.235247611999512, 3.9338011741638184, 4.45797872543335, 4.066143035888672, 4.812026500701904, 4.371829509735107, 4.483622074127197, 4.085944652557373, 4.495262145996094, 4.723324775695801, 4.454322338104248, 4.419427871704102, 4.91046142578125, 4.6171112060546875, 4.373154163360596, 5.003344535827637, 4.216304779052734, 4.176485061645508, 5.035725116729736, 4.410576820373535, 3.926229476928711, 4.116672039031982, 4.827702045440674, 4.4964494705200195, 4.938620567321777, 4.591092586517334, 4.3635640144348145, 5.011794090270996, 4.275437355041504, 3.8383030891418457, 4.47041130065918, 4.782322883605957, 4.394184112548828, 4.517775535583496, 4.557826042175293, 3.8928802013397217, 5.118764400482178, 3.9753165245056152, 4.995809078216553, 4.275392055511475, 4.671907424926758, 4.091487884521484, 4.468667984008789, 4.074707984924316, 4.205419063568115, 4.484985828399658, 4.1500983238220215, 4.127761363983154, 4.393548011779785, 3.9936788082122803, 3.9619712829589844, 3.9946258068084717, 4.564231872558594, 4.245431900024414, 4.249516010284424, 3.9733166694641113, 4.404949188232422, 3.903644561767578, 4.704579830169678, 4.465265274047852, 4.346554756164551, 4.4132561683654785, 3.7981674671173096, 4.16509485244751, 5.100478649139404, 4.800459384918213, 4.598718166351318, 4.894681453704834, 4.274716854095459, 4.3508195877075195, 3.927661418914795, 4.259604454040527, 4.373050689697266, 4.421450138092041, 3.8384299278259277, 4.586618900299072, 4.978106498718262, 4.0858964920043945, 4.406518459320068, 3.9611001014709473, 4.715850830078125, 4.012728691101074, 4.764723777770996, 5.429911136627197, 4.2259602546691895, 3.8308005332946777, 4.169872760772705, 4.402982711791992, 3.937565565109253, 4.139928340911865, 3.922297239303589, 4.033941268920898, 4.54388952255249, 4.156440258026123, 4.765759468078613, 4.38292121887207, 4.378713130950928, 3.747434616088867, 4.4298787117004395, 4.007465839385986, 4.324832439422607, 4.388119220733643, 4.135143280029297, 4.530843734741211, 4.487015724182129, 4.134370803833008, 4.476812362670898, 4.164547443389893, 4.008083343505859, 4.208883285522461, 4.091767311096191, 3.978454113006592, 4.307570934295654, 4.1761369705200195, 4.492112636566162, 3.839606285095215, 3.7977778911590576, 4.855890274047852, 4.0327019691467285, 4.394720554351807, 5.250383377075195, 4.039925575256348, 4.117293834686279, 4.406717777252197, 4.688258647918701, 4.5423383712768555, 4.229245662689209, 4.123662948608398, 3.6820974349975586, 3.8257532119750977, 4.7167649269104, 4.645184516906738, 4.481245994567871, 4.265512466430664, 4.223072528839111, 4.517454624176025, 4.042194843292236, 4.1832475662231445, 5.40504264831543, 3.9846079349517822, 3.834623098373413, 3.8038275241851807, 4.028665542602539, 3.852963447570801, 4.047590732574463, 4.162253379821777, 4.672066688537598, 4.380904674530029, 4.320199012756348, 4.4329376220703125, 5.511316776275635, 4.410515308380127, 4.112678527832031, 3.686037063598633, 4.395723819732666, 4.192760944366455, 5.105709075927734, 4.337276458740234, 3.8712830543518066, 4.664536952972412, 3.769177198410034, 4.079257011413574, 3.9022939205169678, 4.479314804077148, 4.246918678283691, 4.133734703063965, 4.849745750427246, 3.698112964630127, 4.567940711975098, 4.156044960021973, 4.0737080574035645, 4.3123955726623535, 4.663565635681152, 4.896755218505859, 4.07093620300293, 4.224093437194824, 4.165509223937988, 4.617910861968994, 4.673182964324951, 5.040594100952148, 4.344846725463867, 4.378401279449463, 4.63926362991333, 4.380069732666016, 3.950993061065674, 4.39351749420166, 4.03225040435791, 4.124820709228516, 4.278965950012207, 4.406712055206299, 4.447506904602051, 4.033450603485107, 4.042407512664795, 4.404010772705078, 4.590836524963379, 3.9432621002197266, 4.769171714782715, 3.9979324340820312, 5.7065815925598145, 4.815657615661621, 4.0813679695129395, 3.960357189178467, 4.076886177062988, 4.101677417755127, 4.765179634094238, 4.100090026855469, 3.816115140914917, 4.300716876983643, 5.090114593505859, 4.089166641235352, 3.8085498809814453, 4.088220596313477, 4.523979187011719, 4.335474967956543, 4.850199222564697, 4.002195835113525, 4.146742343902588, 3.824583053588867, 3.9472930431365967, 4.374533176422119, 4.281968116760254, 4.896953582763672, 4.083155155181885, 4.380040168762207, 4.74127721786499, 4.032199859619141, 4.053660869598389, 4.149599552154541, 4.547479629516602, 4.071544647216797, 4.47223424911499, 4.513141632080078, 5.093701362609863, 4.092669486999512, 4.306336402893066, 4.731209754943848, 4.052995204925537, 4.079684257507324, 4.507157325744629, 4.376331806182861, 3.6078848838806152, 4.533301830291748, 4.7754974365234375, 4.337903022766113, 4.183247089385986, 4.739996910095215, 4.220447540283203, 4.126019477844238, 3.8668136596679688, 4.549973487854004, 4.066020965576172, 4.0785603523254395, 5.118422508239746, 4.288505554199219, 4.710422039031982, 3.9408960342407227, 4.331269264221191, 3.9150257110595703, 3.709135055541992, 4.657547473907471, 4.592038154602051, 4.481417655944824, 4.53634786605835, 4.178591728210449, 4.4048967361450195, 3.831531524658203, 4.4099836349487305, 5.079355239868164, 4.261995315551758, 4.320712089538574, 4.187158584594727, 4.188337326049805, 4.271871566772461, 4.782042503356934, 4.151104927062988, 4.511693000793457, 4.742937088012695, 3.8991878032684326, 3.9005699157714844, 4.648148059844971, 4.512149810791016, 4.699185371398926, 4.424953460693359, 4.240791320800781, 4.256387710571289, 4.321243762969971, 5.497890949249268, 3.899538040161133, 4.166680812835693, 3.876797676086426, 4.058381080627441, 4.614107608795166, 4.177951335906982, 4.7746405601501465, 4.057613849639893, 4.402362823486328, 4.263689041137695, 4.175318241119385, 3.744081497192383, 3.954176902770996, 4.6699419021606445, 4.862431526184082, 4.259596347808838, 4.136788368225098, 4.160290241241455, 4.106541633605957, 4.378828525543213, 3.868447780609131, 4.848012924194336, 4.357361793518066, 4.2851080894470215, 4.356078624725342, 4.17603063583374, 5.030572414398193, 3.9263916015625, 4.143213748931885, 4.263425350189209, 4.226858615875244, 3.8616397380828857, 3.9468748569488525, 4.783258438110352, 3.8624513149261475, 4.087564468383789, 4.40073823928833, 4.638050556182861, 4.300870418548584, 3.9167680740356445, 4.431999206542969, 4.274106979370117, 3.8272838592529297, 4.082089424133301, 4.167046546936035, 3.8873159885406494, 4.852876663208008, 4.430340766906738, 3.7401156425476074, 4.023924827575684, 4.895998001098633, 4.923580169677734, 4.430530071258545, 3.7425990104675293, 4.325312614440918, 4.476143836975098, 4.143874645233154, 4.144136428833008, 4.280802249908447, 4.149042129516602, 4.203362941741943, 4.351423740386963, 4.115242004394531, 4.239002227783203, 5.61432409286499, 4.082605838775635, 4.222540855407715, 