{"aucroc": 0.5531392252406745, "aucpr": 0.41396553874482156, "dataset": "35_SpamBase", "method": "hard", "test_ratio": 0.3990498812351544, "train_ratio": 0.3990498812351544, "labeled_anomalies": 1.0, "loe_loss": [-12.519689559936523, -15.659149169921875, -13.030059814453125, -6.573493003845215, -6.52146577835083, -8.990211486816406, -13.683164596557617, -3.942909002304077, -35.48223114013672, -17.194660186767578, -12.822555541992188, -12.909013748168945, -10.88647747039795, -16.50478172302246, -10.926007270812988, -15.482293128967285, -13.78268814086914, -10.025138854980469, -21.14124298095703, -7.6344733238220215, -9.106188774108887, -3.8432228565216064], "n_epochs": 21}