{"aucroc": 0.548923935699298, "aucpr": 0.41065082040717, "dataset": "35_SpamBase", "method": "soft", "test_ratio": 0.3990498812351544, "train_ratio": 0.3990498812351544, "labeled_anomalies": 1.0, "loe_loss": [40.06053924560547, 35.55464553833008, 35.072391510009766, 28.080440521240234, 30.002708435058594, 34.61806106567383, 30.775983810424805, 34.164710998535156, 33.0728645324707, 31.884557723999023, 32.591957092285156, 31.312198638916016, 32.13778305053711, 31.845014572143555, 30.85982322692871, 31.048927307128906, 29.893354415893555, 32.152687072753906, 31.12343978881836, 32.285037994384766, 32.481834411621094, 29.676410675048828, 29.918649673461914, 29.228416442871094, 27.1914119720459, 32.18616485595703, 25.36901092529297, 28.988079071044922, 28.992359161376953, 26.649982452392578, 27.564437866210938, 20.33208656311035, 29.892574310302734, 28.057636260986328, 22.374675750732422, 22.343502044677734, 24.791757583618164, 26.343069076538086, 24.600242614746094, 26.901826858520508, 24.65989112854004, 20.460010528564453, 24.57265281677246, 26.827991485595703, 21.971942901611328, 24.016584396362305, 25.17660903930664, 26.49101448059082, 25.56696891784668, 26.013185501098633, 23.605712890625, 23.32538414001465, 24.858842849731445, 23.127094268798828, 21.718215942382812, 22.459503173828125, 22.933135986328125, 25.95087432861328, 22.61149024963379, 24.05333709716797, 23.054431915283203, 23.212034225463867, 21.325807571411133, 26.474451065063477, 23.957664489746094, 23.7280216217041, 25.63578987121582, 20.764902114868164, 25.572772979736328, 21.84777069091797, 24.39940643310547, 20.955429077148438, 23.674753189086914, 26.29066276550293, 23.589632034301758, 23.085548400878906, 25.306076049804688, 22.99959945678711, 24.968101501464844, 24.08715057373047, 23.101320266723633, 23.23261833190918, 24.44904327392578, 23.9469051361084, 25.53922462463379, 23.491588592529297, 23.473546981811523, 24.31321907043457, 19.495267868041992, 22.69926643371582, 22.429697036743164, 26.14155387878418, 24.509532928466797, 24.22360610961914, 24.900962829589844, 22.272794723510742, 23.682968139648438, 25.13168716430664, 22.78144645690918, 22.661880493164062, 20.058629989624023, 24.285625457763672, 23.1623477935791, 21.075679779052734, 20.640655517578125, 22.071557998657227, 20.872089385986328, 20.521987915039062, 23.562271118164062, 22.57972526550293, 21.956480026245117, 21.28359603881836, 20.482507705688477, 19.722963333129883, 16.167634963989258, 23.238130569458008, 22.56456756591797, 21.528545379638672, 20.69374656677246, 22.727813720703125, 22.063749313354492, 20.750904083251953, 20.994688034057617, 19.438657760620117, 21.184648513793945, 22.286951065063477, 15.994318008422852, 19.928516387939453, 22.582971572875977, 22.402873992919922, 20.64876937866211, 19.367679595947266, 19.798585891723633, 17.792129516601562, 20.736095428466797, 23.10328483581543, 21.132232666015625, 22.647384643554688, 22.817716598510742, 21.210163116455078, 21.14118003845215, 22.021541595458984, 21.7332763671875, 19.506519317626953, 19.95980453491211, 20.37721061706543, 20.223085403442383, 23.09840202331543, 21.595834732055664, 18.633987426757812, 20.609416961669922, 21.84844207763672, 20.18651008605957, 20.36846160888672, 21.01829719543457, 18.860769271850586, 17.74599266052246, 20.95581817626953, 11.5380859375, 21.079925537109375, 20.25341796875, 17.189655303955078, 20.806814193725586, 21.57045555114746, 20.415847778320312, 21.083051681518555, 16.214651107788086, 20.437835693359375, 19.048240661621094, 23.211772918701172, 16.952428817749023, 17.54945945739746, 19.527013778686523, 20.217504501342773, 20.02642059326172, 17.41727066040039, 20.613605499267578, 18.71815299987793, 17.68210220336914, 19.92585563659668, 19.332151412963867, 21.25708770751953, 19.674570083618164, 19.050378799438477, 21.240619659423828, 17.04444122314453, 19.38800621032715, 19.34280776977539, 21.775362014770508, 22.14457130432129, 20.022809982299805, 18.859262466430664, 20.364946365356445, 23.06746482849121, 21.036903381347656, 22.868999481201172, 21.731727600097656, 17.178422927856445, 17.761613845825195, 19.65483283996582, 22.55966567993164, 16.160898208618164, 19.275842666625977, 18.485143661499023, 20.790647506713867, 20.47202491760254, 20.884071350097656, 12.584267616271973, 19.798908233642578, 22.67481803894043, 21.945850372314453, 21.55234146118164, 19.70346450805664, 20.211166381835938, 17.924633026123047, 21.051910400390625, 19.274887084960938, 22.426551818847656, 20.41938591003418, 20.737550735473633, 21.30459213256836, 21.370166778564453, 18.779088973999023, 20.48412322998047, 20.641952514648438, 19.417545318603516, 18.88384246826172, 16.30013656616211, 17.72287940979004, 19.82042121887207, 17.67136001586914, 20.900527954101562, 21.1622371673584, 21.41725730895996, 21.83930206298828, 20.464412689208984, 20.788576126098633, 21.204275131225586, 20.22480010986328, 20.899784088134766, 15.937989234924316, 21.183847427368164, 21.009029388427734, 21.65854263305664, 18.10983657836914, 18.678539276123047, 21.57237434387207, 15.595465660095215, 16.274024963378906, 21.1765193939209, 14.93000602722168, 19.95089340209961, 18.568740844726562, 19.372488021850586, 19.814586639404297, 18.981853485107422, 20.06444549560547, 20.91999053955078, 16.863561630249023, 19.233888626098633, 21.144691467285156, 18.54644775390625, 21.330303192138672, 16.87562370300293, 16.684350967407227, 18.29698371887207, 17.742332458496094, 20.930797576904297, 19.998079299926758, 19.28907012939453, 16.334447860717773, 18.94978904724121, 13.50857925415039, 20.24317169189453, 18.976728439331055, 20.785324096679688, 14.117002487182617, 16.994169235229492, 17.07501983642578, 19.0155086517334, 19.785018920898438, 17.756671905517578, 17.839378356933594, 17.265832901000977, 19.4033203125, 13.55516529083252, 19.728252410888672, 18.203109741210938, 11.15483283996582, 18.908906936645508, 18.882545471191406, 19.032243728637695, 17.237167358398438, 15.274138450622559, 18.65627098083496, 18.861351013183594, 18.628429412841797, 20.372543334960938, 20.101207733154297, 18.058408737182617, 18.420557022094727, 17.9428653717041, 17.548973083496094, 17.225027084350586, 18.94431495666504, 14.270752906799316, 21.39449119567871, 17.926504135131836, 15.93680191040039, 19.752361297607422, 20.22956657409668, 17.314905166625977, 18.124521255493164, 20.603343963623047, 20.747940063476562, 16.25709342956543, 17.592769622802734, 12.52581787109375, 14.433037757873535, 21.93647003173828, 16.300907135009766, 20.765708923339844, 21.811447143554688, 20.554929733276367, 19.489484786987305, 19.325275421142578, 21.295589447021484, 19.25664520263672, 17.45867347717285, 21.221830368041992, 15.291596412658691, 18.27560806274414, 17.38837432861328, 18.923847198486328, 17.841449737548828, 20.66091537475586, 19.398040771484375, 18.111665725708008, 17.77760887145996, 18.693157196044922, 19.93402862548828, 18.32303237915039, 13.218976974487305, 20.012601852416992, 17.774559020996094, 15.705403327941895, 18.722923278808594, 16.927770614624023, 17.5020809173584, 17.010692596435547, 19.490402221679688, 18.79686164855957, 17.566675186157227, 20.486679077148438, 19.440885543823242, 17.362407684326172, 17.83970069885254, 15.728983879089355, 15.529472351074219, 18.247230529785156, 17.85149383544922, 18.62625503540039, 17.938995361328125, 19.087406158447266, 13.624695777893066, 8.500041007995605, 16.202356338500977, 12.932857513427734, 16.567943572998047, 16.605937957763672, 16.202293395996094, 16.863996505737305, 20.018369674682617, 15.588130950927734, 18.788991928100586, 13.131152153015137, 18.85892105102539, 18.425811767578125, 14.06623649597168, 17.82853889465332, 19.899044036865234, 13.871792793273926, 16.969324111938477, 20.612581253051758, 19.253036499023438, 19.910768508911133, 20.47203826904297, 20.935718536376953, 17.957740783691406, 18.97370147705078, 14.846046447753906, 15.372027397155762, 15.509004592895508, 16.852001190185547, 20.429229736328125, 17.55246925354004, 16.788341522216797, 