{"aucroc": 0.46982230392156854, "aucpr": 0.01759913212416384, "dataset": "36_speech", "method": "soft", "test_ratio": 0.0162748643761302, "train_ratio": 0.0162748643761302, "labeled_anomalies": 1.0, "loe_loss": [750.2210693359375, 757.44677734375, 759.6417846679688, 754.10986328125, 734.349365234375, 746.9113159179688, 748.0098876953125, 745.2063598632812, 727.2688598632812, 733.2245483398438, 727.8985595703125, 732.5189208984375, 719.3893432617188, 717.4814453125, 721.4566650390625, 715.2257690429688, 707.0534057617188, 711.4420776367188, 722.5443115234375, 697.6547241210938, 707.8914794921875, 701.3633422851562, 694.0877685546875, 705.8297119140625, 698.0894775390625, 693.8944702148438, 697.4745483398438, 690.57666015625, 685.1226196289062, 674.7018432617188, 700.6823120117188, 682.8941040039062, 684.00048828125, 676.00537109375, 686.0272216796875, 675.1388549804688, 673.4373168945312, 673.64892578125, 677.1349487304688, 672.4879150390625, 668.4317016601562, 672.522216796875, 664.0440063476562, 670.4019775390625, 660.6922607421875, 662.0286254882812, 652.5255737304688, 656.1491088867188, 654.8724365234375, 653.7489624023438, 654.3515014648438, 651.1836547851562, 643.8294677734375, 646.18310546875, 656.9603881835938, 648.2601318359375, 655.1368408203125, 643.5621948242188, 648.9908447265625, 650.8956909179688, 640.1228637695312, 645.1945190429688, 639.6808471679688, 642.7432250976562, 647.4660034179688, 647.518310546875, 646.9404907226562, 637.4193115234375, 637.8270263671875, 639.04931640625, 634.8251953125, 629.97119140625, 631.4906005859375, 632.9190673828125, 638.4725952148438, 641.69384765625, 637.5355224609375, 639.1165161132812, 633.927978515625, 624.4467163085938, 631.7987670898438, 631.4874877929688, 631.520263671875, 629.0636596679688, 625.649658203125, 628.25927734375, 627.1930541992188, 626.3973999023438, 623.0785522460938, 632.6844482421875, 632.3917846679688, 625.835693359375, 625.83349609375, 622.7401733398438, 627.8357543945312, 628.5553588867188, 625.0413818359375, 620.382080078125, 627.0157470703125, 616.4080810546875, 617.7514038085938, 614.320068359375, 607.7437133789062, 612.5104370117188, 619.766357421875, 613.81298828125, 609.2013549804688, 617.4366455078125, 619.0570678710938, 616.5612182617188, 609.7892456054688, 614.5447998046875, 617.8265380859375, 613.9343872070312, 609.5498657226562, 614.13232421875, 607.611328125, 609.3045043945312, 606.6046142578125, 606.636962890625, 603.8897094726562, 605.6494140625, 605.2020874023438, 606.4972534179688, 600.4002075195312, 607.3502197265625, 597.1309814453125, 608.6842041015625, 606.76123046875, 607.9624633789062, 609.3615112304688, 601.9105834960938, 606.008056640625, 607.4828491210938, 609.2709350585938, 603.7979125976562, 606.026123046875, 608.3078002929688, 607.628662109375, 604.256591796875, 600.3890380859375, 602.1159057617188, 608.390869140625, 605.734130859375, 601.6768798828125, 598.6239624023438, 607.8099975585938, 600.2108764648438, 598.4603271484375, 600.2449951171875, 598.5636596679688, 587.8999633789062, 599.1868896484375, 604.2680053710938, 595.2318115234375, 593.28271484375, 600.338134765625, 599.6910400390625, 603.4850463867188, 596.1297607421875, 596.51123046875, 592.3289794921875, 597.0040893554688, 587.0115356445312, 585.1017456054688, 595.3110961914062, 591.0966186523438, 590.3282470703125, 592.0843505859375, 592.9027709960938, 592.541259765625, 588.1803588867188, 580.8563232421875, 583.2355346679688, 585.6914672851562, 577.944580078125, 571.950927734375, 577.7101440429688, 577.9992065429688, 582.9348754882812, 580.6084594726562, 586.3794555664062, 588.8400268554688, 574.2619018554688, 575.0423583984375, 571.7340698242188, 582.3468017578125, 577.4987182617188, 579.29638671875, 576.4680786132812, 572.9192504882812, 573.0499267578125, 575.792236328125, 582.0263061523438, 579.7954711914062, 574.6246337890625, 572.7341918945312, 579.67724609375, 575.9466552734375, 579.5699462890625, 585.6921997070312, 579.604736328125, 577.7515869140625, 587.7137451171875, 580.762451171875, 582.6256713867188, 582.4615478515625, 568.927001953125, 573.09130859375, 577.2164306640625, 584.6848754882812, 580.1232299804688, 571.537109375, 578.5177001953125, 578.3076782226562, 577.82958984375, 579.9521484375, 583.5835571289062, 584.4132080078125, 573.0301513671875, 573.328125, 575.6880493164062, 579.5750732421875, 577.3848266601562, 579.9473876953125, 576.900634765625, 572.56201171875, 578.4304809570312, 576.9977416992188, 580.6690673828125, 575.8614501953125, 564.1640625, 577.2295532226562, 564.3488159179688, 575.7999267578125, 575.528076171875, 569.1752319335938, 574.6808471679688, 566.0011596679688, 567.010498046875, 568.4480590820312, 568.7249145507812, 572.720947265625, 576.4382934570312, 571.6224365234375, 570.6637573242188, 570.1744384765625, 571.8527221679688, 566.4000854492188, 569.8997192382812, 564.6859130859375, 576.3102416992188, 567.8214721679688, 564.6177978515625, 568.1697998046875, 575.482177734375, 570.9281005859375, 566.4827270507812, 570.27392578125, 563.4412841796875, 566.7861328125, 569.07763671875, 567.5427856445312, 571.8161010742188, 566.22802734375, 565.4620971679688, 565.859375, 559.639892578125, 561.8555908203125, 565.4576416015625, 568.6234741210938, 567.8358154296875, 570.8878173828125, 566.6759033203125, 563.3436889648438, 559.0184326171875, 561.6533203125, 564.5490112304688, 565.5547485351562, 553.0438232421875, 564.9736328125, 567.5123901367188, 560.9821166992188, 562.676025390625, 560.925537109375, 559.5675048828125, 561.232177734375, 553.9603881835938, 558.532958984375, 561.00927734375, 562.1915283203125, 567.2467041015625, 565.8677368164062, 559.2611083984375, 557.807861328125, 566.179443359375, 552.9503173828125, 571.3893432617188, 566.2802124023438, 561.5882568359375, 558.2281494140625, 559.6859130859375, 561.9820556640625, 557.8467407226562, 556.915283203125, 560.3406372070312, 559.6994018554688, 557.8541259765625, 552.745849609375, 553.5840454101562, 565.1176147460938, 556.4616088867188, 562.0062866210938, 565.92041015625, 564.8419799804688, 556.0538330078125, 561.8430786132812, 560.8633422851562, 556.807373046875, 565.5904541015625, 567.5872802734375, 562.998779296875, 560.7931518554688, 554.7822265625, 563.1581420898438, 567.6365356445312, 559.6104736328125, 558.8536376953125, 559.3102416992188, 561.9092407226562, 558.6390380859375, 560.3963012695312, 567.336181640625, 561.24462890625, 558.3531494140625, 552.2567138671875, 562.3846435546875, 555.49853515625, 562.316162109375, 561.3702392578125, 560.0892944335938, 560.583251953125, 566.4041137695312, 564.4158935546875, 557.0352783203125, 562.02880859375, 555.7999267578125, 561.2705688476562, 564.0784912109375, 562.7274169921875, 561.0081787109375, 558.7521362304688, 564.6287841796875, 563.62255859375, 563.2210693359375, 556.4019775390625, 559.8062744140625, 564.531005859375, 564.9296875, 559.6082763671875, 566.4374389648438, 549.496826171875, 566.1362915039062, 557.8909912109375, 564.1301879882812, 564.8139038085938, 572.8770751953125, 564.1985473632812, 556.2100830078125, 556.123291015625, 559.8434448242188, 552.1546630859375, 558.5531616210938, 561.2943725585938, 560.4425659179688, 559.62255859375, 564.240966796875, 556.1536865234375, 565.7387084960938, 563.4030151367188, 568.2884521484375, 565.2935180664062, 556.8638916015625, 555.6863403320312, 555.5325927734375, 559.408203125, 563.4555053710938, 559.8011474609375, 567.080078125, 559.506103515625, 558.6591796875, 556.1726684570312, 566.572509765625, 558.8128662109375, 565.7692260742188, 565.6450805664062, 550.6423950195312, 568.5862426757812, 563.8801879882812, 560.087158203125, 561.2628784179688, 561.2699584960938, 561.0880126953125, 557.2028198242188, 564.0772705078125, 557.5708618164062, 558.4647216796875, 560.478515625, 564.0968017578125, 557.2761840820312, 558.3017578125, 556.2931518554688, 561.0368041992188, 558.4904174804688, 555.3892211914062, 561.5335083007812, 555.1831665039062, 560.6988525390625, 557.6624145507812, 555.962890625, 