{"aucroc": 0.4726817810457516, "aucpr": 0.017325410123856213, "dataset": "36_speech", "method": "blind", "test_ratio": 0.0162748643761302, "train_ratio": 0.0162748643761302, "labeled_anomalies": 1.0, "loe_loss": [775.9515380859375, 783.4417724609375, 785.6361083984375, 781.449951171875, 759.0885009765625, 773.43994140625, 773.9996337890625, 770.5027465820312, 752.1485595703125, 759.51904296875, 752.5374755859375, 758.109130859375, 745.1796264648438, 743.3980712890625, 747.2456665039062, 741.1201782226562, 731.3204345703125, 734.4602661132812, 744.70556640625, 720.8011474609375, 731.04443359375, 724.2679443359375, 716.8487548828125, 730.48828125, 720.7796020507812, 716.8536376953125, 721.245849609375, 713.4271850585938, 708.276123046875, 696.998046875, 720.9969482421875, 703.3853759765625, 704.02099609375, 696.7137451171875, 707.6813354492188, 697.1531982421875, 696.824462890625, 699.0160522460938, 702.3832397460938, 697.3076171875, 693.1354370117188, 697.0523681640625, 688.052001953125, 694.8273315429688, 684.791015625, 685.8482055664062, 676.1825561523438, 679.792724609375, 678.4453735351562, 677.5820922851562, 679.5836791992188, 675.7730712890625, 666.5416259765625, 669.178466796875, 680.4310302734375, 671.3882446289062, 678.794189453125, 667.7232666015625, 672.9676513671875, 676.5101318359375, 665.0512084960938, 669.7042846679688, 664.0575561523438, 665.2296142578125, 669.6708984375, 666.2232666015625, 666.587890625, 656.987548828125, 658.9406127929688, 660.0966796875, 655.43701171875, 651.1460571289062, 651.0596923828125, 653.732666015625, 658.9086303710938, 662.0713500976562, 657.0791015625, 658.55419921875, 652.8920288085938, 642.7646484375, 651.135986328125, 649.3294677734375, 650.7314453125, 648.319580078125, 640.6729125976562, 646.4085693359375, 647.3286743164062, 644.9063720703125, 641.3406982421875, 651.2630615234375, 650.568115234375, 643.1617431640625, 643.1267700195312, 644.071044921875, 649.56982421875, 649.445068359375, 648.0902099609375, 641.8865966796875, 649.6903076171875, 636.7093505859375, 638.0968017578125, 636.5137939453125, 631.22314453125, 635.7992553710938, 642.0545043945312, 636.681884765625, 631.3504638671875, 641.73046875, 644.259521484375, 641.3465576171875, 635.7323608398438, 639.5858764648438, 642.1851196289062, 639.1124267578125, 634.4387817382812, 637.3698120117188, 632.301025390625, 635.147705078125, 633.16552734375, 632.0923461914062, 631.921142578125, 633.1886596679688, 632.3154907226562, 632.0259399414062, 622.7081909179688, 630.538330078125, 619.198486328125, 627.86669921875, 629.1744384765625, 630.927490234375, 630.4885864257812, 622.6371459960938, 627.597412109375, 626.0494384765625, 628.7605590820312, 623.2086181640625, 624.832275390625, 627.238037109375, 626.5839233398438, 620.1140747070312, 618.2738037109375, 621.4530029296875, 625.309814453125, 624.05126953125, 618.724365234375, 615.9971923828125, 624.2989501953125, 615.618408203125, 613.994140625, 618.5135498046875, 618.142822265625, 606.37255859375, 617.5211181640625, 622.848876953125, 612.8477783203125, 609.0986938476562, 616.7490234375, 614.9725341796875, 618.8700561523438, 611.6585083007812, 613.3428955078125, 608.35595703125, 612.9652099609375, 604.0634155273438, 602.9910888671875, 613.6075439453125, 607.9489135742188, 608.1536865234375, 608.3220825195312, 610.3243408203125, 610.6141357421875, 605.8933715820312, 600.7887573242188, 604.5202026367188, 605.9104614257812, 595.2587890625, 590.047607421875, 596.9292602539062, 601.5802612304688, 604.7736206054688, 601.9887084960938, 604.3775024414062, 607.741455078125, 594.8800048828125, 599.872314453125, 595.5767211914062, 604.8582763671875, 600.4161987304688, 602.5347900390625, 600.2735595703125, 597.6755981445312, 596.9935302734375, 600.4964599609375, 607.2544555664062, 604.862548828125, 599.65087890625, 593.007568359375, 601.1314086914062, 594.3867797851562, 599.0552978515625, 607.17041015625, 600.2061767578125, 598.208740234375, 607.8212280273438, 600.8546142578125, 600.6046142578125, 601.1790161132812, 588.6627197265625, 591.3248291015625, 593.909912109375, 599.4916381835938, 595.0694580078125, 587.6874389648438, 595.2703247070312, 595.33154296875, 593.3508911132812, 595.910400390625, 595.3233642578125, 599.078857421875, 590.1521606445312, 587.0135498046875, 594.7925415039062, 600.1348266601562, 595.3873901367188, 596.5098876953125, 594.453369140625, 591.3628540039062, 595.279541015625, 591.3184814453125, 600.0387573242188, 599.2601318359375, 591.9031372070312, 602.1546020507812, 589.3613891601562, 599.884521484375, 600.6021728515625, 594.6883544921875, 598.9886474609375, 590.0064086914062, 590.978515625, 590.5936889648438, 592.0551147460938, 594.3785400390625, 598.82373046875, 594.8692626953125, 591.2906494140625, 590.749755859375, 591.96533203125, 586.8201904296875, 590.4345703125, 584.7752685546875, 595.5114135742188, 587.6293334960938, 585.128662109375, 590.4395751953125, 599.4323120117188, 595.3164672851562, 589.3900146484375, 590.4153442382812, 583.5191650390625, 589.7540283203125, 590.5074462890625, 587.4560546875, 590.9385375976562, 584.981201171875, 589.1893310546875, 586.2750854492188, 579.515380859375, 583.7840576171875, 587.6387329101562, 589.24658203125, 586.223876953125, 590.2674560546875, 587.965576171875, 585.5521850585938, 581.6453857421875, 584.3556518554688, 586.71826171875, 589.2750244140625, 576.347900390625, 586.45068359375, 590.0138549804688, 582.1634521484375, 585.1909790039062, 584.8869018554688, 583.9990844726562, 585.8731689453125, 577.724609375, 583.5057373046875, 585.36474609375, 585.5313720703125, 589.193115234375, 587.9652099609375, 583.495361328125, 580.0906982421875, 589.2522583007812, 575.8244018554688, 592.3174438476562, 586.078857421875, 583.6777954101562, 580.40478515625, 580.3125, 584.5953369140625, 579.8619995117188, 577.9514770507812, 581.0445556640625, 581.189453125, 580.43896484375, 573.0914306640625, 573.9691772460938, 587.1732177734375, 578.0293579101562, 582.7178344726562, 586.2142333984375, 586.940673828125, 579.729736328125, 585.7278442382812, 582.6162109375, 579.3609619140625, 587.408203125, 588.9415893554688, 584.5703125, 582.546142578125, 576.8515014648438, 585.8499755859375, 591.1878662109375, 583.4288940429688, 584.5811767578125, 582.916748046875, 583.4481811523438, 580.5032958984375, 582.8162841796875, 591.5910034179688, 582.4678955078125, 578.1898803710938, 573.3359375, 583.709716796875, 577.6238403320312, 581.3709716796875, 581.2686157226562, 580.3707275390625, 579.3604736328125, 584.7943115234375, 582.696533203125, 575.3733520507812, 581.776123046875, 575.7134399414062, 579.6663208007812, 583.373046875, 581.4380493164062, 578.501708984375, 578.2867431640625, 584.1846313476562, 582.0025634765625, 582.9539184570312, 575.22607421875, 580.2628173828125, 583.997802734375, 583.3717041015625, 577.6112670898438, 585.1143798828125, 567.7118530273438, 583.70166015625, 577.46630859375, 583.375244140625, 583.2614135742188, 593.2569580078125, 582.3896484375, 575.9708251953125, 575.1124267578125, 579.8024291992188, 572.4807739257812, 579.3579711914062, 582.082275390625, 579.9047241210938, 579.2177124023438, 582.382568359375, 575.8096923828125, 583.5087280273438, 581.2476806640625, 585.2816162109375, 582.5831909179688, 575.0807495117188, 573.7811279296875, 572.6920776367188, 578.122802734375, 580.8775634765625, 577.9578247070312, 585.1639404296875, 576.704833984375, 576.4786376953125, 574.0040893554688, 583.8914794921875, 576.5062866210938, 584.1480102539062, 582.4998779296875, 568.7011108398438, 586.7117919921875, 581.5299072265625, 575.5692749023438, 578.5341796875, 578.9592895507812, 578.3067016601562, 574.1467895507812, 580.804443359375, 574.486572265625, 575.0470581054688, 577.08056640625, 581.3506469726562, 575.55224609375, 576.2155151367188, 575.1065673828125, 579.9326782226562, 576.7919311523438, 573.5179443359375, 579.5345458984375, 573.2349243164062, 579.638671875, 576.244140625, 574.4430541992188, 575.2362670898438, 582.5104370117188, 