{"aucroc": 0.4726817810457516, "aucpr": 0.017325410123856213, "dataset": "36_speech", "method": "soft", "test_ratio": 0.0162748643761302, "train_ratio": 0.0162748643761302, "labeled_anomalies": 1.0, "loe_loss": [750.2210693359375, 757.4366455078125, 759.7254028320312, 754.0591430664062, 734.3389892578125, 747.0474853515625, 748.429931640625, 745.4046630859375, 727.4368286132812, 733.7235717773438, 728.001220703125, 733.3851928710938, 720.2200927734375, 719.03369140625, 722.675537109375, 715.53515625, 707.6760864257812, 709.8941650390625, 721.3302001953125, 697.2277221679688, 707.25146484375, 700.73291015625, 693.2905883789062, 705.5047607421875, 698.002685546875, 693.04638671875, 697.6195068359375, 689.642333984375, 684.9068603515625, 674.5367431640625, 697.3654174804688, 680.8713989257812, 681.0615234375, 674.1766357421875, 684.88623046875, 675.0479736328125, 673.3351440429688, 675.4510498046875, 679.02490234375, 674.0682983398438, 670.6632080078125, 674.772705078125, 665.9744262695312, 672.62451171875, 662.719970703125, 663.2598266601562, 654.4378662109375, 657.4775390625, 656.6397705078125, 655.8489379882812, 656.3214111328125, 654.013427734375, 644.8308715820312, 647.2424926757812, 658.740478515625, 650.0618896484375, 657.1723022460938, 645.8890380859375, 651.2939453125, 653.6597900390625, 643.3168334960938, 648.1712036132812, 642.4234619140625, 643.2127685546875, 647.986083984375, 645.185546875, 644.6087646484375, 636.0969848632812, 637.2894287109375, 639.7495727539062, 634.0006103515625, 629.5690307617188, 629.959716796875, 632.7413330078125, 637.4502563476562, 640.9327392578125, 636.2450561523438, 637.1239013671875, 631.8638916015625, 621.8550415039062, 629.4960327148438, 628.6528930664062, 629.1900024414062, 627.7965087890625, 620.616943359375, 625.6641845703125, 626.367919921875, 623.8497924804688, 620.8363647460938, 630.4072875976562, 630.2229614257812, 622.6318969726562, 622.3128051757812, 623.1551513671875, 628.8165283203125, 629.0896606445312, 626.6270141601562, 621.5587158203125, 628.6992797851562, 616.2774658203125, 617.5364379882812, 616.0797729492188, 611.1787109375, 616.2860717773438, 621.98291015625, 616.364501953125, 610.6804809570312, 621.3900756835938, 622.902099609375, 621.088623046875, 615.1112670898438, 619.5126953125, 622.0455322265625, 618.6364135742188, 614.48583984375, 617.5689086914062, 612.3753051757812, 614.66015625, 613.0293579101562, 612.3363037109375, 611.7968139648438, 612.9427490234375, 612.4306030273438, 612.1974487304688, 603.3265380859375, 610.4760131835938, 599.2401123046875, 607.907958984375, 608.8324584960938, 610.2305908203125, 610.291015625, 602.235107421875, 607.4169311523438, 605.8807373046875, 608.6611328125, 602.7435302734375, 604.5323486328125, 607.0396728515625, 606.5217895507812, 600.4329223632812, 598.5473022460938, 601.8165283203125, 605.4920654296875, 603.7487182617188, 599.461669921875, 596.3187255859375, 605.0371704101562, 595.7681274414062, 594.811279296875, 598.675048828125, 598.6385498046875, 586.9461059570312, 597.4630737304688, 602.5814819335938, 592.919921875, 589.9210205078125, 596.572509765625, 595.0784301757812, 599.5921020507812, 592.0515747070312, 593.5802612304688, 588.7897338867188, 592.8607788085938, 583.6896362304688, 583.5610961914062, 593.93310546875, 588.141845703125, 588.4156494140625, 589.1285400390625, 590.9636840820312, 590.959716796875, 586.5303344726562, 580.8131103515625, 585.3055419921875, 585.5779418945312, 576.3333129882812, 570.9359741210938, 577.7116088867188, 582.5690307617188, 585.257080078125, 582.2410888671875, 583.906005859375, 588.5427856445312, 575.9151611328125, 580.3757934570312, 576.4577026367188, 585.1838989257812, 580.9906005859375, 583.0387573242188, 581.015625, 578.1212158203125, 577.9434204101562, 581.452880859375, 588.016357421875, 585.5615234375, 580.1326293945312, 573.880859375, 581.5750122070312, 575.2244262695312, 579.05029296875, 587.3201904296875, 581.3101196289062, 578.6668701171875, 588.6060180664062, 581.6683349609375, 581.1119995117188, 582.2765502929688, 569.8274536132812, 571.478759765625, 574.8113403320312, 579.6557006835938, 575.6480712890625, 567.9736328125, 575.9481201171875, 575.8339233398438, 574.37646484375, 576.2484741210938, 576.4808349609375, 579.7720947265625, 571.0856323242188, 568.3841552734375, 575.1896362304688, 580.74951171875, 575.0720825195312, 577.385498046875, 575.3685302734375, 571.7413330078125, 575.896240234375, 572.162109375, 581.302490234375, 580.2408447265625, 572.55517578125, 582.9553833007812, 569.3980102539062, 580.4632568359375, 580.9725952148438, 575.4922485351562, 579.9032592773438, 570.435302734375, 571.9879760742188, 571.7073364257812, 572.8622436523438, 575.1036987304688, 579.2627563476562, 576.1142578125, 571.7266845703125, 572.4033813476562, 572.5233764648438, 567.7091674804688, 571.743408203125, 566.1734619140625, 575.9295043945312, 568.3963012695312, 566.1687622070312, 570.4876708984375, 580.1727294921875, 576.0194091796875, 570.1690063476562, 571.5023803710938, 564.46923828125, 570.62744140625, 570.8090209960938, 568.360595703125, 571.3726196289062, 565.8348999023438, 569.120849609375, 567.5165405273438, 560.2743530273438, 563.8912963867188, 567.8449096679688, 570.3621215820312, 567.4032592773438, 571.5596923828125, 568.9043579101562, 565.890625, 563.013916015625, 565.5598754882812, 568.3049926757812, 569.4628295898438, 557.2984619140625, 567.54296875, 570.8939819335938, 563.0509033203125, 565.8070678710938, 565.1136474609375, 564.0089111328125, 567.1727294921875, 558.8262329101562, 564.2317504882812, 566.2008056640625, 567.2664794921875, 570.6295776367188, 569.2642211914062, 564.0889282226562, 561.0894775390625, 570.519287109375, 557.23583984375, 573.5589599609375, 567.62109375, 564.4383544921875, 561.794921875, 561.4549560546875, 564.8112182617188, 560.7205200195312, 558.7943115234375, 562.0135498046875, 562.34033203125, 561.2258911132812, 553.8880615234375, 555.2099609375, 568.5901489257812, 559.3859252929688, 563.6837158203125, 567.6057739257812, 567.785400390625, 560.6781005859375, 566.5965576171875, 564.0296020507812, 560.5775756835938, 568.4965209960938, 569.989501953125, 565.246337890625, 563.8314819335938, 558.01904296875, 566.1273193359375, 572.2314453125, 564.5940551757812, 565.802734375, 564.1741943359375, 564.0650024414062, 561.4121704101562, 563.4447021484375, 572.1195068359375, 563.5211181640625, 559.8150024414062, 554.1333618164062, 564.9127197265625, 558.702392578125, 562.899169921875, 562.7640380859375, 561.644287109375, 560.857666015625, 566.2261962890625, 563.312744140625, 556.3983764648438, 562.1863403320312, 556.3682250976562, 560.7017211914062, 564.32080078125, 562.0009765625, 559.5884399414062, 559.2099609375, 565.449951171875, 563.119873046875, 563.7319946289062, 556.5157470703125, 560.4562377929688, 564.3900146484375, 564.364501953125, 559.228759765625, 565.7549438476562, 549.132080078125, 564.72802734375, 558.2483520507812, 564.1680908203125, 564.5665893554688, 572.9490966796875, 563.7901611328125, 557.3053588867188, 556.5438232421875, 560.4786376953125, 553.5107421875, 559.8301391601562, 562.2384643554688, 560.334716796875, 559.9076538085938, 563.5924682617188, 556.8002319335938, 564.707763671875, 561.6302490234375, 566.433349609375, 563.945556640625, 556.4398193359375, 554.693115234375, 554.1243286132812, 559.4306640625, 562.3958740234375, 558.8732299804688, 566.2311401367188, 557.9819946289062, 557.1622924804688, 555.2308959960938, 564.813720703125, 557.3012084960938, 565.4176025390625, 563.7158813476562, 550.0501708984375, 567.583251953125, 562.773681640625, 556.7627563476562, 558.9722900390625, 559.9465942382812, 559.7281494140625, 556.113525390625, 562.1456909179688, 555.6298828125, 556.84326171875, 558.2119140625, 563.0886840820312, 556.709228515625, 557.6536254882812, 555.4581298828125, 559.8907470703125, 557.507080078125, 555.1934814453125, 560.6782836914062, 554.8600463867188, 560.38037109375, 557.7528076171875, 555.5709228515625, 555.552734375, 