{"aucroc": 0.474673202614379, "aucpr": 0.017839828297384838, "dataset": "36_speech", "method": "hard", "test_ratio": 0.0162748643761302, "train_ratio": 0.0162748643761302, "labeled_anomalies": 1.0, "loe_loss": [751.9327392578125, 752.474853515625, 738.5110473632812, 731.4623413085938, 733.2507934570312, 723.6031494140625, 742.16552734375, 728.0307006835938, 728.5948486328125, 714.7825317382812, 729.0276489257812, 714.7658081054688, 720.60791015625, 709.8712158203125, 709.0259399414062, 712.8924560546875, 701.4710693359375, 708.220703125, 708.2158203125, 703.085205078125, 705.3563842773438, 700.8406372070312, 694.1617431640625, 688.0137939453125, 673.3784790039062, 683.352294921875, 676.2864379882812, 675.1431274414062, 676.5843505859375, 676.4638671875, 686.7275390625, 668.1798095703125, 680.28955078125, 664.708984375, 672.4075927734375, 672.0699462890625, 670.3126220703125, 667.5177612304688, 665.83203125, 657.2686767578125, 661.8352661132812, 649.560791015625, 659.9888305664062, 650.0593872070312, 659.253662109375, 656.477294921875, 652.8609008789062, 643.9130859375, 645.2708740234375, 646.014892578125, 642.7050170898438, 640.4677124023438, 650.1593017578125, 638.3020629882812, 636.7172241210938, 633.24951171875, 639.6104125976562, 643.8770751953125, 635.3174438476562, 640.33349609375, 640.4928588867188, 635.698974609375, 630.5782470703125, 631.5277709960938, 632.1954345703125, 634.5037841796875, 628.5667114257812, 627.8423461914062, 632.0955810546875, 637.64501953125, 628.9810180664062, 622.3460693359375, 632.0308837890625, 627.1686401367188, 629.979736328125, 628.1041259765625, 625.826171875, 624.811767578125, 620.7440185546875, 621.447021484375, 622.2886962890625, 619.5714111328125, 621.7373046875, 617.5570068359375, 618.0494384765625, 616.6175537109375, 618.8584594726562, 616.9144287109375, 620.2479858398438, 611.3801879882812, 612.3099365234375, 611.82421875, 612.491455078125, 607.2863159179688, 605.5980224609375, 613.1173095703125, 608.2364501953125, 600.5479736328125, 602.5968017578125, 616.174560546875, 611.7655639648438, 603.5148315429688, 613.471923828125, 609.8901977539062, 611.353759765625, 606.4671020507812, 609.01123046875, 597.9913330078125, 600.3248291015625, 606.2257080078125, 599.658203125, 593.5746459960938, 600.947998046875, 593.2216796875, 601.3878784179688, 609.2227783203125, 598.4317016601562, 605.777587890625, 607.2642822265625, 595.0694580078125, 600.5093383789062, 602.8809814453125, 594.5906372070312, 598.343505859375, 599.3460693359375, 597.0248413085938, 594.5742797851562, 596.632568359375, 600.3567504882812, 589.2300415039062, 590.8412475585938, 591.4609375, 591.3474731445312, 593.3399047851562, 584.2730712890625, 588.7259521484375, 590.9930419921875, 591.3408203125, 590.7835693359375, 589.7830810546875, 594.78173828125, 586.22021484375, 592.958740234375, 588.3099365234375, 585.6456909179688, 590.1051635742188, 587.305419921875, 581.7156372070312, 580.4422607421875, 578.18798828125, 586.79833984375, 575.9447021484375, 581.1126098632812, 575.4983520507812, 582.953125, 583.865478515625, 586.630859375, 591.2259521484375, 582.05224609375, 586.0463256835938, 596.0877075195312, 582.41064453125, 591.47802734375, 585.8662719726562, 585.7745361328125, 586.4391479492188, 585.3778076171875, 576.62841796875, 583.0873413085938, 577.8019409179688, 581.9078979492188, 580.6715087890625, 580.7063598632812, 578.9310302734375, 577.3878173828125, 581.9650268554688, 584.55810546875, 581.9756469726562, 574.85888671875, 578.5191040039062, 584.1323852539062, 576.4506225585938, 576.6688232421875, 580.5408325195312, 588.2183227539062, 579.5260620117188, 571.8909912109375, 580.5726318359375, 577.4191284179688, 585.946533203125, 569.2568359375, 572.4310302734375, 575.640869140625, 568.9578247070312, 570.132568359375, 569.5831298828125, 578.2743530273438, 579.6965942382812, 574.728759765625, 572.2380981445312, 569.4373779296875, 571.1814575195312, 573.4324340820312, 567.6113891601562, 573.0429077148438, 575.490966796875, 572.5319213867188, 575.8222045898438, 576.5761108398438, 571.218017578125, 569.2318115234375, 566.3632202148438, 574.265869140625, 572.5745849609375, 566.447021484375, 569.7686157226562, 565.2830810546875, 565.4036254882812, 570.488037109375, 582.3662109375, 572.2314453125, 572.2689208984375, 571.7958374023438, 576.7383422851562, 572.4176025390625, 569.0478515625, 573.9896240234375, 571.8956909179688, 570.0084838867188, 567.2396240234375, 565.3204345703125, 572.2769775390625, 576.217041015625, 563.5994873046875, 562.9815673828125, 564.8948364257812, 564.876708984375, 570.0198974609375, 569.74609375, 567.1849365234375, 563.964111328125, 565.7105712890625, 559.694580078125, 565.1671142578125, 563.127685546875, 554.2630615234375, 561.8310546875, 566.2235107421875, 560.9050903320312, 565.813720703125, 557.1985473632812, 556.828125, 558.0026245117188, 562.6627807617188, 556.2723388671875, 569.4639282226562, 559.65576171875, 557.1405029296875, 560.8758544921875, 558.5639038085938, 564.517578125, 557.1055908203125, 568.301025390625, 564.2074584960938, 565.677001953125, 561.014892578125, 561.6154174804688, 560.4607543945312, 562.4559326171875, 558.8184204101562, 558.6823120117188, 556.078857421875, 557.7757568359375, 553.4588623046875, 560.032958984375, 550.7620239257812, 561.7678833007812, 564.4144897460938, 556.1973876953125, 551.9658203125, 555.1549072265625, 557.0234985351562, 553.6063232421875, 554.4926147460938, 556.9564208984375, 563.0670776367188, 557.5922241210938, 562.39501953125, 555.5736694335938, 549.9100341796875, 556.5220947265625, 548.5905151367188, 557.8657836914062, 558.3687744140625, 560.165283203125, 553.2667846679688, 545.5064697265625, 555.3633422851562, 557.3131713867188, 552.5651245117188, 551.841552734375, 562.7088623046875, 550.2015380859375, 548.641357421875, 544.4497680664062, 550.09130859375, 557.5966186523438, 555.8021240234375, 552.9259033203125, 555.0397338867188, 551.3666381835938, 561.0692749023438, 557.16015625, 555.5106811523438, 555.0553588867188, 554.7152709960938, 556.400634765625, 552.3512573242188, 548.970703125, 546.3594360351562, 549.0805053710938, 556.3934936523438, 546.9285278320312, 546.9694213867188, 549.142333984375, 555.768798828125, 551.411865234375, 563.9456787109375, 559.19580078125, 552.5468139648438, 550.1771850585938, 553.7412719726562, 558.5209350585938, 551.4253540039062, 552.5027465820312, 559.183837890625, 557.767822265625, 554.8597412109375, 549.00244140625, 548.9999389648438, 558.5799560546875, 551.4370727539062, 553.2584228515625, 556.8106689453125, 552.0853881835938, 547.0357055664062, 552.1033935546875, 558.7212524414062, 555.47509765625, 551.2523193359375, 551.6140747070312, 551.765380859375, 558.59716796875, 553.1273193359375, 549.244140625, 548.4697265625, 544.0904541015625, 547.459228515625, 552.3804321289062, 553.8543090820312, 549.1680297851562, 553.58056640625, 554.8919067382812, 552.8727416992188, 555.4227905273438, 558.2669677734375, 553.2708740234375, 554.327392578125, 551.7874755859375, 551.8948974609375, 554.9049682617188, 556.4293212890625, 548.5701904296875, 554.7593383789062, 545.7618408203125, 548.3163452148438, 552.8209838867188, 562.3690795898438, 548.7393798828125, 553.4989013671875, 552.3060913085938, 553.9163208007812, 549.8626708984375, 548.5960693359375, 553.2380981445312, 547.1170654296875, 561.2503051757812, 547.4564208984375, 563.01025390625, 561.2428588867188, 562.352294921875, 553.0474243164062, 558.1136474609375, 564.2966918945312, 559.007568359375, 562.6430053710938, 553.1260986328125, 557.3662719726562, 546.8682861328125, 556.3771362304688, 549.6525268554688, 549.79345703125, 556.2855224609375, 563.6807250976562, 558.6846923828125, 550.0174560546875, 545.640869140625, 555.1058349609375, 549.2420654296875, 550.470947265625, 560.4384765625, 558.9998779296875, 553.3291625976562, 555.7763061523438, 556.1979370117188, 555.7849731445312, 552.1192016601562, 554.7108764648438, 554.1219482421875, 552.046630859375, 548.50830078125, 551.2509155273438, 