{"aucroc": 0.4756433823529411, "aucpr": 0.01762438574280104, "dataset": "36_speech", "method": "soft", "test_ratio": 0.0162748643761302, "train_ratio": 0.0162748643761302, "labeled_anomalies": 1.0, "loe_loss": [750.2210693359375, 757.44677734375, 759.6448974609375, 754.194580078125, 734.58642578125, 747.0433959960938, 747.865966796875, 744.7989501953125, 727.254150390625, 732.8261108398438, 727.3341064453125, 731.7716674804688, 719.6266479492188, 717.8159790039062, 723.2172241210938, 715.2603759765625, 707.0104370117188, 709.6322021484375, 720.0358276367188, 695.7699584960938, 705.5662841796875, 698.8568725585938, 691.83251953125, 704.0014038085938, 696.7454223632812, 692.8115234375, 697.3772583007812, 689.2762451171875, 684.6451416015625, 674.3677978515625, 697.86865234375, 682.3938598632812, 681.21533203125, 672.58203125, 682.55615234375, 672.751953125, 671.4237060546875, 673.6852416992188, 676.181884765625, 672.1550903320312, 668.97265625, 673.2990112304688, 663.1848754882812, 669.911865234375, 661.684326171875, 662.0361328125, 653.2271728515625, 656.806640625, 654.5922241210938, 654.2317504882812, 655.02880859375, 652.3507690429688, 643.286865234375, 645.2748413085938, 657.322021484375, 647.6048583984375, 655.588134765625, 643.5890502929688, 647.9240112304688, 652.0589599609375, 641.184814453125, 646.04638671875, 639.4479370117188, 642.9618530273438, 646.0865478515625, 647.0271606445312, 647.7531127929688, 640.2698364257812, 641.5142211914062, 643.2059326171875, 638.0091552734375, 633.9154663085938, 633.1776123046875, 633.658447265625, 638.09326171875, 640.9846801757812, 638.0548095703125, 638.0527954101562, 633.5557250976562, 624.0745849609375, 632.0537719726562, 630.6708984375, 629.8742065429688, 628.1946411132812, 623.510009765625, 626.9933471679688, 625.3861083984375, 624.925537109375, 621.4498291015625, 631.3331298828125, 631.4927978515625, 623.4212036132812, 623.7477416992188, 621.9489135742188, 626.4683837890625, 627.0568237304688, 623.925048828125, 618.113525390625, 625.5031127929688, 615.539306640625, 614.8999633789062, 612.5505981445312, 606.732666015625, 610.7935791015625, 617.5513916015625, 611.188720703125, 605.90673828125, 614.383544921875, 619.8065185546875, 617.1791381835938, 612.57666015625, 617.5044555664062, 620.8252563476562, 617.2343139648438, 612.3161010742188, 615.207763671875, 609.6878662109375, 614.344970703125, 610.8994140625, 610.952392578125, 608.287841796875, 607.8682250976562, 607.6541748046875, 610.031982421875, 602.4180908203125, 609.15673828125, 599.7227783203125, 609.5103149414062, 608.9451293945312, 610.0527954101562, 611.4005737304688, 602.2398681640625, 606.37744140625, 605.7803344726562, 608.5328979492188, 603.6173095703125, 604.4537353515625, 604.5300903320312, 602.9317626953125, 598.5234985351562, 595.5850219726562, 598.1808471679688, 601.4449462890625, 600.6239013671875, 596.7407836914062, 593.7838134765625, 603.5361938476562, 593.6474609375, 592.4613647460938, 594.647705078125, 594.0113525390625, 583.9143676757812, 593.979248046875, 600.7108154296875, 588.6900634765625, 585.7122802734375, 594.8558349609375, 592.2792358398438, 595.4498901367188, 587.190185546875, 589.5513916015625, 585.9152221679688, 591.9769287109375, 581.9259033203125, 578.1030883789062, 589.8970947265625, 584.1871337890625, 583.623046875, 587.4315185546875, 587.5847778320312, 590.4492797851562, 585.1607666015625, 579.227294921875, 585.9427490234375, 588.4853515625, 577.3145751953125, 572.5221557617188, 581.1412353515625, 585.5770874023438, 585.4076538085938, 583.1068725585938, 583.6580810546875, 588.5645751953125, 576.8322143554688, 579.8065185546875, 576.1380004882812, 582.8679809570312, 578.7081909179688, 581.1192016601562, 578.7859497070312, 573.7813110351562, 573.088623046875, 576.250732421875, 587.0770874023438, 584.529541015625, 580.450439453125, 574.7272338867188, 582.6085815429688, 576.8486328125, 579.476318359375, 582.435302734375, 577.09228515625, 575.304443359375, 586.8086547851562, 579.8775024414062, 578.6149291992188, 579.750244140625, 572.869140625, 577.388427734375, 579.2988891601562, 586.2848510742188, 581.7154541015625, 573.7906494140625, 580.6162719726562, 578.5072021484375, 576.1416015625, 577.4810791015625, 579.9769287109375, 583.4346923828125, 574.4365234375, 572.6793212890625, 577.6602783203125, 581.2825317382812, 575.3418579101562, 578.8467407226562, 575.101318359375, 569.9322509765625, 573.6729736328125, 570.5542602539062, 577.8563842773438, 572.1804809570312, 562.316650390625, 574.5076904296875, 559.600830078125, 571.562255859375, 570.904052734375, 564.0254516601562, 569.069580078125, 562.3665161132812, 564.3065185546875, 564.7833862304688, 565.3792114257812, 565.7559204101562, 571.5667114257812, 572.48681640625, 573.4208984375, 573.5935668945312, 574.4173583984375, 571.8335571289062, 574.9024658203125, 568.4227905273438, 578.395751953125, 570.6806030273438, 567.1378784179688, 571.1141357421875, 577.7705078125, 572.5902099609375, 568.2442016601562, 570.2756958007812, 562.3923950195312, 566.5902099609375, 569.65185546875, 566.8990478515625, 571.1449584960938, 564.7151489257812, 567.5170288085938, 565.036376953125, 559.5712280273438, 562.2310791015625, 566.6856689453125, 568.0949096679688, 566.1016235351562, 570.6978759765625, 568.13037109375, 567.8746948242188, 563.8847045898438, 566.4375, 575.2843627929688, 576.1083984375, 562.8844604492188, 574.1867065429688, 576.3034057617188, 569.1655883789062, 570.7939453125, 568.9179077148438, 567.8555908203125, 570.4537963867188, 562.687255859375, 568.31103515625, 567.5178833007812, 568.9459228515625, 572.885986328125, 570.468994140625, 564.6654052734375, 562.2684326171875, 573.3001708984375, 561.5105590820312, 581.9583740234375, 576.3089599609375, 572.8661499023438, 568.044677734375, 567.8397216796875, 571.7377319335938, 566.1866455078125, 564.0230712890625, 568.454345703125, 566.7581787109375, 565.1322021484375, 558.4555053710938, 561.1304931640625, 572.0894165039062, 562.2981567382812, 567.3989868164062, 570.62841796875, 572.0033569335938, 562.6240234375, 567.4387817382812, 566.2888793945312, 562.7139892578125, 571.4378662109375, 571.9019165039062, 567.0113525390625, 564.0435180664062, 560.8217163085938, 567.1708984375, 573.7380981445312, 565.3001098632812, 564.079833984375, 564.55908203125, 565.9948120117188, 562.6953125, 564.0045776367188, 571.4256591796875, 564.0281982421875, 560.6790771484375, 555.607666015625, 565.4096069335938, 557.9913940429688, 564.076416015625, 563.4545288085938, 562.3673706054688, 561.769775390625, 567.3926391601562, 564.8704223632812, 557.1103515625, 563.7667846679688, 557.5491333007812, 561.8651123046875, 566.5227661132812, 564.687744140625, 561.78076171875, 560.4349365234375, 566.7070922851562, 565.1433715820312, 565.5306396484375, 557.744140625, 561.8722534179688, 565.8013305664062, 565.55126953125, 561.56494140625, 567.63720703125, 551.00146484375, 566.7194213867188, 559.9658813476562, 565.248779296875, 565.9915771484375, 574.4169921875, 564.1868896484375, 557.39599609375, 557.2954711914062, 560.5557250976562, 552.8721923828125, 560.322998046875, 562.3055419921875, 561.4266357421875, 560.3961791992188, 564.7576293945312, 557.8253784179688, 566.630615234375, 564.0262451171875, 568.3478393554688, 565.4139404296875, 556.9204711914062, 556.4462280273438, 555.7406005859375, 560.3400268554688, 563.683349609375, 559.913330078125, 566.731201171875, 559.9739379882812, 558.7171020507812, 556.389404296875, 566.3232421875, 559.7400512695312, 566.4443359375, 564.9813232421875, 552.2916259765625, 569.0186767578125, 564.0097045898438, 558.9453735351562, 559.93310546875, 561.6304931640625, 561.3123779296875, 556.703125, 563.4597778320312, 557.0243530273438, 558.4400634765625, 560.4133911132812, 564.2571411132812, 557.671630859375, 558.9706420898438, 557.1958618164062, 561.6561889648438, 558.9310302734375, 557.2139892578125, 562.7701416015625, 556.4371337890625, 561.9512939453125, 559.0806274414062, 557.5961303710938, 556.8067626953125, 