{"aucroc": 0.47703907952069713, "aucpr": 0.017609454106507855, "dataset": "36_speech", "method": "hard", "test_ratio": 0.0162748643761302, "train_ratio": 0.0162748643761302, "labeled_anomalies": 1.0, "loe_loss": [751.9327392578125, 752.4967041015625, 738.6381225585938, 731.4921875, 733.3560791015625, 723.5960693359375, 741.8333740234375, 727.7938232421875, 728.1318359375, 714.0798950195312, 728.4684448242188, 714.3695068359375, 720.592529296875, 709.9993286132812, 709.0733032226562, 712.4683227539062, 701.3572998046875, 707.3455810546875, 708.3865966796875, 703.195556640625, 705.6943359375, 700.3985595703125, 693.1055297851562, 686.999267578125, 672.890625, 683.2691040039062, 677.2591552734375, 675.2131958007812, 676.8544311523438, 676.5636596679688, 686.6668090820312, 668.6192016601562, 681.7528686523438, 665.7603149414062, 672.948974609375, 671.297607421875, 669.881591796875, 667.4262084960938, 665.338134765625, 657.4156494140625, 662.1331787109375, 650.6260986328125, 660.3759765625, 650.8236083984375, 659.8276977539062, 657.0930786132812, 652.3975219726562, 644.4349975585938, 645.3353881835938, 647.4208374023438, 644.3167114257812, 640.89404296875, 651.0498657226562, 639.33154296875, 638.868408203125, 635.24267578125, 642.8788452148438, 644.3563232421875, 634.2299194335938, 636.7786865234375, 638.6776123046875, 632.4842529296875, 630.1495361328125, 629.5504760742188, 628.950927734375, 632.25244140625, 626.9148559570312, 625.2069702148438, 630.4998168945312, 634.613525390625, 625.6902465820312, 618.509521484375, 627.7631225585938, 624.3278198242188, 627.4090576171875, 627.0377807617188, 626.25048828125, 625.126708984375, 620.1038208007812, 621.3085327148438, 622.673828125, 619.073486328125, 620.2588500976562, 616.3106079101562, 617.6326293945312, 614.733154296875, 619.17529296875, 616.6875610351562, 621.6661376953125, 612.1737060546875, 614.6766357421875, 613.8975830078125, 614.9459838867188, 608.5604248046875, 607.9647827148438, 615.34326171875, 610.521728515625, 601.705810546875, 604.2221069335938, 618.7379760742188, 612.6658325195312, 604.2913208007812, 613.7847900390625, 609.84912109375, 610.8885498046875, 607.5250244140625, 608.8863525390625, 598.20458984375, 602.3004760742188, 606.3226318359375, 601.2118530273438, 596.0416870117188, 602.9853515625, 594.12255859375, 600.425537109375, 606.7662963867188, 598.4984741210938, 602.9613037109375, 605.2844848632812, 594.0069580078125, 598.0065307617188, 600.0115356445312, 592.1431274414062, 593.8026123046875, 598.0978393554688, 597.1045532226562, 596.398681640625, 598.2906494140625, 603.9697265625, 592.187255859375, 595.4508056640625, 597.1148071289062, 595.3302001953125, 597.2435302734375, 587.0208129882812, 594.1236572265625, 598.9220581054688, 598.0054321289062, 597.3096923828125, 595.14306640625, 598.9891967773438, 591.659423828125, 597.0489501953125, 593.3175048828125, 594.5596313476562, 597.724853515625, 593.9667358398438, 590.6757202148438, 589.506591796875, 587.3292846679688, 594.7808837890625, 583.3855590820312, 586.6441650390625, 583.3759765625, 588.50830078125, 588.9194946289062, 586.86181640625, 592.8206176757812, 582.20751953125, 587.2488403320312, 595.0809936523438, 585.3763427734375, 593.12890625, 585.1290283203125, 585.6025390625, 589.40625, 590.1069946289062, 579.7489013671875, 586.0223999023438, 577.46240234375, 583.61669921875, 580.7781982421875, 581.9384765625, 579.079345703125, 578.1253051757812, 582.7013549804688, 584.5238037109375, 583.0004272460938, 574.0946044921875, 579.6648559570312, 584.361328125, 575.5023193359375, 574.8138427734375, 578.460693359375, 585.7420654296875, 576.7613525390625, 568.5009155273438, 578.8876953125, 574.3616943359375, 582.2166137695312, 567.5936279296875, 570.11572265625, 573.0096435546875, 568.421875, 567.53515625, 564.9529418945312, 570.2938232421875, 570.5462036132812, 566.42236328125, 564.8177490234375, 562.1116333007812, 564.049072265625, 566.245849609375, 558.5478515625, 564.4315795898438, 566.08544921875, 563.3660278320312, 566.1683959960938, 566.8543701171875, 564.505615234375, 560.656982421875, 558.113525390625, 566.3603515625, 565.8040161132812, 558.6912231445312, 562.415283203125, 559.3512573242188, 557.6013793945312, 562.4949340820312, 571.6492309570312, 563.451171875, 563.453369140625, 561.7765502929688, 563.1757202148438, 559.2669067382812, 556.3306884765625, 562.8974609375, 560.8999633789062, 558.5701904296875, 557.6620483398438, 556.3547973632812, 563.4322509765625, 565.6213989257812, 553.3760375976562, 553.1039428710938, 555.6166381835938, 556.2974243164062, 560.7116088867188, 562.025390625, 558.4634399414062, 557.6157836914062, 560.0635375976562, 553.5484008789062, 558.5188598632812, 555.9712524414062, 549.2101440429688, 556.9058837890625, 561.0350341796875, 556.097412109375, 559.11865234375, 550.579833984375, 549.9678955078125, 553.166748046875, 557.7728271484375, 551.0573120117188, 565.209716796875, 555.1136474609375, 551.7703857421875, 556.8193969726562, 553.8021850585938, 559.7677612304688, 552.8486328125, 563.0640258789062, 558.1825561523438, 559.2669067382812, 553.80517578125, 555.9513549804688, 555.75, 558.0896606445312, 553.3251953125, 553.471923828125, 551.535400390625, 554.0071411132812, 548.7864990234375, 553.9052734375, 546.5994873046875, 556.5325927734375, 559.7449951171875, 550.7045288085938, 547.4559326171875, 550.4127807617188, 552.6397094726562, 548.9151000976562, 549.8814086914062, 552.3819580078125, 557.2835693359375, 553.619384765625, 557.865234375, 551.990966796875, 547.0184326171875, 554.6890258789062, 545.8435668945312, 554.8184814453125, 555.0380249023438, 558.0363159179688, 550.8817138671875, 543.987548828125, 552.3826904296875, 556.2021484375, 550.9279174804688, 550.3328857421875, 560.9197387695312, 547.7213134765625, 548.813720703125, 543.5331420898438, 549.10400390625, 556.7667236328125, 555.6040649414062, 552.1673583984375, 553.3403930664062, 549.94775390625, 559.6028442382812, 556.1427612304688, 554.6828002929688, 554.048828125, 553.1602783203125, 554.9633178710938, 552.427978515625, 547.5491943359375, 545.7933349609375, 550.7850341796875, 554.89990234375, 547.7775268554688, 545.7764282226562, 549.2407836914062, 555.4722900390625, 547.76513671875, 561.3096313476562, 558.356689453125, 551.917236328125, 548.90185546875, 552.8583984375, 558.0344848632812, 550.984619140625, 552.19921875, 558.299560546875, 556.8941650390625, 554.24609375, 548.2522583007812, 549.1146240234375, 557.1233520507812, 551.2656860351562, 551.9937744140625, 555.2088012695312, 550.8767700195312, 545.2546997070312, 552.4242553710938, 558.3612060546875, 555.1934814453125, 553.3865966796875, 552.10693359375, 551.8748168945312, 561.7202758789062, 554.1784057617188, 549.5050048828125, 547.97265625, 544.3294677734375, 549.3715209960938, 554.1297607421875, 555.2506103515625, 549.7003173828125, 553.3817138671875, 555.5194091796875, 555.081787109375, 558.6196899414062, 561.164306640625, 555.0633544921875, 555.8046875, 554.7067260742188, 554.6375732421875, 556.927490234375, 557.0443725585938, 551.1414794921875, 555.720458984375, 548.3240966796875, 550.5155029296875, 554.8597412109375, 562.9866943359375, 550.7366333007812, 555.013671875, 552.6470947265625, 554.504150390625, 549.7440185546875, 547.9236450195312, 552.90185546875, 546.40673828125, 556.090576171875, 539.6694946289062, 554.3697509765625, 551.903564453125, 553.6226806640625, 545.75244140625, 548.2891845703125, 554.1614990234375, 550.8992919921875, 554.3311767578125, 545.2911376953125, 548.8901977539062, 538.727783203125, 548.4476318359375, 541.7347412109375, 540.9397583007812, 547.5861206054688, 555.2432861328125, 550.9564208984375, 542.290283203125, 537.0936279296875, 546.857421875, 542.0744018554688, 544.628662109375, 554.7381591796875, 551.6036376953125, 547.1934814453125, 548.464599609375, 550.1590576171875, 550.1498413085938, 546.146240234375, 547.895263671875, 548.2813110351562, 546.5037841796875, 543.2960205078125, 545.5899658203125, 546.362060546875, 552.3255615234375, 