{"aucroc": 0.47477532679738554, "aucpr": 0.0175065724408498, "dataset": "36_speech", "method": "soft", "test_ratio": 0.0162748643761302, "train_ratio": 0.0162748643761302, "labeled_anomalies": 1.0, "loe_loss": [767.5302124023438, 764.406005859375, 745.7113647460938, 747.8551025390625, 746.5286865234375, 755.5199584960938, 742.5477294921875, 725.7066040039062, 737.8770751953125, 735.8363037109375, 729.1640625, 730.0476684570312, 716.780029296875, 712.35107421875, 724.4788818359375, 716.7127075195312, 709.1123657226562, 713.5762939453125, 716.463134765625, 715.4265747070312, 701.3676147460938, 708.6751708984375, 699.390380859375, 698.498779296875, 706.8334350585938, 698.077880859375, 696.25146484375, 691.2459716796875, 689.7841796875, 681.4027709960938, 681.6200561523438, 697.8873901367188, 672.3901977539062, 674.9535522460938, 676.4141845703125, 679.1103515625, 676.0547485351562, 673.2672119140625, 676.9771728515625, 672.3718872070312, 671.066650390625, 668.058349609375, 663.5079345703125, 669.2538452148438, 665.5107421875, 665.322998046875, 666.2933349609375, 661.3389892578125, 660.3307495117188, 652.3587646484375, 648.0921630859375, 651.1427612304688, 653.6283569335938, 650.0038452148438, 655.476806640625, 660.3593139648438, 651.2979736328125, 644.6068725585938, 651.9055786132812, 642.1005859375, 645.0300903320312, 640.2191162109375, 644.83154296875, 640.1807861328125, 649.986572265625, 634.6571044921875, 649.242431640625, 639.8541259765625, 629.4722900390625, 634.0352172851562, 635.0484619140625, 630.3525390625, 635.1397705078125, 641.68408203125, 630.8468017578125, 632.314208984375, 640.4818115234375, 635.510986328125, 634.9613647460938, 636.353515625, 629.9711303710938, 631.576416015625, 639.8942260742188, 631.2599487304688, 627.0174560546875, 632.6679077148438, 625.0701904296875, 626.3899536132812, 617.3074340820312, 618.5568237304688, 621.7008666992188, 630.3092041015625, 620.2462158203125, 615.81689453125, 621.17041015625, 623.6060791015625, 612.7496948242188, 615.1602172851562, 608.9541625976562, 618.0706176757812, 621.6776123046875, 618.6234741210938, 611.6715698242188, 621.6678466796875, 612.4437255859375, 613.5892333984375, 614.681640625, 614.3101806640625, 614.3894653320312, 612.6102905273438, 607.5120849609375, 614.5560913085938, 615.1336669921875, 608.0409545898438, 610.81494140625, 608.54931640625, 613.092529296875, 612.2445678710938, 607.294189453125, 609.9600830078125, 603.14013671875, 605.202392578125, 605.6715087890625, 604.9551391601562, 606.802001953125, 606.1869506835938, 601.22509765625, 605.4791870117188, 597.0198974609375, 605.09375, 605.381103515625, 598.7129516601562, 601.110595703125, 605.2544555664062, 600.5699462890625, 600.830322265625, 597.4182739257812, 589.1710815429688, 596.1043701171875, 597.0332641601562, 598.724365234375, 599.083740234375, 590.50244140625, 596.65771484375, 592.198486328125, 596.9342041015625, 592.867431640625, 587.7447509765625, 595.1004638671875, 592.4296264648438, 602.5490112304688, 592.93408203125, 598.5897216796875, 594.7645263671875, 586.4535522460938, 590.2772216796875, 593.9007568359375, 592.0010986328125, 598.9695434570312, 587.282958984375, 590.5037231445312, 587.8289794921875, 590.875244140625, 595.8750610351562, 588.4986572265625, 588.3694458007812, 590.5986938476562, 599.4392700195312, 580.6859741210938, 591.351806640625, 585.2353515625, 578.3087768554688, 581.2568359375, 584.1143188476562, 589.2034301757812, 584.9172973632812, 585.4730834960938, 580.4559326171875, 579.53515625, 585.6512451171875, 585.6340942382812, 582.7890014648438, 580.733154296875, 581.7728271484375, 578.7736206054688, 582.3154907226562, 576.8431396484375, 574.9931640625, 578.6521606445312, 579.3181762695312, 565.6361083984375, 581.6837768554688, 574.7835083007812, 575.7736206054688, 568.5689697265625, 580.9503173828125, 577.4883422851562, 573.9835205078125, 583.312744140625, 576.5056762695312, 572.4674072265625, 574.1502685546875, 578.4359741210938, 578.4417114257812, 569.328369140625, 574.6284790039062, 570.05419921875, 571.1531372070312, 568.082275390625, 570.7671508789062, 572.885009765625, 582.5321044921875, 572.1064453125, 571.904541015625, 568.42822265625, 570.51708984375, 570.296630859375, 572.0146484375, 574.654052734375, 563.4010009765625, 569.1685180664062, 567.5278930664062, 570.7109375, 569.3724365234375, 565.2294921875, 563.7485961914062, 568.8040771484375, 568.4227294921875, 562.7340087890625, 569.5700073242188, 562.1149291992188, 570.0167236328125, 576.4806518554688, 572.4090576171875, 559.034423828125, 565.215087890625, 562.228759765625, 561.1417236328125, 566.5325927734375, 565.9509887695312, 563.2787475585938, 567.8636474609375, 561.72314453125, 562.93359375, 562.822509765625, 565.942626953125, 560.3372192382812, 567.8489379882812, 568.14990234375, 562.6724853515625, 573.7548828125, 567.4301147460938, 567.31640625, 566.6681518554688, 564.0862426757812, 560.0271606445312, 561.5645751953125, 567.4033203125, 564.9967041015625, 559.7890014648438, 562.751708984375, 562.9581298828125, 565.106201171875, 567.1722412109375, 565.413818359375, 565.1691284179688, 557.4346313476562, 563.7157592773438, 561.15283203125, 561.090087890625, 567.8849487304688, 560.770751953125, 551.6570434570312, 559.2522583007812, 561.0167846679688, 562.8611450195312, 562.3485107421875, 560.11572265625, 564.3260498046875, 562.6002197265625, 558.1577758789062, 563.8622436523438, 555.97216796875, 557.3199462890625, 560.6572265625, 566.7298583984375, 551.4464721679688, 563.7830810546875, 560.7903442382812, 557.8306884765625, 569.1112670898438, 563.052490234375, 564.9801635742188, 562.2395629882812, 556.0172729492188, 561.1613159179688, 562.1004638671875, 556.3500366210938, 552.9136962890625, 556.1212158203125, 562.984130859375, 553.1199340820312, 560.4369506835938, 561.5106201171875, 561.7269287109375, 553.118408203125, 550.95361328125, 541.7486572265625, 560.6214599609375, 558.4176025390625, 561.67578125, 561.3924560546875, 556.7738647460938, 562.11865234375, 553.7063598632812, 557.49755859375, 562.0506591796875, 555.0780639648438, 553.8018798828125, 558.014404296875, 560.7749633789062, 553.315673828125, 556.4556274414062, 555.6976928710938, 563.353759765625, 555.3512573242188, 561.3687133789062, 555.9204711914062, 560.1732177734375, 561.8777465820312, 548.4661865234375, 552.0564575195312, 549.013671875, 557.568603515625, 551.2113037109375, 557.95458984375, 558.9403686523438, 557.7846069335938, 555.9341430664062, 555.2632446289062, 557.4351196289062, 561.2125854492188, 553.8126220703125, 559.6310424804688, 559.3463745117188, 550.1975708007812, 560.07568359375, 551.3634643554688, 559.0243530273438, 563.3015747070312, 556.1600952148438, 561.8145751953125, 562.9478759765625, 546.697998046875, 554.2296142578125, 552.0601196289062, 557.2023315429688, 554.863525390625, 557.3692016601562, 548.47216796875, 554.306640625, 563.4462280273438, 551.7183227539062, 560.3961791992188, 555.5685424804688, 547.928466796875, 551.15771484375, 554.135009765625, 555.2484741210938, 548.107177734375, 550.5526123046875, 557.5384521484375, 557.6730346679688, 553.1600952148438, 553.3610229492188, 547.7915649414062, 552.8222045898438, 560.3511352539062, 553.3473510742188, 562.6458740234375, 555.53515625, 555.7224731445312, 561.6083374023438, 554.6477661132812, 558.7870483398438, 551.3728637695312, 559.770751953125, 555.4553833007812, 548.0352783203125, 544.5661010742188, 555.2656860351562, 546.4876708984375, 564.9674072265625, 562.3912963867188, 556.43505859375, 556.8571166992188, 556.679931640625, 557.5547485351562, 546.3148193359375, 557.4859619140625, 557.4911499023438, 562.4808349609375, 557.8077392578125, 556.626953125, 559.8051147460938, 551.263427734375, 556.7655639648438, 558.6513671875, 558.7467651367188, 559.0579223632812, 557.4246826171875, 554.3214721679688, 552.2845458984375, 558.5343627929688, 556.8736572265625, 558.1326904296875, 557.2192993164062, 558.010498046875, 550.8531494140625, 551.3966064453125, 550.7285766601562, 554.16259765625, 