{"aucroc": 0.849939393939394, "aucpr": 0.307400646369589, "dataset": "37_Stamps", "method": "hard", "test_ratio": 0.08333333333333333, "train_ratio": 0.08333333333333333, "labeled_anomalies": 1.0, "loe_loss": [12.156829833984375, 9.620651245117188, 8.765892028808594, 10.043327331542969, 10.57422161102295, 10.281646728515625, 8.410429954528809, 10.058972358703613, 8.999751091003418, 9.520406723022461, 7.933039665222168, 7.304679870605469, 7.671647548675537, 8.124234199523926, 7.493251323699951, 9.773050308227539, 7.142399787902832, 7.395081043243408, 8.497154235839844, 7.2017693519592285, 8.05309009552002, 7.419095039367676, 8.373929977416992, 8.839797973632812, 8.982084274291992, 6.1731038093566895, 8.854044914245605, 7.454927444458008, 7.418313503265381, 8.461142539978027, 7.159017562866211, 8.109585762023926, 8.051838874816895, 7.588735580444336, 7.791386127471924, 6.329404830932617, 7.229543685913086, 7.496005535125732, 8.153982162475586, 5.9851975440979, 5.565618515014648, 7.511343479156494, 7.279113292694092, 5.983551979064941, 5.742679595947266, 8.301558494567871, 7.824746131896973, 7.7354817390441895, 7.8620381355285645, 7.401523590087891, 6.1969075202941895, 6.4688873291015625, 6.653775215148926, 8.6676025390625, 8.010479927062988, 6.9305315017700195, 7.597370624542236, 7.973628520965576, 8.185376167297363, 7.991252899169922, 7.12139368057251, 5.627425193786621, 8.217792510986328, 5.344840049743652, 6.175476551055908, 7.760024547576904, 6.403106212615967, 4.793416976928711, 7.308922290802002, 7.641155242919922, 6.330118656158447, 6.835122108459473, 4.9241461753845215, 6.43125581741333, 7.784237861633301, 6.443601608276367, 7.9099440574646, 6.985570907592773, 6.385031700134277, 7.51455020904541, 6.42133903503418, 6.517965793609619, 8.089839935302734, 7.884871959686279, 7.453449249267578, 6.186046600341797, 6.028533935546875, 6.389352321624756, 7.554971218109131, 6.78164529800415, 6.513359069824219, 6.223885536193848, 7.129994869232178, 7.662723541259766, 6.857715129852295, 6.207955360412598, 7.889880657196045, 6.062640190124512, 6.615356922149658, 6.297616958618164, 8.092878341674805, 7.17581844329834, 6.892481327056885, 7.660305023193359, 7.114772796630859, 6.49879264831543, 6.719700813293457, 7.736250877380371, 7.189089775085449, 5.751773834228516, 7.091468334197998, 7.762022972106934, 7.007625102996826, 7.943111419677734, 4.839692115783691, 6.979895114898682, 7.472835063934326, 7.621724605560303, 7.326353073120117, 5.290383815765381, 7.301242351531982, 6.382926940917969, 7.346369743347168, 5.7948431968688965, 6.564284324645996, 6.281364440917969, 6.995992660522461, 6.296268939971924, 6.410337924957275, 6.661557197570801, 5.5467424392700195, 6.269410610198975, 6.725876808166504, 5.818873405456543, 6.322341442108154, 6.860774517059326, 6.717906475067139, 6.369772434234619, 5.360016345977783, 6.3911519050598145, 4.752080917358398, 5.025188446044922, 6.788536548614502, 6.828029632568359, 7.609688758850098, 5.485631465911865, 7.108258247375488, 6.81765604019165, 7.566357612609863, 7.394186973571777, 6.409549236297607, 7.06146764755249, 7.001814365386963, 6.9419708251953125, 6.42017126083374, 7.437222003936768, 5.920226573944092, 6.114415168762207, 6.084395408630371, 6.344121932983398, 6.819116592407227, 6.960959434509277, 4.149972438812256, 5.208383083343506, 5.727767467498779, 6.489271640777588, 5.142536163330078, 4.502582550048828, 6.694557189941406, 6.028218746185303, 6.017138481140137, 4.699775695800781, 5.726986408233643, 5.092731952667236, 6.716588497161865, 7.088022708892822, 5.529180526733398, 4.4107666015625, 6.93035364151001, 2.684098482131958, 4.710943698883057, 4.137754917144775, 5.601713180541992, 5.049866676330566, 4.662952423095703, 2.9082727432250977, 4.511582851409912, 5.050065040588379, 5.191006183624268, 6.497687339782715, 7.247314929962158, 6.641931056976318, 4.078488826751709, 5.361161708831787, 6.385403633117676, 5.451012134552002, 5.839289665222168, 5.354334354400635, 3.2843446731567383, 6.567497253417969, 6.375993728637695, 7.020894527435303, 3.36395263671875, 7.279646873474121, 2.9583048820495605, 4.830527305603027, 5.669888496398926, 5.333559036254883, 4.752875328063965, 7.1400909423828125, 3.69282865524292, 5.325523853302002, 4.176783561706543, 6.239465713500977, 5.163905143737793, 4.4757280349731445, 5.283507347106934, 5.574923992156982, 2.7629308700561523, 6.2845683097839355, 5.756099700927734, 6.537458419799805, 5.563688278198242, 5.215779781341553, 6.671880722045898, 4.553613662719727, 5.40910005569458, 5.306440830230713, 4.423000335693359, 5.000481605529785, 7.020914554595947, 3.1323318481445312, 6.474876880645752, 5.708122253417969, 2.4585089683532715, 3.1176483631134033, 5.649868488311768, 5.810210704803467, 6.566542625427246, 5.987130641937256, 4.419754981994629, 2.7322306632995605, 5.618523120880127, 3.1191658973693848, 5.027408123016357, 3.5552992820739746, 2.7586264610290527, 5.130849361419678, 6.258057117462158, 6.478944778442383, 5.325430870056152, 2.9323785305023193, 5.674313068389893, 5.237349510192871, 5.852716445922852, 5.769869804382324, 5.712540626525879, 4.4915266036987305, 1.173987865447998, 5.843308925628662, 6.6157660484313965, 4.530933856964111, 6.558204650878906, 4.764647006988525, 6.629668712615967, 5.225882053375244, 5.8188066482543945, 6.817980766296387, 5.042497634887695, 5.042230129241943, 5.560768127441406, 6.0808844566345215, 4.5379815101623535, 6.220994472503662, 6.529989719390869, 6.029962539672852, 5.856008529663086, 2.914888620376587, 5.159482002258301, 4.102997303009033, 3.9382665157318115, 1.1603176593780518, 4.693221569061279, 6.771702766418457, 6.359311103820801, 4.55208683013916, 6.2666707038879395, 5.165255546569824, 4.802367210388184, 6.067827224731445, 3.853616237640381, 4.431552886962891, 5.673938274383545, 3.1836650371551514, 2.68230938911438, 6.021606922149658, 6.4711079597473145, 4.483775615692139, 5.215982437133789, 6.237438201904297, 4.478630542755127, 5.822658061981201, 6.552377700805664, 6.3756232261657715, 5.010174751281738, 5.635592460632324, 4.460423946380615, 4.742943286895752, 4.346492290496826, 6.586696147918701, 6.462041854858398, 3.2569785118103027, 4.242883682250977, 5.480384349822998, 3.255662441253662, 5.8103532791137695, 6.164003849029541, 4.880276203155518, 5.4923834800720215, 6.015453338623047, 6.073976516723633, 5.159694194793701, 6.7274909019470215, 3.250767469406128, 3.5885939598083496, 4.440733909606934, 5.712544918060303, 3.870635986328125, 5.403496265411377, 5.631634712219238, 3.7725412845611572, 4.665327548980713, 3.127838373184204, 6.6122260093688965, 4.557957649230957, 4.279972076416016, 6.3938493728637695, 4.252747058868408, 5.508864879608154, 0.9034606218338013, 4.4906816482543945, 6.278298377990723, 4.279375076293945, 3.153120279312134, 5.4957427978515625, 5.522236347198486, 4.766881942749023, 2.0681066513061523, 2.59810733795166, 4.24498987197876, -0.2396354079246521], "n_epochs": 350}