{"aucroc": 0.7980121212121213, "aucpr": 0.2676444863036765, "dataset": "37_Stamps", "method": "soft", "test_ratio": 0.08333333333333333, "train_ratio": 0.08333333333333333, "labeled_anomalies": 1.0, "loe_loss": [14.098979949951172, 14.320825576782227, 13.184617042541504, 13.2451171875, 12.389327049255371, 11.935133934020996, 12.341602325439453, 11.92552375793457, 11.669185638427734, 11.645862579345703, 11.70683479309082, 11.047658920288086, 11.467595100402832, 11.063364028930664, 11.207487106323242, 10.472667694091797, 10.655545234680176, 10.617147445678711, 10.319318771362305, 10.772679328918457, 10.514273643493652, 10.636016845703125, 10.055133819580078, 10.40351676940918, 10.524309158325195, 10.685608863830566, 10.423577308654785, 9.968502044677734, 9.801337242126465, 9.947330474853516, 10.056464195251465, 9.761259078979492, 10.132381439208984, 10.119438171386719, 9.878610610961914, 9.78126049041748, 9.646053314208984, 9.471339225769043, 9.669482231140137, 9.563752174377441, 9.572473526000977, 9.529102325439453, 9.436938285827637, 9.628411293029785, 9.830652236938477, 9.777791023254395, 9.538830757141113, 9.445439338684082, 9.35468578338623, 9.63595962524414, 9.535350799560547, 9.266769409179688, 9.409610748291016, 9.383699417114258, 9.261573791503906, 9.448526382446289, 9.32376480102539, 9.674239158630371, 9.201693534851074, 9.095300674438477, 9.366477966308594, 9.245769500732422, 9.500880241394043, 9.651179313659668, 9.441909790039062, 9.202939987182617, 9.797351837158203, 9.47014331817627, 9.093435287475586, 9.29101276397705, 9.338102340698242, 9.140801429748535, 8.978677749633789, 9.359697341918945, 9.41185188293457, 9.41631031036377, 9.301322937011719, 9.196310997009277, 9.326518058776855, 9.021154403686523, 9.146289825439453, 9.089595794677734, 9.281734466552734, 9.38025188446045, 9.798240661621094, 9.029801368713379, 9.065250396728516, 9.096902847290039, 9.664648056030273, 9.404052734375, 9.312061309814453, 9.377482414245605, 9.11264705657959, 9.09217357635498, 9.580735206604004, 8.721449851989746, 9.130895614624023, 9.341282844543457, 9.124687194824219, 9.208913803100586, 9.00454044342041, 9.043131828308105, 8.75407886505127, 9.14063549041748, 9.226181983947754, 8.806354522705078, 8.950936317443848, 9.132047653198242, 9.020814895629883, 8.975921630859375, 8.906974792480469, 8.925222396850586, 8.471505165100098, 8.707158088684082, 9.105934143066406, 8.408413887023926, 9.205718040466309, 8.443825721740723, 8.630011558532715, 9.000360488891602, 8.97046947479248, 8.379353523254395, 8.65816879272461, 8.442719459533691, 8.181777954101562, 8.653950691223145, 8.846123695373535, 8.284843444824219, 8.90671443939209, 8.781486511230469, 8.505253791809082, 8.827455520629883, 9.054851531982422, 8.850834846496582, 8.80064868927002, 8.83395004272461, 8.910858154296875, 8.727008819580078, 9.099112510681152, 8.63233757019043, 8.607705116271973, 8.744604110717773, 8.678495407104492, 8.558394432067871, 9.047014236450195, 8.39833927154541, 8.900286674499512, 8.584321975708008, 8.918035507202148, 8.66084098815918, 8.70802116394043, 8.536884307861328, 9.025184631347656, 9.123705863952637, 8.69159984588623, 8.735422134399414, 8.571358680725098, 8.604119300842285, 8.321432113647461, 8.702856063842773, 8.551156044006348, 8.606812477111816, 8.850065231323242, 8.98984146118164, 8.578970909118652, 8.68366527557373, 8.786524772644043, 8.19442367553711, 8.220081329345703, 8.239261627197266, 8.73214054107666, 8.695981979370117, 8.808832168579102, 8.145742416381836, 8.48681640625, 8.421974182128906, 8.345392227172852, 8.652894020080566, 8.439769744873047, 8.673051834106445, 8.605315208435059, 8.322071075439453, 8.801097869873047, 8.241740226745605, 8.799118995666504, 8.427206039428711, 8.863532066345215, 8.738141059875488, 8.83420181274414, 8.689324378967285, 8.454288482666016, 8.355984687805176, 8.959823608398438, 8.808911323547363, 8.467013359069824, 8.66701889038086, 8.49492073059082, 7.986907482147217, 8.510979652404785, 8.781517028808594, 8.713644027709961, 9.293415069580078, 8.270575523376465, 8.347593307495117, 8.669429779052734, 8.674166679382324, 8.930563926696777, 8.72676944732666, 8.449846267700195, 8.873233795166016, 8.27761173248291, 8.853450775146484, 8.4354248046875, 8.463133811950684, 8.744576454162598, 8.405108451843262, 8.41978931427002, 8.309730529785156, 8.616619110107422, 8.281346321105957, 8.368511199951172, 8.28863525390625, 8.957925796508789, 8.786163330078125, 8.492753028869629, 8.620872497558594, 8.50588607788086, 8.372326850891113, 8.341577529907227, 8.245464324951172, 8.528114318847656, 7.920235633850098, 8.35116958618164, 7.9628448486328125, 8.689529418945312, 8.546826362609863, 8.302913665771484, 8.104198455810547, 8.557074546813965, 8.102615356445312, 8.451709747314453, 8.367820739746094, 8.552465438842773, 8.025994300842285, 8.61939811706543, 8.445114135742188, 8.667454719543457, 7.843634605407715, 8.578941345214844, 8.041031837463379, 8.18348503112793, 8.691997528076172, 8.359078407287598, 8.236276626586914, 8.494353294372559, 8.500140190124512, 8.18287467956543, 8.58974838256836, 8.434211730957031, 8.113842964172363, 8.43211841583252, 8.660154342651367, 8.297457695007324, 8.685637474060059, 8.44987964630127, 8.80225944519043, 8.12198543548584, 8.142719268798828, 7.994775772094727, 8.730545043945312, 8.654284477233887, 9.070259094238281, 8.370712280273438, 8.257347106933594, 8.785175323486328, 8.072296142578125, 8.582512855529785, 8.501338958740234, 8.368562698364258, 7.556983947753906, 8.516692161560059, 8.270071029663086, 8.280059814453125, 8.407387733459473, 8.222043991088867, 8.341647148132324, 8.034710884094238, 8.198087692260742, 7.9761481285095215, 8.131547927856445, 7.7646164894104, 8.215103149414062, 8.060543060302734, 8.59792709350586, 8.282608985900879, 8.329466819763184, 7.740235805511475, 8.369129180908203, 8.610210418701172, 8.5930814743042, 8.189092636108398, 8.50274658203125, 8.479778289794922, 7.981351852416992, 8.649252891540527, 8.244751930236816, 8.053229331970215, 7.520415306091309, 8.450235366821289, 8.656543731689453, 8.476487159729004, 8.358768463134766, 8.358686447143555, 8.118531227111816, 8.258973121643066, 7.581473350524902, 8.733352661132812, 8.499127388000488, 8.174287796020508, 8.786439895629883, 8.707390785217285, 7.9128570556640625, 8.347651481628418, 8.537797927856445, 8.1690034866333, 8.0337495803833, 8.273643493652344, 7.957110404968262, 7.886362075805664, 8.466018676757812, 7.812560081481934, 8.368592262268066, 8.558259963989258, 8.557631492614746, 7.762794017791748, 8.229982376098633, 8.243762969970703, 8.221719741821289, 8.307754516601562, 7.915647506713867, 8.20822811126709, 8.19505786895752, 8.437902450561523, 8.427391052246094, 8.246886253356934, 8.44668960571289, 7.988988876342773, 8.142526626586914, 8.354960441589355, 7.944122314453125, 8.201621055603027, 8.341506958007812, 8.2586088180542, 7.91523551940918, 7.906167030334473, 8.118603706359863, 8.487619400024414, 8.023713111877441, 7.811522483825684, 8.259181022644043, 8.539076805114746, 8.11999225616455, 7.440822601318359, 7.933076858520508, 8.258956909179688, 7.96308708190918, 8.155518531799316, 7.891188144683838, 7.884714126586914, 8.438063621520996, 8.363065719604492, 7.915300369262695, 8.328476905822754, 7.947912216186523, 8.382169723510742, 7.7781476974487305, 7.867717742919922, 8.201181411743164, 7.888181209564209, 8.53339958190918, 7.616140842437744, 7.918186187744141, 7.91330623626709, 8.365036964416504, 7.618016719818115, 8.409682273864746, 8.546915054321289, 8.220853805541992, 7.786861896514893, 7.927144527435303, 7.557440757751465, 8.393193244934082, 7.7497148513793945, 8.59494686126709, 8.733718872070312, 8.125221252441406, 7.989800453186035, 7.867491245269775, 7.974822044372559, 8.215530395507812, 8.228303909301758, 7.938672065734863, 8.271122932434082, 8.05042839050293, 7.7439374923706055, 8.388991355895996, 8.28264331817627, 8.843798637390137, 8.281588554382324, 7.6778082847595215, 8.515817642211914, 7.216672897338867, 