{"aucroc": 0.8258909090909091, "aucpr": 0.3471345261037087, "dataset": "37_Stamps", "method": "soft", "test_ratio": 0.08333333333333333, "train_ratio": 0.08333333333333333, "labeled_anomalies": 1.0, "loe_loss": [14.098979949951172, 14.328328132629395, 13.204399108886719, 13.253702163696289, 12.42624282836914, 11.970403671264648, 12.364490509033203, 11.962037086486816, 11.671212196350098, 11.67109489440918, 11.737899780273438, 11.100048065185547, 11.472012519836426, 11.091285705566406, 11.238178253173828, 10.541698455810547, 10.6549072265625, 10.682424545288086, 10.376187324523926, 10.782235145568848, 10.524942398071289, 10.65728759765625, 10.117684364318848, 10.423942565917969, 10.549301147460938, 10.687602996826172, 10.387639045715332, 10.027161598205566, 9.834951400756836, 10.01855754852295, 10.067873001098633, 9.810395240783691, 10.217153549194336, 10.189082145690918, 9.890443801879883, 9.859962463378906, 9.716496467590332, 9.522132873535156, 9.702040672302246, 9.608495712280273, 9.630569458007812, 9.584742546081543, 9.583242416381836, 9.726316452026367, 9.945777893066406, 9.83102798461914, 9.69692611694336, 9.595458984375, 9.483168601989746, 9.841609001159668, 9.69976806640625, 9.431138038635254, 9.496150970458984, 9.518149375915527, 9.43565845489502, 9.649884223937988, 9.544197082519531, 9.81136703491211, 9.405672073364258, 9.390450477600098, 9.578679084777832, 9.499552726745605, 9.676078796386719, 9.893669128417969, 9.638311386108398, 9.533129692077637, 9.89503288269043, 9.690637588500977, 9.422615051269531, 9.595841407775879, 9.615623474121094, 9.45910930633545, 9.289541244506836, 9.593640327453613, 9.682565689086914, 9.659377098083496, 9.638086318969727, 9.513649940490723, 9.68134593963623, 9.419808387756348, 9.463239669799805, 9.465051651000977, 9.744153022766113, 9.728425979614258, 10.101672172546387, 9.486359596252441, 9.53573226928711, 9.530353546142578, 9.894190788269043, 9.71024227142334, 9.69329833984375, 9.694005012512207, 9.513287544250488, 9.485280990600586, 9.834793090820312, 9.173389434814453, 9.498804092407227, 9.695845603942871, 9.518227577209473, 9.59968090057373, 9.427101135253906, 9.496966361999512, 9.272738456726074, 9.606319427490234, 9.650765419006348, 9.297484397888184, 9.429231643676758, 9.626832962036133, 9.431734085083008, 9.465970039367676, 9.427924156188965, 9.453851699829102, 9.07884407043457, 9.222087860107422, 9.512084007263184, 8.991363525390625, 9.612013816833496, 9.040729522705078, 9.17238998413086, 9.464057922363281, 9.506842613220215, 9.039319038391113, 9.204309463500977, 8.997353553771973, 8.846244812011719, 9.194302558898926, 9.364520072937012, 8.971892356872559, 9.37307357788086, 9.337979316711426, 9.133079528808594, 9.430118560791016, 9.561050415039062, 9.405899047851562, 9.306711196899414, 9.340901374816895, 9.480520248413086, 9.360261917114258, 9.598801612854004, 9.250876426696777, 9.172013282775879, 9.292369842529297, 9.21061897277832, 9.161493301391602, 9.538150787353516, 9.084845542907715, 9.427423477172852, 9.213093757629395, 9.46446704864502, 9.248899459838867, 9.267171859741211, 9.17725658416748, 9.53352165222168, 9.600202560424805, 9.268242835998535, 9.218472480773926, 9.112802505493164, 9.198186874389648, 8.939950942993164, 9.262727737426758, 9.182339668273926, 9.198471069335938, 9.395557403564453, 9.535412788391113, 9.274356842041016, 9.235581398010254, 9.433782577514648, 8.925923347473145, 8.94658374786377, 8.938334465026855, 9.27188491821289, 9.213889122009277, 9.281408309936523, 8.85191822052002, 9.175764083862305, 8.968023300170898, 9.028040885925293, 9.3441162109375, 9.188358306884766, 9.269685745239258, 9.227376937866211, 9.151190757751465, 9.24764347076416, 8.963004112243652, 9.360347747802734, 9.103562355041504, 9.434032440185547, 9.404031753540039, 9.393163681030273, 9.287773132324219, 9.141716003417969, 9.081611633300781, 9.509919166564941, 9.37005615234375, 9.120904922485352, 9.149857521057129, 9.098493576049805, 8.706807136535645, 9.214198112487793, 9.331642150878906, 9.317289352416992, 9.551284790039062, 8.933820724487305, 9.108821868896484, 9.240867614746094, 9.185662269592285, 9.441642761230469, 9.292036056518555, 9.026315689086914, 9.404929161071777, 8.90068244934082, 9.353901863098145, 8.981513023376465, 9.089359283447266, 9.278794288635254, 9.088643074035645, 9.130341529846191, 9.073729515075684, 9.150330543518066, 8.922481536865234, 9.012359619140625, 9.006967544555664, 9.461542129516602, 9.281845092773438, 9.022011756896973, 9.099784851074219, 9.016916275024414, 8.940543174743652, 8.901573181152344, 8.843480110168457, 9.084124565124512, 8.681013107299805, 8.941582679748535, 8.684517860412598, 9.273361206054688, 9.092872619628906, 8.935362815856934, 8.787792205810547, 9.08807373046875, 8.823936462402344, 9.051226615905762, 9.131085395812988, 9.132862091064453, 8.769237518310547, 9.192877769470215, 9.20938777923584, 9.289596557617188, 8.560133934020996, 9.152673721313477, 8.90316104888916, 8.85672378540039, 9.140448570251465, 8.927446365356445, 8.901041984558105, 9.101524353027344, 9.192048072814941, 8.799659729003906, 9.108339309692383, 8.967493057250977, 8.89919376373291, 8.959579467773438, 9.174152374267578, 8.917180061340332, 9.121984481811523, 9.07732105255127, 9.364259719848633, 8.968879699707031, 8.86229133605957, 8.820502281188965, 9.33041763305664, 9.314427375793457, 9.560500144958496, 9.063873291015625, 9.039714813232422, 9.421785354614258, 8.838010787963867, 9.343254089355469, 9.135171890258789, 9.013445854187012, 8.516539573669434, 9.19110107421875, 9.193856239318848, 8.926697731018066, 9.060408592224121, 8.846473693847656, 9.007205963134766, 8.743585586547852, 8.88249397277832, 8.805293083190918, 8.838541030883789, 8.634703636169434, 8.946778297424316, 8.808292388916016, 9.146072387695312, 8.926752090454102, 9.002152442932129, 8.625753402709961, 9.011367797851562, 9.353184700012207, 9.184064865112305, 8.967416763305664, 9.129632949829102, 8.96651840209961, 8.642306327819824, 9.164238929748535, 8.876813888549805, 8.733132362365723, 8.442522048950195, 9.121993064880371, 9.195411682128906, 9.092706680297852, 8.973243713378906, 8.95738410949707, 8.824789047241211, 8.903055191040039, 8.463111877441406, 9.178484916687012, 9.042794227600098, 8.81283950805664, 9.142675399780273, 9.30451774597168, 8.616661071777344, 9.059640884399414, 9.101444244384766, 8.761089324951172, 8.682745933532715, 8.908079147338867, 8.71884536743164, 8.536139488220215, 9.103853225708008, 8.651920318603516, 9.000646591186523, 9.082073211669922, 9.14039421081543, 8.496232986450195, 8.931479454040527, 8.878576278686523, 8.809361457824707, 8.855030059814453, 8.659525871276855, 8.979619979858398, 8.951292991638184, 8.960051536560059, 8.918338775634766, 8.906074523925781, 8.99783992767334, 8.71544075012207, 8.715561866760254, 9.091407775878906, 8.629234313964844, 8.842172622680664, 8.919407844543457, 8.85493278503418, 8.63815975189209, 8.627923011779785, 8.775483131408691, 9.003410339355469, 8.688036918640137, 8.43250560760498, 8.926612854003906, 9.051833152770996, 8.773932456970215, 8.329456329345703, 8.613198280334473, 8.89021110534668, 8.71526050567627, 8.793943405151367, 8.689765930175781, 8.686752319335938, 9.163922309875488, 8.972904205322266, 8.706804275512695, 8.948267936706543, 8.809296607971191, 8.994535446166992, 8.540124893188477, 8.62315559387207, 8.863749504089355, 8.912825584411621, 9.107955932617188, 8.56420612335205, 8.660415649414062, 8.72799301147461, 9.130753517150879, 8.453941345214844, 9.092100143432617, 9.160165786743164, 8.926483154296875, 8.658117294311523, 8.781248092651367, 8.416524887084961, 9.011116981506348, 8.600593566894531, 9.18732738494873, 9.310199737548828, 8.872148513793945, 8.868288040161133, 8.652326583862305, 8.646095275878906, 8.992768287658691, 9.087084770202637, 8.8020601272583, 8.999720573425293, 8.759572982788086, 8.651994705200195, 9.021560668945312, 8.938634872436523, 9.277599334716797, 9.152567863464355, 8.6860933303833, 9.065881729125977, 