{"aucroc": 0.9133454106280193, "aucpr": 0.38117452822747655, "dataset": "38_thyroid", "method": "blind", "test_ratio": 0.024734982332155476, "train_ratio": 0.024734982332155476, "labeled_anomalies": 1.0, "loe_loss": [14.046213150024414, 14.34232234954834, 13.050922393798828, 18.196887969970703, 10.852240562438965, 11.090851783752441, 11.540084838867188, 10.298093795776367, 10.798965454101562, 10.053976058959961, 10.880082130432129, 9.6939697265625, 9.381897926330566, 12.718923568725586, 9.409996032714844, 10.700304985046387, 9.815284729003906, 9.802576065063477, 9.745288848876953, 10.324544906616211, 10.045304298400879, 9.067344665527344, 8.649707794189453, 11.899820327758789, 12.641003608703613, 8.967228889465332, 8.854619979858398, 9.764385223388672, 9.740912437438965, 11.952116966247559, 9.35715103149414, 9.161772727966309, 9.257000923156738, 8.041197776794434, 8.998540878295898, 8.658485412597656, 9.482019424438477, 8.465612411499023, 10.154465675354004, 9.141469955444336, 8.164506912231445, 10.472761154174805, 8.650712966918945, 8.390321731567383, 8.7716646194458, 8.940947532653809, 8.539155960083008, 8.686134338378906, 9.311911582946777, 9.573800086975098, 8.891731262207031, 8.23570442199707, 8.68730354309082, 8.711065292358398, 11.105289459228516, 8.853790283203125, 8.496517181396484, 8.342567443847656, 8.314417839050293, 11.087295532226562, 10.392951965332031, 8.858644485473633, 8.610815048217773, 8.069730758666992, 8.082305908203125, 8.787216186523438, 8.236268043518066, 8.846551895141602, 8.47868537902832, 8.457792282104492, 8.03154182434082, 8.026389122009277, 8.17760944366455, 8.46705436706543, 8.360082626342773, 8.655351638793945, 8.410116195678711, 8.446921348571777, 8.169587135314941, 8.674872398376465, 8.178461074829102, 7.99662971496582, 9.979113578796387, 8.556427955627441, 7.985050678253174, 8.637125968933105, 9.059192657470703, 8.076976776123047, 8.284875869750977, 8.48060417175293, 12.320207595825195, 10.980374336242676, 10.895846366882324, 8.079084396362305, 8.858221054077148, 9.20652961730957, 9.699350357055664, 8.59493350982666, 8.120875358581543, 8.70960521697998, 7.975460529327393, 8.212824821472168, 8.991127014160156, 8.334566116333008, 8.077044486999512, 8.153064727783203, 8.416179656982422, 8.532970428466797, 9.022344589233398, 10.530734062194824, 9.37779712677002, 9.4888916015625, 8.61343765258789, 8.215174674987793, 9.389178276062012, 9.006235122680664, 9.248157501220703, 7.978908538818359, 8.282974243164062, 9.554769515991211, 8.967569351196289, 8.299620628356934, 7.975770950317383, 8.474303245544434, 9.369105339050293, 8.886967658996582, 8.976682662963867, 8.234429359436035, 10.088260650634766, 8.176936149597168, 7.765246391296387, 8.941976547241211, 8.514907836914062, 8.69465160369873, 8.63093376159668, 8.229874610900879, 8.494681358337402, 8.823812484741211, 9.151971817016602, 10.056256294250488, 8.206521987915039, 7.947193622589111, 8.826809883117676, 9.282340049743652, 8.071840286254883, 10.695728302001953, 8.798537254333496, 8.6936616897583, 11.006902694702148, 8.12298583984375, 7.770798206329346, 10.118670463562012, 8.120457649230957, 10.42711067199707, 9.283774375915527, 8.63315200805664, 10.189550399780273, 8.052040100097656, 8.812183380126953, 8.697755813598633, 8.319632530212402, 7.847804069519043, 8.54094123840332, 8.385622024536133, 7.935792922973633, 8.229504585266113, 8.195488929748535, 7.8010663986206055, 10.746719360351562, 8.417501449584961, 9.51037883758545, 7.693249225616455, 8.13496208190918, 8.780559539794922, 9.0735502243042, 8.669281005859375, 8.131577491760254, 8.956775665283203, 8.927318572998047, 9.355982780456543, 8.354730606079102, 7.659067630767822, 9.27560806274414, 8.06220817565918, 8.706432342529297, 7.84650993347168, 9.064960479736328, 7.845413684844971, 8.282747268676758, 7.6416802406311035, 7.839696407318115, 8.060178756713867, 8.158590316772461, 10.327621459960938, 7.927124977111816, 9.427465438842773, 7.734360694885254, 8.228375434875488, 7.903497695922852, 8.51131534576416, 7.88763427734375, 8.637743949890137, 7.758945465087891, 8.191143035888672, 8.4876070022583, 8.30591869354248, 9.789616584777832, 9.669395446777344, 8.168907165527344, 8.699213027954102, 8.290628433227539, 8.443556785583496, 8.563577651977539, 8.243396759033203, 8.464860916137695, 8.110551834106445, 7.756723880767822, 9.019393920898438, 8.546832084655762, 8.235522270202637, 8.291720390319824, 7.709728717803955, 8.620631217956543, 7.899483680725098, 8.785097122192383, 7.920600414276123, 9.747872352600098, 10.475212097167969, 9.854663848876953, 8.284281730651855, 10.75108528137207, 8.168386459350586, 8.315922737121582, 9.832337379455566, 7.7653350830078125, 8.116989135742188, 8.533690452575684, 9.389949798583984, 10.178046226501465, 7.809202194213867, 9.700465202331543, 8.019888877868652, 7.944899559020996, 8.527915954589844, 8.366349220275879, 7.818394660949707, 7.864164352416992, 7.914277076721191, 8.032763481140137, 8.749372482299805, 7.961838245391846, 8.152450561523438, 8.24145221710205, 7.646975517272949, 7.927240371704102, 8.187604904174805, 8.849332809448242, 7.923111915588379, 7.853133201599121, 7.9415130615234375, 8.063644409179688, 10.79117488861084, 7.77350378036499, 8.593328475952148, 8.01583480834961, 11.660955429077148, 7.777190208435059, 7.999791622161865, 8.557957649230957, 7.829133033752441, 7.719628810882568, 8.716377258300781, 7.99580717086792, 7.580492973327637, 8.042236328125, 8.390388488769531, 8.039588928222656, 7.841925621032715, 7.619332313537598, 9.866692543029785, 7.523263931274414, 8.66370677947998, 7.8679890632629395, 8.488472938537598, 10.618855476379395, 8.37295150756836, 8.32226276397705, 7.842347145080566, 8.272205352783203, 9.929654121398926, 7.948058605194092, 7.82947301864624, 7.715782165527344, 8.000404357910156, 7.899374485015869, 7.8457136154174805, 7.778009414672852, 8.119154930114746, 8.42756175994873, 8.399227142333984, 7.800804138183594, 8.07479190826416, 8.549755096435547, 8.690220832824707, 8.28990650177002, 8.30810260772705, 10.45554256439209, 7.56010103225708, 8.719213485717773, 7.696449279785156, 8.233016967773438, 8.080570220947266, 7.377111434936523, 7.760082721710205, 7.609682559967041, 8.20471477508545, 10.55178451538086, 8.063070297241211, 8.145188331604004, 8.288313865661621, 7.987847328186035, 8.57603931427002, 7.94680118560791, 7.794017314910889, 9.810657501220703, 8.08749008178711, 7.584625720977783, 8.043773651123047, 10.25463581085205, 9.184332847595215, 8.193561553955078, 7.684577941894531, 7.827911376953125, 7.795851230621338, 8.281097412109375, 8.138818740844727, 7.656606674194336, 9.050186157226562, 8.52334213256836, 9.440165519714355, 9.45761775970459, 7.561137676239014, 8.015340805053711, 8.600245475769043, 8.937837600708008, 8.68016242980957, 7.605034828186035, 9.858644485473633, 7.671987533569336, 8.031820297241211, 7.719882011413574, 8.221480369567871, 10.128052711486816, 7.933262825012207, 7.922224998474121, 7.650143146514893, 10.77085018157959, 7.627750873565674, 8.008678436279297, 8.265789985656738, 8.62352466583252, 8.04529094696045, 10.424610137939453, 7.730900287628174, 8.71626091003418, 7.678125381469727, 8.021048545837402, 7.306788921356201, 7.995030879974365, 8.247170448303223, 7.776163101196289, 10.047401428222656, 7.826772212982178, 8.354546546936035, 8.556139945983887, 7.725923538208008, 7.701784610748291, 8.262166976928711, 8.466485023498535, 8.678414344787598, 11.3406343460083, 7.734757423400879, 9.466924667358398, 7.3139777183532715, 9.259190559387207, 7.950460910797119, 7.66447114944458, 9.080682754516602, 8.729702949523926, 11.230531692504883, 7.789883613586426, 7.759513854980469, 7.822511196136475, 8.559735298156738, 7.797335624694824, 8.109376907348633, 9.347251892089844, 7.695558547973633, 8.158096313476562, 7.76662540435791, 7.731873512268066, 7.820612907409668, 8.64377498626709, 7.5089240074157715, 7.247246265411377, 8.330343246459961, 8.018394470214844, 9.030187606811523, 8.21449089050293, 7.514561176300049, 