{"aucroc": 0.9423956176673567, "aucpr": 0.4539547629519933, "dataset": "38_thyroid", "method": "soft", "test_ratio": 0.024734982332155476, "train_ratio": 0.024734982332155476, "labeled_anomalies": 1.0, "loe_loss": [12.846681594848633, 12.085018157958984, 11.294205665588379, 10.251338005065918, 9.886281967163086, 9.982404708862305, 9.46535873413086, 9.086776733398438, 9.002289772033691, 8.972694396972656, 8.847162246704102, 8.733748435974121, 8.590361595153809, 7.606998443603516, 8.394271850585938, 9.242960929870605, 8.334941864013672, 8.79961109161377, 7.472153186798096, 8.224834442138672, 7.581793785095215, 7.980114459991455, 7.672423362731934, 6.955193042755127, 7.530022621154785, 7.940550327301025, 8.01081371307373, 7.963308334350586, 7.470280170440674, 7.830429553985596, 8.28547191619873, 7.626430511474609, 7.515133857727051, 7.088815689086914, 7.73383092880249, 7.645806789398193, 7.477849960327148, 7.375524520874023, 7.771755695343018, 7.403939247131348, 7.276301383972168, 7.49767541885376, 7.362475872039795, 7.191662788391113, 7.53265905380249, 7.8975324630737305, 7.372163772583008, 7.390157699584961, 6.647815227508545, 6.89147424697876, 7.37993049621582, 7.209674835205078, 7.35005521774292, 7.596748352050781, 6.744165420532227, 7.673139572143555, 7.5314435958862305, 6.998998641967773, 7.271148204803467, 6.608205318450928, 6.296250343322754, 7.2928314208984375, 6.840310096740723, 7.128668785095215, 7.107973098754883, 6.507591724395752, 7.2888946533203125, 6.778890609741211, 6.827903747558594, 6.771851539611816, 7.078734397888184, 6.586369037628174, 7.182845115661621, 7.598280429840088, 7.009334564208984, 7.283015251159668, 6.942668914794922, 6.793774127960205, 7.250058650970459, 7.366792678833008, 7.091175556182861, 6.9776411056518555, 7.773600101470947, 7.34420108795166, 6.769137859344482, 7.407230854034424, 6.776988506317139, 7.158085823059082, 7.295141220092773, 7.333949089050293, 6.229468822479248, 7.768074035644531, 6.541738510131836, 7.097055435180664, 7.137237548828125, 7.249546051025391, 6.295244216918945, 6.867094993591309, 7.106198787689209, 7.094949245452881, 6.947062015533447, 6.934513568878174, 7.02193546295166, 7.122069358825684, 6.951574325561523, 6.88427209854126, 6.880249500274658, 6.890924453735352, 7.362175464630127, 6.524514675140381, 6.3882856369018555, 7.544684886932373, 7.117788791656494, 6.874555587768555, 6.573079586029053, 7.131716728210449, 6.629183769226074, 6.960537910461426, 7.092959403991699, 7.199380874633789, 7.187438011169434, 7.166317462921143, 6.686374187469482, 6.944832801818848, 7.411580562591553, 7.061361312866211, 7.1262946128845215, 7.117674827575684, 6.634256362915039, 7.099636077880859, 6.687276363372803, 7.150533199310303, 7.1383748054504395, 6.785218238830566, 7.022730827331543, 6.998515605926514, 6.707618713378906, 6.723349571228027, 6.847962379455566, 6.562547206878662, 6.866033554077148, 7.007535457611084, 7.178468704223633, 6.890240669250488, 7.073849678039551, 6.415027141571045, 7.458950996398926, 6.848179817199707, 6.195436477661133, 6.786682605743408, 6.7760796546936035, 6.16319465637207, 7.04639196395874, 6.078390121459961, 6.9410929679870605, 7.436135292053223, 6.505955696105957, 6.984324932098389, 7.245224952697754, 7.426301956176758, 7.308884143829346, 6.747186183929443, 7.115012168884277, 7.060308933258057, 6.923489570617676, 6.879202842712402, 6.87156867980957, 6.896490573883057, 6.795805931091309, 6.580145835876465, 7.28477144241333, 6.6741838455200195, 6.857367038726807, 7.330611228942871, 6.963851451873779, 7.240077972412109, 6.866127014160156, 7.157829284667969, 7.257570743560791, 6.310890197753906, 6.950620651245117, 6.726729869842529, 6.888841152191162, 6.504909038543701, 7.209827899932861, 6.374592304229736, 6.438817024230957, 6.689219951629639, 6.967671871185303, 6.516962051391602, 6.861947059631348, 6.807063102722168, 6.635032653808594, 6.445239067077637, 6.609636306762695, 6.476823806762695, 6.847624778747559, 6.939540386199951, 6.893435478210449, 6.960237503051758, 6.7107672691345215, 6.76125431060791, 6.733983039855957, 6.856396198272705, 6.810580730438232, 6.997057914733887, 6.413588523864746, 6.403309345245361, 6.751570701599121, 7.0990777015686035, 6.823746681213379, 7.019662380218506, 6.698264122009277, 6.8853607177734375, 6.724723815917969, 7.047470569610596, 6.5349249839782715, 7.2306060791015625, 6.927772521972656, 6.873817443847656, 7.084587574005127, 6.6767072677612305, 7.0658464431762695, 6.796950817108154, 6.830737590789795, 6.68397855758667, 6.380035400390625, 6.586573600769043, 5.717177867889404, 6.932293891906738, 5.856692790985107, 6.741140842437744, 6.649788856506348, 6.456443786621094, 6.787896633148193, 7.053792953491211, 6.455854892730713, 6.742940902709961, 6.850630760192871, 6.7701735496521, 6.227346897125244, 6.990865707397461, 6.382916450500488, 6.869348049163818, 6.841006755828857, 6.768458366394043, 6.74958610534668, 6.616277694702148, 6.3346428871154785, 6.800109386444092, 6.503332614898682, 6.799575328826904, 6.7088093757629395, 6.439383506774902, 6.899927139282227, 7.263095855712891, 7.576892375946045, 6.928982734680176, 6.6284284591674805, 6.8027567863464355, 6.8220624923706055, 6.320273399353027, 6.864163398742676, 7.180784225463867, 6.994030952453613, 6.376357078552246, 6.87459659576416, 6.858212471008301, 6.918295383453369, 6.819974422454834, 6.397192478179932, 7.144937992095947, 6.776700496673584, 6.415339469909668, 6.698974609375, 6.3095316886901855, 7.093659400939941, 6.818826675415039, 6.493038654327393, 7.45719051361084, 6.534272193908691, 7.357086658477783, 6.861355304718018, 7.043196678161621, 6.805514335632324, 7.018848419189453, 7.033094882965088, 6.58868408203125, 7.1901044845581055, 6.153562545776367, 6.526565074920654, 6.646032333374023, 6.688642501831055, 6.6468939781188965, 6.803138732910156, 6.867966175079346, 6.6652960777282715, 6.892786979675293, 7.139403820037842, 6.6068854331970215, 6.631811141967773, 6.694835662841797, 6.960964202880859, 6.553606986999512, 7.0826826095581055, 6.9418511390686035, 6.6509318351745605, 6.620889186859131, 6.692319393157959, 6.70343017578125, 6.69989538192749, 6.436827659606934, 6.572309970855713, 6.498785018920898, 6.709991455078125, 6.847607612609863, 6.087580680847168, 6.758207321166992, 6.472018718719482, 6.6736860275268555, 6.87793493270874, 7.24309778213501, 6.290990829467773, 6.565354347229004, 6.914703845977783, 7.000534534454346, 6.629928112030029, 6.738300323486328, 5.476804733276367, 7.191038131713867, 6.576035499572754, 6.756348609924316, 6.534796714782715, 6.423336029052734, 6.744678020477295, 6.371486186981201, 6.5468363761901855, 6.911837577819824, 6.750655174255371, 7.398144245147705, 6.110550880432129, 6.377894878387451, 6.80267333984375, 6.725353240966797, 6.7271552085876465, 6.428483963012695, 6.656071662902832, 6.070918560028076, 6.528142929077148, 6.969193935394287, 6.810970783233643, 6.521663665771484, 5.730493545532227, 6.145547866821289, 6.4568376541137695, 6.531044960021973, 6.11798095703125, 6.230791091918945, 6.556059837341309, 6.779610633850098, 6.993562698364258, 7.023343086242676, 5.779403209686279, 6.559754371643066, 7.544075012207031, 6.582009792327881, 6.734451770782471, 6.3172383308410645, 6.677011966705322, 6.3423333168029785, 6.68194055557251, 6.006555557250977, 6.5363616943359375, 6.861537933349609, 6.046013832092285, 6.559029579162598, 6.156810283660889, 6.711573123931885, 7.137308120727539, 6.634749412536621, 5.65457820892334, 6.901373863220215, 5.857715606689453, 6.447460651397705, 6.035791873931885, 6.737806797027588, 6.595162391662598, 6.809200286865234, 7.010193347930908, 5.611856937408447, 6.601052284240723, 6.476212501525879, 6.234442710876465, 6.572589874267578, 6.789244174957275, 6.453691482543945, 6.286750316619873, 6.611545085906982, 6.248276233673096, 6.751971244812012, 6.337421417236328, 6.761807441711426, 6.629566192626953, 6.436022758483887, 6.315391540527344, 6.871325969696045, 6.796090126037598, 5.918239593505859, 6.863483905792236, 