{"aucroc": 0.9133454106280193, "aucpr": 0.38117452822747655, "dataset": "38_thyroid", "method": "soft", "test_ratio": 0.024734982332155476, "train_ratio": 0.024734982332155476, "labeled_anomalies": 1.0, "loe_loss": [12.846681594848633, 12.08418083190918, 11.315140724182129, 10.25638484954834, 9.90406322479248, 9.990813255310059, 9.471077919006348, 9.099994659423828, 8.981062889099121, 8.982791900634766, 8.840797424316406, 8.723201751708984, 8.585205078125, 7.625121593475342, 8.410245895385742, 9.22614860534668, 8.345285415649414, 8.789438247680664, 7.484888553619385, 8.237672805786133, 7.590534210205078, 7.973689079284668, 7.697179794311523, 6.985937595367432, 7.550990104675293, 7.945162773132324, 8.009712219238281, 7.972921371459961, 7.497364044189453, 7.855125904083252, 8.267472267150879, 7.639371871948242, 7.546855449676514, 7.126349925994873, 7.735958576202393, 7.658809661865234, 7.500339984893799, 7.401459693908691, 7.771834373474121, 7.421356201171875, 7.291779041290283, 7.516559600830078, 7.377859115600586, 7.233064651489258, 7.544244289398193, 7.872980117797852, 7.422823429107666, 7.46258544921875, 6.697328567504883, 6.94802188873291, 7.46928071975708, 7.290721416473389, 7.396608352661133, 7.6353983879089355, 6.816623687744141, 7.704078674316406, 7.56758975982666, 7.095881938934326, 7.316904067993164, 6.747777938842773, 6.440849781036377, 7.375984191894531, 6.940326690673828, 7.22330904006958, 7.153782367706299, 6.626474857330322, 7.3736419677734375, 6.888346195220947, 6.973996639251709, 6.893157482147217, 7.193962097167969, 6.758094310760498, 7.285339832305908, 7.642817497253418, 7.148735523223877, 7.371530055999756, 7.015153884887695, 6.9037675857543945, 7.340259552001953, 7.429298400878906, 7.193765640258789, 7.081182479858398, 7.916552543640137, 7.447173118591309, 6.914888858795166, 7.482104301452637, 6.912030220031738, 7.256635665893555, 7.418884754180908, 7.353278636932373, 6.467792510986328, 7.830121040344238, 6.72191047668457, 7.24453067779541, 7.248693466186523, 7.325954914093018, 6.523867607116699, 6.99485445022583, 7.284038066864014, 7.267752647399902, 7.095829010009766, 7.062096118927002, 7.220619201660156, 7.295965671539307, 7.104697227478027, 7.072962284088135, 7.043941974639893, 7.070308685302734, 7.470613479614258, 6.757279396057129, 6.625850677490234, 7.740450859069824, 7.26953125, 7.13455867767334, 6.755532264709473, 7.371161937713623, 6.850002765655518, 7.196494102478027, 7.298682689666748, 7.2733354568481445, 7.420576095581055, 7.325902462005615, 6.965187072753906, 7.159175872802734, 7.550665378570557, 7.2504167556762695, 7.351971626281738, 7.401411056518555, 6.954409599304199, 7.350410461425781, 6.965411186218262, 7.301082134246826, 7.425658702850342, 7.040122032165527, 7.2416276931762695, 7.229416847229004, 6.919095516204834, 6.945984840393066, 7.163269519805908, 6.936538219451904, 7.2368483543396, 7.329384803771973, 7.351677417755127, 7.155057907104492, 7.232451438903809, 6.714245796203613, 7.586938381195068, 7.1473822593688965, 6.546553611755371, 7.0362443923950195, 7.078334808349609, 6.592716217041016, 7.312314987182617, 6.504424571990967, 7.251163482666016, 7.654880523681641, 6.879433631896973, 7.2095746994018555, 7.4614787101745605, 7.664186954498291, 7.4607977867126465, 7.057766437530518, 7.370378494262695, 7.2950439453125, 7.214726448059082, 7.159310340881348, 7.204030513763428, 7.164768695831299, 7.140381813049316, 6.921239376068115, 7.505731582641602, 6.9987969398498535, 7.120856285095215, 7.60146951675415, 7.272632598876953, 7.445971488952637, 7.176057815551758, 7.415369987487793, 7.459540843963623, 6.742156982421875, 7.219411373138428, 7.028866767883301, 7.186842918395996, 6.900730133056641, 7.492424011230469, 6.758675575256348, 6.835155963897705, 7.0242533683776855, 7.288440227508545, 6.871092319488525, 7.141473770141602, 7.169248104095459, 7.0359649658203125, 6.893415927886963, 6.967402458190918, 6.823522567749023, 7.117308139801025, 7.251768112182617, 7.150623321533203, 7.285303115844727, 7.088918209075928, 7.083921432495117, 7.094699859619141, 7.126481533050537, 7.05106258392334, 7.290513515472412, 6.831166744232178, 6.849912166595459, 7.059632778167725, 7.3620686531066895, 7.117563724517822, 7.3698601722717285, 7.048412799835205, 7.18380880355835, 7.1118035316467285, 7.367401123046875, 6.875273704528809, 7.480418682098389, 7.195713043212891, 7.173717021942139, 7.379884243011475, 6.973178863525391, 7.368403434753418, 7.1183013916015625, 7.172027111053467, 7.050388813018799, 6.77612829208374, 6.948554039001465, 6.263382911682129, 7.300068378448486, 6.364621639251709, 7.1041131019592285, 6.998677730560303, 6.85419225692749, 7.109175682067871, 7.354771614074707, 6.845481872558594, 7.146779537200928, 7.175000190734863, 7.053341388702393, 6.728147506713867, 7.314208984375, 6.827414512634277, 7.1801862716674805, 7.182306289672852, 7.128279685974121, 7.070987701416016, 7.023737907409668, 6.797385215759277, 7.169303894042969, 6.958674430847168, 7.145434379577637, 7.077857971191406, 6.842894554138184, 7.226584434509277, 7.5057783126831055, 7.711002826690674, 7.207301139831543, 7.024582862854004, 7.1598734855651855, 7.140198230743408, 6.801366806030273, 7.189898490905762, 7.373198509216309, 7.249077320098877, 6.819438934326172, 7.182894706726074, 7.150944232940674, 7.228551864624023, 7.1157546043396, 6.81525993347168, 7.342040061950684, 7.135679721832275, 6.803932189941406, 7.006857872009277, 6.748097896575928, 7.331013202667236, 7.096559524536133, 6.83606481552124, 7.605538368225098, 6.922390460968018, 7.504782676696777, 7.141367435455322, 7.289662837982178, 7.073390483856201, 7.215364456176758, 7.28957462310791, 6.9267401695251465, 7.336698532104492, 6.619668960571289, 6.885136604309082, 7.001175880432129, 7.013250350952148, 6.962950229644775, 7.068665027618408, 7.152964115142822, 6.987683296203613, 7.105879306793213, 7.404579162597656, 6.9123077392578125, 6.935550212860107, 6.981325626373291, 7.24109411239624, 6.8658952713012695, 7.292969703674316, 7.154292106628418, 6.9582085609436035, 6.933553695678711, 6.995094299316406, 7.002664566040039, 7.024651527404785, 6.7821784019470215, 6.89879035949707, 6.830869197845459, 6.979262351989746, 7.101287364959717, 6.488923072814941, 7.023601055145264, 6.803826808929443, 6.937259674072266, 7.066040992736816, 7.402070045471191, 6.6963276863098145, 6.886672019958496, 7.194432258605957, 7.2335429191589355, 6.924992084503174, 7.020458698272705, 6.096362113952637, 7.38114070892334, 6.8796000480651855, 7.054170608520508, 6.887718200683594, 6.777685165405273, 7.030846118927002, 6.728490829467773, 6.873165607452393, 7.1233086585998535, 7.035754203796387, 7.545535564422607, 6.563291072845459, 6.740326404571533, 7.066519260406494, 7.041485786437988, 7.002880096435547, 6.801049709320068, 6.97893762588501, 6.512143135070801, 6.864858150482178, 7.231816291809082, 7.045008659362793, 6.893405914306641, 6.248337745666504, 6.659217834472656, 6.843638896942139, 6.899480819702148, 6.601169109344482, 6.692038536071777, 6.9047627449035645, 7.073491096496582, 7.237005233764648, 7.251772880554199, 6.328423500061035, 6.917055606842041, 7.617285251617432, 6.911613464355469, 7.064726829528809, 6.761792182922363, 7.0030198097229, 6.755849361419678, 7.036713600158691, 6.543062210083008, 6.945639133453369, 7.173229217529297, 6.580151557922363, 6.93855619430542, 6.6328444480896, 7.037962436676025, 7.339235305786133, 7.002941131591797, 6.25369930267334, 7.102001667022705, 6.424468040466309, 6.832533836364746, 6.598955154418945, 7.011661052703857, 6.9740447998046875, 7.163763999938965, 7.236973285675049, 6.277845859527588, 7.0227227210998535, 6.894589900970459, 6.705382347106934, 6.961082458496094, 7.12105131149292, 6.936085224151611, 6.732884883880615, 6.970499038696289, 6.720508575439453, 7.0707831382751465, 6.782090663909912, 7.096486568450928, 7.053021430969238, 6.850899696350098, 6.725247859954834, 7.15113639831543, 7.073212623596191, 6.47926664352417, 7.181231498718262, 6.8552422523498535, 