{"aucroc": 0.38560897435897434, "aucpr": 0.1047210230970926, "dataset": "39_vertebral", "method": "hard", "test_ratio": 0.13333333333333333, "train_ratio": 0.13333333333333333, "labeled_anomalies": 1.0, "loe_loss": [9.316514015197754, 8.453064918518066, 7.484484672546387, 6.882297515869141, 5.536777496337891, 6.537174224853516, 6.013790130615234, 6.119030952453613, 5.557722091674805, 5.328028678894043, 6.146578788757324, 5.871649742126465, 5.937158584594727, 5.447215557098389, 5.739556789398193, 5.387459754943848, 4.639978885650635, 5.768733978271484, 4.693265914916992, 5.21046781539917, 4.638855934143066, 5.971761226654053, 5.7038116455078125, 4.771367073059082, 5.237462520599365, 5.5343017578125, 5.199374198913574, 5.032842636108398, 5.28968620300293, 4.9787211418151855, 4.850776195526123, 4.418430328369141, 5.377837181091309, 4.472334861755371, 4.028678894042969, 4.378220081329346, 4.721556186676025, 5.327850818634033, 5.545409202575684, 4.33624267578125, 4.911028861999512, 3.7693166732788086, 5.526562690734863, 4.180845737457275, 5.161303520202637, 5.326502799987793, 5.233821868896484, 4.755407333374023, 4.254919052124023, 5.257396221160889, 4.897826194763184, 4.803654193878174, 4.748090744018555, 5.022031784057617, 5.124272346496582, 5.2070088386535645, 5.179988384246826, 4.861058712005615, 5.065908432006836, 4.331957817077637, 5.199854373931885, 5.312229156494141, 4.567666053771973, 4.844576835632324, 4.478721618652344, 5.035449504852295, 4.329407691955566, 4.445805549621582, 4.668562412261963, 4.870163440704346, 4.139671802520752, 4.034826278686523, 4.798509120941162, 4.1314568519592285, 4.9815354347229, 4.624751091003418, 3.9704930782318115, 4.74853515625, 4.570688724517822, 4.376515865325928, 5.168175220489502, 4.486819267272949, 4.393805980682373, 4.697704315185547, 4.363272190093994, 5.212662696838379, 4.487624168395996, 3.854736089706421, 4.947574615478516, 4.406676769256592, 5.084369659423828, 4.472471237182617, 4.928481101989746, 3.7120447158813477, 4.433437347412109, 4.429073333740234, 4.195222854614258, 4.4600958824157715, 4.933069229125977, 4.149888038635254, 5.058732032775879, 4.364353179931641, 4.149785995483398, 5.060590744018555, 3.7237584590911865, 4.384854316711426, 4.51067590713501, 3.893808364868164, 3.883906364440918, 3.7886831760406494, 4.726556301116943, 4.900110244750977, 4.378198623657227, 4.439321517944336, 4.8442912101745605, 4.391951560974121, 4.978727340698242, 4.290666103363037, 4.097173690795898, 4.1605095863342285, 4.0975728034973145, 4.911762714385986, 4.944308757781982, 4.616732597351074, 3.103170871734619, 3.406372308731079, 4.736927509307861, 3.901616096496582, 4.742515563964844, 3.771998882293701, 4.059052467346191, 4.634029865264893, 4.5001959800720215, 4.659982204437256, 4.648669242858887, 4.800848960876465, 4.42603874206543, 4.700457572937012, 4.1787109375, 4.742587089538574, 4.020158767700195, 4.585567474365234, 4.530519962310791, 4.806354999542236, 3.9744887351989746, 3.540241241455078, 4.25322151184082, 3.9488189220428467, 4.163609027862549, 4.461238861083984, 4.446887016296387, 3.186391592025757, 4.262812614440918, 3.9974019527435303, 4.509119510650635, 3.7338335514068604, 4.272221088409424, 3.857184648513794, 4.28490686416626, 3.825839042663574, 3.620485782623291, 4.10086727142334, 3.775550127029419, 4.359342575073242, 3.3367719650268555, 4.328250408172607, 2.9559974670410156, 4.417186260223389, 3.993758201599121, 3.5880866050720215, 4.469488143920898, 3.252354621887207, 3.9627065658569336, 4.334268093109131, 3.996595859527588, 4.315801620483398, 3.682222366333008, 4.377563953399658, 3.173358917236328, 4.2838544845581055, 3.9010653495788574, 3.632681369781494, 3.3083877563476562, 1.8164684772491455, 4.005458831787109, 3.6740283966064453, 3.3218748569488525, 3.292717695236206, 3.591190814971924, 3.5614826679229736, 3.222947597503662, 2.9749748706817627, 2.9436042308807373, 4.14523458480835, 3.4508554935455322, 2.903805732727051, 3.3693315982818604, 4.066709995269775, 3.4342234134674072, 4.029364585876465, 3.3439486026763916, 3.624682903289795, 3.3816959857940674, 3.5684425830841064, 3.420236587524414, 2.2639033794403076, 3.231687068939209, 3.7504196166992188, 2.28735089302063, 2.7209091186523438, 3.6233036518096924, 4.30717658996582, 3.6525306701660156, 3.330632209777832, 4.0600385665893555, 3.892789840698242, 2.0951313972473145, 3.303551435470581, 2.8586177825927734, 4.007179260253906, 3.5247740745544434, 3.7946293354034424, 4.162155628204346, 2.6324732303619385, 3.219024419784546, 3.194521903991699, 3.368394136428833, 3.115652084350586, 3.207043170928955, 3.802730083465576, 1.0938791036605835, 2.3947036266326904, 3.032959222793579, 3.326399803161621, 3.9069130420684814, 2.948437213897705, 3.6965391635894775, 3.5936336517333984, 2.835549831390381, 2.878077507019043, 3.746863842010498, 3.03774094581604, 3.5034568309783936, 2.9287071228027344, 3.827637195587158, 2.2493574619293213, 3.0088839530944824, 2.9226179122924805, 2.858893871307373, 2.7879769802093506, 3.51998233795166, 2.5223278999328613, 3.6215271949768066, 2.3848636150360107, 2.8516829013824463, 3.7109928131103516, 3.9581122398376465, 3.623511791229248, 2.39068865776062, 2.4082157611846924, 3.0015153884887695, 3.2018680572509766, 1.3481907844543457, 1.9410041570663452, 3.8279664516448975, 2.5291876792907715, 2.846306324005127, 2.040527105331421, 2.122587203979492, 2.6540067195892334, 2.819035530090332, 3.176469564437866, 2.6301610469818115, 2.548379898071289, 2.883683443069458, 2.292282819747925, 3.121955633163452, 2.8671951293945312, 3.6936659812927246, 2.75815486907959, 2.9480457305908203, 2.76676869392395, 2.3981449604034424, 3.5565414428710938, 2.9053902626037598, 3.0630288124084473, 3.574608325958252, 3.5692901611328125, 3.030129909515381, 3.7263238430023193, 2.5533690452575684, 1.7154613733291626, 2.620027542114258, 3.3165650367736816, 1.7159218788146973, 2.743966579437256, 1.8976566791534424, 2.461881637573242, 2.531280994415283, 3.0474963188171387, 2.471578598022461, 1.740481972694397, 2.9615697860717773, 2.648509979248047, 3.800701379776001, 2.9066567420959473, 1.7550859451293945, 2.7598350048065186, 3.070997714996338, 2.7976126670837402, 2.8117709159851074, 3.3078882694244385, 3.2571732997894287, 3.0598325729370117, 3.135854482650757, 1.3979047536849976, 2.8392457962036133, 2.488234758377075, 2.9230520725250244, 3.5121798515319824, 1.8388315439224243, 3.377943992614746, 3.198427677154541, 2.4388532638549805, 3.059058666229248, 2.3421568870544434, 2.446404457092285, -0.47353219985961914], "n_epochs": 327}