{"aucroc": 0.4173076923076923, "aucpr": 0.11023514384423495, "dataset": "39_vertebral", "method": "soft", "test_ratio": 0.13333333333333333, "train_ratio": 0.13333333333333333, "labeled_anomalies": 1.0, "loe_loss": [10.476533889770508, 9.914133071899414, 9.689353942871094, 9.019064903259277, 8.795516014099121, 8.472711563110352, 8.016644477844238, 7.5870041847229, 7.683930397033691, 8.002891540527344, 7.857724666595459, 7.662111282348633, 7.549427509307861, 7.809659957885742, 7.325466632843018, 7.354211330413818, 7.605936050415039, 7.173340320587158, 7.321895122528076, 7.403054237365723, 7.2264814376831055, 7.011377334594727, 6.84072208404541, 6.781922340393066, 6.782655239105225, 7.049837112426758, 6.844045639038086, 6.757211685180664, 6.901517868041992, 7.072947025299072, 6.671541213989258, 6.512402057647705, 6.6595683097839355, 6.840478897094727, 6.896475791931152, 6.62158203125, 6.777874946594238, 6.599513530731201, 6.544288635253906, 6.526210308074951, 6.394408226013184, 6.540083885192871, 6.532720565795898, 6.485687255859375, 6.331130027770996, 6.640726566314697, 6.228577136993408, 6.727681636810303, 6.642152786254883, 6.483894348144531, 6.14555549621582, 6.523031234741211, 6.45494270324707, 6.386802673339844, 6.226000785827637, 6.424022674560547, 6.21702241897583, 6.443336009979248, 6.22478723526001, 6.234224319458008, 6.504119873046875, 6.283072471618652, 6.265504360198975, 6.196310520172119, 6.221977233886719, 6.118441581726074, 6.194161891937256, 6.016734600067139, 6.310078144073486, 6.2434210777282715, 6.342381000518799, 6.286142826080322, 6.094371795654297, 6.088371753692627, 5.936643600463867, 6.17739200592041, 6.1996002197265625, 6.409388542175293, 6.097339153289795, 6.124665260314941, 6.1769561767578125, 5.881500244140625, 6.198475360870361, 6.033015727996826, 5.91776180267334, 5.977309703826904, 6.008059501647949, 6.085464000701904, 6.059523582458496, 5.926578044891357, 6.162049770355225, 6.1429443359375, 6.124543190002441, 6.0554633140563965, 5.973445415496826, 6.160246849060059, 6.108020305633545, 5.859967231750488, 5.987526893615723, 5.997171401977539, 5.916248321533203, 5.864655494689941, 5.756312370300293, 6.026161193847656, 5.792128562927246, 6.089898109436035, 5.897712707519531, 5.834066390991211, 6.19391393661499, 6.158951282501221, 5.929781913757324, 5.659927845001221, 5.857656478881836, 5.748343467712402, 6.056075572967529, 5.7940592765808105, 5.723021507263184, 5.8536787033081055, 5.715559005737305, 5.872150421142578, 5.996636390686035, 5.888826370239258, 5.724043369293213, 5.83933687210083, 5.658231735229492, 5.950430870056152, 5.886682033538818, 5.833512783050537, 5.748047828674316, 5.644477844238281, 6.0579423904418945, 5.978333950042725, 5.567682266235352, 5.805809020996094, 5.680003643035889, 5.6773529052734375, 5.910543441772461, 5.798598766326904, 5.600059986114502, 5.791711330413818, 5.677233695983887, 5.837695121765137, 5.469297885894775, 5.731515884399414, 5.654193878173828, 5.566571235656738, 5.715205192565918, 5.892978668212891, 5.306407928466797, 5.765030860900879, 5.573869705200195, 5.716959476470947, 5.692605972290039, 5.649615287780762, 5.692383766174316, 5.156132698059082, 5.7760796546936035, 5.718522071838379, 5.7455363273620605, 5.694654941558838, 5.537109851837158, 5.752710342407227, 5.899754047393799, 5.659426689147949, 5.421858787536621, 5.668026447296143, 5.653182029724121, 5.483781337738037, 5.506103992462158, 5.5021538734436035, 5.600414752960205, 5.607760906219482, 5.566416263580322, 5.5648393630981445, 5.544734477996826, 5.58508825302124, 5.590928554534912, 5.363042831420898, 5.540931224822998, 5.5247931480407715, 5.395839214324951, 5.333564758300781, 5.481099605560303, 5.384274959564209, 5.4913763999938965, 5.169027328491211, 5.5336222648620605, 5.532946586608887, 5.130991458892822, 5.281987190246582, 5.547268867492676, 5.003964424133301, 5.419004440307617, 5.544658184051514, 5.531180381774902, 5.556674957275391, 5.050500392913818, 5.481428623199463, 5.468006134033203, 5.389007568359375, 5.267264366149902, 5.3418684005737305, 5.080975532531738, 5.2213029861450195, 5.490837097167969, 5.459850311279297, 5.439863204956055, 5.162025451660156, 5.4732890129089355, 5.327984809875488, 5.322138786315918, 5.377114295959473, 5.4103240966796875, 5.470048904418945, 5.557808876037598, 5.343811988830566, 5.3701887130737305, 5.38740873336792, 5.356657028198242, 5.231922626495361, 5.123510837554932, 5.368485450744629, 5.292494773864746, 5.296869277954102, 5.13348913192749, 4.805132865905762, 5.234038352966309, 5.215653419494629, 5.30427885055542, 5.02704381942749, 5.164770126342773, 5.176949501037598, 5.547333240509033, 5.225043296813965, 5.3080596923828125, 5.55082368850708, 5.389860153198242, 4.94362735748291, 5.146710395812988, 5.141458034515381, 5.019367694854736, 4.961447238922119, 5.19716739654541, 5.483243465423584, 5.145535469055176, 5.174839973449707, 5.419791221618652, 5.025576591491699, 5.393693923950195, 5.003766059875488, 5.14438533782959, 5.297303199768066, 5.125884532928467, 5.261570930480957, 5.3726019859313965, 5.114173889160156, 5.406731605529785, 5.135246753692627, 5.298690319061279, 5.402003765106201, 5.250764846801758, 5.212399959564209, 5.435301780700684, 5.2637834548950195, 5.184310436248779, 5.302917957305908, 5.015534400939941, 4.947238922119141, 4.786166667938232, 5.270705699920654, 4.858438491821289, 5.287534236907959, 5.198700904846191, 5.248888969421387, 5.289373397827148, 5.089282989501953, 5.25676155090332, 5.316370487213135, 4.9650492668151855, 5.084561824798584, 5.236466884613037, 5.036931037902832, 5.3090715408325195, 5.304932594299316, 5.215417861938477, 5.169211387634277, 5.301599025726318, 4.8033833503723145, 4.82394552230835, 5.156519412994385, 4.905129432678223, 5.092383861541748, 5.2431464195251465, 4.806077003479004, 5.154186248779297, 5.158298492431641, 4.9754414558410645, 5.004872798919678, 5.11994743347168, 4.808949947357178, 5.0579938888549805, 5.349517822265625, 4.5873517990112305, 4.848610877990723, 5.170827388763428, 5.2505292892456055, 4.724791526794434, 4.807209491729736, 4.8895158767700195, 5.348511695861816, 5.396817684173584, 4.9998250007629395, 5.017538070678711, 5.370308876037598, 5.281025409698486, 4.953733921051025, 5.442656993865967, 5.224776268005371, 4.909980773925781, 5.33241081237793, 4.86624002456665, 5.1231489181518555, 4.735665321350098, 4.995734691619873, 5.275657653808594, 4.8241071701049805, 4.670094966888428, 5.31318998336792, 4.980132579803467, 5.247279644012451, 5.063390731811523, 4.9889984130859375, 4.559401988983154, 4.951798915863037, 5.100637435913086, 4.5738677978515625, 4.734941005706787, 4.815786838531494, 4.93722677230835, 5.10556173324585, 4.813229084014893, 4.614315986633301, 5.139625072479248, 5.266041278839111, 4.86554479598999, 4.907552719116211, 4.735049247741699, 5.207297325134277, 5.056785583496094, 4.772689342498779, 4.9808349609375, 4.920453071594238, 4.8658647537231445, 5.2494354248046875, 5.168031215667725, 4.73372745513916, 5.107341766357422, 5.315333366394043, 4.873940467834473, 4.881969451904297, 4.446595668792725, 4.845122337341309, 4.940990447998047, 4.886351108551025, 5.0652055740356445, 4.875229358673096, 4.821171283721924, 5.125946521759033, 5.2529706954956055, 5.098117351531982, 4.8431396484375, 4.804460525512695, 4.713757514953613, 4.920295715332031, 4.891612529754639, 4.821793556213379, 4.671782970428467, 4.879068374633789, 4.929725646972656, 5.169641017913818, 4.988057613372803, 4.327939033508301, 4.647252559661865, 4.8440351486206055, 4.847535610198975, 4.7916693687438965, 4.815902233123779, 4.914384365081787, 4.463980674743652, 4.6116509437561035, 4.62004280090332, 4.65346097946167, 4.604945659637451, 4.675054550170898, 4.972288608551025, 4.933795928955078, 4.804055690765381, 5.028552532196045, 4.978867530822754, 4.783431053161621, 4.7163238525390625, 4.987164497375488, 4.430601596832275, 4.689896583557129, 5.033943176269531, 4.917295932769775, 4.984534740447998, 5.115704536437988, 4.598922252655029, 