{"aucroc": 0.3100961538461538, "aucpr": 0.0925848914645891, "dataset": "39_vertebral", "method": "hard", "test_ratio": 0.13333333333333333, "train_ratio": 0.13333333333333333, "labeled_anomalies": 1.0, "loe_loss": [9.35280704498291, 8.54017162322998, 6.814621925354004, 7.526845455169678, 6.618424415588379, 5.539454460144043, 5.046241760253906, 6.577666282653809, 6.453563690185547, 6.607775688171387, 5.890688419342041, 5.64011287689209, 5.856483459472656, 5.449765205383301, 6.0306782722473145, 5.990166664123535, 4.948459148406982, 4.191125869750977, 4.458643436431885, 4.974376201629639, 5.147908687591553, 5.685091972351074, 5.945820331573486, 5.339443206787109, 5.1560564041137695, 5.463468074798584, 5.658829689025879, 5.046950817108154, 5.762578964233398, 4.469509601593018, 5.768298625946045, 5.29293966293335, 5.0222249031066895, 4.28729248046875, 4.208873748779297, 5.062050819396973, 5.252585411071777, 4.048146724700928, 4.806170463562012, 3.391112804412842, 4.620181083679199, 4.056448936462402, 5.201272487640381, 4.1365966796875, 5.225137233734131, 4.534702301025391, 4.446163177490234, 4.582830429077148, 4.274235725402832, 4.124340057373047, 3.5287420749664307, 5.082340717315674, 2.9926202297210693, 4.904709815979004, 3.905607223510742, 4.312238693237305, 4.0872273445129395, 3.686668634414673, 4.923397541046143, 3.5158674716949463, 4.541506290435791, 3.9309115409851074, 2.722140312194824, 4.819174766540527, 4.569762706756592, 3.489935874938965, 4.927924156188965, 3.4393787384033203, 3.5516107082366943, 4.3010969161987305, 4.630703926086426, 2.938861131668091, 4.388313293457031, 2.73374080657959, 4.665005207061768, 3.401047468185425, 4.46407413482666, 2.575883626937866, 3.671337842941284, 3.1015453338623047, 3.2158868312835693, 2.952587842941284, 1.8780275583267212, 4.117352485656738, 4.059366226196289, 4.291992664337158, 3.021665334701538, 3.928558826446533, 2.788175582885742, 3.4982545375823975, 3.045980215072632, 2.354810953140259, 3.611788511276245, 1.2373437881469727, 3.6387271881103516, 2.6104109287261963, 3.8796303272247314, 1.427875280380249, 2.5963058471679688, 2.1223936080932617, 0.6964516043663025, 0.3536805510520935, 3.2719151973724365, 1.7409535646438599, -1.6999070644378662], "n_epochs": 104}