{"aucroc": 0.7939968404423382, "aucpr": 0.10117785526418094, "dataset": "40_vowels", "method": "hard", "test_ratio": 0.034324942791762014, "train_ratio": 0.034324942791762014, "labeled_anomalies": 1.0, "loe_loss": [23.854848861694336, 23.13612174987793, 21.9525089263916, 21.523977279663086, 20.257654190063477, 20.481399536132812, 19.171730041503906, 19.75606346130371, 19.344379425048828, 18.771867752075195, 19.18146324157715, 18.487951278686523, 18.47654151916504, 18.203453063964844, 17.690826416015625, 18.097579956054688, 18.093029022216797, 17.318984985351562, 17.410451889038086, 17.199800491333008, 17.389982223510742, 16.85186767578125, 17.25184440612793, 17.123254776000977, 17.360939025878906, 17.213449478149414, 16.712505340576172, 16.843185424804688, 17.047359466552734, 17.08868408203125, 17.241634368896484, 16.90233612060547, 16.851787567138672, 16.905447006225586, 17.127498626708984, 16.675350189208984, 16.772119522094727, 16.634788513183594, 16.79891014099121, 16.66516876220703, 16.057418823242188, 16.414119720458984, 16.393918991088867, 16.480636596679688, 16.060415267944336, 16.45128059387207, 16.317602157592773, 15.99227523803711, 16.1334171295166, 15.859249114990234, 15.419528007507324, 15.912527084350586, 15.824312210083008, 16.224599838256836, 15.999075889587402, 16.169570922851562, 15.997270584106445, 16.242755889892578, 15.978229522705078, 15.895204544067383, 16.090316772460938, 15.416644096374512, 15.502429008483887, 15.248958587646484, 15.51828670501709, 15.44918155670166, 16.280696868896484, 15.329986572265625, 15.817191123962402, 15.43265438079834, 15.376811981201172, 15.404237747192383, 15.602127075195312, 15.128708839416504, 15.358150482177734, 15.50678825378418, 15.162047386169434, 15.308308601379395, 15.399259567260742, 15.568830490112305, 14.825061798095703, 15.672249794006348, 14.885751724243164, 15.321557998657227, 15.073318481445312, 15.456069946289062, 15.17158317565918, 14.749969482421875, 14.942867279052734, 14.837821006774902, 15.126668930053711, 14.798900604248047, 14.793695449829102, 15.051252365112305, 15.033662796020508, 15.519113540649414, 15.068181991577148, 15.035101890563965, 14.793086051940918, 14.909876823425293, 15.324158668518066, 14.662666320800781, 14.835742950439453, 14.5917387008667, 14.67390251159668, 14.916661262512207, 14.592199325561523, 14.813920974731445, 15.143426895141602, 14.466798782348633, 14.3887357711792, 14.642202377319336, 14.571375846862793, 14.770270347595215, 14.101223945617676, 14.865316390991211, 14.563933372497559, 14.079496383666992, 14.217208862304688, 14.737686157226562, 15.016778945922852, 14.297871589660645, 14.072063446044922, 14.096625328063965, 14.76315689086914, 13.83724594116211, 14.319111824035645, 14.104543685913086, 14.286113739013672, 14.164952278137207, 13.958887100219727, 14.335695266723633, 13.966901779174805, 14.653491020202637, 13.936253547668457, 13.957955360412598, 14.37438678741455, 14.056337356567383, 13.995059967041016, 13.884572982788086, 13.930679321289062, 14.459539413452148, 14.15327262878418, 13.690651893615723, 14.181615829467773, 14.182372093200684, 13.915250778198242, 13.65256118774414, 14.348310470581055, 13.839820861816406, 13.695639610290527, 14.192630767822266, 14.370319366455078, 13.708136558532715, 14.180871963500977, 14.091283798217773, 13.853508949279785, 13.821678161621094, 13.891677856445312, 13.849757194519043, 13.306187629699707, 13.694957733154297, 14.106374740600586, 13.565837860107422, 14.188121795654297, 13.722582817077637, 14.254156112670898, 13.821993827819824, 13.67991828918457, 14.028488159179688, 14.096839904785156, 13.737524032592773, 13.616891860961914, 13.189459800720215, 13.88551139831543, 13.655465126037598, 13.401057243347168, 13.204581260681152, 13.266997337341309, 13.655485153198242, 13.655739784240723, 13.091950416564941, 13.48568344116211, 13.450918197631836, 13.320429801940918, 13.61532974243164, 13.525169372558594, 13.209338188171387, 13.645560264587402, 12.912105560302734, 12.900452613830566, 13.609776496887207, 13.714892387390137, 12.75709056854248, 14.4981689453125, 13.215240478515625, 13.292413711547852, 13.169012069702148, 13.646461486816406, 12.709295272827148, 13.123673439025879, 13.494710922241211, 13.71311092376709, 13.816049575805664, 13.753705978393555, 12.668708801269531, 13.367423057556152, 13.668932914733887, 12.580693244934082, 13.197200775146484, 13.557243347167969, 12.847652435302734, 12.905152320861816, 13.087109565734863, 13.119632720947266, 12.899292945861816, 13.275897026062012, 13.049663543701172, 13.133889198303223, 12.783071517944336, 13.072509765625, 13.357498168945312, 13.535761833190918, 13.388273239135742, 12.997300148010254, 12.495720863342285, 13.692381858825684, 12.855128288269043, 13.265491485595703, 13.801753997802734, 12.701557159423828, 13.349902153015137, 13.14913272857666, 12.825004577636719, 13.117777824401855, 12.940570831298828, 13.750581741333008, 12.795706748962402, 12.485649108886719, 12.589579582214355, 13.287850379943848, 12.428434371948242, 12.762680053710938, 13.180850982666016, 13.327679634094238, 13.063055038452148, 13.034290313720703, 12.595553398132324, 12.916879653930664, 12.889735221862793, 12.534322738647461, 13.968204498291016, 12.893178939819336, 12.574642181396484, 12.775763511657715, 12.47567081451416, 13.044791221618652, 12.539653778076172, 13.023541450500488, 12.850943565368652, 12.414069175720215, 12.376925468444824, 12.31572151184082, 11.764513969421387, 12.753213882446289, 13.014694213867188, 12.536462783813477, 13.145965576171875, 13.578897476196289, 12.517245292663574, 13.003860473632812, 13.099862098693848, 13.369850158691406, 12.520098686218262, 12.38638687133789, 13.033282279968262, 12.647443771362305, 12.972386360168457, 11.546029090881348, 13.117666244506836, 13.166068077087402, 12.331007957458496, 12.653926849365234, 13.206903457641602, 12.54881763458252, 13.151122093200684, 12.90170955657959, 12.47801399230957, 12.396228790283203, 12.797934532165527, 12.891050338745117, 12.407171249389648, 12.95755386352539, 12.902345657348633, 11.951321601867676, 12.89674186706543, 12.266435623168945, 12.22027587890625, 12.589632987976074, 12.049160957336426, 12.253710746765137, 12.090293884277344, 12.208908081054688, 12.477132797241211, 12.555018424987793, 12.103630065917969, 12.880450248718262, 12.196070671081543, 12.325399398803711, 12.41837215423584, 12.700139999389648, 12.440718650817871, 12.487649917602539, 11.717019081115723, 12.43539810180664, 12.766729354858398, 12.027050971984863, 11.47227954864502, 12.88955020904541, 12.868045806884766, 12.65114974975586, 12.867301940917969, 12.596375465393066, 11.61095142364502, 12.131451606750488, 11.74882698059082, 12.467073440551758, 12.193866729736328, 13.215283393859863, 12.180704116821289, 12.400449752807617, 12.22160530090332, 12.195635795593262, 12.460515975952148, 12.758453369140625, 11.773201942443848, 12.243314743041992, 12.154512405395508, 12.119712829589844, 12.236225128173828, 11.709080696105957, 11.568978309631348, 12.284794807434082, 13.243895530700684, 13.066774368286133, 12.619004249572754, 12.93571949005127, 11.984064102172852, 12.130179405212402, 11.619024276733398, 12.658114433288574, 12.18872356414795, 11.540840148925781, 11.521114349365234, 12.636697769165039, 11.119791984558105, 13.457940101623535, 12.471505165100098, 11.854580879211426, 12.08288860321045, 12.23250961303711, 12.17396354675293, 12.464001655578613, 12.909656524658203, 11.59292984008789, 11.975387573242188, 12.52082633972168, 11.918946266174316, 12.099956512451172, 12.361720085144043, 11.654516220092773, 11.527005195617676, 11.807308197021484, 12.660272598266602, 12.830682754516602, 11.753589630126953, 11.245872497558594, 13.192587852478027, 11.782231330871582, 12.41935920715332, 12.449592590332031, 12.308849334716797, 12.80746841430664, 11.515827178955078, 11.520800590515137, 12.561080932617188, 11.354776382446289, 10.875530242919922, 11.998318672180176, 11.415225982666016, 11.96432876586914, 13.006765365600586, 