{"aucroc": 0.7257892987703556, "aucpr": 0.08201357940054191, "dataset": "41_Waveform", "method": "soft", "test_ratio": 0.02904162633107454, "train_ratio": 0.02904162633107454, "labeled_anomalies": 1.0, "loe_loss": [44.25896453857422, 42.24003601074219, 41.62795639038086, 39.998538970947266, 38.8530387878418, 38.79926300048828, 38.107051849365234, 38.44682312011719, 37.39933395385742, 36.54543685913086, 37.284202575683594, 37.241241455078125, 36.77757263183594, 36.79829406738281, 36.164825439453125, 35.17947006225586, 35.3404541015625, 35.72080993652344, 35.2503776550293, 34.94212341308594, 33.9875373840332, 34.97137451171875, 34.14101791381836, 33.53387451171875, 34.17149353027344, 33.36715316772461, 33.57997131347656, 32.32000732421875, 31.993120193481445, 32.3342399597168, 32.27939224243164, 31.380409240722656, 31.261253356933594, 30.78786849975586, 31.583152770996094, 31.200164794921875, 30.208314895629883, 30.630386352539062, 30.727479934692383, 30.825788497924805, 30.495941162109375, 30.940370559692383, 30.066204071044922, 29.45546531677246, 29.75924301147461, 29.418825149536133, 29.187320709228516, 29.103315353393555, 29.310420989990234, 29.177228927612305, 29.097368240356445, 29.43694305419922, 29.03370475769043, 28.816959381103516, 28.534168243408203, 28.541349411010742, 28.524805068969727, 28.641515731811523, 28.529462814331055, 28.09709930419922, 28.199337005615234, 28.245027542114258, 27.94815444946289, 28.322589874267578, 28.247116088867188, 28.20780372619629, 28.055953979492188, 27.78358268737793, 27.539344787597656, 27.4167423248291, 27.689889907836914, 27.89956283569336, 27.714427947998047, 27.280902862548828, 27.537845611572266, 27.883211135864258, 27.60732078552246, 27.005001068115234, 27.18659782409668, 26.876514434814453, 27.02889060974121, 27.658599853515625, 27.578372955322266, 26.95520782470703, 26.972646713256836, 27.38945770263672, 27.332359313964844, 27.07831573486328, 27.040538787841797, 27.371891021728516, 26.782318115234375, 27.430889129638672, 27.074474334716797, 27.264442443847656, 26.984607696533203, 26.870450973510742, 26.53226661682129, 26.928062438964844, 26.53586196899414, 26.787487030029297, 27.014881134033203, 26.564693450927734, 26.237289428710938, 26.803714752197266, 27.133380889892578, 26.713043212890625, 26.59916877746582, 26.537370681762695, 26.214204788208008, 26.831605911254883, 26.432754516601562, 26.473817825317383, 26.241514205932617, 26.42625617980957, 26.74651527404785, 26.540441513061523, 26.19900131225586, 26.261821746826172, 26.364294052124023, 26.20343589782715, 26.33057975769043, 26.598787307739258, 26.54513168334961, 26.186391830444336, 25.663742065429688, 26.30730438232422, 26.173534393310547, 26.286121368408203, 26.064577102661133, 26.19615936279297, 26.34857177734375, 26.305400848388672, 26.834970474243164, 26.181896209716797, 26.47808074951172, 25.947248458862305, 25.696800231933594, 26.088401794433594, 26.19095802307129, 26.09343910217285, 25.56589126586914, 25.97527503967285, 26.11053466796875, 25.807628631591797, 26.003259658813477, 26.00343132019043, 25.684438705444336, 25.597270965576172, 25.58707046508789, 26.217796325683594, 25.868968963623047, 25.823076248168945, 25.86532211303711, 25.921340942382812, 25.866756439208984, 25.74555206298828, 25.701087951660156, 26.085432052612305, 25.91215705871582, 25.494243621826172, 25.492456436157227, 25.653715133666992, 25.893085479736328, 25.13217544555664, 25.50965118408203, 25.442012786865234, 25.75592803955078, 25.616798400878906, 25.311614990234375, 25.66722297668457, 25.397884368896484, 25.359718322753906, 25.364362716674805, 25.758987426757812, 25.34611701965332, 25.929588317871094, 25.491975784301758, 25.21637725830078, 25.209566116333008, 25.761140823364258, 25.497943878173828, 25.542644500732422, 25.431087493896484, 25.678281784057617, 25.24472999572754, 25.459251403808594, 25.806888580322266, 25.644712448120117, 25.465038299560547, 25.400419235229492, 25.21124267578125, 25.766281127929688, 25.059375762939453, 25.200775146484375, 25.41327476501465, 25.116491317749023, 25.704147338867188, 24.786231994628906, 25.180252075195312, 25.35859489440918, 25.12643814086914, 24.924785614013672, 24.96209716796875, 25.34375, 25.26790428161621, 25.283329010009766, 25.092031478881836, 24.97691535949707, 25.3958740234375, 25.097354888916016, 25.2287654876709, 25.30748748779297, 25.65117645263672, 25.102115631103516, 25.14150047302246, 25.41493797302246, 24.926122665405273, 25.233543395996094, 25.63651466369629, 25.161758422851562, 25.45208168029785, 25.278636932373047, 25.576976776123047, 25.393465042114258, 25.446290969848633, 25.088939666748047, 25.132535934448242, 25.360923767089844, 24.76836395263672, 25.342477798461914, 24.92088508605957, 25.331798553466797, 25.276113510131836, 25.096351623535156, 25.299678802490234, 25.581634521484375, 25.278261184692383, 25.020977020263672, 25.241252899169922, 25.09007453918457, 25.52584457397461, 25.1859130859375, 24.85352325439453, 24.855987548828125, 24.797636032104492, 25.424522399902344, 24.822486877441406, 25.484851837158203, 25.05111312866211, 25.48651123046875, 25.08328628540039, 25.22132110595703, 25.09010124206543, 25.647130966186523, 25.02249526977539, 24.95501708984375, 24.94998550415039, 25.061298370361328, 25.192930221557617, 25.000333786010742, 25.032821655273438, 25.14750099182129, 24.9589786529541, 25.168977737426758, 25.494998931884766, 25.019222259521484, 25.452836990356445, 24.685287475585938, 25.13775062561035, 24.529056549072266, 25.017473220825195, 25.223594665527344, 25.244354248046875, 24.707340240478516, 24.668378829956055, 25.278461456298828, 24.705114364624023, 25.38359260559082, 24.910324096679688, 24.811717987060547, 24.271116256713867, 25.299137115478516, 24.838497161865234, 24.917495727539062, 24.665536880493164, 24.860618591308594, 24.53261375427246, 25.127094268798828, 25.256290435791016, 25.107423782348633, 24.48094367980957, 24.783267974853516, 24.974987030029297, 25.36245346069336, 24.89551544189453, 25.106473922729492, 25.162734985351562, 25.211408615112305, 24.534828186035156, 24.93546485900879, 24.981813430786133, 24.431495666503906, 24.441307067871094, 25.055784225463867, 24.859188079833984, 24.588546752929688, 24.55832290649414, 24.568553924560547, 25.32729721069336, 25.235946655273438, 25.22439956665039, 25.00579071044922, 24.669597625732422, 25.201902389526367, 24.811668395996094, 24.712142944335938, 24.981483459472656, 24.853281021118164, 25.459657669067383, 25.48753547668457, 25.15483283996582, 24.840513229370117, 24.601533889770508, 24.67210578918457, 24.615812301635742, 25.110267639160156, 24.750396728515625, 24.74952507019043, 24.50983238220215, 24.51365089416504, 25.069787979125977, 24.965091705322266, 24.18930435180664, 24.56697654724121, 25.05520248413086, 24.800628662109375, 25.075191497802734, 24.76291847229004, 24.956464767456055, 24.80992317199707, 24.718873977661133, 24.901824951171875, 24.412015914916992, 24.88346290588379, 24.947715759277344, 24.473852157592773, 24.34111976623535, 24.773977279663086, 24.997217178344727, 24.671173095703125, 24.745996475219727, 24.75115203857422, 24.788719177246094, 24.63958168029785, 24.88161277770996, 24.548542022705078, 24.75851058959961, 24.4755802154541, 24.21683692932129, 24.662220001220703, 24.62506866455078, 24.416595458984375, 24.581314086914062, 25.02901840209961, 24.93044662475586, 24.698373794555664, 24.17141342163086, 24.519685745239258, 24.90572738647461, 24.664817810058594, 25.019868850708008, 24.30097198486328, 24.244487762451172, 24.99226188659668, 24.423789978027344, 24.515357971191406, 24.400135040283203, 24.596616744995117, 24.931228637695312, 24.71200180053711, 25.0667667388916, 25.153310775756836, 24.518314361572266, 24.147781372070312, 25.066448211669922, 24.48974609375, 24.541881561279297, 24.671472549438477, 24.784347534179688, 24.60081672668457, 24.456323623657227, 24.435115814208984, 24.962087631225586, 24.719646453857422, 25.138851165771484, 25.02694320678711, 25.188669204711914, 