{"aucroc": 0.6733133931538716, "aucpr": 0.1529817246660591, "dataset": "41_Waveform", "method": "hard", "test_ratio": 0.02904162633107454, "train_ratio": 0.02904162633107454, "labeled_anomalies": 1.0, "loe_loss": [42.67561340332031, 40.61698913574219, 39.177677154541016, 38.11872482299805, 37.907386779785156, 37.190521240234375, 36.88231658935547, 37.134708404541016, 36.1164436340332, 36.594486236572266, 35.66490173339844, 36.547306060791016, 36.33827209472656, 34.902259826660156, 36.128910064697266, 34.49298095703125, 35.07462692260742, 33.65119171142578, 33.435333251953125, 33.034812927246094, 33.415283203125, 33.43988800048828, 32.8637809753418, 32.77007293701172, 32.78348922729492, 32.923160552978516, 31.86009979248047, 32.50205993652344, 32.002079010009766, 32.27726364135742, 31.745166778564453, 30.832656860351562, 30.376750946044922, 30.51809310913086, 30.791894912719727, 30.58740234375, 29.818265914916992, 30.190093994140625, 30.319196701049805, 29.050853729248047, 29.818864822387695, 29.442195892333984, 29.40697479248047, 28.979297637939453, 28.497732162475586, 28.683752059936523, 28.77996826171875, 28.402027130126953, 27.869766235351562, 28.400680541992188, 28.55637550354004, 28.17760467529297, 28.061809539794922, 28.08452606201172, 27.818952560424805, 27.995582580566406, 28.125041961669922, 28.304235458374023, 27.90125274658203, 27.505159378051758, 28.09051513671875, 27.822078704833984, 27.927223205566406, 27.253904342651367, 27.15593719482422, 27.905527114868164, 27.337310791015625, 26.75334358215332, 27.243183135986328, 27.087182998657227, 27.310209274291992, 27.355987548828125, 27.18323516845703, 26.79248046875, 27.0552921295166, 26.898324966430664, 26.28160285949707, 26.55689811706543, 26.70200538635254, 26.21807098388672, 26.810094833374023, 26.75735855102539, 26.232036590576172, 26.368864059448242, 26.44204330444336, 26.905338287353516, 26.296329498291016, 26.60759162902832, 26.59684944152832, 26.614500045776367, 26.300273895263672, 26.605159759521484, 26.416709899902344, 26.36109733581543, 26.73285675048828, 26.365673065185547, 26.143421173095703, 26.03753662109375, 26.484312057495117, 26.21224594116211, 26.076913833618164, 26.037137985229492, 26.11472511291504, 25.98166275024414, 26.55366325378418, 25.814165115356445, 26.199047088623047, 26.15122413635254, 25.86894989013672, 26.03183364868164, 25.826251983642578, 25.68597984313965, 25.790067672729492, 25.803016662597656, 25.690717697143555, 25.458864212036133, 25.755023956298828, 25.816402435302734, 26.14537811279297, 25.660282135009766, 25.774629592895508, 26.010799407958984, 26.108430862426758, 25.935619354248047, 25.69902992248535, 25.181032180786133, 25.602340698242188, 25.37689208984375, 25.716026306152344, 25.797025680541992, 25.709226608276367, 25.68146324157715, 25.56969451904297, 25.248573303222656, 25.47508430480957, 25.625106811523438, 25.095056533813477, 25.421890258789062, 25.25006103515625, 25.034170150756836, 25.490388870239258, 24.957223892211914, 25.57773208618164, 25.33603858947754, 25.185344696044922, 25.208314895629883, 25.06334114074707, 25.081890106201172, 24.828378677368164, 25.035892486572266, 25.156024932861328, 24.910228729248047, 24.83761978149414, 24.85972785949707, 25.6914005279541, 25.374357223510742, 25.016891479492188, 25.09645652770996, 24.93037223815918, 24.8492431640625, 25.04682731628418, 24.916881561279297, 25.310752868652344, 24.973257064819336, 24.96087646484375, 25.46535873413086, 25.69019889831543, 24.737255096435547, 24.98082733154297, 24.85302734375, 24.5317325592041, 25.258026123046875, 24.57897186279297, 25.641368865966797, 25.47710609436035, 25.222396850585938, 25.238080978393555, 24.780635833740234, 25.163185119628906, 25.106372833251953, 24.701881408691406, 24.921188354492188, 24.893362045288086, 24.84661102294922, 25.070350646972656, 24.720319747924805, 25.091100692749023, 25.06667709350586, 24.425121307373047, 24.831680297851562, 24.885780334472656, 25.17139434814453, 24.99544334411621, 23.97974967956543, 25.334714889526367, 24.810821533203125, 24.506908416748047, 24.75324821472168, 25.62286376953125, 25.002254486083984, 24.682388305664062, 24.61115837097168, 24.968887329101562, 25.088865280151367, 24.78936767578125, 24.48874855041504, 24.591196060180664, 24.529417037963867, 24.807565689086914, 24.875919342041016, 24.568927764892578, 25.140344619750977, 24.413799285888672, 24.230804443359375, 24.682823181152344, 24.683866500854492, 24.8170108795166, 24.611846923828125, 24.64285659790039, 24.599748611450195, 24.5198974609375, 24.424495697021484, 24.80145263671875, 24.827939987182617, 25.479005813598633, 24.93060874938965, 24.72231101989746, 24.565603256225586, 24.731678009033203, 24.0936336517334, 25.535306930541992, 24.878690719604492, 24.1053524017334, 24.14734649658203, 24.33129119873047, 24.750465393066406, 25.186635971069336, 23.926353454589844, 24.548112869262695, 24.781156539916992, 24.11901092529297, 24.254125595092773, 24.440073013305664, 24.535633087158203, 24.57219696044922, 24.027568817138672, 24.66465187072754, 24.38802719116211, 24.468915939331055, 23.97537612915039, 24.680492401123047, 24.094497680664062, 24.062026977539062, 24.392723083496094, 24.71446418762207, 23.999971389770508, 23.933961868286133, 24.47225570678711, 24.238510131835938, 24.189346313476562, 24.414608001708984, 24.724590301513672, 24.926424026489258, 24.464561462402344, 24.342464447021484, 24.81036376953125, 24.414079666137695, 24.04574966430664, 24.392580032348633, 24.448707580566406, 24.748964309692383, 24.24763298034668, 24.547386169433594, 24.345317840576172, 24.60348892211914, 24.298561096191406, 24.276851654052734, 24.447628021240234, 24.319644927978516, 24.360498428344727, 23.9439640045166, 24.88714599609375, 24.503822326660156, 24.34820556640625, 24.52088737487793, 24.25373077392578, 24.555641174316406, 23.65921401977539, 24.345264434814453, 24.215831756591797, 24.1038761138916, 23.926172256469727, 24.29383087158203, 24.886486053466797, 24.321914672851562, 24.630849838256836, 24.235618591308594, 24.344011306762695, 24.689075469970703, 24.532209396362305, 24.600210189819336, 23.840530395507812, 24.552343368530273, 24.260631561279297, 24.088224411010742, 24.341224670410156, 24.50090789794922, 24.724714279174805, 24.404796600341797, 24.451778411865234, 24.95591163635254, 23.86346435546875, 23.808000564575195, 24.595958709716797, 25.045629501342773, 24.327831268310547, 24.37303924560547, 24.365978240966797, 24.14299201965332, 24.00786590576172, 24.2822265625, 24.97797966003418, 24.173259735107422, 24.2927303314209, 23.762849807739258, 24.0300350189209, 24.449844360351562, 24.288387298583984, 24.22794532775879, 24.01563835144043, 23.91311264038086, 24.071481704711914, 24.800153732299805, 24.152273178100586, 24.541549682617188, 23.873397827148438, 23.809093475341797, 24.21065902709961, 24.44386100769043, 23.973617553710938, 24.87710189819336, 24.56464958190918, 24.0843505859375, 24.312288284301758, 24.241580963134766, 24.151166915893555, 24.031513214111328, 24.079755783081055, 24.69159698486328, 24.45252799987793, 24.282577514648438, 24.08681869506836, 24.37468719482422, 23.855884552001953, 24.444429397583008, 23.88515853881836, 23.969722747802734, 24.06768226623535, 24.56671905517578, 24.335189819335938, 24.270397186279297, 24.022872924804688, 24.129478454589844, 24.6156063079834, 24.34314727783203, 23.966327667236328, 23.80034065246582, 24.077808380126953, 24.103416442871094, 24.07626724243164, 24.1001033782959, 24.298126220703125, 23.917579650878906, 23.767616271972656, 23.923686981201172, 23.654109954833984, 23.657873153686523, 23.889034271240234, 24.47689437866211, 24.28776741027832, 24.169673919677734, 23.923019409179688, 24.389835357666016, 24.429641723632812, 24.159709930419922, 24.047046661376953, 23.904865264892578, 23.91036033630371, 24.17908477783203, 24.21002769470215, 23.58371353149414, 24.067569732666016, 23.969688415527344, 23.790433883666992, 24.26226234436035, 23.973899841308594, 24.4565372467041, 23.902206420898438, 