{"aucroc": 0.6962778331671652, "aucpr": 0.12257384538276543, "dataset": "41_Waveform", "method": "soft", "test_ratio": 0.02904162633107454, "train_ratio": 0.02904162633107454, "labeled_anomalies": 1.0, "loe_loss": [44.19630813598633, 41.80571746826172, 40.05632019042969, 38.68600082397461, 37.73109817504883, 37.47789001464844, 37.266971588134766, 37.734683990478516, 37.89693069458008, 37.64737319946289, 36.22042465209961, 36.722103118896484, 35.61858367919922, 36.352420806884766, 36.0689582824707, 36.261959075927734, 34.332733154296875, 35.079288482666016, 34.10931396484375, 34.03958511352539, 33.4148063659668, 34.22611999511719, 33.35604476928711, 32.9988899230957, 32.51049041748047, 32.57602310180664, 33.87381362915039, 32.818817138671875, 32.748207092285156, 31.273147583007812, 31.705663681030273, 31.989107131958008, 31.289339065551758, 31.507110595703125, 31.384031295776367, 30.88650131225586, 30.82501983642578, 32.21092224121094, 30.627206802368164, 30.838735580444336, 31.213062286376953, 30.65011215209961, 31.07729148864746, 30.456378936767578, 30.86767578125, 30.54046058654785, 30.286277770996094, 29.935462951660156, 29.9775390625, 29.45086097717285, 28.905376434326172, 29.98434066772461, 29.38457489013672, 29.71231460571289, 29.215131759643555, 28.795337677001953, 28.743471145629883, 28.319921493530273, 28.370460510253906, 28.666173934936523, 28.609970092773438, 28.631410598754883, 28.194150924682617, 28.68600845336914, 28.036693572998047, 27.60489845275879, 28.5050048828125, 28.011823654174805, 28.088855743408203, 28.026432037353516, 28.21192169189453, 28.082143783569336, 27.42501449584961, 27.736082077026367, 27.876615524291992, 27.674694061279297, 27.838054656982422, 27.669031143188477, 27.86868667602539, 27.494834899902344, 27.468814849853516, 28.16385841369629, 27.384965896606445, 27.343460083007812, 27.373605728149414, 28.17742156982422, 27.305347442626953, 27.260658264160156, 27.438024520874023, 27.475252151489258, 27.59642219543457, 27.455852508544922, 27.594057083129883, 27.28227424621582, 27.34309959411621, 27.41236686706543, 27.192829132080078, 27.015071868896484, 27.085533142089844, 27.17757797241211, 27.13722038269043, 27.022254943847656, 27.359092712402344, 26.913461685180664, 26.97483253479004, 27.222633361816406, 26.674409866333008, 26.35612678527832, 27.13846206665039, 26.69518280029297, 26.62037467956543, 27.062047958374023, 26.682586669921875, 26.378578186035156, 26.801395416259766, 26.966264724731445, 26.245454788208008, 26.381793975830078, 26.77914047241211, 26.41918182373047, 26.49772834777832, 26.52558135986328, 25.99530029296875, 26.02784538269043, 26.399866104125977, 26.187482833862305, 26.58098030090332, 26.654069900512695, 26.140214920043945, 25.936538696289062, 26.098234176635742, 26.057374954223633, 26.092506408691406, 26.079345703125, 25.854938507080078, 26.43731689453125, 26.39086151123047, 25.528409957885742, 26.112552642822266, 26.256460189819336, 26.142009735107422, 26.486373901367188, 26.110422134399414, 25.856060028076172, 26.124656677246094, 25.83115577697754, 25.78061866760254, 26.105812072753906, 26.136598587036133, 25.930564880371094, 25.849666595458984, 25.732666015625, 25.847240447998047, 26.25025749206543, 26.134326934814453, 25.656068801879883, 25.963775634765625, 25.6975040435791, 25.404800415039062, 25.80187225341797, 25.677734375, 25.449682235717773, 25.663700103759766, 25.637496948242188, 25.40320587158203, 25.722457885742188, 26.003559112548828, 25.641983032226562, 25.73099136352539, 25.721532821655273, 25.894611358642578, 25.78546142578125, 25.719810485839844, 25.351097106933594, 25.21550941467285, 25.180551528930664, 25.64243507385254, 25.486907958984375, 25.263673782348633, 25.813289642333984, 25.25234603881836, 25.644811630249023, 25.190746307373047, 25.755064010620117, 25.901962280273438, 25.06748390197754, 25.52623748779297, 25.352598190307617, 25.135677337646484, 25.293201446533203, 24.96742820739746, 25.882421493530273, 25.33978271484375, 25.569047927856445, 25.181819915771484, 25.214845657348633, 25.535253524780273, 25.12925148010254, 25.277420043945312, 24.964561462402344, 25.173084259033203, 25.333160400390625, 24.98872184753418, 25.18250274658203, 25.0948486328125, 24.982093811035156, 25.17489242553711, 25.135103225708008, 25.28598976135254, 25.107683181762695, 25.683744430541992, 24.943683624267578, 25.054729461669922, 25.484241485595703, 25.293846130371094, 25.795040130615234, 25.02597427368164, 24.820968627929688, 25.318702697753906, 24.988985061645508, 25.316265106201172, 25.054054260253906, 25.303056716918945, 25.074899673461914, 24.65852165222168, 25.266845703125, 24.91643714904785, 25.370399475097656, 25.603132247924805, 24.83034896850586, 25.160991668701172, 25.177413940429688, 25.576812744140625, 24.958751678466797, 25.151866912841797, 25.10134506225586, 25.11366081237793, 24.908702850341797, 25.186111450195312, 25.283920288085938, 24.995567321777344, 25.142986297607422, 25.643606185913086, 25.099313735961914, 24.815107345581055, 25.445301055908203, 24.702247619628906, 25.397518157958984, 24.829917907714844, 24.982580184936523, 25.0867862701416, 25.141130447387695, 25.65782356262207, 25.158296585083008, 25.07174301147461, 24.89153480529785, 24.999706268310547, 24.927593231201172, 25.181787490844727, 24.75756072998047, 25.17096519470215, 24.450584411621094, 24.99417495727539, 25.351119995117188, 24.777931213378906, 24.868650436401367, 24.6246280670166, 24.975522994995117, 25.20872688293457, 24.23316764831543, 24.963781356811523, 25.19904136657715, 24.76301383972168, 24.98457908630371, 25.006677627563477, 25.25931739807129, 24.7889347076416, 24.524173736572266, 24.580026626586914, 25.334314346313477, 24.48760223388672, 25.557058334350586, 24.567996978759766, 25.049793243408203, 25.099933624267578, 25.002031326293945, 24.29732322692871, 24.91128921508789, 24.368165969848633, 25.038650512695312, 24.90366554260254, 24.781068801879883, 24.62354278564453, 25.18566131591797, 25.061553955078125, 24.762102127075195, 24.828929901123047, 24.787904739379883, 24.881145477294922, 25.147083282470703, 24.65401268005371, 24.803638458251953, 25.482452392578125, 24.671165466308594, 24.396087646484375, 24.89871597290039, 24.890419006347656, 24.624032974243164, 24.73614501953125, 24.501598358154297, 25.004344940185547, 24.816226959228516, 25.028461456298828, 24.722518920898438, 24.501861572265625, 25.043781280517578, 25.029815673828125, 24.312435150146484, 25.005857467651367, 24.570783615112305, 25.196048736572266, 25.163856506347656, 24.635644912719727, 24.582128524780273, 24.93552017211914, 25.119544982910156, 25.285438537597656, 24.83518409729004, 24.51041030883789, 25.026456832885742, 25.52403450012207, 24.536399841308594, 24.733367919921875, 25.15273666381836, 24.637866973876953, 25.027034759521484, 24.834815979003906, 25.067171096801758, 24.226730346679688, 25.026596069335938, 25.021732330322266, 24.38064956665039, 25.18235969543457, 24.55809783935547, 24.716388702392578, 24.569881439208984, 25.09012794494629, 25.039201736450195, 24.829233169555664, 24.6281795501709, 24.92949867248535, 24.861175537109375, 24.45566177368164, 24.634550094604492, 24.833974838256836, 25.36680793762207, 24.921430587768555, 25.317230224609375, 24.795515060424805, 24.4951114654541, 24.51081085205078, 24.368328094482422, 24.7044734954834, 24.949832916259766, 24.50421714782715, 24.389787673950195, 24.47118377685547, 24.93977928161621, 24.870412826538086, 24.597902297973633, 24.391334533691406, 24.79045295715332, 24.140506744384766, 24.53635025024414, 24.446475982666016, 24.016868591308594, 25.170612335205078, 24.91531753540039, 24.358291625976562, 24.392871856689453, 24.342504501342773, 25.07391929626465, 24.641536712646484, 24.949434280395508, 24.35012435913086, 24.711437225341797, 24.17923355102539, 24.343425750732422, 25.224388122558594, 24.50682830810547, 24.74665069580078, 24.6503963470459, 24.394786834716797, 24.797103881835938, 23.910606384277344, 24.172218322753906, 25.15284538269043, 24.872291564941406, 