{"aucroc": 0.7109006314390163, "aucpr": 0.11375913526888622, "dataset": "41_Waveform", "method": "soft", "test_ratio": 0.02904162633107454, "train_ratio": 0.02904162633107454, "labeled_anomalies": 1.0, "loe_loss": [44.19630813598633, 41.79892349243164, 40.05680465698242, 38.6791877746582, 37.7280158996582, 37.486793518066406, 37.25597381591797, 37.738792419433594, 37.883670806884766, 37.65366744995117, 36.20708465576172, 36.7177619934082, 35.61653518676758, 36.3437614440918, 36.087528228759766, 36.254329681396484, 34.279945373535156, 35.06414031982422, 34.11714172363281, 33.977962493896484, 33.369361877441406, 34.138607025146484, 33.35853576660156, 33.01884841918945, 32.590980529785156, 32.66938781738281, 33.91114044189453, 32.93391036987305, 32.708473205566406, 31.231067657470703, 31.7326717376709, 32.001163482666016, 31.292587280273438, 31.500080108642578, 31.515567779541016, 30.953514099121094, 30.906986236572266, 32.250186920166016, 30.631282806396484, 30.93560791015625, 31.296703338623047, 30.72268295288086, 31.14969253540039, 30.711977005004883, 31.084026336669922, 30.596847534179688, 30.47256088256836, 29.935754776000977, 30.022689819335938, 29.681610107421875, 29.012853622436523, 30.15765380859375, 29.38132095336914, 29.887779235839844, 29.28003692626953, 28.824676513671875, 28.874353408813477, 28.35515594482422, 28.37129020690918, 28.79658317565918, 28.67510986328125, 28.67095375061035, 28.288272857666016, 28.773130416870117, 27.995845794677734, 27.673664093017578, 28.651121139526367, 28.048328399658203, 28.0750675201416, 28.062599182128906, 28.258901596069336, 28.070064544677734, 27.289030075073242, 27.603580474853516, 27.89101791381836, 27.540225982666016, 27.731388092041016, 27.57218360900879, 27.5211181640625, 27.529884338378906, 27.432939529418945, 28.018367767333984, 27.14031219482422, 27.422456741333008, 27.2073974609375, 27.946489334106445, 27.119808197021484, 27.081533432006836, 27.275571823120117, 27.225112915039062, 27.550304412841797, 27.268028259277344, 27.463857650756836, 26.940784454345703, 27.116518020629883, 27.02339744567871, 26.835596084594727, 26.957372665405273, 26.915996551513672, 26.876195907592773, 27.0589656829834, 26.804067611694336, 27.211748123168945, 26.946496963500977, 26.78058433532715, 26.926925659179688, 26.63054847717285, 26.12594985961914, 27.13491439819336, 26.536975860595703, 26.49871063232422, 26.955272674560547, 26.57436752319336, 26.210586547851562, 26.609270095825195, 26.820526123046875, 26.13587188720703, 26.167722702026367, 26.69588279724121, 26.291927337646484, 26.29264259338379, 26.343257904052734, 25.807411193847656, 26.22541046142578, 26.198148727416992, 26.22243309020996, 26.833179473876953, 26.518115997314453, 25.987024307250977, 25.75200653076172, 25.929433822631836, 26.14093589782715, 26.05939483642578, 26.03687858581543, 25.72205352783203, 26.149005889892578, 26.337154388427734, 25.470348358154297, 26.108545303344727, 25.97463607788086, 26.07742691040039, 26.502708435058594, 25.921720504760742, 25.71495819091797, 26.08413314819336, 25.787500381469727, 25.76738166809082, 25.840770721435547, 26.1568603515625, 25.932607650756836, 25.863035202026367, 25.60664939880371, 25.74582290649414, 26.28977394104004, 26.135929107666016, 25.573593139648438, 25.982622146606445, 25.8720760345459, 25.163633346557617, 25.72780418395996, 25.543167114257812, 25.32392120361328, 25.75423812866211, 25.658714294433594, 25.278545379638672, 25.861106872558594, 25.9947509765625, 25.552959442138672, 25.737369537353516, 25.79159164428711, 26.020645141601562, 25.68825912475586, 25.756376266479492, 25.368356704711914, 25.335418701171875, 25.441078186035156, 25.583669662475586, 25.284395217895508, 25.256973266601562, 25.78957176208496, 25.374893188476562, 25.548696517944336, 25.28752899169922, 25.5434513092041, 25.793046951293945, 25.018293380737305, 25.473712921142578, 25.252376556396484, 25.00975799560547, 25.194698333740234, 24.986865997314453, 25.95514488220215, 25.30485725402832, 25.433916091918945, 25.114362716674805, 25.17681312561035, 25.544551849365234, 25.03063201904297, 25.161195755004883, 24.82666778564453, 25.106595993041992, 25.146329879760742, 24.979656219482422, 25.03085708618164, 24.96554946899414, 24.84065818786621, 25.262615203857422, 25.043216705322266, 25.190853118896484, 25.04448890686035, 25.677629470825195, 24.947437286376953, 25.131999969482422, 25.356374740600586, 25.395732879638672, 25.77495765686035, 24.937458038330078, 24.669763565063477, 25.234729766845703, 25.096912384033203, 25.230052947998047, 25.08814811706543, 25.223934173583984, 24.986879348754883, 24.62032127380371, 25.17457389831543, 24.862117767333984, 25.447555541992188, 25.571264266967773, 24.826290130615234, 25.248594284057617, 25.05389404296875, 25.484773635864258, 24.73992919921875, 25.296993255615234, 25.24173927307129, 25.02181053161621, 25.086641311645508, 25.170108795166016, 25.411449432373047, 24.852153778076172, 25.126861572265625, 25.72663688659668, 25.103363037109375, 24.608488082885742, 25.48546028137207, 24.79228973388672, 25.280738830566406, 24.894033432006836, 24.987503051757812, 25.16477394104004, 25.126190185546875, 25.664684295654297, 25.231143951416016, 24.93991470336914, 24.74306297302246, 24.973888397216797, 24.667476654052734, 24.96547508239746, 24.832674026489258, 25.300203323364258, 24.555461883544922, 24.91670799255371, 25.259328842163086, 24.789627075195312, 24.984050750732422, 24.540973663330078, 25.04544448852539, 25.111469268798828, 24.292613983154297, 24.96221160888672, 25.17631721496582, 24.807159423828125, 24.733779907226562, 24.914390563964844, 25.19034194946289, 24.72239875793457, 24.63197135925293, 24.60963249206543, 25.52547264099121, 24.70833396911621, 25.42609405517578, 24.55833625793457, 25.077198028564453, 25.21007537841797, 25.070852279663086, 24.251266479492188, 25.031574249267578, 24.380220413208008, 25.138050079345703, 24.974849700927734, 24.89328956604004, 24.6852970123291, 25.02547264099121, 24.943992614746094, 24.715496063232422, 24.878732681274414, 24.89973258972168, 24.86202621459961, 25.090160369873047, 24.70478057861328, 24.850173950195312, 25.382036209106445, 24.69612693786621, 24.424728393554688, 24.928373336791992, 24.75463104248047, 24.601238250732422, 24.857288360595703, 24.52052879333496, 24.974761962890625, 24.871000289916992, 25.11656951904297, 24.913698196411133, 24.6260929107666, 25.289813995361328, 24.894302368164062, 24.46904754638672, 24.7210750579834, 24.625919342041016, 25.01173210144043, 24.98637580871582, 24.544750213623047, 24.627620697021484, 25.014739990234375, 25.223243713378906, 25.279573440551758, 24.817787170410156, 24.524869918823242, 24.84314727783203, 25.465848922729492, 24.2865047454834, 24.62278938293457, 25.21516227722168, 24.72233772277832, 25.137344360351562, 24.924278259277344, 25.111318588256836, 24.394718170166016, 25.0587215423584, 25.0926513671875, 24.511199951171875, 25.283676147460938, 24.582990646362305, 24.797771453857422, 24.708709716796875, 25.157520294189453, 25.118755340576172, 24.916118621826172, 24.45577049255371, 25.17329216003418, 24.856647491455078, 24.31010627746582, 24.60216522216797, 24.789640426635742, 25.406208038330078, 24.956974029541016, 25.230712890625, 24.850603103637695, 24.410770416259766, 24.622835159301758, 24.40155792236328, 24.588956832885742, 24.859954833984375, 24.48076057434082, 24.372726440429688, 24.66465950012207, 24.9738826751709, 24.980770111083984, 24.653839111328125, 24.364151000976562, 24.79434585571289, 24.110990524291992, 24.40472984313965, 24.621501922607422, 24.08338737487793, 25.073938369750977, 25.05848503112793, 24.47690200805664, 24.489877700805664, 24.557748794555664, 25.119874954223633, 24.73904037475586, 24.976648330688477, 24.33148193359375, 24.63228988647461, 24.3636474609375, 24.33954620361328, 25.084285736083984, 24.65033721923828, 24.772018432617188, 24.750173568725586, 24.3770694732666, 24.884136199951172, 24.00337028503418, 24.1730899810791, 25.13081169128418, 24.94033432006836, 