{"aucroc": 0.6962778331671652, "aucpr": 0.12257384538276543, "dataset": "41_Waveform", "method": "blind", "test_ratio": 0.02904162633107454, "train_ratio": 0.02904162633107454, "labeled_anomalies": 1.0, "loe_loss": [46.566162109375, 44.190521240234375, 42.3762092590332, 40.96562194824219, 39.966243743896484, 39.628719329833984, 39.366085052490234, 39.76283264160156, 40.04506301879883, 39.80311965942383, 38.23155212402344, 38.83096694946289, 37.65918731689453, 38.26358413696289, 38.159263610839844, 38.25650405883789, 36.18588638305664, 37.04777908325195, 36.01087951660156, 35.978912353515625, 35.24741744995117, 36.1662483215332, 35.369293212890625, 34.79949188232422, 34.553340911865234, 34.52122116088867, 35.79720687866211, 34.607757568359375, 34.621009826660156, 33.16580581665039, 33.48503494262695, 33.96329879760742, 33.095436096191406, 33.35768508911133, 33.27883529663086, 32.642086029052734, 32.56787109375, 34.05271911621094, 32.464935302734375, 32.634761810302734, 32.913299560546875, 32.56352233886719, 32.911197662353516, 32.24101638793945, 32.72962951660156, 32.299468994140625, 32.067893981933594, 31.60468864440918, 31.585054397583008, 31.127853393554688, 30.58325958251953, 31.55350112915039, 30.89112663269043, 31.319372177124023, 30.837587356567383, 30.332754135131836, 30.289335250854492, 29.79249382019043, 29.879846572875977, 30.155532836914062, 30.126436233520508, 30.094764709472656, 29.596641540527344, 30.161054611206055, 29.478317260742188, 28.992517471313477, 30.00987434387207, 29.43370819091797, 29.4805965423584, 29.487342834472656, 29.620052337646484, 29.515005111694336, 28.801782608032227, 29.188186645507812, 29.334184646606445, 29.05845832824707, 29.32455825805664, 28.999387741088867, 29.247573852539062, 28.995311737060547, 28.80997085571289, 29.534542083740234, 28.78741455078125, 28.744510650634766, 28.704513549804688, 29.59575653076172, 28.791404724121094, 28.60769271850586, 28.85688018798828, 28.9720401763916, 28.979867935180664, 28.818666458129883, 28.977415084838867, 28.679628372192383, 28.727291107177734, 28.856470108032227, 28.5346622467041, 28.34918785095215, 28.44472312927246, 28.507192611694336, 28.425748825073242, 28.365617752075195, 28.69802474975586, 28.281505584716797, 28.37342071533203, 28.57572364807129, 28.014793395996094, 27.707557678222656, 28.514562606811523, 28.081188201904297, 27.96626091003418, 28.481203079223633, 27.98906135559082, 27.80795669555664, 28.103775024414062, 28.402238845825195, 27.560129165649414, 27.69403648376465, 28.14934539794922, 27.755308151245117, 27.959924697875977, 27.83206558227539, 27.36475944519043, 27.41822052001953, 27.95682716369629, 27.643190383911133, 28.058658599853516, 28.034507751464844, 27.463214874267578, 27.213529586791992, 27.379579544067383, 27.374858856201172, 27.40343475341797, 27.435483932495117, 27.178844451904297, 27.85213851928711, 27.715538024902344, 26.7728214263916, 27.47133445739746, 27.57775115966797, 27.452930450439453, 27.791446685791016, 27.454483032226562, 27.13188934326172, 27.421730041503906, 27.1077823638916, 27.161724090576172, 27.52287483215332, 27.449003219604492, 27.178041458129883, 27.143611907958984, 27.040842056274414, 27.17667007446289, 27.484243392944336, 27.541261672973633, 26.993642807006836, 27.360271453857422, 27.086427688598633, 26.69407844543457, 27.06765365600586, 26.970993041992188, 26.804122924804688, 26.919607162475586, 26.950408935546875, 26.679840087890625, 27.114852905273438, 27.39259147644043, 27.03000831604004, 27.01861572265625, 27.09839630126953, 27.237258911132812, 27.127315521240234, 27.004066467285156, 26.597352981567383, 26.438331604003906, 26.434499740600586, 27.07308006286621, 26.780536651611328, 26.614336013793945, 27.17697525024414, 26.560020446777344, 26.8825626373291, 26.463661193847656, 27.08526039123535, 27.2218074798584, 26.395931243896484, 26.86868667602539, 26.71595001220703, 26.356958389282227, 26.743553161621094, 26.244426727294922, 27.304134368896484, 26.79427146911621, 26.809038162231445, 26.489505767822266, 26.474931716918945, 26.8756103515625, 26.411224365234375, 26.601987838745117, 26.22669792175293, 26.452953338623047, 26.602581024169922, 26.28375244140625, 26.43852996826172, 26.418237686157227, 26.230548858642578, 26.358570098876953, 26.424150466918945, 26.64645004272461, 26.443941116333008, 27.004425048828125, 26.393489837646484, 26.3028621673584, 26.796463012695312, 26.660362243652344, 27.152828216552734, 26.337200164794922, 26.078763961791992, 26.617141723632812, 26.369136810302734, 26.792621612548828, 26.369054794311523, 26.674869537353516, 26.328561782836914, 26.084104537963867, 26.53653335571289, 26.23306655883789, 26.71902084350586, 26.96272850036621, 26.22291374206543, 26.455825805664062, 26.4240779876709, 26.90217399597168, 26.22844886779785, 26.50788688659668, 26.49891471862793, 26.36446762084961, 26.17878532409668, 26.54656219482422, 26.74588966369629, 26.24840545654297, 26.440534591674805, 26.98585319519043, 26.43155860900879, 26.173091888427734, 26.86337661743164, 25.989938735961914, 26.749792098999023, 26.157691955566406, 26.42876625061035, 26.530481338500977, 26.524063110351562, 27.14592742919922, 26.50075340270996, 26.35485076904297, 26.231887817382812, 26.277057647705078, 26.194250106811523, 26.46013069152832, 26.07224464416504, 26.545913696289062, 25.74502944946289, 26.448883056640625, 26.766647338867188, 26.15139389038086, 26.265911102294922, 25.961851119995117, 26.263940811157227, 26.509517669677734, 25.629478454589844, 26.34810447692871, 26.49578094482422, 26.101613998413086, 26.4489803314209, 26.3880672454834, 26.58670425415039, 26.047351837158203, 25.789094924926758, 25.891305923461914, 26.684959411621094, 25.830902099609375, 26.826013565063477, 25.869770050048828, 26.44593620300293, 26.359825134277344, 26.329540252685547, 25.546430587768555, 26.364547729492188, 25.769691467285156, 26.401540756225586, 26.25387954711914, 26.073705673217773, 26.0428466796875, 26.659456253051758, 26.389089584350586, 26.05136489868164, 26.16425323486328, 26.08290672302246, 26.217191696166992, 26.476791381835938, 25.952260971069336, 26.09131622314453, 26.739395141601562, 26.03824806213379, 25.71289825439453, 26.27349090576172, 26.285465240478516, 25.938831329345703, 26.07025146484375, 25.77615737915039, 26.293439865112305, 26.204648971557617, 26.396278381347656, 26.01529312133789, 25.820873260498047, 26.33929443359375, 26.391956329345703, 25.666767120361328, 26.316802978515625, 25.860809326171875, 26.55577278137207, 26.601835250854492, 26.017959594726562, 25.899948120117188, 26.236928939819336, 26.507442474365234, 26.749006271362305, 26.12327766418457, 25.773534774780273, 26.321819305419922, 26.937414169311523, 25.791229248046875, 26.030933380126953, 26.44782066345215, 25.94389533996582, 26.308866500854492, 26.158344268798828, 26.495433807373047, 25.64781951904297, 26.30317497253418, 26.408950805664062, 25.663368225097656, 26.482675552368164, 25.97597885131836, 26.068706512451172, 25.8470458984375, 26.399044036865234, 26.509828567504883, 26.222919464111328, 25.937631607055664, 26.238086700439453, 26.235952377319336, 25.772844314575195, 25.99835968017578, 26.073219299316406, 26.644012451171875, 26.30652618408203, 26.62000846862793, 26.105188369750977, 25.794822692871094, 25.844684600830078, 25.719680786132812, 26.11090087890625, 26.33167266845703, 25.711301803588867, 25.73838233947754, 25.80633544921875, 26.188819885253906, 26.154233932495117, 25.999731063842773, 25.72835350036621, 26.166248321533203, 25.366374969482422, 25.8421630859375, 25.7525691986084, 25.340328216552734, 26.567066192626953, 26.353296279907227, 25.628509521484375, 25.709304809570312, 25.65648651123047, 26.46569061279297, 25.996557235717773, 26.32994842529297, 25.64663314819336, 25.998985290527344, 25.402698516845703, 25.625892639160156, 26.633363723754883, 25.795795440673828, 26.107662200927734, 26.023704528808594, 25.754056930541992, 26.078615188598633, 25.254837036132812, 25.497722625732422, 26.51202392578125, 26.303911209106445, 