{"aucroc": 0.7128281821203056, "aucpr": 0.11262937297518745, "dataset": "41_Waveform", "method": "refine", "test_ratio": 0.02904162633107454, "train_ratio": 0.02904162633107454, "labeled_anomalies": 1.0, "loe_loss": [44.57282638549805, 42.184654235839844, 40.42820358276367, 39.046260833740234, 38.091552734375, 37.83367919921875, 37.59450149536133, 38.06452941894531, 38.22895812988281, 37.998374938964844, 36.53044128417969, 37.057167053222656, 35.94546127319336, 36.651939392089844, 36.41641616821289, 36.5776252746582, 34.57748794555664, 35.377769470214844, 34.43123245239258, 34.296688079833984, 33.66957092285156, 34.451026916503906, 33.67811965942383, 33.301307678222656, 32.9070930480957, 32.963035583496094, 34.230472564697266, 33.201026916503906, 33.003299713134766, 31.534685134887695, 32.0157470703125, 32.31056594848633, 31.572172164916992, 31.781911849975586, 31.780765533447266, 31.221410751342773, 31.169771194458008, 32.514625549316406, 30.88314437866211, 31.195606231689453, 31.54396629333496, 30.992359161376953, 31.395347595214844, 30.94016456604004, 31.362537384033203, 30.8436336517334, 30.713253021240234, 30.180686950683594, 30.241798400878906, 29.879093170166016, 29.2298583984375, 30.315208435058594, 29.617835998535156, 30.078216552734375, 29.532163619995117, 29.012420654296875, 29.0672664642334, 28.5274715423584, 28.54766845703125, 28.96891975402832, 28.888153076171875, 28.880338668823242, 28.48307991027832, 28.90997314453125, 28.178295135498047, 27.90607452392578, 28.910900115966797, 28.284183502197266, 28.263978958129883, 28.276769638061523, 28.42397689819336, 28.27861976623535, 27.487594604492188, 27.790590286254883, 28.096330642700195, 27.748241424560547, 28.00200843811035, 27.774993896484375, 27.720491409301758, 27.793853759765625, 27.60281753540039, 28.213212966918945, 27.346683502197266, 27.57870864868164, 27.439363479614258, 28.128324508666992, 27.290159225463867, 27.2357120513916, 27.485057830810547, 27.44139289855957, 27.738988876342773, 27.477514266967773, 27.63907814025879, 27.167585372924805, 27.332481384277344, 27.234926223754883, 27.03879165649414, 27.10407066345215, 27.117328643798828, 27.0778865814209, 27.20995330810547, 26.968568801879883, 27.406253814697266, 27.159143447875977, 26.92731285095215, 27.1391544342041, 26.861289978027344, 26.344694137573242, 27.257495880126953, 26.721324920654297, 26.719226837158203, 27.206478118896484, 26.77865982055664, 26.422832489013672, 26.84567642211914, 27.013771057128906, 26.335880279541016, 26.35163688659668, 26.93572235107422, 26.543241500854492, 26.509841918945312, 26.54546356201172, 25.977781295776367, 26.403728485107422, 26.42506217956543, 26.4765625, 26.983596801757812, 26.706764221191406, 26.19026756286621, 25.95368766784668, 26.154861450195312, 26.354129791259766, 26.263385772705078, 26.27983856201172, 25.947086334228516, 26.340435028076172, 26.53928565979004, 25.660478591918945, 26.310361862182617, 26.183320999145508, 26.275890350341797, 26.729408264160156, 26.16337776184082, 25.946928024291992, 26.27543830871582, 25.996614456176758, 26.03211784362793, 26.126113891601562, 26.417598724365234, 26.14838218688965, 26.09117889404297, 25.83407974243164, 25.990345001220703, 26.512229919433594, 26.332324981689453, 25.811748504638672, 26.224018096923828, 26.076040267944336, 25.39545249938965, 25.948528289794922, 25.773435592651367, 25.541305541992188, 25.931793212890625, 25.88738250732422, 25.554771423339844, 26.09479522705078, 26.225868225097656, 25.787914276123047, 25.942493438720703, 26.002798080444336, 26.18512725830078, 25.934850692749023, 26.004528045654297, 25.580883026123047, 25.524160385131836, 25.61313247680664, 25.81321144104004, 25.53285026550293, 25.483457565307617, 26.00347137451172, 25.582406997680664, 25.732027053833008, 25.48108673095703, 25.74134063720703, 26.007558822631836, 25.270660400390625, 25.69632911682129, 25.506608963012695, 25.227773666381836, 25.483278274536133, 25.188175201416016, 26.163366317749023, 25.512008666992188, 25.65072250366211, 25.310195922851562, 25.367679595947266, 25.765243530273438, 25.264522552490234, 25.345664978027344, 25.0600528717041, 25.29652214050293, 25.369403839111328, 25.1850643157959, 25.23092269897461, 25.1650447845459, 25.007450103759766, 25.45255470275879, 25.230531692504883, 25.372234344482422, 25.255332946777344, 25.85191535949707, 25.168697357177734, 25.31389808654785, 25.5931396484375, 25.632354736328125, 25.926481246948242, 25.153152465820312, 24.86078643798828, 25.428733825683594, 25.315200805664062, 25.435916900634766, 25.283227920532227, 25.442977905273438, 25.21575355529785, 24.839069366455078, 25.364578247070312, 25.073997497558594, 25.662614822387695, 25.709447860717773, 25.06749153137207, 25.48456382751465, 25.262100219726562, 25.70662498474121, 24.952383041381836, 25.521337509155273, 25.455886840820312, 25.23586654663086, 25.254249572753906, 25.39527130126953, 25.626644134521484, 25.080764770507812, 25.304885864257812, 25.89881134033203, 25.318693161010742, 24.81705093383789, 25.695144653320312, 24.99510383605957, 25.497568130493164, 25.096149444580078, 25.173084259033203, 25.39116668701172, 25.367351531982422, 25.899110794067383, 25.42601776123047, 25.128929138183594, 24.935932159423828, 25.173254013061523, 24.890451431274414, 25.164506912231445, 25.032270431518555, 25.515396118164062, 24.732887268066406, 25.124248504638672, 25.494279861450195, 25.003873825073242, 25.165771484375, 24.76699447631836, 25.23040771484375, 25.329975128173828, 24.50063705444336, 25.169466018676758, 25.38250732421875, 25.008953094482422, 24.977519989013672, 25.171897888183594, 25.405593872070312, 24.935768127441406, 24.84103775024414, 24.811161041259766, 25.767379760742188, 24.8763370513916, 25.643972396850586, 24.77314567565918, 25.30023765563965, 25.394554138183594, 25.256418228149414, 24.4444580078125, 25.256391525268555, 24.619646072387695, 25.3265380859375, 25.181018829345703, 25.096878051757812, 24.88318634033203, 25.264022827148438, 25.143938064575195, 24.917964935302734, 25.097991943359375, 25.053298950195312, 25.087675094604492, 25.3049259185791, 24.905410766601562, 25.047103881835938, 25.57577133178711, 24.91231918334961, 24.645267486572266, 25.180309295654297, 24.960256576538086, 24.8009033203125, 25.08296775817871, 24.746000289916992, 25.1696834564209, 25.06340217590332, 25.338314056396484, 25.146656036376953, 24.851247787475586, 25.497798919677734, 25.084524154663086, 24.702775955200195, 24.940080642700195, 24.804155349731445, 25.198348999023438, 25.211336135864258, 24.764007568359375, 24.79659652709961, 25.25316619873047, 25.41350555419922, 25.460947036743164, 25.008934020996094, 24.683435440063477, 25.054563522338867, 25.662500381469727, 24.49432373046875, 24.850975036621094, 25.39229965209961, 24.915912628173828, 25.333059310913086, 25.11803436279297, 25.300039291381836, 24.59470558166504, 25.255218505859375, 25.308731079101562, 24.670740127563477, 25.471214294433594, 24.80324935913086, 25.000444412231445, 24.891315460205078, 25.33257293701172, 25.304262161254883, 25.194427490234375, 24.648595809936523, 25.341638565063477, 25.05029296875, 24.52855682373047, 24.82497215270996, 24.977405548095703, 25.59089469909668, 25.147178649902344, 25.440265655517578, 25.070058822631836, 24.651403427124023, 24.82160186767578, 24.609243392944336, 24.826013565063477, 25.06198501586914, 24.670425415039062, 24.551727294921875, 24.829389572143555, 25.157569885253906, 25.159080505371094, 24.866491317749023, 24.59198760986328, 24.9946346282959, 24.32854461669922, 24.609968185424805, 24.833683013916016, 24.288421630859375, 25.31427001953125, 25.278274536132812, 24.674911499023438, 24.712289810180664, 24.78165054321289, 25.366535186767578, 24.9461727142334, 25.190338134765625, 24.54153060913086, 24.863330841064453, 24.587570190429688, 24.54696273803711, 25.303359985351562, 24.862472534179688, 25.015174865722656, 24.947696685791016, 24.54505729675293, 25.059513092041016, 24.23282241821289, 24.372798919677734, 25.32903289794922, 