{"aucroc": 0.9758777807558295, "aucpr": 0.7222294412459401, "dataset": "42_WBC", "method": "soft", "test_ratio": 0.043333333333333335, "train_ratio": 0.043333333333333335, "labeled_anomalies": 1.0, "loe_loss": [16.82797622680664, 16.030715942382812, 13.86673355102539, 13.596477508544922, 12.629777908325195, 12.830512046813965, 12.359565734863281, 11.737099647521973, 11.683423042297363, 11.72818374633789, 12.036665916442871, 11.478236198425293, 12.455171585083008, 11.936718940734863, 14.059720039367676, 11.127842903137207, 11.821924209594727, 11.680069923400879, 12.500517845153809, 11.483534812927246, 11.269431114196777, 11.361736297607422, 11.259013175964355, 12.123100280761719, 11.209708213806152, 11.748543739318848, 10.348977088928223, 11.552345275878906, 10.562618255615234, 10.214882850646973, 9.911050796508789, 11.308732032775879, 10.997191429138184, 10.307074546813965, 10.612833023071289, 10.686309814453125, 11.80385971069336, 10.621623992919922, 10.50788402557373, 10.148262977600098, 11.220417022705078, 10.523271560668945, 10.330224990844727, 10.176750183105469, 10.253079414367676, 10.258928298950195, 11.326384544372559, 10.670470237731934, 10.448470115661621, 10.569091796875, 11.577420234680176, 11.034595489501953, 11.310443878173828, 10.574234008789062, 10.421636581420898, 11.25503921508789, 11.038728713989258, 11.478300094604492, 10.963936805725098, 10.075139999389648, 10.4461669921875, 10.71002197265625, 10.728109359741211, 10.898491859436035, 10.624200820922852, 9.979440689086914, 10.446941375732422, 10.547734260559082, 10.205204010009766, 10.355206489562988, 10.228078842163086, 10.122969627380371, 10.662939071655273, 10.471332550048828, 10.43386173248291, 10.934566497802734, 10.531234741210938, 10.47936725616455, 10.244465827941895, 10.572757720947266, 10.267084121704102, 10.988357543945312, 10.538597106933594, 10.538204193115234, 10.250265121459961, 10.24471664428711, 10.183711051940918, 10.213251113891602, 10.128209114074707, 10.464164733886719, 10.638473510742188, 10.699654579162598, 10.364948272705078, 10.476339340209961, 10.608626365661621, 10.334360122680664, 10.564214706420898, 10.254976272583008, 10.02391242980957, 10.096832275390625, 10.112327575683594, 10.313566207885742, 10.438163757324219, 10.015746116638184, 10.24613094329834, 10.491987228393555, 10.500219345092773, 10.951732635498047, 10.230993270874023, 10.537549018859863, 10.567304611206055, 10.381940841674805, 10.369603157043457, 10.194620132446289, 10.54081916809082, 10.328428268432617, 10.697486877441406, 10.661469459533691, 10.567302703857422, 10.455653190612793, 10.258583068847656, 10.624680519104004, 10.146600723266602, 10.303160667419434, 10.390419006347656, 10.17335319519043, 10.307052612304688, 10.527118682861328, 10.434464454650879, 10.263836860656738, 10.038002014160156, 10.394159317016602, 10.047602653503418, 10.126020431518555, 10.184629440307617, 10.193228721618652, 9.811721801757812, 10.244956970214844, 10.423430442810059, 10.565352439880371, 10.251886367797852, 10.09499454498291, 10.835773468017578, 10.448410034179688, 10.274908065795898, 10.175210952758789, 10.260329246520996, 9.894438743591309, 9.913904190063477, 9.80026912689209, 10.111191749572754, 9.860835075378418, 9.833755493164062, 10.514732360839844, 10.346092224121094, 10.16880989074707, 9.719587326049805, 10.262824058532715, 10.523751258850098, 9.553698539733887, 9.965826034545898, 9.766640663146973, 10.000360488891602, 9.671707153320312, 10.124327659606934, 9.395425796508789, 9.890320777893066, 9.71435832977295, 10.01104736328125, 10.216070175170898, 9.876551628112793, 9.802038192749023, 9.850507736206055, 9.676151275634766, 9.447616577148438, 9.845574378967285, 9.751242637634277, 9.669822692871094, 9.962615966796875, 9.78564167022705, 9.700193405151367, 9.764094352722168, 9.566143035888672, 9.921479225158691, 9.918289184570312, 9.743340492248535, 9.608424186706543, 9.873053550720215, 9.73099422454834, 9.659904479980469, 10.006417274475098, 9.664041519165039, 9.849233627319336, 10.052082061767578, 9.362092018127441, 10.087539672851562, 10.191513061523438, 9.644684791564941, 9.722098350524902, 9.770806312561035, 9.536404609680176, 9.424459457397461, 10.136197090148926, 9.385363578796387, 9.86306381225586, 9.460441589355469, 9.268577575683594, 10.026394844055176, 9.333779335021973, 9.396692276000977, 9.326854705810547, 9.748907089233398, 10.058286666870117, 9.661772727966309, 9.550298690795898, 9.708163261413574, 9.471263885498047, 9.30741024017334, 9.836538314819336, 9.757198333740234, 9.290909767150879, 9.91316032409668, 9.218993186950684, 10.028366088867188, 9.780405044555664, 9.485238075256348, 9.874231338500977, 9.137099266052246, 9.759889602661133, 9.54365348815918, 9.520092010498047, 9.132761001586914, 9.098417282104492, 9.79405689239502, 9.313454627990723, 9.610841751098633, 9.522612571716309, 9.989907264709473, 9.933917045593262, 9.69828987121582, 9.799470901489258, 9.737552642822266, 9.805225372314453, 9.583324432373047, 9.240011215209961, 9.321500778198242, 9.27729606628418, 9.11776351928711, 9.555142402648926, 9.711249351501465, 9.422359466552734, 9.076742172241211, 9.58107852935791, 9.243324279785156, 9.624307632446289, 9.709705352783203, 9.757972717285156, 9.578563690185547, 9.440268516540527, 9.502312660217285, 9.669400215148926, 9.360078811645508, 9.732261657714844, 9.524242401123047, 9.445082664489746, 9.405484199523926, 9.514634132385254, 9.062141418457031, 9.436227798461914, 9.111316680908203, 9.698226928710938, 9.26257038116455, 9.406911849975586, 9.502958297729492, 9.485846519470215, 9.559812545776367, 8.879544258117676, 9.250462532043457, 9.815937995910645, 9.901731491088867, 9.622772216796875, 9.51234245300293, 8.993485450744629, 9.275866508483887, 8.995285034179688, 9.190157890319824, 9.302722930908203, 9.160277366638184, 9.019840240478516, 9.699798583984375, 8.976886749267578, 9.2652006149292, 9.034567832946777, 9.111523628234863, 9.139315605163574, 9.44811725616455, 9.781990051269531, 9.323917388916016, 8.98736572265625, 9.200447082519531, 9.765069961547852, 8.942971229553223, 9.540653228759766, 9.368435859680176, 9.143121719360352, 9.451576232910156, 9.449653625488281, 9.826887130737305, 9.127697944641113, 9.06682014465332, 9.448241233825684, 9.850641250610352, 8.835497856140137, 9.373445510864258, 9.142056465148926, 9.473077774047852, 8.8883695602417, 9.016103744506836, 9.366127014160156, 9.420978546142578, 9.022239685058594, 9.686847686767578, 9.204388618469238, 8.8469877243042, 9.35456657409668, 9.452213287353516, 9.345087051391602, 9.41316032409668, 9.138500213623047, 9.606771469116211, 9.51945972442627, 9.49458122253418, 8.995478630065918, 9.626102447509766, 9.428399085998535, 9.595064163208008, 9.43458366394043, 8.986867904663086, 9.172242164611816, 8.981886863708496, 9.070677757263184, 9.785990715026855, 9.45465087890625, 9.349796295166016, 8.82107925415039, 9.469779014587402, 9.474506378173828, 9.21501636505127, 9.101085662841797, 8.917061805725098, 9.390031814575195, 9.56688404083252, 9.551506042480469, 8.767838478088379, 9.287516593933105, 9.055787086486816, 9.065166473388672, 9.355012893676758, 9.098001480102539, 9.196210861206055, 9.680342674255371, 9.58647632598877, 9.697150230407715, 9.71107292175293, 9.728787422180176, 9.280349731445312, 9.155481338500977, 9.157896041870117, 9.219032287597656, 9.431428909301758, 9.89329719543457, 9.063539505004883, 9.045804977416992, 9.439663887023926, 9.181839942932129, 8.979381561279297, 10.188583374023438, 9.269265174865723, 9.182721138000488, 9.08176040649414, 9.46214485168457, 9.403167724609375, 9.8629732131958, 9.512604713439941, 9.339313507080078, 9.660964965820312, 9.47828483581543, 9.269835472106934, 9.287083625793457, 9.708717346191406, 10.083809852600098, 9.277438163757324, 9.361368179321289, 9.007168769836426, 9.434425354003906, 9.115546226501465, 9.255845069885254, 9.561206817626953, 8.914156913757324, 9.51817798614502, 9.678775787353516, 8.950983047485352, 9.445243835449219, 9.688228607177734, 