{"aucroc": 0.9731975341731439, "aucpr": 0.7322166517514658, "dataset": "42_WBC", "method": "soft", "test_ratio": 0.043333333333333335, "train_ratio": 0.043333333333333335, "labeled_anomalies": 1.0, "loe_loss": [16.82797622680664, 16.025991439819336, 13.845569610595703, 13.582904815673828, 12.595610618591309, 12.820915222167969, 12.342643737792969, 11.704032897949219, 11.626235961914062, 11.68350601196289, 11.996376037597656, 11.415120124816895, 12.441751480102539, 11.894784927368164, 14.13288402557373, 11.027090072631836, 11.763263702392578, 11.605790138244629, 12.481651306152344, 11.422784805297852, 11.180585861206055, 11.254181861877441, 11.20843505859375, 12.04335880279541, 11.095090866088867, 11.731992721557617, 10.2180757522583, 11.527359008789062, 10.397363662719727, 10.0615873336792, 9.72286605834961, 11.233987808227539, 10.882116317749023, 10.14010238647461, 10.482741355895996, 10.527874946594238, 11.822657585144043, 10.592716217041016, 10.337533950805664, 9.918390274047852, 11.114505767822266, 10.335929870605469, 10.110345840454102, 9.855244636535645, 10.017433166503906, 9.999967575073242, 11.222664833068848, 10.550582885742188, 10.16193962097168, 10.303075790405273, 11.675488471984863, 10.734945297241211, 11.152566909790039, 10.15304946899414, 10.162635803222656, 11.13621711730957, 10.856934547424316, 11.351905822753906, 10.599538803100586, 9.5517578125, 10.053512573242188, 10.205911636352539, 10.544594764709473, 10.55226993560791, 10.213614463806152, 9.388101577758789, 9.965237617492676, 10.264081001281738, 9.762853622436523, 9.887016296386719, 9.743228912353516, 9.4815673828125, 10.690361022949219, 9.828414916992188, 9.73714542388916, 10.8986234664917, 10.458945274353027, 9.814939498901367, 9.603649139404297, 10.564515113830566, 9.773045539855957, 10.96101188659668, 10.310741424560547, 10.257644653320312, 9.554523468017578, 9.635757446289062, 9.677631378173828, 9.733509063720703, 9.56276798248291, 10.297750473022461, 10.381698608398438, 10.705904006958008, 9.926258087158203, 10.580432891845703, 10.616955757141113, 9.855189323425293, 9.956733703613281, 9.982402801513672, 9.287023544311523, 9.537738800048828, 9.522642135620117, 9.846025466918945, 10.292900085449219, 9.377506256103516, 10.193374633789062, 10.24211597442627, 9.876049995422363, 10.839743614196777, 9.408294677734375, 10.701120376586914, 10.432336807250977, 10.20689582824707, 10.061107635498047, 9.405271530151367, 10.025734901428223, 9.899688720703125, 10.3690185546875, 10.8449068069458, 11.053731918334961, 9.660829544067383, 9.966150283813477, 10.81070327758789, 9.680036544799805, 10.036872863769531, 10.667945861816406, 10.34969711303711, 9.671436309814453, 10.929071426391602, 10.100814819335938, 9.938498497009277, 9.216317176818848, 9.729400634765625, 9.327417373657227, 10.17350959777832, 9.609519004821777, 10.03909683227539, 9.509592056274414, 9.70348072052002, 10.285711288452148, 10.658720016479492, 9.910720825195312, 9.575769424438477, 10.648797988891602, 10.86388111114502, 9.921018600463867, 10.069877624511719, 10.013101577758789, 10.046642303466797, 9.584602355957031, 9.884206771850586, 9.979133605957031, 9.83054256439209, 9.22602653503418, 11.001893043518066, 10.574783325195312, 10.154868125915527, 9.453357696533203, 10.612671852111816, 9.94379711151123, 9.118687629699707, 9.53292465209961, 9.400437355041504, 9.697935104370117, 9.46512508392334, 10.505264282226562, 9.076684951782227, 9.73410415649414, 9.711730003356934, 10.479418754577637, 10.14074993133545, 9.66701889038086, 9.534952163696289, 9.73185920715332, 9.5029296875, 9.195911407470703, 9.862689971923828, 9.612690925598145, 9.363151550292969, 9.683534622192383, 9.586549758911133, 9.256465911865234, 9.379759788513184, 9.121567726135254, 9.560754776000977, 9.684639930725098, 9.539912223815918, 9.445304870605469, 9.501916885375977, 9.601649284362793, 9.433944702148438, 9.93145751953125, 9.395017623901367, 9.617114067077637, 9.76634693145752, 8.80237865447998, 9.7676362991333, 10.380168914794922, 9.7218017578125, 9.370403289794922, 9.513914108276367, 9.621840476989746, 9.023542404174805, 10.008932113647461, 9.241241455078125, 9.520136833190918, 9.30474853515625, 9.088385581970215, 9.612237930297852, 8.941224098205566, 9.152633666992188, 9.204676628112793, 9.506879806518555, 9.802125930786133, 9.394843101501465, 9.14377212524414, 9.439045906066895, 9.18459415435791, 9.06570816040039, 9.51976203918457, 9.33270263671875, 9.066705703735352, 9.711505889892578, 9.085952758789062, 9.912214279174805, 9.834096908569336, 9.275070190429688, 9.856786727905273, 9.0034761428833, 9.362008094787598, 9.117232322692871, 9.158037185668945, 9.091110229492188, 8.757122039794922, 9.398638725280762, 9.029836654663086, 8.916020393371582, 9.295329093933105, 9.691885948181152, 9.546538352966309, 9.212538719177246, 9.479772567749023, 9.472220420837402, 9.442943572998047, 9.255841255187988, 9.130655288696289, 9.011894226074219, 9.114234924316406, 8.681868553161621, 9.269461631774902, 9.621550559997559, 8.781255722045898, 8.692254066467285, 9.390700340270996, 8.758565902709961, 9.261425018310547, 9.415889739990234, 9.437816619873047, 9.222233772277832, 9.35213851928711, 9.105979919433594, 9.521223068237305, 8.914129257202148, 9.405647277832031, 9.159198760986328, 9.164074897766113, 9.028716087341309, 9.039774894714355, 8.940808296203613, 8.987594604492188, 8.742138862609863, 9.251861572265625, 8.891655921936035, 9.046624183654785, 9.051989555358887, 8.88027572631836, 9.37033462524414, 8.429849624633789, 8.894617080688477, 9.405007362365723, 9.56452751159668, 9.459245681762695, 9.264019966125488, 8.389776229858398, 8.590252876281738, 8.386319160461426, 8.857275009155273, 8.994665145874023, 8.803342819213867, 8.818437576293945, 9.135808944702148, 8.645910263061523, 8.902005195617676, 8.745677947998047, 8.602916717529297, 8.736915588378906, 9.032177925109863, 9.739310264587402, 8.976815223693848, 8.450130462646484, 8.807209014892578, 9.496339797973633, 8.771429061889648, 8.884910583496094, 9.035606384277344, 8.782047271728516, 9.052507400512695, 9.143142700195312, 9.33672046661377, 8.991911888122559, 8.475957870483398, 8.928177833557129, 9.354281425476074, 8.244100570678711, 8.97213077545166, 8.447561264038086, 9.196455955505371, 8.281378746032715, 8.734757423400879, 9.029620170593262, 8.81083869934082, 8.472061157226562, 9.127976417541504, 8.59013557434082, 8.54739761352539, 8.95799446105957, 9.122036933898926, 8.827571868896484, 8.900148391723633, 8.57913589477539, 8.970552444458008, 8.898537635803223, 9.184136390686035, 8.422831535339355, 9.60571002960205, 9.165837287902832, 9.178497314453125, 9.094034194946289, 8.663140296936035, 8.622982025146484, 8.360507011413574, 8.558947563171387, 9.358553886413574, 8.884654998779297, 8.859256744384766, 8.219510078430176, 8.971549034118652, 9.195858001708984, 8.762117385864258, 8.749767303466797, 8.535654067993164, 9.068459510803223, 9.297186851501465, 9.331955909729004, 8.353612899780273, 8.970192909240723, 8.555233001708984, 8.563934326171875, 8.900303840637207, 8.598882675170898, 8.555088996887207, 8.693270683288574, 9.009502410888672, 9.246861457824707, 9.058582305908203, 9.109902381896973, 8.600849151611328, 8.784966468811035, 8.89029312133789, 8.954132080078125, 8.916934967041016, 9.308124542236328, 8.651900291442871, 8.457262992858887, 9.180243492126465, 8.688515663146973, 8.68017864227295, 9.65584945678711, 8.720197677612305, 8.540559768676758, 8.42322063446045, 9.087510108947754, 8.61205005645752, 9.862237930297852, 9.402440071105957, 8.83840560913086, 9.334419250488281, 8.79633617401123, 8.775016784667969, 8.78243637084961, 8.999103546142578, 9.817550659179688, 8.531111717224121, 8.913839340209961, 8.75206184387207, 9.048506736755371, 8.805110931396484, 8.62458324432373, 9.040099143981934, 8.141898155212402, 9.042769432067871, 9.58613395690918, 8.284093856811523, 8.838394165039062, 9.505050659179688, 8.750404357910156, 9.191520690917969, 8.979043006896973, 8.75975513458252, 8.968189239501953, 