{"aucroc": 0.9826677387652998, "aucpr": 0.8207107268565714, "dataset": "42_WBC", "method": "refine", "test_ratio": 0.043333333333333335, "train_ratio": 0.043333333333333335, "labeled_anomalies": 1.0, "loe_loss": [17.470918655395508, 16.921342849731445, 14.880849838256836, 14.64400577545166, 13.404748916625977, 13.354216575622559, 12.943070411682129, 12.438552856445312, 12.286263465881348, 12.4752836227417, 12.696159362792969, 11.945499420166016, 13.155049324035645, 12.647988319396973, 14.945648193359375, 11.450767517089844, 12.47788143157959, 12.64273452758789, 13.086443901062012, 11.984325408935547, 11.85267448425293, 11.937406539916992, 11.77066421508789, 12.875380516052246, 11.82137680053711, 12.572768211364746, 10.7887544631958, 12.184391021728516, 10.762855529785156, 10.708169937133789, 10.464001655578613, 12.180968284606934, 11.534871101379395, 10.90533447265625, 11.285265922546387, 11.411645889282227, 12.450958251953125, 11.379837036132812, 10.885064125061035, 10.685933113098145, 11.905540466308594, 11.163029670715332, 10.560447692871094, 10.421229362487793, 10.726175308227539, 10.650930404663086, 11.813733100891113, 11.383410453796387, 10.615610122680664, 10.962148666381836, 12.477922439575195, 11.285231590270996, 12.103890419006348, 10.725517272949219, 11.030142784118652, 12.00161361694336, 11.521636962890625, 12.283577919006348, 11.183572769165039, 9.926687240600586, 10.340328216552734, 10.728017807006836, 11.22735595703125, 11.11645793914795, 10.593088150024414, 9.895437240600586, 10.658967018127441, 10.872016906738281, 10.144805908203125, 10.286312103271484, 10.019286155700684, 9.968350410461426, 11.294546127319336, 10.2833833694458, 10.272391319274902, 11.4791841506958, 11.307609558105469, 9.943185806274414, 9.934961318969727, 11.251291275024414, 10.003467559814453, 11.567800521850586, 10.535300254821777, 10.835046768188477, 9.807901382446289, 10.129167556762695, 10.145927429199219, 9.901691436767578, 9.700968742370605, 10.89147663116455, 10.869405746459961, 11.303400039672852, 10.062955856323242, 11.201315879821777, 11.157147407531738, 10.226393699645996, 10.246686935424805, 10.33869457244873, 9.196115493774414, 10.016724586486816, 9.548784255981445, 9.88375473022461, 11.048089981079102, 9.848740577697754, 11.095541954040527, 10.881306648254395, 10.169962882995605, 12.180093765258789, 9.406428337097168, 11.745034217834473, 11.046316146850586, 10.417834281921387, 10.667928695678711, 9.850579261779785, 10.467455863952637, 10.089313507080078, 10.785163879394531, 11.634782791137695, 12.165165901184082, 9.622940063476562, 10.579208374023438, 11.863770484924316, 9.95297622680664, 10.559215545654297, 11.145408630371094, 11.232433319091797, 10.007367134094238, 12.02248764038086, 10.38119888305664, 10.444844245910645, 9.352283477783203, 10.537182807922363, 9.18325138092041, 10.617316246032715, 9.565711975097656, 10.571612358093262, 9.497838020324707, 9.6025390625, 10.630952835083008, 12.011971473693848, 10.115423202514648, 9.899470329284668, 11.473224639892578, 11.973403930664062, 10.130256652832031, 10.486547470092773, 10.437064170837402, 10.393667221069336, 9.918082237243652, 10.004776000976562, 10.149700164794922, 10.094198226928711, 9.08476734161377, 12.028109550476074, 11.672000885009766, 10.53176212310791, 9.661908149719238, 11.634040832519531, 10.427628517150879, 9.033924102783203, 9.431119918823242, 9.403349876403809, 9.79205322265625, 9.452371597290039, 11.62093448638916, 8.732447624206543, 10.060012817382812, 10.139444351196289, 11.568008422851562, 11.146132469177246, 9.751524925231934, 9.962065696716309, 9.676158905029297, 9.433116912841797, 9.170758247375488, 10.023991584777832, 9.570721626281738, 9.662267684936523, 9.906218528747559, 9.758323669433594, 9.32944393157959, 9.529752731323242, 9.049924850463867, 9.623485565185547, 10.056549072265625, 9.76153564453125, 9.809367179870605, 9.388766288757324, 9.575241088867188, 9.941821098327637, 10.443549156188965, 9.581673622131348, 9.640226364135742, 10.20056438446045, 8.657795906066895, 10.261380195617676, 11.597877502441406, 10.167354583740234, 9.374197959899902, 10.09555435180664, 10.170933723449707, 9.365446090698242, 10.560844421386719, 8.750200271606445, 9.544095993041992, 9.508328437805176, 8.576009750366211, 9.882879257202148, 8.825479507446289, 8.9971284866333, 8.847892761230469, 9.723505020141602, 10.645707130432129, 10.048848152160645, 9.783658027648926, 9.709186553955078, 9.447319984436035, 9.073057174682617, 10.068472862243652, 9.061036109924316, 9.233504295349121, 10.146072387695312, 9.037071228027344, 10.885645866394043, 10.10307788848877, 9.313127517700195, 10.4019193649292, 9.405067443847656, 9.951895713806152, 9.483094215393066, 9.094461441040039, 8.998753547668457, 9.02698040008545, 9.740269660949707, 8.920980453491211, 9.362007141113281, 9.166701316833496, 10.665750503540039, 10.102439880371094, 9.546310424804688, 9.942448616027832, 9.45805835723877, 10.27275562286377, 9.328850746154785, 8.931234359741211, 8.795465469360352, 8.737504959106445, 8.805411338806152, 9.467849731445312, 10.19027042388916, 8.97566032409668, 8.7667818069458, 9.385736465454102, 8.695698738098145, 9.628715515136719, 10.051925659179688, 9.820732116699219, 9.306299209594727, 9.763826370239258, 9.350140571594238, 9.522961616516113, 8.898686408996582, 10.19862174987793, 9.082093238830566, 9.39636516571045, 8.893251419067383, 8.809285163879395, 8.566079139709473, 9.412679672241211, 8.588005065917969, 9.80772876739502, 8.743009567260742, 9.534558296203613, 9.785988807678223, 9.394209861755371, 9.854517936706543, 8.199384689331055, 8.596476554870605, 9.999515533447266, 10.580747604370117, 10.083602905273438, 9.875653266906738, 8.402706146240234, 8.77369213104248, 8.24130630493164, 9.030088424682617, 9.322174072265625, 9.106765747070312, 9.865833282470703, 9.617900848388672, 8.94774055480957, 9.052136421203613, 9.776806831359863, 8.735286712646484, 8.607830047607422, 9.162013053894043, 10.344348907470703, 8.850638389587402, 8.457805633544922, 9.100210189819336, 10.916110038757324, 8.548310279846191, 9.187268257141113, 9.530285835266113, 9.613215446472168, 9.400618553161621, 9.441323280334473, 9.55845832824707, 8.5154390335083, 8.683337211608887, 9.152131080627441, 9.6245698928833, 8.083196640014648, 9.16622257232666, 9.096966743469238, 9.699798583984375, 8.402252197265625, 8.816614151000977, 9.332356452941895, 9.23432731628418, 8.504302024841309, 9.800477981567383, 8.698691368103027, 8.287759780883789, 9.757966995239258, 9.563984870910645, 9.02685260772705, 9.14252758026123, 8.584115028381348, 9.354122161865234, 8.991747856140137, 9.32394790649414, 8.834458351135254, 10.37465763092041, 9.570915222167969, 9.862162590026855, 9.272894859313965, 9.517590522766113, 8.893437385559082, 8.757919311523438, 8.780332565307617, 10.130131721496582, 8.912964820861816, 9.192461967468262, 8.023397445678711, 9.25412654876709, 9.494257926940918, 9.015064239501953, 9.03952693939209, 8.843743324279785, 9.513646125793457, 9.322854042053223, 9.551173210144043, 8.288586616516113, 9.43781852722168, 8.504938125610352, 8.962064743041992, 8.728205680847168, 8.86798095703125, 8.919992446899414, 9.581128120422363, 9.400555610656738, 9.466282844543457, 9.630615234375, 9.126667976379395, 8.594488143920898, 9.686758041381836, 8.787135124206543, 8.783268928527832, 8.984989166259766, 9.949051856994629, 8.802038192749023, 8.482629776000977, 9.292943954467773, 9.111740112304688, 8.388258934020996, 10.26777172088623, 9.105066299438477, 8.788809776306152, 8.617269515991211, 9.93891716003418, 8.957319259643555, 10.771132469177246, 10.151359558105469, 9.183289527893066, 10.00586223602295, 9.054635047912598, 9.424844741821289, 9.236291885375977, 9.958240509033203, 10.71667194366455, 9.200887680053711, 9.09972858428955, 8.78310775756836, 10.079015731811523, 9.263466835021973, 9.072257995605469, 9.380956649780273, 8.41331672668457, 9.380005836486816, 10.859993934631348, 8.767881393432617, 9.203877449035645, 9.976967811584473, 