{"aucroc": 0.9924059680157241, "aucpr": 0.91529142272732, "dataset": "42_WBC", "method": "hard", "test_ratio": 0.043333333333333335, "train_ratio": 0.043333333333333335, "labeled_anomalies": 1.0, "loe_loss": [14.02780532836914, 13.910979270935059, 12.87778091430664, 10.490362167358398, 11.091446876525879, 10.83888053894043, 10.622986793518066, 8.968160629272461, 10.12441635131836, 10.703338623046875, 11.081012725830078, 8.746611595153809, 8.790672302246094, 9.44156265258789, 8.826677322387695, 9.536625862121582, 9.149476051330566, 8.465250968933105, 8.901111602783203, 7.864717483520508, 9.479717254638672, 8.745999336242676, 7.799851894378662, 8.48560619354248, 7.42205286026001, 9.328805923461914, 8.707418441772461, 7.876255035400391, 8.950639724731445, 8.049213409423828, 6.293914318084717, 7.2772955894470215, 8.235250473022461, 9.02940559387207, 7.41179895401001, 8.427201271057129, 6.717129707336426, 7.203437328338623, 8.116378784179688, 6.900670528411865, 7.983035087585449, 6.116066932678223, 7.847324371337891, 7.394981384277344, 7.218830585479736, 6.978523254394531, 8.120735168457031, 7.376524448394775, 5.574427127838135, 8.046198844909668, 7.4382123947143555, 6.8650312423706055, 6.704934597015381, 5.313867568969727, 8.392121315002441, 6.189222812652588, 5.885034561157227, 7.2890191078186035, 7.824429035186768, 5.336898326873779, 7.388095378875732, 5.737949848175049, 4.573152542114258, 7.285006046295166, 6.9171857833862305, 5.737422466278076, 6.3971638679504395, 4.428088188171387, 5.834231376647949, 7.006848335266113, 4.648434638977051, 5.988506317138672, 6.453664779663086, 7.062324523925781, 6.794082164764404, 4.161818981170654, 4.245584487915039, 7.260833740234375, 3.3701388835906982, 7.324090003967285, 6.106351852416992, 4.60593318939209, 5.451059818267822, 4.747013092041016, 7.968974590301514, 6.956221103668213, 3.7914657592773438, 3.261493444442749, 4.666715621948242, 6.756740570068359, 5.0877790451049805, 6.2195000648498535, 5.22266149520874, 4.699427127838135, 4.1089935302734375, 3.660743236541748, 5.709043502807617, 3.6973366737365723, 5.458415508270264, 7.101541519165039, 6.4342451095581055, 0.5130355358123779, 6.670682907104492, 5.1524152755737305, 3.198655605316162, 6.0355024337768555, 4.265501499176025, 3.557832956314087, 4.440462112426758, 4.115195274353027, -0.2281949520111084], "n_epochs": 110}