{"aucroc": 0.9559770114942528, "aucpr": 0.3655787643881448, "dataset": "43_WDBC", "method": "blind", "test_ratio": 0.03333333333333333, "train_ratio": 0.03333333333333333, "labeled_anomalies": 1.0, "loe_loss": [72.77450561523438, 59.54579544067383, 60.89957046508789, 58.25794219970703, 54.362876892089844, 56.45928192138672, 58.413002014160156, 57.190181732177734, 59.581974029541016, 58.40132522583008, 55.84933090209961, 59.773948669433594, 54.23516845703125, 54.10984420776367, 57.29771041870117, 52.51823806762695, 54.76954650878906, 55.26348114013672, 53.246490478515625, 53.18717956542969, 58.077754974365234, 52.529090881347656, 54.21465301513672, 53.69472122192383, 59.997215270996094, 52.90283203125, 50.066246032714844, 52.33827209472656, 47.94291305541992, 51.404300689697266, 53.630306243896484, 53.86305236816406, 55.304039001464844, 51.595054626464844, 50.818363189697266, 48.22051239013672, 49.984432220458984, 49.15459442138672, 52.50199508666992, 48.83100128173828, 49.943870544433594, 51.168060302734375, 53.00428009033203, 51.79609680175781, 51.505210876464844, 48.43320846557617, 54.88296127319336, 50.59463119506836, 49.37317657470703, 48.69237518310547, 48.883487701416016, 52.35611343383789, 48.07918930053711, 48.114803314208984, 49.9493293762207, 45.599037170410156, 51.48491287231445, 49.75455856323242, 48.350364685058594, 48.6739501953125, 47.206966400146484, 49.651100158691406, 48.28190612792969, 49.45521545410156, 48.4803581237793, 47.3377799987793, 45.91501235961914, 50.34855270385742, 49.48347473144531, 45.136905670166016, 44.63105773925781, 47.327415466308594, 45.0582389831543, 46.4694709777832, 46.36431121826172, 45.31895446777344, 46.89814758300781, 48.716800689697266, 43.35345458984375, 45.938629150390625, 45.02386474609375, 44.144107818603516, 43.86796951293945, 45.98121643066406, 47.484214782714844, 45.18150329589844, 46.755088806152344, 45.458072662353516, 45.542930603027344, 45.90084457397461, 44.970542907714844, 47.434471130371094, 45.32902908325195, 44.412261962890625, 44.71320343017578, 43.351951599121094, 46.599403381347656, 44.38564682006836, 45.11048126220703, 45.81438446044922, 44.684974670410156, 46.646636962890625, 43.910667419433594, 44.47822952270508, 45.076839447021484, 45.241519927978516, 45.38058853149414, 45.10036849975586, 44.49449157714844, 44.71747970581055, 42.06686782836914, 45.980350494384766, 44.373191833496094, 43.69792938232422, 43.28947830200195, 44.86135482788086, 42.96659851074219, 45.07380676269531, 42.921875, 46.37454605102539, 41.95710754394531, 43.837974548339844, 43.83728790283203, 43.771392822265625, 42.865623474121094, 43.72145462036133, 44.03865432739258, 46.110591888427734, 44.7283935546875, 42.21558380126953, 41.97185134887695, 45.120933532714844, 42.85750961303711, 44.40215301513672, 42.04194259643555, 42.25543975830078, 45.26556396484375, 45.11528778076172, 44.795372009277344, 44.453739166259766, 41.48505401611328, 41.52875900268555, 43.191654205322266, 45.133235931396484, 43.49399948120117, 42.227622985839844, 41.71819305419922, 40.94261932373047, 43.35102844238281, 45.058502197265625, 42.4117431640625, 45.06666946411133, 42.31716537475586, 43.248836517333984, 42.31135559082031, 42.68962097167969, 43.634578704833984, 42.155277252197266, 42.649234771728516, 41.52329635620117, 42.42416763305664, 41.994083404541016, 42.27267837524414, 45.03171157836914, 42.22831344604492, 42.8295783996582, 43.42975997924805, 42.326576232910156, 41.55437469482422, 43.63739776611328, 44.40959930419922, 42.871315002441406, 43.186954498291016, 41.81707000732422, 41.73051834106445, 44.52235412597656, 40.98244094848633, 43.96022415161133, 41.65913391113281, 42.274375915527344, 41.59564208984375, 41.970176696777344, 43.7555046081543, 41.91241455078125, 42.18299102783203, 42.65441131591797, 41.21544647216797, 39.79436492919922, 40.31291580200195, 39.33009338378906, 42.57917785644531, 43.52215576171875, 41.13092041015625, 40.19522476196289, 43.99911117553711, 42.414093017578125, 41.27398681640625, 40.93353271484375, 43.67766189575195, 41.0155029296875, 40.08013916015625, 41.722496032714844, 42.4165153503418, 39.90766906738281, 40.809181213378906, 44.20891189575195, 42.42026901245117, 42.55701446533203, 41.226585388183594, 41.709774017333984, 42.16571807861328, 41.578155517578125, 44.78321838378906, 41.681217193603516, 41.6116828918457, 42.374935150146484, 42.368900299072266, 41.63025665283203, 41.89097595214844, 40.47795867919922, 41.84760284423828, 40.58951950073242, 41.085845947265625, 41.340545654296875, 41.96076202392578, 41.252017974853516, 42.743492126464844, 40.69393539428711, 40.690406799316406, 41.522640228271484, 40.9555549621582, 40.304466247558594, 40.07139587402344, 41.736934661865234, 43.77517318725586, 40.2576789855957, 42.706382751464844, 40.80260467529297, 39.63432693481445, 41.47862243652344, 39.93821334838867, 41.479164123535156, 39.1290283203125, 39.974029541015625, 40.782047271728516, 41.09682083129883, 41.14752197265625, 39.179466247558594, 40.98511505126953, 41.315025329589844, 39.87996292114258, 40.36185073852539, 41.183837890625, 40.89850616455078, 40.2955436706543, 40.86119079589844, 39.5266227722168, 41.86868667602539, 39.5949592590332, 40.294986724853516, 40.63883590698242, 43.69844055175781, 41.576255798339844, 40.17439270019531, 39.64339828491211, 44.42252731323242, 43.147666931152344, 42.17601776123047, 40.70952606201172, 40.29219055175781, 41.522682189941406, 39.319339752197266, 38.31406021118164, 39.967498779296875, 39.23851776123047, 43.23165512084961, 38.25050354003906, 40.08943176269531, 43.30551528930664, 40.160282135009766, 40.20524215698242, 39.48521041870117, 40.9364013671875, 40.594852447509766, 38.45691680908203, 40.202171325683594, 39.84804153442383, 37.5963020324707, 38.34248352050781, 40.297149658203125, 40.64787673950195, 39.091766357421875, 39.3408317565918, 41.00950241088867, 39.10200119018555, 39.805423736572266, 41.798439025878906, 40.614017486572266, 40.144222259521484, 40.069580078125, 39.19224548339844, 39.78905487060547, 37.961734771728516, 40.22964859008789, 39.69999694824219, 39.558616638183594, 39.17124557495117, 39.368568420410156, 41.28672790527344, 38.04875564575195, 38.33052062988281, 41.58927536010742, 41.80853271484375, 41.0919189453125, 39.216896057128906, 41.81911087036133, 40.646446228027344, 38.09739685058594, 41.52963638305664, 39.03782653808594, 44.01342010498047, 40.17831039428711, 37.693302154541016, 39.361629486083984, 40.57872009277344, 40.948543548583984, 38.560691833496094, 40.19976043701172, 38.784889221191406, 40.11688232421875, 39.23252868652344, 41.33247756958008, 39.77686309814453, 38.17094039916992, 39.84587478637695, 40.80128479003906, 41.176273345947266, 38.757667541503906, 39.19514083862305, 39.537715911865234, 38.35214614868164, 38.943138122558594, 40.881256103515625, 38.900634765625, 38.96357727050781, 39.585758209228516, 38.57429885864258, 37.45362091064453, 39.50758743286133, 41.49056625366211, 38.14561080932617, 40.16950607299805, 38.84528350830078, 37.20667266845703, 39.888694763183594, 37.340721130371094, 38.49471664428711, 38.64432144165039, 38.35862350463867, 38.2319221496582, 38.45387268066406, 38.53824234008789, 39.454864501953125, 38.318050384521484, 41.36042022705078, 40.95840835571289, 38.151920318603516, 40.735496520996094, 37.82476806640625, 39.49095916748047, 38.556034088134766, 41.99501419067383, 37.87200927734375, 38.974342346191406, 40.222259521484375, 38.24585723876953, 37.76087188720703, 42.57837677001953, 41.3640022277832, 38.571720123291016, 38.85615921020508, 38.696746826171875, 37.88230514526367, 38.5562744140625, 40.60679244995117, 37.37642288208008, 39.10789489746094, 38.014400482177734, 38.981590270996094, 38.79961395263672, 38.222145080566406, 38.59912872314453, 39.07394027709961, 40.58881759643555, 37.810882568359375, 38.955970764160156, 38.043758392333984, 39.104736328125, 38.937477111816406, 39.7305908203125, 39.12022399902344, 39.83536911010742, 39.06574249267578, 37.526824951171875, 39.25251770019531, 