{"aucroc": 0.997816091954023, "aucpr": 0.9557142857142856, "dataset": "43_WDBC", "method": "hard", "test_ratio": 0.03333333333333333, "train_ratio": 0.03333333333333333, "labeled_anomalies": 1.0, "loe_loss": [56.12860107421875, 48.22490692138672, 45.54924011230469, 45.9715690612793, 42.303253173828125, 45.849937438964844, 48.9824333190918, 44.88609313964844, 43.95193862915039, 41.907344818115234, 44.835330963134766, 44.20053482055664, 42.535606384277344, 45.12902069091797, 43.15087890625, 45.89867401123047, 41.352943420410156, 41.687068939208984, 43.907352447509766, 43.47916793823242, 43.27315902709961, 42.902305603027344, 43.627750396728516, 42.241371154785156, 41.10776901245117, 42.8740348815918, 39.89826583862305, 40.63661193847656, 41.58802795410156, 43.77166748046875, 38.84846496582031, 40.19839859008789, 37.78687286376953, 41.17664337158203, 40.11982727050781, 41.28521728515625, 38.67540740966797, 41.98663330078125, 42.042354583740234, 40.69409942626953, 41.09213638305664, 40.2589225769043, 37.30946731567383, 39.60264205932617, 39.19150161743164, 39.78221893310547, 38.39573669433594, 38.74176788330078, 41.9444465637207, 37.76371383666992, 42.69093704223633, 39.55553436279297, 38.717811584472656, 37.58916473388672, 37.839317321777344, 37.614620208740234, 38.41658401489258, 38.094913482666016, 37.90357208251953, 36.70496368408203, 38.51896286010742, 37.50284194946289, 35.710269927978516, 38.95276641845703, 39.890743255615234, 36.78559875488281, 38.81591796875, 38.245574951171875, 34.42903137207031, 39.14033126831055, 37.31489944458008, 38.826377868652344, 35.55972671508789, 37.849365234375, 39.752716064453125, 35.559791564941406, 37.8636360168457, 38.368682861328125, 37.66620635986328, 35.34914016723633, 38.159942626953125, 37.50239562988281, 37.75636291503906, 37.234127044677734, 36.87236404418945, 35.19569396972656, 36.294761657714844, 37.151771545410156, 37.44682693481445, 38.289188385009766, 37.85200500488281, 38.17509841918945, 35.473838806152344, 36.09361267089844, 35.590972900390625, 37.55963134765625, 37.29777526855469, 34.684715270996094, 35.825416564941406, 37.5093994140625, 36.38066101074219, 37.168479919433594, 32.442466735839844, 37.13669204711914, 35.80886459350586, 36.966705322265625, 34.627071380615234, 33.841331481933594, 37.3486442565918, 35.277496337890625, 35.473392486572266, 35.780643463134766, 34.33426284790039, 36.94003677368164, 31.580982208251953, 35.82088088989258, 36.35426330566406, 33.24672317504883, 33.76577377319336, 34.85892105102539, 35.81657791137695, 34.1266975402832, 33.611839294433594, 37.75554275512695, 34.75726318359375, 35.42549133300781, 33.6730842590332, 31.45650863647461, 34.1314582824707, 33.24241256713867, 33.782936096191406, 34.4429931640625, 32.65869903564453, 33.42379379272461, 31.289121627807617, 34.583797454833984, 34.09187316894531, 36.12749481201172, 33.89286422729492, 34.88273239135742, 35.95843505859375, 35.18793487548828, 34.243812561035156, 36.232933044433594, 34.13825225830078, 32.240779876708984, 33.52804946899414, 31.751766204833984, 36.06022262573242, 31.78643035888672, 32.54521560668945, 34.7863883972168, 32.004005432128906, 33.27253723144531, 31.367244720458984, 31.562999725341797, 33.40825271606445, 32.12748336791992, 31.669158935546875, 32.754703521728516, 37.076194763183594, 32.46208572387695, 33.761871337890625, 31.461463928222656, 33.867774963378906, 35.17180633544922, 29.16915512084961, 33.7785530090332, 28.050880432128906, 34.11419677734375, 34.167728424072266, 26.082271575927734, 30.742782592773438, 29.534576416015625, 32.62353515625, 35.39265060424805, 32.279808044433594, 34.414791107177734, 32.256587982177734, 31.308910369873047, 34.99483108520508, 33.3748779296875, 35.50559997558594, 29.576539993286133, 32.98043441772461, 32.32582092285156, 31.330215454101562, 28.98015594482422, 33.14165496826172, 31.901586532592773, 27.43766212463379, 31.084632873535156, 32.04485321044922, 26.453237533569336, 31.699819564819336, 30.34748077392578, 30.438629150390625, 28.27975082397461, 31.24347686767578, 30.633575439453125, 33.29036331176758, 28.73773193359375, 31.767745971679688, 25.37570571899414, 29.39760971069336, 33.383426666259766, 30.844369888305664, 27.080305099487305, 31.142751693725586, 31.906402587890625, 24.443885803222656, 34.82279586791992, 30.208236694335938, 29.845687866210938, 32.685794830322266, 33.664161682128906, 26.783306121826172, 33.104007720947266, 32.72975158691406, 31.698486328125, 32.73725509643555, 26.57959747314453, 28.740821838378906, 29.421104431152344, 30.104246139526367, 33.905025482177734, 27.349905014038086, 26.58528709411621, 26.967206954956055, 28.00041961669922, 30.773937225341797, 28.007226943969727, 24.00299835205078, 30.61768913269043, 29.191640853881836, 29.650066375732422, 30.397891998291016, 29.322898864746094, 29.43695640563965, 31.903839111328125, 29.165571212768555, 28.46291160583496, 26.46582794189453, 29.897891998291016, 32.41997528076172, 27.372745513916016, 30.003738403320312, 21.76734161376953, 30.99339485168457, 28.034496307373047, 27.595657348632812, 25.334064483642578, 22.460399627685547, 30.115890502929688, 28.306270599365234, 23.414112091064453, 23.29085922241211, 27.405593872070312, 24.522619247436523, 31.291255950927734, 23.650312423706055, 26.54422950744629, 31.235429763793945, 25.999752044677734, 21.48796844482422, 25.878143310546875, 28.420333862304688, 22.51488494873047, 26.93997573852539, 31.83563232421875, 23.984790802001953, 31.052141189575195, 29.724594116210938, 32.5440673828125, 31.36441421508789, 23.80632972717285, 25.312469482421875, 26.918102264404297, 28.236040115356445, 25.3613338470459, 23.385116577148438, 31.64666175842285, 29.78213119506836, 21.92625617980957, 23.35474395751953, 33.045166015625, 31.439815521240234, 30.983591079711914, 31.53835105895996, 32.079471588134766, 27.359270095825195, 23.784379959106445, 24.307157516479492, 15.601219177246094, 27.711078643798828, 31.251026153564453, 25.407794952392578, 27.20831871032715, 21.864757537841797, 26.616975784301758, 22.257369995117188, 31.80740737915039, 26.18103790283203, 16.258560180664062, 11.456686019897461, 18.378173828125, 24.427663803100586, 22.175155639648438, 28.61266326904297, 26.22687530517578, 19.04230308532715, 19.587543487548828, 20.428028106689453, 20.97835350036621, 24.780384063720703, 26.30681037902832, 25.159645080566406, 24.37860870361328, 11.239463806152344, 15.395577430725098, 14.911069869995117, 22.745887756347656, 20.655588150024414, 6.478071212768555, 30.773841857910156, 23.895292282104492, 8.775470733642578, 21.408309936523438, 19.87104606628418, 25.629972457885742, 21.48050880432129, 10.899742126464844, 1.1424741744995117, 13.734106063842773, 13.596073150634766, 23.454315185546875, 15.96406078338623, 19.191513061523438, 8.906431198120117, 11.377235412597656, 16.558914184570312, 44.617835998535156, 30.97089385986328, -19.793838500976562], "n_epochs": 343}