{"aucroc": 0.9757471264367816, "aucpr": 0.6259881912631272, "dataset": "43_WDBC", "method": "hard", "test_ratio": 0.03333333333333333, "train_ratio": 0.03333333333333333, "labeled_anomalies": 1.0, "loe_loss": [50.67160415649414, 48.066162109375, 48.02132797241211, 48.73595428466797, 45.827049255371094, 45.25386428833008, 45.25872802734375, 46.26000213623047, 44.16900634765625, 44.75353240966797, 45.03924560546875, 46.31689453125, 43.58715057373047, 42.53995132446289, 42.54688262939453, 44.01443862915039, 43.186073303222656, 43.347103118896484, 39.998695373535156, 42.74070739746094, 41.865142822265625, 41.485626220703125, 41.814666748046875, 40.654327392578125, 40.45444107055664, 39.87788772583008, 41.316917419433594, 42.035133361816406, 39.340187072753906, 40.635040283203125, 39.763065338134766, 39.66184997558594, 39.524688720703125, 41.68931198120117, 40.73706817626953, 39.349998474121094, 39.29016876220703, 41.000831604003906, 37.90153503417969, 39.03932571411133, 38.19390869140625, 41.49765396118164, 37.88222122192383, 39.8294792175293, 40.21565628051758, 38.53954315185547, 38.15617370605469, 38.830474853515625, 38.19655227661133, 38.46211242675781, 39.0928955078125, 38.11128234863281, 39.23863220214844, 37.6353759765625, 36.612083435058594, 38.10450744628906, 36.31454086303711, 36.963653564453125, 38.80195999145508, 36.441646575927734, 38.802589416503906, 38.91551208496094, 38.296566009521484, 39.10274887084961, 40.69465637207031, 36.93819808959961, 39.08816909790039, 35.49193572998047, 36.97404098510742, 37.69228744506836, 39.35578918457031, 35.12055969238281, 38.264801025390625, 37.89179992675781, 39.74763488769531, 39.99575424194336, 37.81797409057617, 37.85123825073242, 36.4334831237793, 38.411685943603516, 37.74436569213867, 39.53018569946289, 35.35381317138672, 38.42234802246094, 38.895755767822266, 38.23532485961914, 39.16916275024414, 36.56878662109375, 35.72871780395508, 37.49769973754883, 37.917903900146484, 37.646095275878906, 38.18782424926758, 35.21451950073242, 37.99711227416992, 37.57722854614258, 38.52484130859375, 35.37471008300781, 35.11445617675781, 38.35439682006836, 38.12896728515625, 36.763031005859375, 37.51584243774414, 36.39045715332031, 36.419212341308594, 37.36212158203125, 36.19469451904297, 38.10821533203125, 36.42336654663086, 35.702518463134766, 34.06841278076172, 35.79115676879883, 37.623592376708984, 35.115989685058594, 36.21764373779297, 34.80083465576172, 36.856136322021484, 36.62197494506836, 37.71641159057617, 36.542449951171875, 34.8659782409668, 37.1045036315918, 35.88621139526367, 35.28821563720703, 34.39159393310547, 36.667930603027344, 35.613407135009766, 34.8602409362793, 36.2275276184082, 35.82809066772461, 35.63170623779297, 34.24993133544922, 34.91874313354492, 35.750423431396484, 35.909461975097656, 35.147377014160156, 36.631465911865234, 35.42600631713867, 35.0014762878418, 34.04411315917969, 35.963809967041016, 35.17729568481445, 35.09947204589844, 36.39912414550781, 35.96293258666992, 35.90714645385742, 34.65394592285156, 34.240543365478516, 34.49616622924805, 35.712310791015625, 35.3041877746582, 33.536014556884766, 33.311161041259766, 32.76387405395508, 33.04762268066406, 34.631874084472656, 34.655120849609375, 34.7528076171875, 35.41890335083008, 33.76066589355469, 33.43895721435547, 33.891082763671875, 33.9840087890625, 35.30678939819336, 35.080482482910156, 35.02088928222656, 33.30170440673828, 34.714569091796875, 33.17578125, 35.75640869140625, 33.473663330078125, 33.51276397705078, 34.39434051513672, 32.8070068359375, 32.94620132446289, 35.53327941894531, 33.2650146484375, 34.29081726074219, 33.64938735961914, 33.457435607910156, 32.388614654541016, 30.897783279418945, 31.919483184814453, 33.24802780151367, 34.34247589111328, 32.6507568359375, 33.88093566894531, 34.702362060546875, 34.92308807373047, 32.23262023925781, 34.584373474121094, 33.42330551147461, 35.10303497314453, 35.21516799926758, 31.738651275634766, 33.916221618652344, 33.657257080078125, 33.23556137084961, 33.189266204833984, 30.799983978271484, 35.27930450439453, 33.718772888183594, 34.369529724121094, 32.67282485961914, 34.59523391723633, 33.37687683105469, 30.894193649291992, 33.115074157714844, 32.180110931396484, 31.835655212402344, 30.17116355895996, 31.55636978149414, 32.16991424560547, 31.85175895690918, 33.279335021972656, 33.39942169189453, 32.68324661254883, 32.57505416870117, 30.13043212890625, 31.36264419555664, 32.277122497558594, 30.366355895996094, 33.28669738769531, 31.754066467285156, 31.291793823242188, 31.601749420166016, 31.468181610107422, 31.220504760742188, 33.50822448730469, 33.287445068359375, 32.70464324951172, 30.767969131469727, 31.938793182373047, 32.44354248046875, 28.518644332885742, 30.598424911499023, 30.935443878173828, 29.486377716064453, 30.365070343017578, 30.334888458251953, 31.73043441772461, 31.223743438720703, 33.875667572021484, 31.303007125854492, 31.66141128540039, 31.757953643798828, 31.358444213867188, 33.201171875, 30.95010757446289, 33.07903289794922, 32.890159606933594, 30.369102478027344, 31.298828125, 32.30910873413086, 32.87134552001953, 32.99188232421875, 32.713409423828125, 27.810909271240234, 31.64043617248535, 31.238359451293945, 30.2114315032959, 31.884519577026367, 30.098812103271484, 32.569026947021484, 31.9357852935791, 32.048370361328125, 32.583763122558594, 32.18511962890625, 30.246910095214844, 32.209938049316406, 31.236417770385742, 29.58003807067871, 29.96319580078125, 30.2613525390625, 31.92758560180664, 31.764585494995117, 31.433610916137695, 31.695369720458984, 32.83386993408203, 32.47350311279297, 31.503259658813477, 32.48003387451172, 30.089820861816406, 32.24932098388672, 29.85626220703125, 31.23193359375, 31.106584548950195, 31.066421508789062, 28.239391326904297, 30.871110916137695, 27.972522735595703, 31.331144332885742, 27.310394287109375, 29.106861114501953, 29.519563674926758, 32.66114807128906, 29.277996063232422, 30.6009464263916, 32.15432357788086, 27.325149536132812, 32.48182678222656, 31.355613708496094, 31.50596046447754, 31.79530906677246, 31.824588775634766, 29.68495750427246, 29.38201904296875, 29.74407196044922, 31.303138732910156, 31.581035614013672, 29.33450698852539, 30.962261199951172, 29.91780662536621, 31.929353713989258, 30.51121711730957, 30.767948150634766, 30.763887405395508, 27.578046798706055, 30.649988174438477, 31.164230346679688, 30.3460636138916, 28.93755340576172, 29.947710037231445, 31.06745147705078, 29.886425018310547, 31.880727767944336, 28.640567779541016, 28.9145565032959, 29.44921112060547, 32.11069869995117, 31.648868560791016, 29.41558074951172, 27.77080535888672, 27.77154541015625, 31.82423210144043, 29.463993072509766, 31.237041473388672, 32.14042663574219, 29.481576919555664, 29.4864444732666, 30.491159439086914, 29.882789611816406, 28.02340316772461, 28.37215805053711, 32.25640869140625, 31.371604919433594, 29.452613830566406, 29.354156494140625, 31.286556243896484, 31.933813095092773, 31.801769256591797, 30.311378479003906, 31.653362274169922, 27.029441833496094, 32.05241394042969, 30.66292381286621, 31.436145782470703, 29.558971405029297, 31.272449493408203, 31.018781661987305, 28.597253799438477, 28.056926727294922, 31.76624298095703, 31.09255599975586, 30.9315185546875, 26.77780532836914, 27.809640884399414, 27.120990753173828, 30.036561965942383, 28.83420181274414, 31.084335327148438, 27.75006866455078, 31.03809928894043, 27.007997512817383, 30.431732177734375, 28.998294830322266, 30.519723892211914, 28.076141357421875, 28.21623420715332, 26.701744079589844, 27.26051902770996, 28.832773208618164, 28.91665267944336, 30.158401489257812, 28.698314666748047, 30.9459228515625, 31.676265716552734, 30.93536376953125, 31.185245513916016, 31.145336151123047, 30.67374038696289, 28.93700408935547, 28.715280532836914, 29.176511764526367, 29.55409049987793, 27.51233673095703, 29.924468994140625, 29.72547149658203, 30.82853126525879, 27.654584884643555, 27.670373916625977, 30.654804229736328, 28.284605026245117, 