{"aucroc": 0.9829885057471263, "aucpr": 0.7394341085645433, "dataset": "43_WDBC", "method": "soft", "test_ratio": 0.03333333333333333, "train_ratio": 0.03333333333333333, "labeled_anomalies": 1.0, "loe_loss": [61.863670349121094, 53.509437561035156, 52.60746383666992, 49.193912506103516, 49.0589714050293, 48.354244232177734, 49.60398864746094, 49.620361328125, 49.50474166870117, 49.82560729980469, 47.34185028076172, 49.308387756347656, 48.27949142456055, 46.94060134887695, 47.125850677490234, 46.69924545288086, 47.144100189208984, 48.05180358886719, 46.3215446472168, 47.45028305053711, 48.33110046386719, 46.13227844238281, 46.15259552001953, 45.17318344116211, 48.35470962524414, 45.980709075927734, 44.22370529174805, 44.692344665527344, 43.675926208496094, 44.9088020324707, 46.759033203125, 44.044525146484375, 46.4938850402832, 44.54751205444336, 44.21147155761719, 43.58488082885742, 42.71239471435547, 43.668216705322266, 45.22447204589844, 42.542301177978516, 42.541526794433594, 45.27985382080078, 43.82402801513672, 43.16006851196289, 45.44496154785156, 41.96345901489258, 45.6551513671875, 45.66537857055664, 43.4970817565918, 43.26555252075195, 42.28813552856445, 44.32848358154297, 41.48527908325195, 41.16352844238281, 44.60310363769531, 41.1041259765625, 43.896728515625, 42.30461883544922, 43.21253967285156, 42.88739776611328, 41.69819641113281, 41.69268798828125, 42.377994537353516, 42.640777587890625, 40.897010803222656, 43.07199478149414, 41.73093795776367, 44.26961135864258, 40.784915924072266, 41.04647445678711, 40.96099090576172, 41.07476043701172, 40.95338439941406, 42.10635757446289, 42.28468704223633, 40.470664978027344, 42.59489440917969, 42.89188003540039, 39.9647331237793, 41.70221710205078, 40.51841354370117, 41.37989807128906, 39.550498962402344, 42.52425003051758, 41.68035888671875, 41.098873138427734, 42.29805374145508, 40.99034118652344, 40.58510208129883, 40.218345642089844, 39.56784439086914, 40.952144622802734, 41.1207275390625, 40.80656814575195, 38.858158111572266, 40.19989776611328, 39.959434509277344, 41.013893127441406, 40.810604095458984, 41.304019927978516, 42.206546783447266, 40.085697174072266, 38.60639953613281, 39.661109924316406, 40.453826904296875, 39.73380661010742, 39.89347839355469, 38.98003387451172, 39.48801040649414, 39.689849853515625, 38.31161117553711, 41.33123779296875, 39.24686050415039, 38.81074905395508, 38.750614166259766, 38.007293701171875, 39.06493377685547, 38.98217010498047, 39.06576156616211, 39.88947296142578, 38.44806671142578, 38.91801834106445, 38.29673385620117, 39.46455383300781, 38.10346603393555, 37.5526123046875, 39.37785339355469, 39.83319854736328, 38.05039596557617, 36.876808166503906, 37.588775634765625, 40.63439178466797, 37.49504852294922, 37.97536849975586, 37.302791595458984, 38.22035598754883, 38.548709869384766, 39.06101608276367, 37.77903366088867, 38.135963439941406, 37.310848236083984, 37.19831085205078, 38.133548736572266, 37.555694580078125, 37.704345703125, 37.74421691894531, 36.887752532958984, 36.846431732177734, 37.66412353515625, 39.3411865234375, 37.51854705810547, 37.2918815612793, 36.40858459472656, 36.910911560058594, 36.48912048339844, 36.085872650146484, 37.701499938964844, 36.58157730102539, 37.04999542236328, 37.198455810546875, 36.594024658203125, 36.45567321777344, 36.30399703979492, 37.60582733154297, 36.9779052734375, 36.70689392089844, 36.37834167480469, 36.31104278564453, 36.907630920410156, 37.3109130859375, 36.51953887939453, 34.396793365478516, 37.11960983276367, 36.167903900146484, 35.467872619628906, 35.06531524658203, 36.088134765625, 36.290592193603516, 35.26425552368164, 37.85113525390625, 36.32085418701172, 35.708030700683594, 36.182647705078125, 36.49822235107422, 35.9506950378418, 37.46369171142578, 34.79002380371094, 34.840763092041016, 36.32836151123047, 34.22582244873047, 35.21974563598633, 35.43013000488281, 34.80430603027344, 35.581459045410156, 35.176700592041016, 35.66132736206055, 33.8104248046875, 36.01762390136719, 37.540889739990234, 35.03081512451172, 34.33214569091797, 35.258182525634766, 34.028690338134766, 34.09585952758789, 34.635860443115234, 36.09028625488281, 33.13510513305664, 34.50074005126953, 35.95708465576172, 34.77608871459961, 36.204593658447266, 35.766937255859375, 36.018959045410156, 35.145198822021484, 34.688724517822266, 34.07683563232422, 34.112037658691406, 35.911739349365234, 34.13557434082031, 35.46988296508789, 35.362152099609375, 34.408836364746094, 35.00169372558594, 35.647403717041016, 33.73333740234375, 33.9561767578125, 35.52973556518555, 33.8961067199707, 35.4269905090332, 32.89179992675781, 33.549095153808594, 32.45205307006836, 32.5405158996582, 33.99043655395508, 35.060977935791016, 33.44842529296875, 35.622188568115234, 35.13727951049805, 33.95503234863281, 34.747772216796875, 32.938140869140625, 33.611480712890625, 33.907901763916016, 33.67713165283203, 35.25486755371094, 32.52112579345703, 34.1680908203125, 33.183876037597656, 33.9406623840332, 33.35270309448242, 34.68614959716797, 33.91389083862305, 31.901216506958008, 32.76435089111328, 33.218101501464844, 32.183170318603516, 34.15733337402344, 34.68375778198242, 31.306259155273438, 33.96464157104492, 35.00166702270508, 34.018524169921875, 35.663475036621094, 34.438140869140625, 32.93818664550781, 34.61982345581055, 35.11274337768555, 33.34943389892578, 31.267257690429688, 32.45659255981445, 32.58898162841797, 33.559181213378906, 32.2736930847168, 31.66356658935547, 33.575164794921875, 34.736629486083984, 31.04315948486328, 35.00065612792969, 32.84074020385742, 31.8448429107666, 31.531288146972656, 33.42454147338867, 32.57973098754883, 32.105987548828125, 32.33506774902344, 33.308876037597656, 32.99531936645508, 32.35501480102539, 33.22455596923828, 32.99199676513672, 32.29462814331055, 31.75170135498047, 34.71054458618164, 33.520999908447266, 31.59758758544922, 33.86354064941406, 32.13436508178711, 33.58649826049805, 31.861953735351562, 32.615264892578125, 32.614681243896484, 32.655975341796875, 31.95569610595703, 32.79636764526367, 29.619272232055664, 32.450809478759766, 33.6265869140625, 30.46309471130371, 37.70339584350586, 33.20845031738281, 31.690994262695312, 35.25141525268555, 31.92474365234375, 33.82353973388672, 33.626495361328125, 30.898395538330078, 32.65835189819336, 31.17950439453125, 33.32749557495117, 32.82286071777344, 32.41073989868164, 34.10499572753906, 30.399755477905273, 32.429664611816406, 31.25950050354004, 30.92400360107422, 30.394685745239258, 30.390472412109375, 33.11125946044922, 32.19903564453125, 30.063472747802734, 33.49604797363281, 31.82868003845215, 33.14057159423828, 31.38827896118164, 33.23046112060547, 33.36102294921875, 32.57693862915039, 32.10283660888672, 33.25517654418945, 30.373695373535156, 32.89841079711914, 37.43501663208008, 32.964080810546875, 32.25368881225586, 32.53708267211914, 31.943265914916992, 30.747596740722656, 32.88527297973633, 35.09150695800781, 29.524856567382812, 35.091896057128906, 31.783369064331055, 32.66203308105469, 32.12046432495117, 31.72454833984375, 30.285106658935547, 31.993410110473633, 31.44561767578125, 33.77885437011719, 33.06089782714844, 31.446331024169922, 29.50200653076172, 30.033315658569336, 34.09049987792969, 31.851423263549805, 31.116228103637695, 33.12722396850586, 29.99599838256836, 32.43943786621094, 30.085512161254883, 33.12762451171875, 30.749160766601562, 31.35496711730957, 32.265663146972656, 30.196300506591797, 29.724315643310547, 31.764930725097656, 29.241424560546875, 32.65751647949219, 31.23181915283203, 31.181440353393555, 32.35968017578125, 31.270160675048828, 32.3602409362793, 32.125213623046875, 33.10831832885742, 31.812095642089844, 30.974653244018555, 31.2460880279541, 31.95085906982422, 29.843952178955078, 29.954776763916016, 31.613588333129883, 30.399494171142578, 28.997737884521484, 33.250606536865234, 30.0831356048584, 28.546430587768555, 32.197296142578125, 31.20085334777832, 28.48849868774414, 30.46605110168457, 32.96016311645508, 