{"aucroc": 0.9608045977011495, "aucpr": 0.379822730543745, "dataset": "43_WDBC", "method": "hard", "test_ratio": 0.03333333333333333, "train_ratio": 0.03333333333333333, "labeled_anomalies": 1.0, "loe_loss": [50.67160415649414, 48.08079147338867, 48.044395446777344, 48.77385711669922, 45.866111755371094, 45.211795806884766, 45.2138557434082, 46.271484375, 44.22645568847656, 44.76802062988281, 45.04405212402344, 46.29946517944336, 43.671112060546875, 42.69474792480469, 42.78535079956055, 44.25881576538086, 43.4482536315918, 43.466678619384766, 40.1805534362793, 42.91328430175781, 42.11345672607422, 41.65168762207031, 42.0347785949707, 40.88642501831055, 40.70154571533203, 40.153831481933594, 41.563594818115234, 42.3451042175293, 39.49847412109375, 40.78571701049805, 40.163177490234375, 39.93016052246094, 39.64612579345703, 41.659366607666016, 40.90568542480469, 39.513675689697266, 39.638553619384766, 41.33616638183594, 38.29474639892578, 39.41298294067383, 38.75798034667969, 41.68743133544922, 38.31602478027344, 40.12267303466797, 40.677696228027344, 38.89220428466797, 38.56153106689453, 39.23648452758789, 38.73139572143555, 38.85896301269531, 39.54501724243164, 38.40782165527344, 39.57832336425781, 37.829105377197266, 36.77291488647461, 38.53422546386719, 36.73923873901367, 37.20861053466797, 39.185211181640625, 36.845985412597656, 38.78458023071289, 38.952049255371094, 38.374149322509766, 39.329463958740234, 40.462894439697266, 37.39564895629883, 39.18532180786133, 36.123741149902344, 37.307891845703125, 37.85614013671875, 39.403472900390625, 35.67235565185547, 38.55402374267578, 38.154869079589844, 39.845726013183594, 39.64164352416992, 38.31990051269531, 38.37499237060547, 37.14999771118164, 38.73487091064453, 38.21366500854492, 39.739681243896484, 35.90263748168945, 38.45341873168945, 38.85570526123047, 38.61878204345703, 39.54302978515625, 37.07839584350586, 36.93102264404297, 38.295654296875, 38.525230407714844, 38.24544906616211, 38.27275085449219, 36.36353302001953, 38.44893264770508, 37.93770217895508, 38.30242919921875, 36.506263732910156, 36.72328186035156, 38.44623565673828, 38.59219741821289, 37.47577667236328, 38.04701232910156, 37.0086555480957, 37.256248474121094, 37.84992218017578, 37.44988250732422, 38.478763580322266, 37.33371353149414, 36.58530807495117, 35.68181228637695, 37.12004852294922, 37.927955627441406, 36.00242233276367, 37.12433624267578, 36.58778381347656, 38.08335876464844, 37.7672233581543, 38.1152229309082, 37.3156852722168, 36.64764404296875, 38.1492805480957, 36.73655319213867, 36.1524658203125, 36.22402572631836, 37.91990661621094, 36.82868957519531, 36.457008361816406, 37.19853210449219, 37.40798568725586, 36.536720275878906, 35.31938934326172, 36.40464782714844, 36.405033111572266, 37.224021911621094, 36.8497428894043, 37.54334259033203, 36.737430572509766, 36.428653717041016, 35.854557037353516, 37.730247497558594, 36.9814567565918, 36.892784118652344, 37.451416015625, 36.947601318359375, 37.227664947509766, 36.13066864013672, 36.54905319213867, 36.10853958129883, 36.649078369140625, 36.81736755371094, 35.920352935791016, 34.7972412109375, 34.67469024658203, 34.79070281982422, 36.115257263183594, 36.444664001464844, 36.25199890136719, 36.526641845703125, 35.49285125732422, 36.351478576660156, 36.17988586425781, 35.84412384033203, 36.811466217041016, 36.574501037597656, 36.576072692871094, 35.10993576049805, 36.077388763427734, 35.36848831176758, 36.648014068603516, 35.695213317871094, 35.060081481933594, 35.958431243896484, 35.12862014770508, 35.12281036376953, 36.667076110839844, 35.148353576660156, 35.52808380126953, 35.21366500854492, 35.742557525634766, 34.790897369384766, 33.830718994140625, 34.147918701171875, 34.95222091674805, 36.19259262084961, 34.906150817871094, 36.35348892211914, 36.14125442504883, 36.40354919433594, 34.82707977294922, 36.215213775634766, 35.45037841796875, 35.8293342590332, 36.7862663269043, 34.332435607910156, 35.548973083496094, 35.45683670043945, 35.35167694091797, 35.708335876464844, 34.33461380004883, 36.44706344604492, 35.43463134765625, 36.07667541503906, 35.11075210571289, 36.032379150390625, 35.14324951171875, 34.12596893310547, 35.49411392211914, 34.44205093383789, 34.433780670166016, 33.00663757324219, 34.393409729003906, 34.35670471191406, 33.99342346191406, 35.195960998535156, 35.22396469116211, 34.724464416503906, 34.85797882080078, 33.71876907348633, 33.907752990722656, 34.6281852722168, 34.40444564819336, 35.88487243652344, 34.328575134277344, 34.091121673583984, 34.00132751464844, 34.282596588134766, 34.352935791015625, 35.707130432128906, 35.70718002319336, 34.642948150634766, 33.79951477050781, 34.27141571044922, 35.01399612426758, 32.43645095825195, 33.71909713745117, 34.4532585144043, 33.45941925048828, 33.23869323730469, 34.0163459777832, 34.13953399658203, 33.58803939819336, 35.529327392578125, 33.92766189575195, 33.923919677734375, 34.446495056152344, 34.10488510131836, 35.12920379638672, 34.13764572143555, 34.57112121582031, 35.082054138183594, 33.36919021606445, 33.54402160644531, 35.249385833740234, 34.95802688598633, 35.17720413208008, 34.69361877441406, 31.42713165283203, 34.06912612915039, 34.26853942871094, 33.2474365234375, 34.35749053955078, 33.40039825439453, 34.918827056884766, 34.431156158447266, 34.46513748168945, 34.50224304199219, 34.24817657470703, 32.88874435424805, 33.95238494873047, 33.58843231201172, 32.84056091308594, 32.79138946533203, 33.333377838134766, 34.65652847290039, 34.209617614746094, 33.97492599487305, 34.358524322509766, 34.1479606628418, 33.954490661621094, 33.67546844482422, 34.69487762451172, 33.38267135620117, 33.80583190917969, 32.338951110839844, 33.17097854614258, 33.21416091918945, 32.96696090698242, 32.428184509277344, 33.4994010925293, 31.68968963623047, 33.092899322509766, 31.101503372192383, 32.91694259643555, 32.664306640625, 34.324161529541016, 32.38969039916992, 32.988670349121094, 33.78336715698242, 31.561214447021484, 33.460514068603516, 33.83872985839844, 33.54062271118164, 33.23983383178711, 34.034690856933594, 33.40449523925781, 32.80971145629883, 32.517364501953125, 33.487632751464844, 33.54792404174805, 32.33323669433594, 33.05153274536133, 32.71730041503906, 33.14349365234375, 33.11982345581055, 32.999839782714844, 32.73918533325195, 30.409481048583984, 32.851806640625, 33.074256896972656, 33.026084899902344, 31.431989669799805, 31.5506591796875, 33.24520492553711, 32.415496826171875, 33.39115524291992, 31.53125, 31.96154022216797, 31.445480346679688, 33.35902786254883, 34.15929412841797, 32.30879592895508, 31.16704559326172, 31.177701950073242, 34.10166931152344, 32.02920913696289, 33.05265808105469, 33.7939567565918, 32.03533935546875, 32.17758560180664, 32.64979553222656, 32.6070556640625, 31.288331985473633, 31.5816707611084, 33.901649475097656, 33.46344757080078, 31.844974517822266, 32.43345260620117, 33.191898345947266, 33.26781463623047, 33.28190612792969, 32.74120330810547, 33.43760681152344, 30.237056732177734, 33.404754638671875, 32.70691680908203, 33.193538665771484, 31.78335189819336, 33.30903625488281, 32.817195892333984, 30.9553165435791, 31.200279235839844, 33.16765594482422, 32.613948822021484, 32.790157318115234, 30.39484977722168, 31.103731155395508, 30.9074649810791, 33.16032409667969, 32.04566192626953, 32.388671875, 31.229290008544922, 32.92256546020508, 30.170442581176758, 32.52659606933594, 32.0394287109375, 32.67591857910156, 30.274642944335938, 30.90579605102539, 30.64914321899414, 31.298179626464844, 32.133140563964844, 31.994094848632812, 31.278425216674805, 31.349197387695312, 32.37094497680664, 33.9087028503418, 32.66836166381836, 32.939327239990234, 33.432830810546875, 32.51327133178711, 32.25504684448242, 32.15785217285156, 32.31925964355469, 32.125701904296875, 31.533824920654297, 32.11463928222656, 32.4393424987793, 32.6727409362793, 30.15555191040039, 30.462055206298828, 32.99247741699219, 31.369020462036133, 31.012277603149414, 31.415428161621094, 32.60337829589844, 