{"aucroc": 0.3011820173982336, "aucpr": 0.03508037626424521, "dataset": "44_Wilt", "method": "hard", "test_ratio": 0.05325034578146611, "train_ratio": 0.05325034578146611, "labeled_anomalies": 1.0, "loe_loss": [10.160604476928711, 8.614143371582031, 8.814657211303711, 6.984644889831543, 6.750060081481934, 7.104445457458496, 5.884510517120361, 5.679006576538086, 3.880819797515869, 6.509005069732666, 6.182324409484863, 5.101667404174805, 6.098033428192139, 6.147068500518799, 4.767679691314697, 4.929774761199951, 5.240734577178955, 5.145566940307617, 5.7429680824279785, 5.550320148468018, 5.59773063659668, 5.910906791687012, 5.131507873535156, 4.1868181228637695, 4.408331394195557, 5.439360618591309, 4.683734893798828, 5.201128959655762, 4.597461700439453, 5.080312252044678, 3.850505828857422, 4.7090535163879395, 5.045268535614014, 5.574965953826904, 4.650906562805176, 5.073492527008057, 5.036819934844971, 5.099525451660156, 3.966564655303955, 5.468876361846924, 3.451709747314453, 4.897932529449463, 4.731032371520996, -0.3018956184387207], "n_epochs": 43}