{"aucroc": 0.498641304347826, "aucpr": 0.07603548088869978, "dataset": "45_wine", "method": "soft", "test_ratio": 0.08, "train_ratio": 0.08, "labeled_anomalies": 1.0, "loe_loss": [24.04166603088379, 22.68264389038086, 22.90959930419922, 21.232213973999023, 20.986738204956055, 20.63442611694336, 19.974273681640625, 19.930185317993164, 19.263999938964844, 19.427913665771484, 19.308483123779297, 19.35064697265625, 18.747041702270508, 18.604713439941406, 18.722070693969727, 18.345060348510742, 18.545440673828125, 17.937915802001953, 17.667476654052734, 17.553245544433594, 18.03730583190918, 17.444902420043945, 17.889589309692383, 16.887283325195312, 17.67962074279785, 17.5101261138916, 17.06951904296875, 17.350372314453125, 17.20985221862793, 16.994192123413086, 16.928220748901367, 16.894737243652344, 16.912548065185547, 16.696102142333984, 16.93817901611328, 16.68912696838379, 16.66118621826172, 16.663272857666016, 16.2038516998291, 16.86737060546875, 16.18347930908203, 16.197845458984375, 15.987628936767578, 15.975605010986328, 16.190040588378906, 16.449993133544922, 16.026487350463867, 16.171527862548828, 16.067895889282227, 16.2034969329834, 16.024564743041992, 15.874103546142578, 15.941433906555176, 15.782622337341309, 15.58737850189209, 15.661640167236328, 15.2491455078125, 15.836991310119629, 15.640430450439453, 15.63294792175293, 15.677706718444824, 15.641934394836426, 15.71700382232666, 15.80457878112793, 15.6492919921875, 15.487807273864746, 15.575848579406738, 15.860011100769043, 15.479024887084961, 15.439169883728027, 15.888622283935547, 15.645122528076172, 15.669193267822266, 15.455463409423828, 14.974929809570312, 15.098211288452148, 15.090096473693848, 15.383395195007324, 15.280739784240723, 15.266925811767578, 15.157946586608887, 15.634428024291992, 15.141388893127441, 15.41905689239502, 15.334157943725586, 15.435494422912598, 15.38740348815918, 15.283824920654297, 15.241819381713867, 15.557381629943848, 15.007770538330078, 15.087224960327148, 15.411344528198242, 15.158470153808594, 15.306772232055664, 15.257759094238281, 15.175398826599121, 15.20427131652832, 14.89236068725586, 14.686833381652832, 15.33668041229248, 15.389421463012695, 15.163365364074707, 15.366734504699707, 14.712218284606934, 15.05305004119873, 15.034823417663574, 14.843779563903809, 15.026497840881348, 14.918671607971191, 14.60954761505127, 15.138115882873535, 14.863097190856934, 14.958159446716309, 14.936829566955566, 15.043801307678223, 14.816328048706055, 15.362953186035156, 14.804010391235352, 14.842577934265137, 15.157611846923828, 14.783778190612793, 14.868683815002441, 14.586322784423828, 14.420710563659668, 14.711884498596191, 14.924702644348145, 14.704248428344727, 14.558907508850098, 14.472475051879883, 14.488639831542969, 14.670104026794434, 14.589227676391602, 14.448355674743652, 14.521066665649414, 14.562101364135742, 14.814517974853516, 14.492865562438965, 14.293270111083984, 14.267379760742188, 15.211767196655273, 14.165275573730469, 14.735000610351562, 14.6622314453125, 14.343804359436035, 14.61633586883545, 14.717260360717773, 14.703144073486328, 14.743521690368652, 14.64720630645752, 14.586067199707031, 14.649548530578613, 14.872577667236328, 14.3497896194458, 14.524571418762207, 14.276822090148926, 14.551692962646484, 14.247102737426758, 14.368868827819824, 14.36713981628418, 14.225292205810547, 14.369802474975586, 14.802773475646973, 14.403395652770996, 14.222837448120117, 14.538029670715332, 14.410881042480469, 14.04332160949707, 14.272355079650879, 14.130797386169434, 14.351848602294922, 14.536355972290039, 14.579504013061523, 14.476943969726562, 14.143511772155762, 14.143729209899902, 14.196205139160156, 14.397744178771973, 14.223066329956055, 14.130514144897461, 14.391441345214844, 14.248985290527344, 14.270665168762207, 14.000412940979004, 14.203303337097168, 13.999083518981934, 14.274321556091309, 14.680803298950195, 14.303178787231445, 14.093932151794434, 14.412111282348633, 14.462760925292969, 13.988856315612793, 14.299838066101074, 14.147208213806152, 14.20851993560791, 14.947770118713379, 14.31151294708252, 14.067623138427734, 14.481918334960938, 14.047418594360352, 13.934844970703125, 14.224056243896484, 14.32891845703125, 14.598980903625488, 13.995590209960938, 13.895406723022461, 14.223405838012695, 13.938566207885742, 14.197632789611816, 14.016519546508789, 13.780438423156738, 13.846186637878418, 13.998114585876465, 13.889049530029297, 13.945956230163574, 14.028722763061523, 14.048004150390625, 14.315208435058594, 13.762718200683594, 14.136312484741211, 13.803543090820312, 13.959416389465332, 13.913719177246094, 14.131422996520996, 13.707178115844727, 14.160163879394531, 14.075957298278809, 14.10098648071289, 13.808355331420898, 13.598596572875977, 13.613389015197754, 14.013744354248047, 13.911056518554688, 13.908729553222656, 13.952921867370605, 13.810528755187988, 13.702760696411133, 13.8590087890625, 14.160120964050293, 13.945496559143066, 14.092817306518555, 13.772575378417969, 13.753035545349121, 13.879828453063965, 13.67098617553711, 14.321626663208008, 13.424660682678223, 13.411835670471191, 13.592036247253418, 13.8021240234375, 13.711592674255371, 13.57259750366211, 14.116962432861328, 13.839919090270996, 13.635599136352539, 14.070611000061035, 14.13742446899414, 13.38191032409668, 13.95278549194336, 13.516575813293457, 13.793436050415039, 13.484747886657715, 13.56943130493164, 14.121735572814941, 13.757162094116211, 14.0137300491333, 14.205978393554688, 13.899667739868164, 13.50661849975586, 13.69367790222168, 13.4805908203125, 13.445016860961914, 13.691991806030273, 13.7194185256958, 13.839908599853516, 13.42879581451416, 13.886086463928223, 14.008742332458496, 13.695306777954102, 13.882461547851562, 13.46350383758545, 13.58289909362793, 13.729521751403809, 13.460453033447266, 13.733619689941406, 13.793025970458984, 13.723102569580078, 13.675335884094238, 13.81714153289795, 13.67113208770752, 13.42288589477539, 13.837810516357422, 13.602740287780762, 13.498013496398926, 14.191505432128906, 13.885034561157227, 13.695329666137695, 13.777915954589844, 13.555825233459473, 13.20289421081543, 13.705537796020508, 13.576135635375977, 13.64321231842041, 13.511934280395508, 13.355549812316895, 13.398110389709473, 13.473723411560059, 13.590853691101074, 13.487918853759766, 13.37218952178955, 14.159806251525879, 13.927446365356445, 13.678321838378906, 13.851861953735352, 13.752077102661133, 13.257529258728027, 13.310035705566406, 13.539118766784668, 13.815828323364258, 13.359238624572754, 13.707022666931152, 13.090170860290527, 13.472692489624023, 13.414791107177734, 13.577720642089844, 13.292684555053711, 13.266976356506348, 13.508438110351562, 13.230184555053711, 13.645137786865234, 13.18655014038086, 13.516342163085938, 13.411227226257324, 13.339347839355469, 13.10822582244873, 13.573186874389648, 13.346562385559082, 13.55998706817627, 13.08897590637207, 13.682188034057617, 13.51534366607666, 13.740272521972656, 13.628585815429688, 13.288000106811523, 14.011970520019531, 13.300239562988281, 13.442646026611328, 13.367280960083008, 13.457075119018555, 13.502699851989746, 13.398172378540039, 13.376791000366211, 13.749732971191406, 13.025934219360352, 13.434048652648926, 13.663228988647461, 13.33525562286377, 13.156509399414062, 13.220695495605469, 13.254148483276367, 13.471288681030273, 13.719561576843262, 13.636363983154297, 13.070100784301758, 13.12765884399414, 13.29893684387207, 13.202311515808105, 13.869401931762695, 13.352415084838867, 13.308525085449219, 13.306654930114746, 13.590529441833496, 13.422919273376465, 13.798481941223145, 13.26400375366211, 13.230175018310547, 13.275140762329102, 13.238417625427246, 13.017553329467773, 13.263664245605469, 13.164347648620605, 13.38125228881836, 13.033540725708008, 13.186307907104492, 13.52189826965332, 12.66636848449707, 13.029960632324219, 13.018949508666992, 13.211631774902344, 13.352437973022461, 13.207237243652344, 13.268521308898926, 13.537016868591309, 13.533863067626953, 