{"aucroc": 0.3073671497584541, "aucpr": 0.05638039077047543, "dataset": "45_wine", "method": "soft", "test_ratio": 0.08, "train_ratio": 0.08, "labeled_anomalies": 1.0, "loe_loss": [24.142492294311523, 23.049198150634766, 22.101428985595703, 21.537330627441406, 21.237337112426758, 19.886825561523438, 19.44021987915039, 18.822450637817383, 18.819644927978516, 18.928131103515625, 19.127172470092773, 18.973695755004883, 19.686487197875977, 18.43948745727539, 18.246156692504883, 18.66797637939453, 18.004365921020508, 17.921955108642578, 17.860050201416016, 17.46721649169922, 17.936241149902344, 17.572416305541992, 17.78106117248535, 17.56513214111328, 17.281967163085938, 17.61274528503418, 17.014490127563477, 17.259963989257812, 16.818801879882812, 17.42021369934082, 17.03255844116211, 16.70055389404297, 17.100482940673828, 16.947036743164062, 16.521570205688477, 16.453006744384766, 16.694425582885742, 16.427345275878906, 16.82845115661621, 16.68429183959961, 16.652286529541016, 16.262413024902344, 16.594886779785156, 16.00058937072754, 16.435930252075195, 16.152408599853516, 15.941479682922363, 16.47562599182129, 16.47468376159668, 15.906688690185547, 16.045228958129883, 15.948761940002441, 16.28740882873535, 15.876982688903809, 16.281131744384766, 16.079309463500977, 16.546218872070312, 15.877643585205078, 15.95274543762207, 15.653419494628906, 16.63671875, 15.594989776611328, 16.365999221801758, 15.756601333618164, 15.901923179626465, 15.766890525817871, 15.798666000366211, 15.274859428405762, 15.854743957519531, 15.378718376159668, 14.983465194702148, 15.10731315612793, 15.185669898986816, 15.02768325805664, 14.893386840820312, 15.265524864196777, 15.404541969299316, 15.182164192199707, 15.413579940795898, 15.82774543762207, 15.105772018432617, 15.9202880859375, 15.405122756958008, 15.05833625793457, 15.358163833618164, 15.493213653564453, 15.140044212341309, 14.35831069946289, 15.186758995056152, 15.540081024169922, 15.011038780212402, 15.18255615234375, 14.938552856445312, 15.649011611938477, 15.132747650146484, 14.453096389770508, 15.040693283081055, 15.294377326965332, 14.863171577453613, 14.977231979370117, 15.231613159179688, 14.977624893188477, 14.883807182312012, 14.982502937316895, 15.219152450561523, 14.742374420166016, 14.235154151916504, 14.776926040649414, 15.189265251159668, 14.987203598022461, 15.144766807556152, 14.777923583984375, 14.918502807617188, 14.54050350189209, 14.85257339477539, 14.073590278625488, 14.960710525512695, 14.721198081970215, 14.61539363861084, 14.697748184204102, 14.499626159667969, 14.906269073486328, 14.517696380615234, 14.72912883758545, 14.639315605163574, 14.934391021728516, 14.825705528259277, 14.578363418579102, 14.66961669921875, 15.238937377929688, 15.091480255126953, 14.559736251831055, 14.567363739013672, 14.329519271850586, 14.72698974609375, 14.741594314575195, 14.23505687713623, 14.539247512817383, 14.477282524108887, 14.593475341796875, 14.33085823059082, 14.520065307617188, 14.302312850952148, 14.145317077636719, 14.37160587310791, 14.861011505126953, 14.551048278808594, 14.124724388122559, 14.220107078552246, 13.896380424499512, 14.64904499053955, 14.147513389587402, 14.275322914123535, 14.800204277038574, 14.157121658325195, 14.643364906311035, 14.904316902160645, 14.356033325195312, 14.17231273651123, 13.883871078491211, 14.081329345703125, 14.172391891479492, 14.261270523071289, 14.488582611083984, 13.773584365844727, 14.219417572021484, 13.945490837097168, 14.16224479675293, 14.452712059020996, 13.949191093444824, 14.385704040527344, 14.72520637512207, 13.635278701782227, 14.132857322692871, 13.853402137756348, 13.980424880981445, 14.039791107177734, 14.359808921813965, 13.974630355834961, 14.432893753051758, 13.66344928741455, 14.04922866821289, 14.768959999084473, 14.075360298156738, 13.7451810836792, 14.025010108947754, 14.44847583770752, 14.272101402282715, 13.640464782714844, 14.418115615844727, 13.837441444396973, 13.816128730773926, 14.141008377075195, 14.089461326599121, 14.447713851928711, 14.63534927368164, 14.837919235229492, 13.91898250579834, 14.418936729431152, 13.95175552368164, 13.80488109588623, 13.578847885131836, 14.320440292358398, 13.380868911743164, 13.65335464477539, 14.477458953857422, 13.588227272033691, 14.210949897766113, 13.649099349975586, 13.909632682800293, 13.515192985534668, 13.631277084350586, 13.951639175415039, 14.95622730255127, 13.84693431854248, 13.294361114501953, 14.046442031860352, 13.779539108276367, 14.558600425720215, 13.252310752868652, 13.637555122375488, 13.791093826293945, 13.919615745544434, 13.671585083007812, 13.85750961303711, 13.347067832946777, 13.664616584777832, 14.065923690795898, 13.405445098876953, 13.853017807006836, 14.434144973754883, 13.41926383972168, 14.393072128295898, 13.750167846679688, 13.393299102783203, 13.254093170166016, 13.680005073547363, 13.525156021118164, 14.721868515014648, 13.55100154876709, 13.82999038696289, 13.918644905090332, 13.636360168457031, 13.67508316040039, 13.683371543884277, 13.543475151062012, 13.06727123260498, 13.501635551452637, 14.281865119934082, 13.5225830078125, 13.446745872497559, 13.035858154296875, 13.748886108398438, 13.407149314880371, 13.257482528686523, 13.644912719726562, 13.743529319763184, 13.190244674682617, 13.657529830932617, 13.188943862915039, 13.135881423950195, 13.376564025878906, 12.999042510986328, 13.487950325012207, 13.333024978637695, 13.261363983154297, 14.363593101501465, 13.78372859954834, 13.819442749023438, 13.583610534667969, 12.77020263671875, 14.489361763000488, 13.30799388885498, 13.231484413146973, 13.543268203735352, 14.081286430358887, 13.320717811584473, 13.4012451171875, 13.182452201843262, 13.63113784790039, 13.705808639526367, 14.03570556640625, 13.625212669372559, 13.586971282958984, 13.859940528869629, 14.056575775146484, 13.723047256469727, 12.901008605957031, 13.822004318237305, 13.518963813781738, 13.910345077514648, 13.245944023132324, 13.138870239257812, 14.000094413757324, 13.393607139587402, 13.672445297241211, 13.683279991149902, 13.334375381469727, 13.368353843688965, 13.585378646850586, 13.450912475585938, 13.655158996582031, 14.228806495666504, 13.29433536529541, 12.565885543823242, 13.642687797546387, 13.161600112915039, 13.384519577026367, 12.662574768066406, 13.727261543273926, 13.11302661895752, 13.075521469116211, 12.953656196594238, 13.786823272705078, 13.324134826660156, 13.150506019592285, 13.435166358947754, 14.375004768371582, 13.535009384155273, 13.244714736938477, 13.560606002807617, 13.314603805541992, 13.067211151123047, 13.214646339416504, 13.425949096679688, 13.507905960083008, 13.173674583435059, 13.05655574798584, 13.53305435180664, 13.571009635925293, 13.946812629699707, 12.67230224609375, 12.688820838928223, 12.861287117004395, 13.146072387695312, 13.806879043579102, 13.133866310119629, 13.148913383483887, 13.312690734863281, 12.975852966308594, 12.591859817504883, 13.629478454589844, 13.80167007446289, 13.304778099060059, 13.503458023071289, 13.375927925109863, 13.576668739318848, 13.183457374572754, 12.616023063659668, 12.784908294677734, 13.410114288330078, 14.982393264770508, 13.938733100891113, 12.92522144317627, 12.774614334106445, 12.752792358398438, 12.529654502868652, 12.855989456176758, 13.499374389648438, 12.387818336486816, 13.753935813903809, 13.305487632751465, 13.438915252685547, 12.428106307983398, 13.48589038848877, 12.92817497253418, 13.267521858215332, 13.117234230041504, 12.24608039855957, 12.394695281982422, 13.047950744628906, 12.719630241394043, 13.755558967590332, 12.881084442138672, 13.052331924438477, 13.143547058105469, 12.662253379821777, 12.798748016357422, 13.547307014465332, 13.01893424987793, 12.664304733276367, 12.87485122680664, 13.214216232299805, 12.961945533752441, 13.21480655670166, 13.746322631835938, 12.402148246765137, 13.327821731567383, 12.364587783813477, 12.625724792480469, 12.811814308166504, 12.57768726348877, 12.589960098266602, 12.556455612182617, 12.382909774780273, 