{"aucroc": 0.8692129629629631, "aucpr": 0.27706422873847375, "dataset": "45_wine", "method": "hard", "test_ratio": 0.08, "train_ratio": 0.08, "labeled_anomalies": 1.0, "loe_loss": [20.824724197387695, 19.988689422607422, 19.08518409729004, 18.482343673706055, 18.3636474609375, 18.442550659179688, 17.334564208984375, 16.53656578063965, 16.539823532104492, 16.664548873901367, 16.519611358642578, 16.220731735229492, 15.987728118896484, 16.424484252929688, 16.2506103515625, 15.527153968811035, 16.212398529052734, 15.68954086303711, 15.810985565185547, 15.30111026763916, 14.984478950500488, 15.68616771697998, 15.073472023010254, 15.093995094299316, 14.707399368286133, 14.602527618408203, 15.210918426513672, 14.921382904052734, 14.4612455368042, 14.332475662231445, 14.521658897399902, 14.824819564819336, 13.911578178405762, 13.99068546295166, 14.058746337890625, 14.606590270996094, 14.509790420532227, 13.768218040466309, 14.406532287597656, 13.539851188659668, 13.840415954589844, 13.545392036437988, 13.636863708496094, 13.795312881469727, 14.110291481018066, 13.367386817932129, 13.581092834472656, 13.434187889099121, 13.133682250976562, 12.899869918823242, 12.985495567321777, 13.583653450012207, 12.911797523498535, 13.531539916992188, 12.910260200500488, 12.7650728225708, 13.101432800292969, 12.053850173950195, 12.533985137939453, 13.1198148727417, 12.944692611694336, 12.768965721130371, 12.552783012390137, 12.80606746673584, 12.194568634033203, 12.444669723510742, 12.746513366699219, 11.183924674987793, 11.79126262664795, 11.642674446105957, 11.55447769165039, 11.157286643981934, 12.154409408569336, 12.382152557373047, 10.840012550354004, 11.529844284057617, 12.688549041748047, 11.354331970214844, 10.506621360778809, 12.403579711914062, 11.413427352905273, 13.195157051086426, 11.947169303894043, 12.624796867370605, 10.309297561645508, 9.022350311279297, 10.495762825012207, 11.807924270629883, 9.213505744934082, 7.201970100402832, 9.038290023803711, 7.51243782043457, 9.335211753845215, 6.713749885559082, 7.573094844818115, 6.625878810882568, 2.3047497272491455, 4.003935813903809, 1.8671849966049194, -8.624353408813477], "n_epochs": 99}