{"aucroc": 0.498641304347826, "aucpr": 0.07603548088869978, "dataset": "45_wine", "method": "blind", "test_ratio": 0.08, "train_ratio": 0.08, "labeled_anomalies": 1.0, "loe_loss": [28.10295867919922, 26.712987899780273, 27.23989486694336, 25.122922897338867, 24.642444610595703, 24.450231552124023, 23.86102294921875, 23.96894073486328, 23.098413467407227, 23.096446990966797, 22.730712890625, 23.140724182128906, 22.297449111938477, 21.982446670532227, 22.183942794799805, 21.854442596435547, 22.1639404296875, 21.318496704101562, 21.116559982299805, 20.8429012298584, 21.393478393554688, 20.578397750854492, 21.268877029418945, 20.02614402770996, 20.949735641479492, 20.94875144958496, 20.003719329833984, 20.708084106445312, 20.61931037902832, 20.060976028442383, 20.161766052246094, 19.985090255737305, 20.024089813232422, 19.6013240814209, 20.242361068725586, 19.80661392211914, 19.619108200073242, 19.92855453491211, 18.917755126953125, 19.965696334838867, 19.341339111328125, 19.15536880493164, 19.0029239654541, 18.99627113342285, 19.25661849975586, 19.692689895629883, 18.99787712097168, 19.38758087158203, 19.15970802307129, 19.29198455810547, 19.16556167602539, 18.74643325805664, 18.953022003173828, 18.834882736206055, 18.630603790283203, 18.63536262512207, 18.274478912353516, 18.762285232543945, 18.74161148071289, 18.572063446044922, 18.720563888549805, 18.215906143188477, 18.60449981689453, 18.891056060791016, 18.623754501342773, 18.395633697509766, 18.50616455078125, 18.76983070373535, 18.23105239868164, 18.20680809020996, 18.83939552307129, 18.657094955444336, 18.725196838378906, 18.391056060791016, 17.644107818603516, 18.086048126220703, 17.774982452392578, 18.437362670898438, 18.28895378112793, 17.968833923339844, 17.91703224182129, 18.63140106201172, 17.982234954833984, 18.105831146240234, 18.007465362548828, 18.512693405151367, 18.17717742919922, 17.996103286743164, 17.881101608276367, 18.557598114013672, 17.864177703857422, 17.94305419921875, 18.295040130615234, 17.939105987548828, 17.9508056640625, 18.021024703979492, 18.039077758789062, 17.976802825927734, 17.65825653076172, 17.47311019897461, 18.11834144592285, 18.325443267822266, 18.08761215209961, 18.155534744262695, 17.393938064575195, 18.064334869384766, 17.820682525634766, 17.483020782470703, 17.8507080078125, 17.89410400390625, 17.225027084350586, 17.961009979248047, 17.547595977783203, 17.87710189819336, 17.82461166381836, 17.805709838867188, 17.50943374633789, 18.319137573242188, 17.603137969970703, 17.52846908569336, 17.974945068359375, 17.436603546142578, 17.62856101989746, 17.232202529907227, 17.224924087524414, 17.450519561767578, 17.792131423950195, 17.50376319885254, 17.360143661499023, 17.491031646728516, 17.159873962402344, 17.391315460205078, 17.306970596313477, 17.09258460998535, 17.303104400634766, 17.412031173706055, 17.60740089416504, 17.269817352294922, 16.816965103149414, 17.137134552001953, 17.948009490966797, 16.612022399902344, 17.49848175048828, 17.37014389038086, 16.940031051635742, 17.462539672851562, 17.462894439697266, 17.362573623657227, 17.635465621948242, 17.169370651245117, 17.344226837158203, 17.40069580078125, 17.74764633178711, 16.91653060913086, 17.394641876220703, 16.7529296875, 17.5234432220459, 17.09246826171875, 17.061954498291016, 17.074296951293945, 16.9920654296875, 17.105140686035156, 17.77086639404297, 17.23975372314453, 16.789525985717773, 17.577241897583008, 16.966026306152344, 16.738317489624023, 17.381481170654297, 16.945932388305664, 17.059045791625977, 17.241098403930664, 17.107349395751953, 17.32613754272461, 17.101491928100586, 16.983572006225586, 16.884550094604492, 17.188230514526367, 17.09773063659668, 17.287511825561523, 17.26708984375, 16.948768615722656, 17.02366828918457, 16.935205459594727, 17.013751983642578, 16.626678466796875, 17.159637451171875, 17.769968032836914, 17.185346603393555, 17.026065826416016, 17.300100326538086, 17.329315185546875, 16.394105911254883, 16.884632110595703, 17.022193908691406, 17.20815658569336, 18.052555084228516, 16.937772750854492, 16.657390594482422, 17.322772979736328, 17.071094512939453, 16.634410858154297, 16.926342010498047, 17.369674682617188, 17.419008255004883, 16.77667236328125, 16.308874130249023, 17.009721755981445, 16.484577178955078, 17.019454956054688, 16.837360382080078, 16.43697166442871, 16.411561965942383, 16.910327911376953, 16.78034019470215, 16.81334114074707, 16.60198402404785, 16.674684524536133, 17.19396209716797, 16.76987648010254, 17.205930709838867, 16.424701690673828, 16.862499237060547, 16.546924591064453, 16.855716705322266, 16.593658447265625, 17.166587829589844, 16.880586624145508, 16.71755599975586, 16.538179397583008, 16.574050903320312, 16.441221237182617, 17.31979751586914, 16.647993087768555, 16.639846801757812, 16.48992919921875, 16.56827735900879, 16.15915870666504, 16.512794494628906, 16.926952362060547, 16.773983001708984, 17.072614669799805, 16.630107879638672, 16.642295837402344, 16.858455657958984, 16.330829620361328, 17.35433006286621, 15.976949691772461, 16.447330474853516, 16.386173248291016, 16.50960922241211, 16.807926177978516, 16.2325496673584, 17.128469467163086, 16.54230308532715, 16.824440002441406, 16.705774307250977, 17.060455322265625, 15.806503295898438, 16.754709243774414, 16.055728912353516, 16.410863876342773, 16.143613815307617, 16.350486755371094, 17.263689041137695, 16.720617294311523, 17.30124855041504, 17.29126739501953, 16.848230361938477, 16.159164428710938, 16.617691040039062, 16.212053298950195, 15.957459449768066, 16.61548614501953, 16.390869140625, 16.921215057373047, 16.212955474853516, 16.74795150756836, 17.097654342651367, 16.377790451049805, 16.72719955444336, 16.42666244506836, 16.384201049804688, 16.714468002319336, 16.353885650634766, 16.58284568786621, 16.535240173339844, 16.68718147277832, 16.485898971557617, 16.88555145263672, 16.864473342895508, 16.025671005249023, 16.691057205200195, 16.48757553100586, 16.0350284576416, 17.25876235961914, 16.514013290405273, 16.474632263183594, 16.494306564331055, 16.490398406982422, 15.571954727172852, 16.570165634155273, 16.342304229736328, 16.462343215942383, 15.867414474487305, 15.85235595703125, 16.246463775634766, 15.998912811279297, 16.231311798095703, 16.502592086791992, 16.32219696044922, 17.12625503540039, 17.014957427978516, 16.46062660217285, 16.991971969604492, 16.784439086914062, 15.754010200500488, 16.10686492919922, 16.496074676513672, 16.5933837890625, 16.18600845336914, 16.810100555419922, 16.05778694152832, 16.326723098754883, 16.23320198059082, 16.511394500732422, 15.813135147094727, 15.843656539916992, 16.50557518005371, 16.25237274169922, 16.44129753112793, 16.216739654541016, 16.51527976989746, 16.234878540039062, 16.194583892822266, 15.854832649230957, 16.973445892333984, 16.235191345214844, 16.420177459716797, 15.980451583862305, 16.58645248413086, 16.063623428344727, 16.546688079833984, 16.40526580810547, 16.19546127319336, 16.898426055908203, 16.083784103393555, 15.983510971069336, 15.941158294677734, 16.35579490661621, 16.46420669555664, 16.03728675842285, 16.1966552734375, 16.64908790588379, 15.643699645996094, 16.27388572692871, 16.61892318725586, 16.107376098632812, 15.980794906616211, 15.9607572555542, 16.070261001586914, 16.447370529174805, 16.995084762573242, 16.692861557006836, 15.744522094726562, 15.864790916442871, 16.367671966552734, 15.858926773071289, 16.905670166015625, 16.097755432128906, 16.14592170715332, 15.840781211853027, 16.577518463134766, 16.487598419189453, 16.686859130859375, 16.0236759185791, 16.177200317382812, 15.987041473388672, 15.953770637512207, 15.671380043029785, 16.234745025634766, 15.83957290649414, 16.574373245239258, 15.74671459197998, 15.840587615966797, 16.325546264648438, 15.049338340759277, 15.622980117797852, 15.616151809692383, 16.015216827392578, 15.939840316772461, 15.968245506286621, 16.351808547973633, 16.192890167236328, 16.414642333984375, 16.11548614501953, 16.125980377197266, 16.32979965209961, 