{"aucroc": 0.42517109500805156, "aucpr": 0.06693296424379046, "dataset": "45_wine", "method": "soft", "test_ratio": 0.08, "train_ratio": 0.08, "labeled_anomalies": 1.0, "loe_loss": [24.04166603088379, 22.66524887084961, 22.925891876220703, 21.216053009033203, 20.961956024169922, 20.629398345947266, 19.97604751586914, 19.954341888427734, 19.277774810791016, 19.44759750366211, 19.33258819580078, 19.344402313232422, 18.686302185058594, 18.58941650390625, 18.710586547851562, 18.348922729492188, 18.564918518066406, 17.912336349487305, 17.622106552124023, 17.547073364257812, 18.03451156616211, 17.378158569335938, 17.813688278198242, 16.825220108032227, 17.717060089111328, 17.47343635559082, 16.979604721069336, 17.362537384033203, 17.18504524230957, 16.940231323242188, 16.865015029907227, 16.895254135131836, 16.89615821838379, 16.614728927612305, 16.85634422302246, 16.550559997558594, 16.62994384765625, 16.59792137145996, 16.079607009887695, 16.81963348388672, 16.101444244384766, 16.155275344848633, 15.890947341918945, 15.855854034423828, 16.109529495239258, 16.422657012939453, 15.861044883728027, 16.09933090209961, 15.988739013671875, 16.165063858032227, 15.936254501342773, 15.804676055908203, 15.702072143554688, 15.765776634216309, 15.534148216247559, 15.582118034362793, 15.02480411529541, 15.814549446105957, 15.483953475952148, 15.534029006958008, 15.606785774230957, 15.46640682220459, 15.680885314941406, 15.877079010009766, 15.62191104888916, 15.320486068725586, 15.595417022705078, 15.797746658325195, 15.451505661010742, 15.300348281860352, 15.841797828674316, 15.623125076293945, 15.629554748535156, 15.237588882446289, 14.757194519042969, 14.943997383117676, 14.968448638916016, 15.396442413330078, 15.301222801208496, 15.05191707611084, 15.074275970458984, 15.666171073913574, 15.0338773727417, 15.264078140258789, 15.16326904296875, 15.3759765625, 15.368331909179688, 15.14228343963623, 15.10152816772461, 15.527952194213867, 14.789758682250977, 15.138320922851562, 15.416892051696777, 15.175540924072266, 15.208467483520508, 15.235967636108398, 15.074751853942871, 14.997589111328125, 14.706568717956543, 14.353245735168457, 15.34592056274414, 15.217805862426758, 15.138629913330078, 15.401432991027832, 14.62805461883545, 14.906686782836914, 14.798307418823242, 14.57458782196045, 14.918264389038086, 14.85574722290039, 14.375442504882812, 15.059931755065918, 14.85057544708252, 14.958919525146484, 14.714850425720215, 15.040702819824219, 14.838080406188965, 15.300644874572754, 14.722891807556152, 14.718844413757324, 15.215750694274902, 14.651134490966797, 14.905521392822266, 14.3873929977417, 14.153156280517578, 14.501455307006836, 14.858199119567871, 14.710408210754395, 14.532245635986328, 14.358833312988281, 14.315071105957031, 14.67003059387207, 14.401655197143555, 14.27907943725586, 14.375288009643555, 14.561904907226562, 14.826824188232422, 14.31764030456543, 14.062241554260254, 14.089160919189453, 15.249334335327148, 14.02200698852539, 14.72437858581543, 14.742137908935547, 14.237052917480469, 14.46170711517334, 14.597182273864746, 14.61392593383789, 14.706085205078125, 14.463031768798828, 14.446979522705078, 14.529533386230469, 14.874324798583984, 14.2262544631958, 14.316399574279785, 14.167149543762207, 14.359065055847168, 14.022435188293457, 14.197250366210938, 14.198359489440918, 13.984084129333496, 14.194916725158691, 14.69223690032959, 14.247523307800293, 14.047176361083984, 14.3812255859375, 14.24483585357666, 13.775731086730957, 14.089470863342285, 13.875789642333984, 14.098477363586426, 14.363779067993164, 14.345052719116211, 14.261016845703125, 13.974316596984863, 14.022163391113281, 14.021004676818848, 14.226261138916016, 14.025962829589844, 13.917977333068848, 14.196298599243164, 14.071584701538086, 14.098265647888184, 13.76743221282959, 13.956669807434082, 13.737137794494629, 14.010537147521973, 14.560334205627441, 14.061897277832031, 13.822005271911621, 14.145524024963379, 14.234400749206543, 13.79703426361084, 14.10738468170166, 13.93972396850586, 13.948126792907715, 14.852745056152344, 14.061023712158203, 13.831413269042969, 14.22799301147461, 13.799589157104492, 13.679178237915039, 14.032440185546875, 13.996453285217285, 14.43496322631836, 13.710589408874512, 13.58125114440918, 13.92697811126709, 13.644041061401367, 13.99127197265625, 13.720434188842773, 13.57582950592041, 13.483368873596191, 13.685532569885254, 13.63003158569336, 13.652283668518066, 13.89478588104248, 13.846731185913086, 14.212099075317383, 13.42956256866455, 13.763629913330078, 13.496463775634766, 13.612913131713867, 13.613121032714844, 13.814764976501465, 13.40878963470459, 13.881032943725586, 13.858076095581055, 13.817047119140625, 13.471209526062012, 13.128883361816406, 13.284435272216797, 13.770851135253906, 13.654069900512695, 13.663992881774902, 13.643659591674805, 13.477210998535156, 13.401362419128418, 13.573278427124023, 13.88541316986084, 13.618387222290039, 13.834796905517578, 13.52055549621582, 13.44814682006836, 13.625893592834473, 13.33470344543457, 14.137394905090332, 13.0350980758667, 13.087532997131348, 13.244840621948242, 13.5074462890625, 13.45129108428955, 13.232187271118164, 13.797898292541504, 13.478558540344238, 13.273293495178223, 13.863909721374512, 13.816638946533203, 13.076623916625977, 13.707365036010742, 13.260505676269531, 13.596125602722168, 13.019445419311523, 13.294622421264648, 13.924628257751465, 13.624696731567383, 13.823387145996094, 13.913541793823242, 13.679794311523438, 13.119363784790039, 13.49876880645752, 13.184118270874023, 13.109075546264648, 13.502593040466309, 13.462924003601074, 13.612495422363281, 13.220596313476562, 13.756512641906738, 13.887654304504395, 13.506524085998535, 13.534128189086914, 13.08423900604248, 13.389527320861816, 13.50244140625, 13.124789237976074, 13.435635566711426, 13.427858352661133, 13.576899528503418, 13.443536758422852, 13.713311195373535, 13.426448822021484, 13.117823600769043, 13.56893253326416, 13.474925994873047, 13.347681045532227, 13.80881118774414, 13.50195026397705, 13.416106224060059, 13.473512649536133, 13.278715133666992, 12.940340995788574, 13.483052253723145, 13.306649208068848, 13.365290641784668, 13.25793170928955, 13.029569625854492, 13.169110298156738, 13.207756042480469, 13.394487380981445, 13.206775665283203, 13.091165542602539, 14.070625305175781, 13.593206405639648, 13.608657836914062, 13.840958595275879, 13.51128101348877, 13.035371780395508, 13.034195899963379, 13.376391410827637, 13.751769065856934, 13.073345184326172, 13.49365234375, 13.03228759765625, 13.174095153808594, 13.128947257995605, 13.327598571777344, 13.099580764770508, 13.004951477050781, 13.385765075683594, 12.988059997558594, 13.549064636230469, 12.999237060546875, 13.381793022155762, 13.17055892944336, 13.088956832885742, 12.876208305358887, 13.543889045715332, 13.132537841796875, 13.348100662231445, 12.693958282470703, 13.535186767578125, 13.43275260925293, 13.54251480102539, 13.450647354125977, 12.889809608459473, 13.940546989440918, 12.956734657287598, 13.164375305175781, 13.13910961151123, 13.37474536895752, 13.254565238952637, 13.24458122253418, 13.205952644348145, 13.457212448120117, 12.8455228805542, 13.280893325805664, 13.521295547485352, 13.134138107299805, 12.794486045837402, 12.92624282836914, 12.952533721923828, 13.212163925170898, 13.557204246520996, 13.410188674926758, 12.688135147094727, 12.927919387817383, 13.083337783813477, 12.844265937805176, 13.604485511779785, 13.234733581542969, 12.957756042480469, 13.112451553344727, 13.53648567199707, 13.093393325805664, 13.627952575683594, 13.046797752380371, 12.96748161315918, 13.072096824645996, 12.632458686828613, 12.760478973388672, 12.947887420654297, 13.025322914123535, 13.076858520507812, 12.76906967163086, 12.75609016418457, 13.378000259399414, 12.325638771057129, 12.637568473815918, 12.977437973022461, 12.865904808044434, 13.178102493286133, 13.12140941619873, 12.881853103637695, 13.234689712524414, 13.35529899597168, 12.961294174194336, 