{"aucroc": 0.5308444444444445, "aucpr": 0.25723071056778196, "dataset": "46_WPBC", "method": "hard", "test_ratio": 0.25, "train_ratio": 0.25, "labeled_anomalies": 1.0, "loe_loss": [21.761587142944336, 20.612953186035156, 22.893056869506836, 20.853504180908203, 20.579050064086914, 21.792316436767578, 21.208044052124023, 21.469247817993164, 21.191390991210938, 20.097862243652344, 20.098413467407227, 19.056438446044922, 20.61794090270996, 20.732715606689453, 19.130353927612305, 21.905330657958984, 19.31490135192871, 19.388256072998047, 19.23119354248047, 19.712848663330078, 18.946781158447266, 18.294109344482422, 20.68547248840332, 19.728609085083008, 18.603519439697266, 18.72716522216797, 17.89053726196289, 19.475194931030273, 18.462589263916016, 18.945411682128906, 18.15270233154297, 19.89487075805664, 18.425657272338867, 17.02824592590332, 16.066486358642578, 16.773672103881836, 18.8721923828125, 15.681107521057129, 16.136327743530273, 16.461177825927734, 13.971763610839844, 16.957584381103516, 16.289770126342773, 16.86236000061035, 15.435908317565918, 17.392057418823242, 15.07914924621582, 17.242712020874023, 17.048784255981445, 18.585105895996094, 16.255281448364258, 15.703824996948242, 14.059834480285645, 15.769468307495117, 16.151824951171875, 13.528112411499023, 15.901594161987305, 13.972333908081055, 15.171360969543457, 14.941719055175781, 12.594461441040039, 16.59864044189453, 14.418030738830566, 15.397144317626953, 14.17550277709961, 14.650535583496094, 13.270395278930664, 14.075637817382812, 14.427498817443848, 15.746225357055664, 12.822425842285156, 13.29351806640625, 13.533859252929688, 13.25544261932373, 15.057801246643066, 14.4411039352417, 15.390872955322266, 14.861698150634766, 14.496294021606445, 14.196043014526367, 14.927892684936523, 15.041364669799805, 11.773174285888672, 13.576197624206543, 14.035048484802246, 13.548674583435059, 14.950050354003906, 13.195441246032715, 12.473061561584473, 12.056245803833008, 12.475109100341797, 12.432889938354492, 12.185733795166016, 14.062417984008789, 13.738992691040039, 12.601198196411133, 14.106823921203613, 13.601827621459961, 12.452077865600586, 13.60336685180664, 15.080301284790039, 14.466811180114746, 12.931405067443848, 14.047811508178711, 15.669393539428711, 12.628067016601562, 13.827051162719727, 13.310710906982422, 12.934466361999512, 12.485502243041992, 15.083066940307617, 11.380460739135742, 14.910979270935059, 11.871877670288086, 11.180106163024902, 12.4199857711792, 13.316511154174805, 13.84698486328125, 13.054767608642578, 13.395123481750488, 12.868341445922852, 13.662725448608398, 13.230895042419434, 12.981765747070312, 13.4594087600708, 14.5602445602417, 13.85591983795166, 12.93100643157959, 12.921459197998047, 9.083992004394531, 14.884265899658203, 13.165131568908691, 12.902914047241211, 10.927947998046875, 14.814802169799805, 13.633928298950195, 12.260520935058594, 12.500044822692871, 12.108898162841797, 11.25528335571289, 12.318973541259766, 13.403181076049805, 12.82558822631836, 11.913928985595703, 12.76875114440918, 11.293478965759277, 10.401420593261719, 12.289541244506836, 11.412492752075195, 12.24114990234375, 11.594327926635742, 9.688263893127441, 11.607656478881836, 9.306493759155273, 10.137935638427734, 11.953275680541992, 10.092888832092285, 10.513040542602539, 11.775872230529785, 11.792154312133789, 14.247554779052734, 10.744668006896973, 8.335526466369629, 8.799842834472656, 13.958784103393555, 11.26335620880127, 13.000162124633789, 10.555288314819336, 10.535602569580078, 11.869163513183594, 8.577971458435059, 11.923606872558594, 13.508438110351562, 12.00726318359375, 10.961137771606445, 10.530766487121582, 9.268610954284668, 8.035487174987793, 12.41543960571289, 10.530834197998047, 8.556119918823242, 9.65603256225586, 11.713336944580078, 13.149839401245117, 7.980794429779053, 10.71718978881836, 11.683168411254883, 10.04787826538086, 9.750604629516602, 7.829708099365234, 11.17989730834961, 9.53359317779541, 11.050861358642578, 9.062362670898438, 11.015146255493164, 10.02574634552002, 7.215591907501221, 10.355367660522461, 8.554129600524902, 9.92415714263916, 8.671610832214355, 12.055100440979004, 9.861241340637207, 9.70937728881836, 9.986371994018555, 10.239885330200195, 10.710309982299805, 6.520404815673828, 6.337230682373047, 9.283201217651367, 9.840375900268555, 6.866272926330566, 6.755076885223389, 11.339448928833008, 10.965364456176758, 7.031074047088623, 6.361410140991211, 9.186728477478027, 10.312868118286133, 8.395244598388672, 7.169049263000488, 7.943296432495117, 10.285712242126465, 8.828622817993164, 10.137662887573242, 5.9467644691467285, 8.49333667755127, 7.26131010055542, 6.83848762512207, 6.79904842376709, 6.63018274307251, 7.225499153137207, 7.453316688537598, 5.34704065322876, 8.423163414001465, 4.375655174255371, 6.327280521392822, 7.406731605529785, 8.418180465698242, 9.353532791137695, 8.569000244140625, 8.420455932617188, 9.487627029418945, 6.984491348266602, 9.031612396240234, 9.498143196105957, 9.382214546203613, 7.363839626312256, 5.280500411987305, 6.575150012969971, 6.374337673187256, 7.953728675842285, 8.387836456298828, 9.376570701599121, 5.653866291046143, 8.177777290344238, 6.798421859741211, 9.35660457611084, 8.581062316894531, 10.851346969604492, 8.12432861328125, 8.280702590942383, 6.062724590301514, 4.517300128936768, 8.30628490447998, 6.94727087020874, 8.399945259094238, 8.94369125366211, 10.36381721496582, 3.9537534713745117, 4.5901994705200195, 11.42270565032959, 6.360026836395264, 8.77242660522461, 4.950861930847168, 5.8022050857543945, 9.926888465881348, -0.032396554946899414], "n_epochs": 277}