{"aucroc": 0.5208493827160493, "aucpr": 0.2559839780954179, "dataset": "46_WPBC", "method": "blind", "test_ratio": 0.25, "train_ratio": 0.25, "labeled_anomalies": 1.0, "loe_loss": [71.25025177001953, 71.24160766601562, 69.42141723632812, 65.51876831054688, 64.50570678710938, 63.59492492675781, 63.37543869018555, 62.243873596191406, 64.18404388427734, 65.00484466552734, 63.63408660888672, 61.6337890625, 63.60917282104492, 62.842918395996094, 63.441593170166016, 63.34893798828125, 63.84728240966797, 61.38450241088867, 61.99846649169922, 58.698184967041016, 61.62274932861328, 59.970947265625, 60.07338333129883, 60.73258972167969, 58.58331298828125, 60.51317596435547, 58.2752685546875, 56.940574645996094, 56.605960845947266, 59.089996337890625, 58.12666702270508, 57.92863464355469, 57.129295349121094, 57.35823059082031, 55.60073471069336, 55.685794830322266, 56.59857940673828, 56.79985046386719, 55.80842971801758, 53.57078552246094, 57.19041442871094, 55.52631378173828, 55.204036712646484, 52.97930908203125, 53.74766540527344, 56.672157287597656, 53.65621566772461, 52.20890808105469, 52.07260513305664, 55.915985107421875, 53.14140701293945, 51.125823974609375, 54.99333953857422, 52.72820281982422, 50.67018508911133, 53.87379455566406, 50.86386489868164, 50.975364685058594, 51.35963439941406, 51.1231803894043, 51.41030502319336, 52.388450622558594, 52.020240783691406, 50.648475646972656, 50.64570236206055, 49.61975860595703, 51.79713439941406, 48.689910888671875, 49.260738372802734, 50.14173889160156, 50.94293212890625, 52.23078536987305, 48.485591888427734, 49.913455963134766, 50.817909240722656, 51.186424255371094, 50.37234115600586, 49.214561462402344, 48.773414611816406, 49.886653900146484, 48.376041412353516, 48.60126495361328, 49.599388122558594, 48.20229721069336, 49.367427825927734, 47.65421676635742, 48.74150466918945, 49.007728576660156, 47.206119537353516, 47.797508239746094, 47.900535583496094, 46.00147247314453, 47.26544952392578, 46.35836410522461, 48.254737854003906, 46.2293586730957, 45.59839630126953, 46.04276657104492, 46.37055206298828, 47.20356750488281, 45.136253356933594, 45.59519958496094, 45.47341537475586, 46.39753723144531, 45.64605712890625, 46.80303192138672, 45.121219635009766, 45.90382385253906, 44.276405334472656, 46.8388671875, 46.3999137878418, 44.72438049316406, 43.86076354980469, 45.9317512512207, 46.159732818603516, 44.43898010253906, 45.19246292114258, 43.972408294677734, 44.57297134399414, 43.953704833984375, 44.22869110107422, 45.45933532714844, 44.34949493408203, 45.082679748535156, 45.1416015625, 46.577030181884766, 44.269126892089844, 44.192108154296875, 43.98735046386719, 44.40659713745117, 44.89209747314453, 45.00042724609375, 44.93909454345703, 45.45664596557617, 43.06244659423828, 43.17768096923828, 44.77861785888672, 43.900291442871094, 44.54023361206055, 46.016357421875, 44.00365447998047, 44.793701171875, 45.5331916809082, 43.9675407409668, 45.88716506958008, 44.048248291015625, 44.13729476928711, 43.956600189208984, 43.867523193359375, 43.787315368652344, 45.756385803222656, 44.04897689819336, 43.40946578979492, 43.466243743896484, 43.80277633666992, 43.47737121582031, 43.30746841430664, 42.66645812988281, 43.56333923339844, 42.316123962402344, 42.52653884887695, 41.85352325439453, 42.29086685180664, 43.85874938964844, 43.36860656738281, 43.0380859375, 42.50288009643555, 43.00991439819336, 43.12222671508789, 43.36690902709961, 43.20856857299805, 42.91667938232422, 43.39972686767578, 42.63759994506836, 42.136566162109375, 42.93307876586914, 41.66914749145508, 41.85228729248047, 41.35475158691406, 42.02641296386719, 43.41416549682617, 42.75490951538086, 41.70741653442383, 43.57589340209961, 42.84842300415039, 42.95542907714844, 41.22623062133789, 42.858219146728516, 41.58707046508789, 41.364498138427734, 41.52046585083008, 41.88837432861328, 43.47446823120117, 40.952510833740234, 40.84230041503906, 42.349037170410156, 41.88356018066406, 41.504756927490234, 41.83073806762695, 41.489009857177734, 41.47758865356445, 41.70140075683594, 42.42230224609375, 40.55420684814453, 42.22393798828125, 42.22692108154297, 42.45912551879883, 42.215728759765625, 41.96669006347656, 41.601287841796875, 42.8557243347168, 41.84178924560547, 40.841033935546875, 41.764102935791016, 40.94663619995117, 40.38551712036133, 41.73004150390625, 41.03588104248047, 42.244197845458984, 41.637489318847656, 41.02344512939453, 40.575016021728516, 42.699092864990234, 41.40073776245117, 40.66611099243164, 40.41758728027344, 40.354644775390625, 42.443885803222656, 39.798187255859375, 39.6204948425293, 40.97276306152344, 41.27238464355469, 40.44204330444336, 40.86524963378906, 40.826385498046875, 41.18104553222656, 39.82223129272461, 40.23812484741211, 39.95231628417969, 42.79955291748047, 39.95722579956055, 40.45272445678711, 39.808624267578125, 40.41759490966797, 39.517112731933594, 39.486656188964844, 40.35761260986328, 39.36347961425781, 40.59562301635742, 39.27539825439453, 40.83209991455078, 41.76090621948242, 41.92119598388672, 39.38086700439453, 39.65242385864258, 40.595218658447266, 41.18093490600586, 39.63820266723633, 41.613121032714844, 40.093143463134766, 41.21354675292969, 40.079994201660156, 39.09138107299805, 41.067115783691406, 40.24398422241211, 39.47917556762695, 39.965309143066406, 39.938499450683594, 40.18479919433594, 41.856048583984375, 41.11821746826172, 41.63749694824219, 40.792396545410156, 40.1862907409668, 39.88102722167969, 38.71190643310547, 38.46897888183594, 40.36642074584961, 39.03547668457031, 40.62081527709961, 38.71940231323242, 40.25640869140625, 39.66384506225586, 39.70250701904297, 39.00429153442383, 38.669761657714844, 38.91105651855469, 39.41357421875, 38.740352630615234, 40.32736587524414, 39.77928161621094, 40.489356994628906, 41.710670471191406, 39.685523986816406, 39.63291931152344, 40.07508087158203, 40.46263885498047, 38.114498138427734, 39.5639533996582, 38.4830322265625, 39.28733444213867, 40.74006271362305, 39.16117858886719, 39.347747802734375, 40.90210723876953, 40.244903564453125, 39.996925354003906, 38.7922477722168, 39.488128662109375, 39.36632537841797, 38.547542572021484, 39.088382720947266, 38.642250061035156, 41.75774383544922, 39.802398681640625, 40.697410583496094, 40.822959899902344, 41.18518829345703, 39.106937408447266, 39.646141052246094, 41.888999938964844, 39.73279571533203, 38.662532806396484, 39.7900505065918, 39.858848571777344, 38.94392395019531, 39.5115852355957, 40.066837310791016, 39.505104064941406, 42.1639518737793, 38.737247467041016, 39.802337646484375, 40.0076789855957, 38.818843841552734, 39.603675842285156, 40.35315704345703, 39.582008361816406, 38.99546432495117, 38.790184020996094, 38.971641540527344, 38.80799102783203, 39.170440673828125, 39.71831512451172, 40.38922882080078, 37.62689971923828, 40.97371292114258, 41.5509033203125, 41.39508819580078, 38.42898941040039, 38.42041778564453, 37.86937713623047, 39.52320861816406, 37.309383392333984, 39.695091247558594, 41.231201171875, 39.423828125, 40.62847900390625, 37.8508186340332, 39.962318420410156, 39.39822769165039, 38.328189849853516, 39.114837646484375, 40.3222770690918, 39.96288299560547, 38.723812103271484, 39.54955291748047, 40.6771240234375, 39.32001876831055, 38.92576217651367, 39.31974792480469, 38.41621017456055, 38.88983917236328, 39.21526336669922, 37.388587951660156, 38.73279571533203, 39.35797119140625, 38.466651916503906, 38.76142120361328, 39.32620620727539, 38.53004455566406, 39.256065368652344, 38.58064270019531, 38.52194595336914, 39.07020568847656, 40.15885925292969, 38.89210510253906, 39.29725646972656, 39.08517837524414, 36.708740234375, 39.33860778808594, 38.23762893676758, 38.410884857177734, 38.42961502075195, 39.67758560180664, 38.444942474365234, 38.549591064453125, 38.841888427734375, 37.77165985107422, 38.14894485473633, 40.700077056884766, 38.1300048828125, 37.90977478027344, 37.687015533447266, 38.274505615234375, 39.39194869995117, 37.95661926269531, 38.40763854980469, 