{"aucroc": 0.5397333333333334, "aucpr": 0.2669276138587415, "dataset": "46_WPBC", "method": "soft", "test_ratio": 0.25, "train_ratio": 0.25, "labeled_anomalies": 1.0, "loe_loss": [42.040496826171875, 39.801849365234375, 39.49667739868164, 37.86384201049805, 36.660030364990234, 37.21556854248047, 35.8094482421875, 36.19640350341797, 37.21644973754883, 36.523948669433594, 35.9734992980957, 35.1922607421875, 36.61717224121094, 35.914222717285156, 36.06207275390625, 35.68663024902344, 35.06208038330078, 35.62933349609375, 34.3796501159668, 34.88569641113281, 35.15470504760742, 34.814029693603516, 34.39683532714844, 33.37043380737305, 34.12867736816406, 34.537044525146484, 33.62013244628906, 33.424285888671875, 33.444854736328125, 33.144290924072266, 32.694129943847656, 33.31941223144531, 33.05080795288086, 33.16712188720703, 33.907798767089844, 32.193023681640625, 31.747465133666992, 31.610933303833008, 31.768001556396484, 31.660802841186523, 31.096086502075195, 31.51707649230957, 30.3407039642334, 30.78864288330078, 31.744394302368164, 30.66606903076172, 30.527803421020508, 30.901302337646484, 30.81679344177246, 30.66294288635254, 31.01180648803711, 30.69715690612793, 30.130651473999023, 30.716796875, 29.949268341064453, 30.032264709472656, 29.799068450927734, 30.588207244873047, 29.847965240478516, 29.882728576660156, 29.971923828125, 30.670921325683594, 29.269128799438477, 29.476240158081055, 29.76116943359375, 30.066970825195312, 29.573942184448242, 29.5897159576416, 30.001182556152344, 29.89568328857422, 29.51755714416504, 30.239295959472656, 30.05938720703125, 29.102779388427734, 29.15404510498047, 29.283702850341797, 28.84475326538086, 29.457801818847656, 28.676803588867188, 28.68393325805664, 28.903162002563477, 28.93326187133789, 28.687162399291992, 28.556495666503906, 28.631868362426758, 28.448383331298828, 28.26526641845703, 27.894882202148438, 27.811302185058594, 28.38101577758789, 28.38652801513672, 28.15753936767578, 28.249584197998047, 27.740474700927734, 27.575462341308594, 27.96595001220703, 27.411108016967773, 27.095657348632812, 27.752220153808594, 27.688575744628906, 27.156164169311523, 28.190902709960938, 27.500062942504883, 28.173885345458984, 28.2070255279541, 27.449241638183594, 27.803468704223633, 27.57723617553711, 27.255775451660156, 27.488222122192383, 27.23586654663086, 27.19217872619629, 27.09806251525879, 26.537017822265625, 26.939424514770508, 27.214012145996094, 27.02188491821289, 27.113357543945312, 27.16041374206543, 26.718975067138672, 26.444541931152344, 26.889999389648438, 27.070873260498047, 27.40009307861328, 26.133163452148438, 26.59347915649414, 26.99590301513672, 26.52530860900879, 26.57575225830078, 26.927452087402344, 26.819215774536133, 26.634098052978516, 26.01889991760254, 26.58272361755371, 26.593740463256836, 26.676502227783203, 26.030887603759766, 25.886924743652344, 26.557390213012695, 26.4412899017334, 26.06186294555664, 25.962926864624023, 26.622934341430664, 26.306957244873047, 26.058935165405273, 26.860862731933594, 26.618431091308594, 26.0419864654541, 25.984764099121094, 25.87787437438965, 26.65623664855957, 25.316606521606445, 25.161537170410156, 26.116962432861328, 25.182640075683594, 25.104066848754883, 26.0262451171875, 25.24717903137207, 25.137338638305664, 26.009815216064453, 25.16338348388672, 25.6126766204834, 24.865699768066406, 24.70480728149414, 25.350122451782227, 25.34276580810547, 25.62377166748047, 25.013708114624023, 25.473852157592773, 25.306621551513672, 25.004898071289062, 24.937883377075195, 25.565282821655273, 25.0018253326416, 25.158870697021484, 24.06710433959961, 24.940149307250977, 24.275144577026367, 24.876354217529297, 24.85748291015625, 24.770423889160156, 24.97254180908203, 24.937559127807617, 24.583208084106445, 24.84640884399414, 24.599153518676758, 24.720691680908203, 24.812841415405273, 24.126157760620117, 24.243560791015625, 24.820905685424805, 24.414304733276367, 25.2092227935791, 24.309898376464844, 24.278675079345703, 24.260526657104492, 24.48455810546875, 24.686668395996094, 24.74454689025879, 24.505107879638672, 24.944856643676758, 24.438518524169922, 24.10161018371582, 24.07561492919922, 24.045377731323242, 23.95155906677246, 23.70275115966797, 23.89784049987793, 23.626506805419922, 24.017316818237305, 22.947925567626953, 23.95220184326172, 24.15054702758789, 24.551057815551758, 24.079505920410156, 23.771608352661133, 23.844921112060547, 23.951290130615234, 23.23500633239746, 23.723854064941406, 23.44112205505371, 23.751924514770508, 23.743921279907227, 24.4530086517334, 24.42569351196289, 23.2893009185791, 23.779277801513672, 23.498676300048828, 23.28469467163086, 23.48929214477539, 23.461389541625977, 24.187171936035156, 23.083520889282227, 23.594837188720703, 23.6366024017334, 23.967613220214844, 23.053165435791016, 23.185985565185547, 23.05653953552246, 23.34210968017578, 22.3179874420166, 23.935026168823242, 23.498252868652344, 23.035152435302734, 23.507551193237305, 22.593353271484375, 23.313297271728516, 22.92510986328125, 22.555070877075195, 23.664457321166992, 23.586929321289062, 22.3555965423584, 22.219242095947266, 22.51213836669922, 23.226402282714844, 22.624025344848633, 22.78944969177246, 22.427513122558594, 21.881263732910156, 22.546022415161133, 23.571603775024414, 22.757781982421875, 22.366416931152344, 22.95531463623047, 22.989837646484375, 22.60904884338379, 23.425992965698242, 23.08041763305664, 22.812944412231445, 22.847000122070312, 22.77120590209961, 22.546775817871094, 22.589635848999023, 22.26643943786621, 22.14670753479004, 22.558591842651367, 22.838041305541992, 22.261600494384766, 22.05238914489746, 22.27620506286621, 22.656578063964844, 21.448129653930664, 22.595552444458008, 22.11273193359375, 22.066259384155273, 21.731361389160156, 23.12149429321289, 21.904705047607422, 22.046125411987305, 22.582509994506836, 22.639707565307617, 21.083866119384766, 22.07402992248535, 21.327110290527344, 21.750001907348633, 22.481624603271484, 21.998323440551758, 21.812917709350586, 21.2833194732666, 21.66948127746582, 21.85154151916504, 21.864046096801758, 22.333547592163086, 21.240070343017578, 21.069883346557617, 21.127595901489258, 21.510784149169922, 21.569087982177734, 22.162220001220703, 22.306020736694336, 21.603973388671875, 21.24715232849121, 21.490520477294922, 21.14832305908203, 20.527496337890625, 21.372400283813477, 22.52810287475586, 21.604570388793945, 22.045284271240234, 22.284770965576172, 21.471899032592773, 21.745304107666016, 21.915451049804688, 21.89581871032715, 22.157123565673828, 21.17548179626465, 21.34178352355957, 21.26955223083496, 22.00838279724121, 21.631019592285156, 21.28646469116211, 21.197364807128906, 20.854400634765625, 20.61844253540039, 20.829179763793945, 21.096580505371094, 21.073701858520508, 21.929302215576172, 20.950889587402344, 21.243099212646484, 20.63396453857422, 20.8881893157959, 20.180355072021484, 20.684356689453125, 21.402048110961914, 21.037322998046875, 20.50408172607422, 20.48155403137207, 21.135162353515625, 20.56947135925293, 20.993927001953125, 22.19911766052246, 20.33637237548828, 21.571788787841797, 20.70570945739746, 19.818660736083984, 21.472888946533203, 20.64887809753418, 20.312286376953125, 20.38848876953125, 21.198015213012695, 21.079545974731445, 20.633020401000977, 20.730512619018555, 21.319683074951172, 20.31768798828125, 21.157318115234375, 21.470500946044922, 21.43488121032715, 21.359989166259766, 20.80415916442871, 20.56138801574707, 19.80778694152832, 20.21110725402832, 20.803159713745117, 20.44934844970703, 20.228260040283203, 20.235578536987305, 19.300167083740234, 19.418113708496094, 20.174739837646484, 21.313705444335938, 20.467857360839844, 20.565431594848633, 19.916427612304688, 20.053878784179688, 20.58550262451172, 20.721099853515625, 20.06915855407715, 21.206167221069336, 20.8294620513916, 20.773765563964844, 20.640811920166016, 20.38689422607422, 19.942373275756836, 19.831445693969727, 20.511611938476562, 20.081592559814453, 20.02435302734375, 