{"aucroc": 0.5667555555555556, "aucpr": 0.2778619096080789, "dataset": "46_WPBC", "method": "hard", "test_ratio": 0.25, "train_ratio": 0.25, "labeled_anomalies": 1.0, "loe_loss": [23.32890510559082, 21.88953399658203, 21.327411651611328, 22.091999053955078, 21.589378356933594, 19.688373565673828, 20.46402931213379, 22.307710647583008, 19.729665756225586, 19.372880935668945, 21.065122604370117, 17.987621307373047, 17.41757583618164, 21.039281845092773, 19.37824058532715, 19.782682418823242, 19.86834144592285, 19.563493728637695, 19.11597442626953, 18.580196380615234, 18.416584014892578, 18.34824562072754, 18.214181900024414, 18.82442855834961, 19.429847717285156, 19.5111083984375, 18.6903133392334, 18.160755157470703, 18.522294998168945, 19.840322494506836, 17.153499603271484, 18.080656051635742, 19.107303619384766, 18.424936294555664, 17.854183197021484, 15.768383026123047, 17.775358200073242, 17.78721809387207, 18.011167526245117, 16.679996490478516, 16.969194412231445, 18.5727481842041, 17.296415328979492, 18.009435653686523, 17.517974853515625, 16.521650314331055, 17.823951721191406, 16.57094955444336, 15.290353775024414, 16.12238121032715, 17.025897979736328, 17.275094985961914, 15.900444030761719, 16.10969352722168, 15.853588104248047, 17.320341110229492, 16.01211929321289, 17.13871955871582, 15.703459739685059, 16.49357795715332, 16.944419860839844, 14.996757507324219, 16.71333885192871, 17.294937133789062, 16.97470474243164, 17.696773529052734, 17.33176612854004, 17.76616096496582, 19.186935424804688, 19.275747299194336, 17.854354858398438, 16.83682632446289, 16.310148239135742, 16.160526275634766, 17.284465789794922, 16.690153121948242, 19.332889556884766, 17.83023452758789, 17.777164459228516, 18.357410430908203, 18.213367462158203, 18.44200897216797, 17.34645652770996, 17.942487716674805, 19.327922821044922, 17.950210571289062, 17.768444061279297, 19.148529052734375, 18.50200653076172, 17.590167999267578, 17.606748580932617, 17.13766098022461, 17.77254867553711, 19.03132438659668, 18.310394287109375, 17.767967224121094, 18.069398880004883, 17.9598388671875, 17.13393783569336, 16.9980525970459, 18.207096099853516, 17.276954650878906, 18.373855590820312, 18.35755729675293, 17.958084106445312, 18.593589782714844, 17.136049270629883, 17.43280029296875, 18.378124237060547, 17.95448112487793, 17.989910125732422, 16.366727828979492, 17.314531326293945, 17.93149185180664, 16.697952270507812, 16.74251365661621, 16.93585968017578, 16.653011322021484, 17.224838256835938, 18.61994743347168, 17.814971923828125, 17.210803985595703, 16.596439361572266, 18.383886337280273, 18.240978240966797, 18.218042373657227, 17.30495262145996, 18.550371170043945, 17.024682998657227, 17.4443416595459, 17.905834197998047, 16.722122192382812, 16.87795639038086, 17.05165672302246, 17.033260345458984, 17.52256202697754, 17.114715576171875, 16.691619873046875, 17.504283905029297, 16.062725067138672, 17.365127563476562, 15.75241756439209, 15.11386775970459, 16.12957763671875, 17.102907180786133, 16.97320556640625, 16.770456314086914, 16.94727325439453, 17.004091262817383, 17.407764434814453, 17.162864685058594, 16.65454864501953, 17.666181564331055, 17.068525314331055, 17.560684204101562, 16.04281997680664, 16.478845596313477, 17.431726455688477, 16.35860824584961, 16.24986457824707, 17.007583618164062, 17.125370025634766, 16.931625366210938, 16.95961570739746, 16.706069946289062, 16.544784545898438, 16.51102066040039, 16.33965492248535, 16.920026779174805, 15.315391540527344, 15.534334182739258, 16.67165756225586, 15.898524284362793, 15.763996124267578, 15.871278762817383, 17.382095336914062, 15.600711822509766, 16.82436180114746, 16.210952758789062, 15.741324424743652, 16.789485931396484, 16.853036880493164, 15.309370040893555, 15.454364776611328, 16.039501190185547, 16.027206420898438, 16.10006332397461, 15.40658950805664, 16.938995361328125, 16.30358123779297, 15.088021278381348, 15.283308029174805, 16.36042022705078, 16.01915168762207, 15.487834930419922, 15.918140411376953, 15.993870735168457, 16.565122604370117, 15.695874214172363, 15.146832466125488, 15.737881660461426, 15.954885482788086, 15.51162052154541, 15.648680686950684, 14.97996711730957, 15.60551929473877, 15.721717834472656, 16.13658332824707, 15.103591918945312, 16.38775634765625, 15.397218704223633, 15.85843276977539, 15.14822006225586, 15.494110107421875, 15.525236129760742, 16.057571411132812, 15.375253677368164, 15.39826774597168, 14.482030868530273, 16.322425842285156, 14.871147155761719, 15.000232696533203, 14.372076988220215, 15.157179832458496, 15.451752662658691, 14.69963264465332, 14.804018020629883, 15.855813026428223, 15.172223091125488, 15.484309196472168, 14.985894203186035, 15.111440658569336, 14.974750518798828, 15.111721992492676, 15.165388107299805, 15.804949760437012, 14.983501434326172, 14.363706588745117, 14.119623184204102, 14.223989486694336, 14.442675590515137, 14.627063751220703, 14.055426597595215, 13.083877563476562, 14.208183288574219, 13.57235050201416, 14.397889137268066, 14.168106079101562, 14.505006790161133, 13.57283878326416, 14.047710418701172, 13.936901092529297, 13.605320930480957, 14.203634262084961, 13.730839729309082, 13.372394561767578, 13.22692584991455, 14.344864845275879, 13.549071311950684, 15.011900901794434, 14.44426441192627, 14.34752082824707, 13.94553279876709, 15.249781608581543, 14.91913890838623, 13.877140998840332, 14.185672760009766, 12.38194465637207, 13.759017944335938, 14.311115264892578, 14.13976001739502, 12.767804145812988, 11.778772354125977, 14.889516830444336, 14.062040328979492, 14.29133129119873, 14.329353332519531, 13.489482879638672, 14.137673377990723, 14.462183952331543, 14.059478759765625, 13.831228256225586, 13.529486656188965, 13.358016967773438, 13.720503807067871, 13.030189514160156, 13.327079772949219, 13.05306339263916, 15.086219787597656, 12.173929214477539, 14.30872917175293, 13.48391342163086, 14.222312927246094, 12.867912292480469, 13.412781715393066, 13.019720077514648, 14.074861526489258, 14.108175277709961, 13.594017028808594, 14.243865013122559, 11.919986724853516, 13.726449966430664, 13.176533699035645, 12.796876907348633, 13.570655822753906, 14.233348846435547, 12.412151336669922, 13.435487747192383, 13.297343254089355, 13.86572551727295, 11.906126022338867, 11.440324783325195, 12.688859939575195, 13.641192436218262, 11.979714393615723, 13.524974822998047, 12.301976203918457, 10.659823417663574, 12.836462020874023, 13.009272575378418, 11.766387939453125, 11.80875301361084, 13.023948669433594, 13.07034969329834, 10.38135051727295, 13.853155136108398, 13.538718223571777, 12.655291557312012, 12.826117515563965, 12.89887809753418, 12.09158706665039, 12.848265647888184, 13.558431625366211, 12.421504974365234, 12.35914134979248, 11.435476303100586, 12.21905517578125, 12.377352714538574, 13.12995433807373, 13.61685562133789, 12.53937816619873, 12.454179763793945, 12.046670913696289, 12.656036376953125, 11.615513801574707, 11.93569564819336, 12.613722801208496, 11.8884916305542, 11.856411933898926, 11.607834815979004, 11.487442016601562, 13.091653823852539, 12.359781265258789, 12.538870811462402, 13.128162384033203, 12.90604019165039, 12.491425514221191, 12.765018463134766, 12.615102767944336, 12.44644546508789, 12.894659042358398, 12.24023151397705, 13.266897201538086, 13.164997100830078, 12.823272705078125, 12.432327270507812, 13.244474411010742, 11.716958045959473, 13.564387321472168, 13.444400787353516, 12.968770980834961, 12.534881591796875, 11.8604154586792, 12.727001190185547, 11.549681663513184, 12.045432090759277, 12.74423599243164, 12.25436019897461, 13.640021324157715, 12.203585624694824, 11.413973808288574, 11.042231559753418, 11.999003410339355, 11.526983261108398, 13.354646682739258, 11.467864990234375, 12.39033031463623, 9.082691192626953, 11.961088180541992, 11.8684720993042, 11.992240905761719, 10.509965896606445, 11.704141616821289, 11.581987380981445, 11.456175804138184, 11.856700897216797, 11.19270133972168,