{"aucroc": 0.433546664279747, "aucpr": 0.3111630759755199, "dataset": "47_yeast", "method": "hard", "test_ratio": 0.34080717488789236, "train_ratio": 0.34080717488789236, "labeled_anomalies": 1.0, "loe_loss": [2.42026424407959, -1.0306538343429565, 0.013606071472167969, 2.3695693016052246, -0.32426878809928894, 1.3661147356033325, 0.681082546710968, -0.39897435903549194, 1.183445930480957, 0.5866652727127075, -1.1363835334777832, 0.5198184251785278, 0.2863963842391968, 0.5383516550064087, 0.016815215349197388, 1.5025339126586914, -0.7162510752677917, -1.8734071254730225, 0.19653618335723877, -0.2950906455516815, -1.1285345554351807, -0.6522680521011353], "n_epochs": 21}