{"aucroc": 0.4008682420336556, "aucpr": 0.29863912296037504, "dataset": "47_yeast", "method": "soft", "test_ratio": 0.34080717488789236, "train_ratio": 0.34080717488789236, "labeled_anomalies": 1.0, "loe_loss": [6.887642860412598, 6.902950286865234, 6.180483341217041, 6.198603630065918, 5.7768354415893555, 5.891042709350586, 6.050192356109619, 5.62966251373291, 5.358630180358887, 5.314705848693848, 4.9652204513549805, 5.173396587371826, 5.041263580322266, 4.9554972648620605, 4.941252708435059, 4.9178242683410645, 4.549252510070801, 4.888636589050293, 4.915081977844238, 4.126264572143555, 4.618513107299805, 4.579564094543457, 4.170778274536133, 3.8813352584838867, 4.372756004333496, 4.5006794929504395, 3.9647367000579834, 3.9597458839416504, 4.335418224334717, 4.544050693511963, 4.285916328430176, 4.447174072265625, 3.9205329418182373, 3.9002208709716797, 3.9665844440460205, 4.1826653480529785, 4.349913597106934, 4.275783538818359, 3.7426440715789795, 4.056962490081787, 3.7851202487945557, 3.993881940841675, 4.165143966674805, 4.068599224090576, 3.900297164916992, 3.9142234325408936, 3.134303569793701, 3.395535945892334, 3.7947921752929688, 3.845301628112793, 2.9838945865631104, 3.5880491733551025, 3.0669283866882324, 3.174110174179077, 3.1457998752593994, 3.609280824661255, 2.9789435863494873, 3.5039114952087402, 3.563121795654297, 2.858604907989502, 3.6258645057678223, 3.4969139099121094, 3.5134482383728027, 3.5446319580078125, 3.1460328102111816, 3.0847418308258057, 2.793022632598877, 3.417654275894165, 2.9832229614257812, 3.1295506954193115, 3.2106854915618896, 3.112863779067993, 3.015756130218506, 2.8251936435699463, 3.273545742034912, 2.74220871925354, 3.0402565002441406, 2.664368152618408, 2.5040929317474365, 1.741114616394043, 2.771547317504883, 2.048119068145752, 2.4318456649780273, 2.3778302669525146, 2.0922563076019287, 2.893125534057617, 2.9009721279144287, 2.7701797485351562, 2.507814884185791, 2.4899988174438477, 1.2242918014526367, 2.198377847671509, 2.8318722248077393, 2.183104991912842, 2.2421085834503174, 2.2139034271240234, 3.1909332275390625, 2.9574389457702637, 2.5411903858184814, 2.988792896270752, 3.330014705657959, 3.1991117000579834, 3.027503490447998, 2.6081383228302, 1.1245754957199097, 3.0439844131469727, 1.961936593055725, 2.2488245964050293, 3.1199593544006348, 2.797375202178955, 2.5090389251708984, 1.2434316873550415, 2.5724637508392334, 2.4233436584472656, 0.7351827025413513, 1.4970357418060303, 2.571021318435669, 2.9107675552368164, 3.4764623641967773, 2.3312087059020996, 2.4991936683654785, 1.8202391862869263, 2.6572327613830566, 2.397568464279175, 2.366551160812378, 2.21160626411438, 2.362673044204712, 1.730224847793579, 2.6409263610839844, 0.9371933937072754, 2.7273755073547363, 2.4297375679016113, 0.45506995916366577, 2.6420955657958984, 3.1726958751678467, 1.5603346824645996, 2.3208298683166504, 1.6356006860733032, 2.405879497528076, 2.007391929626465, 2.917954683303833, 2.4889914989471436, 3.1082305908203125, 1.1424236297607422, 2.5456018447875977, 1.7845103740692139, 3.066227436065674, 2.7842745780944824, -0.12857258319854736], "n_epochs": 148}