{"aucroc": 0.44733112543262915, "aucpr": 0.3131752265945304, "dataset": "47_yeast", "method": "refine", "test_ratio": 0.34080717488789236, "train_ratio": 0.34080717488789236, "labeled_anomalies": 1.0, "loe_loss": [9.50114917755127, 9.058823585510254, 8.706878662109375, 8.174089431762695, 8.082499504089355, 7.809256076812744, 7.549449920654297, 7.502135753631592, 7.03897762298584, 7.074614524841309, 7.093389987945557, 6.826023101806641, 6.911147117614746, 6.994379043579102, 6.488311767578125, 6.592470645904541, 6.6697564125061035, 6.466471195220947, 6.80832052230835, 6.5675129890441895, 6.417613983154297, 6.218125820159912, 6.426024913787842, 6.2101898193359375, 6.123671531677246, 6.288843154907227, 6.118564605712891, 6.022531986236572, 6.28062629699707, 6.111795902252197, 6.031517505645752, 6.235767364501953, 5.960323810577393, 6.266316890716553, 5.773280143737793, 6.0680341720581055, 6.191540718078613, 5.887074947357178, 6.016878128051758, 5.631587982177734, 6.017822742462158, 5.806905746459961, 5.828010559082031, 6.083871364593506, 5.892822265625, 5.696895599365234, 5.802306175231934, 5.596471786499023, 5.643312454223633, 5.615675449371338, 5.383381366729736, 5.862659454345703, 5.624040603637695, 5.615422248840332, 5.670654296875, 5.664793491363525, 5.624372959136963, 5.424434185028076, 5.552281379699707, 5.790548801422119, 5.355697154998779, 5.283449649810791, 5.75062370300293, 5.578602313995361, 5.335784435272217, 5.411888122558594, 5.586528301239014, 5.647244930267334, 5.343238830566406, 5.262618541717529, 5.344266414642334, 5.377915382385254, 5.37896728515625, 5.241705894470215, 5.232017993927002, 5.531889915466309, 4.9132161140441895, 5.295772552490234, 5.471296310424805, 5.728396415710449, 5.1515913009643555, 5.10498046875, 5.484072208404541, 5.286932945251465, 5.251920700073242, 5.294417858123779, 5.105744361877441, 5.142611503601074, 5.101583003997803, 5.125744342803955, 5.200911521911621, 5.300744533538818, 4.977628707885742, 5.183839321136475, 5.234519004821777, 5.150136470794678, 4.932751178741455, 5.015008926391602, 5.225863933563232, 5.4370622634887695, 5.096447467803955, 4.98729133605957, 4.954403877258301, 5.474775314331055, 5.184365272521973, 5.448208808898926, 5.369107723236084, 5.408994197845459, 4.802508354187012, 5.214900970458984, 5.7052717208862305, 5.38828182220459, 4.933926582336426, 5.334985733032227, 5.496563911437988, 5.726321697235107, 5.158701419830322, 5.2256364822387695, 5.316073417663574, 5.245553970336914, 5.202727317810059, 5.4430341720581055, 5.2430033683776855, 5.3148980140686035, 5.513895034790039, 5.487914562225342, 5.570588111877441, 5.443722248077393, 5.229836463928223, 5.449467658996582, 5.535162925720215, 5.141042232513428, 4.870662689208984, 4.955760478973389, 5.080009460449219, 4.6680588722229, 4.97443962097168, 5.251641750335693, 5.078425407409668, 5.228507041931152, 5.348582744598389, 5.084141731262207, 5.209654808044434, 5.007343769073486, 4.971394062042236, 4.770723342895508, 4.999763011932373, 5.38060188293457, 5.188204765319824, 5.036735534667969, 4.8282012939453125, 5.282195091247559, 5.251553058624268, 4.706781387329102, 5.059366226196289, 4.771856784820557, 4.712338447570801, 5.079524993896484, 4.915903091430664, 4.679111957550049, 5.061376094818115, 5.099134922027588, 4.896819114685059, 4.997339248657227, 5.157914161682129, 4.906791687011719, 5.145625114440918, 5.290337085723877, 5.151429176330566, 5.461640357971191, 4.9684224128723145, 5.433339595794678, 5.079309940338135, 4.756793975830078, 4.848857879638672, 4.970351219177246, 4.666190147399902, 5.557048797607422, 4.970303058624268, 4.996613502502441, 4.75, 4.967339515686035, 4.918050765991211, 5.375052452087402, 5.483137130737305, 5.457204818725586, 5.353801727294922, 4.966494083404541, 5.1267547607421875, 4.959121227264404, 4.763220310211182, 5.3744025230407715, 5.178218841552734, 4.814119815826416, 4.881547927856445, 5.113696575164795, 5.308416366577148, 4.974104404449463, 4.661805152893066, 5.3939642906188965, 4.957171440124512, 5.152560710906982, 5.236205101013184, 5.189423561096191, 4.7958784103393555, 5.383180141448975, 4.832454681396484, 4.541552543640137, 4.917903900146484, 5.192049980163574, 4.534149646759033, 4.702873706817627, 4.884363174438477, 4.927472114562988, 5.059005260467529, 5.2803544998168945, 4.90769100189209, 4.869376182556152, 4.904211521148682, 4.984591484069824, 5.0244269371032715, 5.354861736297607, 5.124149322509766, 4.9746527671813965, 4.766448020935059, 4.866591930389404, 4.60627555847168, 4.9793925285339355, 4.641353607177734, 5.214859962463379, 4.62252950668335, 4.941830635070801, 4.75907039642334, 4.680032253265381, 4.866009712219238, 4.910216331481934, 4.413358211517334, 4.904263019561768, 4.967658042907715, 4.89998197555542, 4.796999931335449, 4.640837669372559, 5.17119026184082, 4.725381374359131, 4.966927528381348, 4.712356090545654, 4.800356388092041, 4.8397216796875, 4.899733543395996, 4.913647174835205, 4.852941513061523, 4.4782586097717285, 4.922039985656738, 4.67500114440918, 4.492492198944092, 5.2346320152282715, 5.012436389923096, 5.210391998291016, 4.704598426818848, 5.193378448486328, 4.522476673126221, 4.825170040130615, 4.7614216804504395, 4.687752723693848, 5.268000602722168, 4.429525852203369, 4.674726963043213, 4.490242958068848, 5.342593193054199, 4.841159820556641, 4.573835372924805, 5.211750507354736, 4.664149284362793, 4.9570841789245605, 4.80511474609375, 4.805158615112305, 4.995034694671631, 4.776124477386475, 4.677175045013428, 4.497326850891113, 4.77593994140625, 4.496297359466553, 4.856764316558838, 4.977778434753418, 5.0799336433410645, 5.007737159729004, 4.858971118927002, 4.593784809112549, 5.0740065574646, 4.923330783843994, 4.876660346984863, 4.781670093536377, 4.990311145782471, 4.5859761238098145, 4.838221073150635, 4.842611312866211, 4.883306503295898, 4.786766529083252, 4.761099815368652, 4.6905131340026855, 4.8548808097839355, 4.5891923904418945, 4.6103081703186035, 4.706398010253906, 4.718609809875488, 4.833644866943359, 5.091536998748779, 4.758986949920654, 4.579234600067139, 4.584388732910156, 4.686248779296875, 4.600156784057617, 4.758443355560303, 4.774104595184326, 4.8398003578186035, 5.042579650878906, 4.411106586456299, 4.99820613861084, 4.331580638885498, 4.452028274536133, 4.776954174041748, 4.991655349731445, 4.720895290374756, 4.682995319366455, 4.8672285079956055, 4.672210693359375, 4.683480262756348, 5.028813362121582, 4.6664018630981445, 5.030195236206055, 4.319161415100098, 4.769949913024902, 4.523904323577881, 4.7161478996276855, 4.387766361236572, 4.902063846588135, 4.576653003692627, 4.937808036804199, 4.566661357879639, 4.793985366821289, 4.862881660461426, 4.80558967590332, 4.820237636566162, 4.574512004852295, 4.308640003204346, 4.9342756271362305, 4.760673522949219, 4.321008682250977, 4.270926475524902, 4.845004558563232, 4.604014873504639, 5.01828145980835, 4.816036701202393, 4.9417033195495605, 4.783750534057617, 5.4712934494018555, 4.796090126037598, 4.697388172149658, 4.454962253570557, 4.738435745239258, 5.086264610290527, 4.750179290771484, 4.271843910217285, 5.12549352645874, 4.820319652557373, 4.627403259277344, 4.793675422668457, 4.784817218780518, 4.293997287750244, 4.41536283493042, 4.337305068969727, 4.7697248458862305, 4.533350944519043, 4.504916667938232, 5.062160491943359, 4.702160835266113, 4.392453670501709, 4.794666767120361, 4.582584857940674, 4.767372131347656, 4.632271766662598, 4.275998592376709, 4.375102519989014, 4.421725749969482, 4.861810684204102, 4.452584266662598, 4.236053943634033, 4.453397750854492, 4.286672115325928, 4.614378929138184, 4.525166988372803, 4.497852802276611, 4.907465934753418, 4.97658634185791, 4.361457824707031, 4.701629161834717, 4.938409805297852, 4.828179359436035, 4.732545375823975, 4.894410610198975, 4.648112773895264, 4.425531387329102, 4.525472164154053, 4.521632194519043, 4.798644065856934, 4.454336643218994, 4.820693016052246, 4.761991500854492, 4.862236976623535, 4.792924404144287, 