{"aucroc": 0.41555525719059555, "aucpr": 0.30598348181572005, "dataset": "47_yeast", "method": "hard", "test_ratio": 0.34080717488789236, "train_ratio": 0.34080717488789236, "labeled_anomalies": 1.0, "loe_loss": [-0.18025809526443481, 2.108518362045288, 0.3721458911895752, 0.967119038105011, 0.18471644818782806, 0.07437664270401001, 0.07570838928222656, 0.6990196704864502, -0.8048237562179565, 0.433851033449173, -0.9038819074630737, 0.40427064895629883, -1.453355073928833, 0.8064545392990112, -2.121617317199707, -2.266695499420166, -0.17098921537399292, -1.9754172563552856, -0.2122877836227417, -0.2964291572570801, -0.20886296033859253, -1.8814657926559448], "n_epochs": 21}