{"aucroc": 0.4155701754385965, "aucpr": 0.30032688819419046, "dataset": "47_yeast", "method": "soft", "test_ratio": 0.34080717488789236, "train_ratio": 0.34080717488789236, "labeled_anomalies": 1.0, "loe_loss": [7.361451625823975, 7.025753974914551, 6.220261573791504, 6.54091739654541, 5.755354404449463, 6.329695701599121, 5.843234062194824, 5.301370620727539, 5.435777187347412, 5.566959381103516, 4.977663040161133, 4.971823215484619, 4.943694114685059, 5.4497270584106445, 5.113978385925293, 5.292816162109375, 4.655192852020264, 5.183106899261475, 5.094878196716309, 4.754952430725098, 4.640937805175781, 4.790142059326172, 4.807458400726318, 4.360969066619873, 4.625996112823486, 4.593400478363037, 4.523827075958252, 4.477109432220459, 4.706169128417969, 4.561036586761475, 4.604120254516602, 5.074206829071045, 4.692910671234131, 4.49111270904541, 4.0786614418029785, 4.0220112800598145, 4.610017776489258, 4.240409851074219, 4.263358116149902, 4.415929317474365, 4.65688943862915, 4.227750301361084, 4.616558074951172, 4.244700908660889, 4.429847240447998, 4.450004577636719, 4.5685648918151855, 4.413585186004639, 4.338335990905762, 4.626842021942139, 4.287001609802246, 3.8744845390319824, 4.6341705322265625, 4.4372944831848145, 4.302988529205322, 4.015303611755371, 3.7835302352905273, 4.4268035888671875, 4.484310626983643, 4.104287147521973, 3.9468002319335938, 4.375464916229248, 4.5792236328125, 4.242562294006348, 4.025799751281738, 4.523895740509033, 4.332802772521973, 4.380780220031738, 4.415567398071289, 4.267776966094971, 4.267909049987793, 4.300964832305908, 4.4316911697387695, 4.3861470222473145, 3.823342800140381, 4.439614772796631, 4.326446056365967, 4.5702738761901855, 4.314236640930176, 4.041604995727539, 4.113572120666504, 3.8778138160705566, 4.05634880065918, 4.618271827697754, 4.577828407287598, 4.124955654144287, 4.250176906585693, 4.454159736633301, 3.975050210952759, 4.050662994384766, 4.089837074279785, 4.253321647644043, 4.058230400085449, 4.17708683013916, 4.385110855102539, 3.851390838623047, 4.214031219482422, 4.391335487365723, 4.374731063842773, 4.266636371612549, 4.3052897453308105, 4.077971935272217, 4.073336124420166, 4.224110126495361, 4.226783752441406, 3.8582921028137207, 4.245920658111572, 4.257543087005615, 3.9853322505950928, 4.083246231079102, 4.117776393890381, 3.909914493560791, 3.992194890975952, 4.038824558258057, 3.9428415298461914, 4.060619354248047, 3.9805595874786377, 4.18421745300293, 4.08850622177124, 4.374394416809082, 4.430251598358154, 4.376896858215332, 4.186098575592041, 4.433497905731201, 4.431708812713623, 3.7977383136749268, 3.96037220954895, 4.164339065551758, 4.074676513671875, 3.9169139862060547, 4.12713623046875, 4.230196475982666, 4.177145481109619, 3.789522886276245, 4.275752067565918, 4.057557106018066, 4.313897609710693, 4.3224663734436035, 4.23606014251709, 4.180117607116699, 3.9413933753967285, 3.9134466648101807, 4.296111583709717, 4.111881256103516, 4.204408168792725, 3.9871692657470703, 3.8383708000183105, 4.281980991363525, 4.287486553192139, 4.0785346031188965, 4.045280456542969, 4.071568012237549, 4.020143985748291, 3.8388843536376953, 4.123354434967041, 3.9601385593414307, 3.5826005935668945, 4.09617280960083, 4.304826736450195, 4.057116508483887, 3.9695117473602295, 4.240520000457764, 3.647817611694336, 4.304014205932617, 3.955869674682617, 4.012993335723877, 3.5283467769622803, 3.7166056632995605, 4.336390495300293, 3.7345194816589355, 3.4589483737945557, 4.310995101928711, 3.9493463039398193, 4.090579032897949, 4.374427318572998, 3.921360731124878, 4.07282829284668, 3.6006011962890625, 4.20677375793457, 3.634894847869873, 3.885815382003784, 3.9592204093933105, 4.155625343322754, 4.158003330230713, 3.7257585525512695, 3.7473950386047363, 4.249676704406738, 4.091943264007568, 4.096670627593994, 3.6858608722686768, 4.206995010375977, 4.166784286499023, 4.045581817626953, 3.6937649250030518, 4.422446250915527, 3.4994029998779297, 4.057834625244141, 4.387701034545898, 4.324346542358398, 4.114795207977295, 4.0589599609375, 3.764374256134033, 4.05175256729126, 3.9620275497436523, 3.6531763076782227, 3.8563475608825684, 4.074921607971191, 4.2272748947143555, 4.149234294891357, 4.118165016174316, 4.079424858093262, 4.057153701782227, 4.220481872558594, 4.125232696533203, 4.435238838195801, 4.206517696380615, 4.133087158203125, 4.131104469299316, 4.225774765014648, 3.794879198074341, 4.207806587219238, 3.388913869857788, 4.1163105964660645, 4.045273303985596, 3.836019992828369, 4.194750785827637, 3.9844088554382324, 4.124471187591553, 4.096555709838867, 4.009739398956299, 4.2446393966674805, 4.164947509765625, 3.9496567249298096, 3.7869532108306885, 3.3690905570983887, 3.9139609336853027, 3.9853951930999756, 4.198065757751465, 4.2551422119140625, 3.790210008621216, 3.899750232696533, 3.8545241355895996, 4.1081695556640625, 4.355574131011963, 4.255379676818848, 3.706305503845215, 3.8812220096588135, 3.824216365814209, 4.082411766052246, 3.864173650741577, 4.138008117675781, 4.101349830627441, 3.7299888134002686, 3.9818081855773926, 3.67150616645813, 4.1443328857421875, 4.042868137359619, 3.784909725189209, 4.062483310699463, 3.980398178100586, 3.69077730178833, 4.11350679397583, 3.609114646911621, 3.8586363792419434, 4.013605117797852, 4.035600662231445, 3.7192397117614746, 3.506464958190918, 4.491201877593994, 3.9111011028289795, 3.9316558837890625, 3.9675991535186768, 3.807662010192871, 4.177875995635986, 3.901350259780884, 3.7744219303131104, 4.231060028076172, 3.5862412452697754, 4.197610378265381, 3.9837238788604736, 4.1469855308532715, 3.6623620986938477, 3.8285748958587646, 3.4619064331054688, 4.1111650466918945, 4.078554630279541, 4.367176055908203, 3.9102349281311035, 3.6999495029449463, 4.327864646911621, 4.201953887939453, 3.556185483932495, 4.157411098480225, 3.845369577407837, 4.314303398132324, 3.4403247833251953, 3.735844612121582, 3.816470146179199, 3.7761409282684326, 4.112308025360107, 3.392084836959839, 3.968947172164917, 3.7097551822662354, 4.102740287780762, 3.89180064201355, 4.173304557800293, 4.003990650177002, 3.998279571533203, 3.8299949169158936, 3.7838900089263916, 3.892604351043701, 3.844651937484741, 3.9349420070648193, 3.751171827316284, 4.218037128448486, 4.034282207489014, 4.070917129516602, 3.8204832077026367, 4.090431213378906, 3.847332000732422, 4.239718914031982, 4.3469133377075195, 3.859213352203369, 3.6528944969177246, 3.9783294200897217, 3.639921188354492, 3.951394557952881, 4.204347610473633, 3.9558441638946533, 4.026843547821045, 3.9674453735351562, 3.832664966583252, 3.6957287788391113, 3.9581825733184814, 4.029801368713379, 4.430411338806152, 3.972625732421875, 3.4996469020843506, 3.816225290298462, 3.9889934062957764, 4.127225875854492, 3.586590051651001, 3.8397202491760254, 4.122594833374023, 3.701174736022949, 3.7024335861206055, 3.809446096420288, 3.420536518096924, 3.899142265319824, 4.1373467445373535, 3.8335812091827393, 3.7111380100250244, 4.120602607727051, 3.9897961616516113, 3.9091458320617676, 4.076200008392334, 3.4731993675231934, 3.999892473220825, 4.032922744750977, 3.825779914855957, 4.204216480255127, 3.7317800521850586, 3.5352349281311035, 3.8255319595336914, 4.06451940536499, 3.640151023864746, 4.187962532043457, 3.835479736328125, 3.8362886905670166, 3.8494274616241455, 3.4587881565093994, 3.903282642364502, 3.8588924407958984, 3.7370681762695312, 4.024511814117432, 3.910318374633789, 3.8190927505493164, 3.721485137939453, 4.030038833618164, 3.9923956394195557, 3.9591569900512695, 3.73541259765625, 3.7285244464874268, 4.045312881469727, 3.918114185333252, 3.498570203781128, 4.06538724899292, 4.109831809997559, 3.8434481620788574, 3.8020153045654297, 3.7115957736968994, 3.5296528339385986, 3.5899386405944824, 4.087690830230713, 3.7364938259124756, 3.5234382152557373, 3.913869619369507, 3.709036111831665, 3.6337804794311523, 3.907538890838623, 3.9061827659606934, 3.7966225147247314, 3.309314012527466, 4.027437686920166, 