{"aucroc": 0.418874567370808, "aucpr": 0.3057712981395811, "dataset": "47_yeast", "method": "hard", "test_ratio": 0.34080717488789236, "train_ratio": 0.34080717488789236, "labeled_anomalies": 1.0, "loe_loss": [2.42026424407959, -1.1520174741744995, -0.1170734167098999, 2.2431962490081787, -0.548683762550354, 1.2058115005493164, 0.4633457064628601, -0.6622277498245239, 0.945607602596283, 0.32943421602249146, -1.4924943447113037, 0.17791029810905457, -0.1318105161190033, 0.13566729426383972, -0.49884265661239624, 1.1903992891311646, -1.3250325918197632, -2.5536956787109375, -0.3402613401412964, -0.892240583896637, -1.9033160209655762, -1.4856338500976562], "n_epochs": 21}